[2026-05-09T08:08:21.354+0000] {processor.py:161} INFO - Started process (PID=82) to work on /home/airflow/.local/lib/python3.12/site-packages/airflow/example_dags/example_branch_datetime_operator.py
[2026-05-09T08:08:21.355+0000] {processor.py:830} INFO - Processing file /home/airflow/.local/lib/python3.12/site-packages/airflow/example_dags/example_branch_datetime_operator.py for tasks to queue
[2026-05-09T08:08:21.358+0000] {logging_mixin.py:188} INFO - [2026-05-09T08:08:21.358+0000] {dagbag.py:545} INFO - Filling up the DagBag from /home/airflow/.local/lib/python3.12/site-packages/airflow/example_dags/example_branch_datetime_operator.py
[2026-05-09T08:08:21.374+0000] {processor.py:840} INFO - DAG(s) 'example_branch_datetime_operator', 'example_branch_datetime_operator_2', 'example_branch_datetime_operator_3' retrieved from /home/airflow/.local/lib/python3.12/site-packages/airflow/example_dags/example_branch_datetime_operator.py
[2026-05-09T08:08:21.388+0000] {logging_mixin.py:188} INFO - [2026-05-09T08:08:21.388+0000] {dag.py:3089} INFO - Sync 3 DAGs
[2026-05-09T08:08:21.421+0000] {logging_mixin.py:188} INFO - [2026-05-09T08:08:21.421+0000] {dag.py:3947} INFO - Setting next_dagrun for example_branch_datetime_operator to 2026-05-08 00:00:00+00:00, run_after=2026-05-09 00:00:00+00:00
[2026-05-09T08:08:21.427+0000] {logging_mixin.py:188} INFO - [2026-05-09T08:08:21.427+0000] {dag.py:3947} INFO - Setting next_dagrun for example_branch_datetime_operator_2 to 2026-05-08 00:00:00+00:00, run_after=2026-05-09 00:00:00+00:00
[2026-05-09T08:08:21.429+0000] {logging_mixin.py:188} INFO - [2026-05-09T08:08:21.429+0000] {dag.py:3947} INFO - Setting next_dagrun for example_branch_datetime_operator_3 to 2026-05-08 00:00:00+00:00, run_after=2026-05-09 00:00:00+00:00
[2026-05-09T08:08:21.450+0000] {processor.py:183} INFO - Processing /home/airflow/.local/lib/python3.12/site-packages/airflow/example_dags/example_branch_datetime_operator.py took 0.105 seconds
[2026-05-09T08:08:52.274+0000] {processor.py:161} INFO - Started process (PID=141) to work on /home/airflow/.local/lib/python3.12/site-packages/airflow/example_dags/example_branch_datetime_operator.py
[2026-05-09T08:08:52.275+0000] {processor.py:830} INFO - Processing file /home/airflow/.local/lib/python3.12/site-packages/airflow/example_dags/example_branch_datetime_operator.py for tasks to queue
[2026-05-09T08:08:52.276+0000] {logging_mixin.py:188} INFO - [2026-05-09T08:08:52.276+0000] {dagbag.py:545} INFO - Filling up the DagBag from /home/airflow/.local/lib/python3.12/site-packages/airflow/example_dags/example_branch_datetime_operator.py
[2026-05-09T08:08:52.283+0000] {processor.py:840} INFO - DAG(s) 'example_branch_datetime_operator_2', 'example_branch_datetime_operator_3', 'example_branch_datetime_operator' retrieved from /home/airflow/.local/lib/python3.12/site-packages/airflow/example_dags/example_branch_datetime_operator.py
[2026-05-09T08:08:52.375+0000] {logging_mixin.py:188} INFO - [2026-05-09T08:08:52.375+0000] {dag.py:3089} INFO - Sync 3 DAGs
[2026-05-09T08:08:52.391+0000] {logging_mixin.py:188} INFO - [2026-05-09T08:08:52.391+0000] {dag.py:3947} INFO - Setting next_dagrun for example_branch_datetime_operator to 2026-05-08 00:00:00+00:00, run_after=2026-05-09 00:00:00+00:00
[2026-05-09T08:08:52.395+0000] {logging_mixin.py:188} INFO - [2026-05-09T08:08:52.395+0000] {dag.py:3947} INFO - Setting next_dagrun for example_branch_datetime_operator_2 to 2026-05-08 00:00:00+00:00, run_after=2026-05-09 00:00:00+00:00
[2026-05-09T08:08:52.397+0000] {logging_mixin.py:188} INFO - [2026-05-09T08:08:52.397+0000] {dag.py:3947} INFO - Setting next_dagrun for example_branch_datetime_operator_3 to 2026-05-08 00:00:00+00:00, run_after=2026-05-09 00:00:00+00:00
[2026-05-09T08:08:52.412+0000] {processor.py:183} INFO - Processing /home/airflow/.local/lib/python3.12/site-packages/airflow/example_dags/example_branch_datetime_operator.py took 0.144 seconds
[2026-05-09T08:09:22.849+0000] {processor.py:161} INFO - Started process (PID=200) to work on /home/airflow/.local/lib/python3.12/site-packages/airflow/example_dags/example_branch_datetime_operator.py
[2026-05-09T08:09:22.850+0000] {processor.py:830} INFO - Processing file /home/airflow/.local/lib/python3.12/site-packages/airflow/example_dags/example_branch_datetime_operator.py for tasks to queue
[2026-05-09T08:09:22.852+0000] {logging_mixin.py:188} INFO - [2026-05-09T08:09:22.851+0000] {dagbag.py:545} INFO - Filling up the DagBag from /home/airflow/.local/lib/python3.12/site-packages/airflow/example_dags/example_branch_datetime_operator.py
[2026-05-09T08:09:22.860+0000] {processor.py:840} INFO - DAG(s) 'example_branch_datetime_operator', 'example_branch_datetime_operator_3', 'example_branch_datetime_operator_2' retrieved from /home/airflow/.local/lib/python3.12/site-packages/airflow/example_dags/example_branch_datetime_operator.py
[2026-05-09T08:09:22.883+0000] {logging_mixin.py:188} INFO - [2026-05-09T08:09:22.882+0000] {dag.py:3089} INFO - Sync 3 DAGs
[2026-05-09T08:09:22.901+0000] {logging_mixin.py:188} INFO - [2026-05-09T08:09:22.901+0000] {dag.py:3947} INFO - Setting next_dagrun for example_branch_datetime_operator to 2026-05-08 00:00:00+00:00, run_after=2026-05-09 00:00:00+00:00
[2026-05-09T08:09:22.905+0000] {logging_mixin.py:188} INFO - [2026-05-09T08:09:22.905+0000] {dag.py:3947} INFO - Setting next_dagrun for example_branch_datetime_operator_2 to 2026-05-08 00:00:00+00:00, run_after=2026-05-09 00:00:00+00:00
[2026-05-09T08:09:22.908+0000] {logging_mixin.py:188} INFO - [2026-05-09T08:09:22.908+0000] {dag.py:3947} INFO - Setting next_dagrun for example_branch_datetime_operator_3 to 2026-05-08 00:00:00+00:00, run_after=2026-05-09 00:00:00+00:00
[2026-05-09T08:09:22.925+0000] {processor.py:183} INFO - Processing /home/airflow/.local/lib/python3.12/site-packages/airflow/example_dags/example_branch_datetime_operator.py took 0.083 seconds
[2026-05-09T08:09:53.395+0000] {processor.py:161} INFO - Started process (PID=265) to work on /home/airflow/.local/lib/python3.12/site-packages/airflow/example_dags/example_branch_datetime_operator.py
[2026-05-09T08:09:53.396+0000] {processor.py:830} INFO - Processing file /home/airflow/.local/lib/python3.12/site-packages/airflow/example_dags/example_branch_datetime_operator.py for tasks to queue
[2026-05-09T08:09:53.398+0000] {logging_mixin.py:188} INFO - [2026-05-09T08:09:53.397+0000] {dagbag.py:545} INFO - Filling up the DagBag from /home/airflow/.local/lib/python3.12/site-packages/airflow/example_dags/example_branch_datetime_operator.py
[2026-05-09T08:09:53.406+0000] {processor.py:840} INFO - DAG(s) 'example_branch_datetime_operator', 'example_branch_datetime_operator_2', 'example_branch_datetime_operator_3' retrieved from /home/airflow/.local/lib/python3.12/site-packages/airflow/example_dags/example_branch_datetime_operator.py
[2026-05-09T08:09:53.429+0000] {logging_mixin.py:188} INFO - [2026-05-09T08:09:53.429+0000] {dag.py:3089} INFO - Sync 3 DAGs
[2026-05-09T08:09:53.449+0000] {logging_mixin.py:188} INFO - [2026-05-09T08:09:53.448+0000] {dag.py:3947} INFO - Setting next_dagrun for example_branch_datetime_operator to 2026-05-08 00:00:00+00:00, run_after=2026-05-09 00:00:00+00:00
[2026-05-09T08:09:53.452+0000] {logging_mixin.py:188} INFO - [2026-05-09T08:09:53.452+0000] {dag.py:3947} INFO - Setting next_dagrun for example_branch_datetime_operator_2 to 2026-05-08 00:00:00+00:00, run_after=2026-05-09 00:00:00+00:00
[2026-05-09T08:09:53.454+0000] {logging_mixin.py:188} INFO - [2026-05-09T08:09:53.454+0000] {dag.py:3947} INFO - Setting next_dagrun for example_branch_datetime_operator_3 to 2026-05-08 00:00:00+00:00, run_after=2026-05-09 00:00:00+00:00
[2026-05-09T08:09:53.467+0000] {processor.py:183} INFO - Processing /home/airflow/.local/lib/python3.12/site-packages/airflow/example_dags/example_branch_datetime_operator.py took 0.078 seconds
[2026-05-09T08:10:23.845+0000] {processor.py:161} INFO - Started process (PID=324) to work on /home/airflow/.local/lib/python3.12/site-packages/airflow/example_dags/example_branch_datetime_operator.py
[2026-05-09T08:10:23.846+0000] {processor.py:830} INFO - Processing file /home/airflow/.local/lib/python3.12/site-packages/airflow/example_dags/example_branch_datetime_operator.py for tasks to queue
[2026-05-09T08:10:23.848+0000] {logging_mixin.py:188} INFO - [2026-05-09T08:10:23.848+0000] {dagbag.py:545} INFO - Filling up the DagBag from /home/airflow/.local/lib/python3.12/site-packages/airflow/example_dags/example_branch_datetime_operator.py
[2026-05-09T08:10:23.856+0000] {processor.py:840} INFO - DAG(s) 'example_branch_datetime_operator', 'example_branch_datetime_operator_2', 'example_branch_datetime_operator_3' retrieved from /home/airflow/.local/lib/python3.12/site-packages/airflow/example_dags/example_branch_datetime_operator.py
[2026-05-09T08:10:23.877+0000] {logging_mixin.py:188} INFO - [2026-05-09T08:10:23.877+0000] {dag.py:3089} INFO - Sync 3 DAGs
[2026-05-09T08:10:23.893+0000] {logging_mixin.py:188} INFO - [2026-05-09T08:10:23.893+0000] {dag.py:3947} INFO - Setting next_dagrun for example_branch_datetime_operator to 2026-05-08 00:00:00+00:00, run_after=2026-05-09 00:00:00+00:00
[2026-05-09T08:10:23.897+0000] {logging_mixin.py:188} INFO - [2026-05-09T08:10:23.897+0000] {dag.py:3947} INFO - Setting next_dagrun for example_branch_datetime_operator_2 to 2026-05-08 00:00:00+00:00, run_after=2026-05-09 00:00:00+00:00
[2026-05-09T08:10:23.898+0000] {logging_mixin.py:188} INFO - [2026-05-09T08:10:23.898+0000] {dag.py:3947} INFO - Setting next_dagrun for example_branch_datetime_operator_3 to 2026-05-08 00:00:00+00:00, run_after=2026-05-09 00:00:00+00:00
[2026-05-09T08:10:23.909+0000] {processor.py:183} INFO - Processing /home/airflow/.local/lib/python3.12/site-packages/airflow/example_dags/example_branch_datetime_operator.py took 0.070 seconds
[2026-05-09T08:10:54.334+0000] {processor.py:161} INFO - Started process (PID=383) to work on /home/airflow/.local/lib/python3.12/site-packages/airflow/example_dags/example_branch_datetime_operator.py
[2026-05-09T08:10:54.334+0000] {processor.py:830} INFO - Processing file /home/airflow/.local/lib/python3.12/site-packages/airflow/example_dags/example_branch_datetime_operator.py for tasks to queue
[2026-05-09T08:10:54.336+0000] {logging_mixin.py:188} INFO - [2026-05-09T08:10:54.336+0000] {dagbag.py:545} INFO - Filling up the DagBag from /home/airflow/.local/lib/python3.12/site-packages/airflow/example_dags/example_branch_datetime_operator.py
[2026-05-09T08:10:54.345+0000] {processor.py:840} INFO - DAG(s) 'example_branch_datetime_operator', 'example_branch_datetime_operator_3', 'example_branch_datetime_operator_2' retrieved from /home/airflow/.local/lib/python3.12/site-packages/airflow/example_dags/example_branch_datetime_operator.py
[2026-05-09T08:10:54.368+0000] {logging_mixin.py:188} INFO - [2026-05-09T08:10:54.368+0000] {dag.py:3089} INFO - Sync 3 DAGs
[2026-05-09T08:10:54.388+0000] {logging_mixin.py:188} INFO - [2026-05-09T08:10:54.387+0000] {dag.py:3947} INFO - Setting next_dagrun for example_branch_datetime_operator to 2026-05-08 00:00:00+00:00, run_after=2026-05-09 00:00:00+00:00
[2026-05-09T08:10:54.391+0000] {logging_mixin.py:188} INFO - [2026-05-09T08:10:54.391+0000] {dag.py:3947} INFO - Setting next_dagrun for example_branch_datetime_operator_2 to 2026-05-08 00:00:00+00:00, run_after=2026-05-09 00:00:00+00:00
[2026-05-09T08:10:54.393+0000] {logging_mixin.py:188} INFO - [2026-05-09T08:10:54.393+0000] {dag.py:3947} INFO - Setting next_dagrun for example_branch_datetime_operator_3 to 2026-05-08 00:00:00+00:00, run_after=2026-05-09 00:00:00+00:00
[2026-05-09T08:10:54.406+0000] {processor.py:183} INFO - Processing /home/airflow/.local/lib/python3.12/site-packages/airflow/example_dags/example_branch_datetime_operator.py took 0.079 seconds
[2026-05-09T08:11:24.837+0000] {processor.py:161} INFO - Started process (PID=442) to work on /home/airflow/.local/lib/python3.12/site-packages/airflow/example_dags/example_branch_datetime_operator.py
[2026-05-09T08:11:24.837+0000] {processor.py:830} INFO - Processing file /home/airflow/.local/lib/python3.12/site-packages/airflow/example_dags/example_branch_datetime_operator.py for tasks to queue
[2026-05-09T08:11:24.839+0000] {logging_mixin.py:188} INFO - [2026-05-09T08:11:24.839+0000] {dagbag.py:545} INFO - Filling up the DagBag from /home/airflow/.local/lib/python3.12/site-packages/airflow/example_dags/example_branch_datetime_operator.py
[2026-05-09T08:11:24.846+0000] {processor.py:840} INFO - DAG(s) 'example_branch_datetime_operator', 'example_branch_datetime_operator_2', 'example_branch_datetime_operator_3' retrieved from /home/airflow/.local/lib/python3.12/site-packages/airflow/example_dags/example_branch_datetime_operator.py
[2026-05-09T08:11:24.869+0000] {logging_mixin.py:188} INFO - [2026-05-09T08:11:24.869+0000] {dag.py:3089} INFO - Sync 3 DAGs
[2026-05-09T08:11:24.886+0000] {logging_mixin.py:188} INFO - [2026-05-09T08:11:24.886+0000] {dag.py:3947} INFO - Setting next_dagrun for example_branch_datetime_operator to 2026-05-08 00:00:00+00:00, run_after=2026-05-09 00:00:00+00:00
[2026-05-09T08:11:24.890+0000] {logging_mixin.py:188} INFO - [2026-05-09T08:11:24.889+0000] {dag.py:3947} INFO - Setting next_dagrun for example_branch_datetime_operator_2 to 2026-05-08 00:00:00+00:00, run_after=2026-05-09 00:00:00+00:00
[2026-05-09T08:11:24.891+0000] {logging_mixin.py:188} INFO - [2026-05-09T08:11:24.891+0000] {dag.py:3947} INFO - Setting next_dagrun for example_branch_datetime_operator_3 to 2026-05-08 00:00:00+00:00, run_after=2026-05-09 00:00:00+00:00
[2026-05-09T08:11:24.905+0000] {processor.py:183} INFO - Processing /home/airflow/.local/lib/python3.12/site-packages/airflow/example_dags/example_branch_datetime_operator.py took 0.074 seconds
[2026-05-09T08:11:55.131+0000] {processor.py:161} INFO - Started process (PID=501) to work on /home/airflow/.local/lib/python3.12/site-packages/airflow/example_dags/example_branch_datetime_operator.py
[2026-05-09T08:11:55.132+0000] {processor.py:830} INFO - Processing file /home/airflow/.local/lib/python3.12/site-packages/airflow/example_dags/example_branch_datetime_operator.py for tasks to queue
[2026-05-09T08:11:55.134+0000] {logging_mixin.py:188} INFO - [2026-05-09T08:11:55.134+0000] {dagbag.py:545} INFO - Filling up the DagBag from /home/airflow/.local/lib/python3.12/site-packages/airflow/example_dags/example_branch_datetime_operator.py
[2026-05-09T08:11:55.141+0000] {processor.py:840} INFO - DAG(s) 'example_branch_datetime_operator_2', 'example_branch_datetime_operator', 'example_branch_datetime_operator_3' retrieved from /home/airflow/.local/lib/python3.12/site-packages/airflow/example_dags/example_branch_datetime_operator.py
[2026-05-09T08:11:55.163+0000] {logging_mixin.py:188} INFO - [2026-05-09T08:11:55.163+0000] {dag.py:3089} INFO - Sync 3 DAGs
[2026-05-09T08:11:55.181+0000] {logging_mixin.py:188} INFO - [2026-05-09T08:11:55.180+0000] {dag.py:3947} INFO - Setting next_dagrun for example_branch_datetime_operator to 2026-05-08 00:00:00+00:00, run_after=2026-05-09 00:00:00+00:00
[2026-05-09T08:11:55.185+0000] {logging_mixin.py:188} INFO - [2026-05-09T08:11:55.185+0000] {dag.py:3947} INFO - Setting next_dagrun for example_branch_datetime_operator_2 to 2026-05-08 00:00:00+00:00, run_after=2026-05-09 00:00:00+00:00
[2026-05-09T08:11:55.187+0000] {logging_mixin.py:188} INFO - [2026-05-09T08:11:55.186+0000] {dag.py:3947} INFO - Setting next_dagrun for example_branch_datetime_operator_3 to 2026-05-08 00:00:00+00:00, run_after=2026-05-09 00:00:00+00:00
[2026-05-09T08:11:55.199+0000] {processor.py:183} INFO - Processing /home/airflow/.local/lib/python3.12/site-packages/airflow/example_dags/example_branch_datetime_operator.py took 0.074 seconds
[2026-05-09T08:12:26.178+0000] {processor.py:161} INFO - Started process (PID=560) to work on /home/airflow/.local/lib/python3.12/site-packages/airflow/example_dags/example_branch_datetime_operator.py
[2026-05-09T08:12:26.179+0000] {processor.py:830} INFO - Processing file /home/airflow/.local/lib/python3.12/site-packages/airflow/example_dags/example_branch_datetime_operator.py for tasks to queue
[2026-05-09T08:12:26.181+0000] {logging_mixin.py:188} INFO - [2026-05-09T08:12:26.180+0000] {dagbag.py:545} INFO - Filling up the DagBag from /home/airflow/.local/lib/python3.12/site-packages/airflow/example_dags/example_branch_datetime_operator.py
[2026-05-09T08:12:26.188+0000] {processor.py:840} INFO - DAG(s) 'example_branch_datetime_operator_2', 'example_branch_datetime_operator_3', 'example_branch_datetime_operator' retrieved from /home/airflow/.local/lib/python3.12/site-packages/airflow/example_dags/example_branch_datetime_operator.py
[2026-05-09T08:12:26.209+0000] {logging_mixin.py:188} INFO - [2026-05-09T08:12:26.209+0000] {dag.py:3089} INFO - Sync 3 DAGs
[2026-05-09T08:12:26.228+0000] {logging_mixin.py:188} INFO - [2026-05-09T08:12:26.227+0000] {dag.py:3947} INFO - Setting next_dagrun for example_branch_datetime_operator to 2026-05-08 00:00:00+00:00, run_after=2026-05-09 00:00:00+00:00
[2026-05-09T08:12:26.231+0000] {logging_mixin.py:188} INFO - [2026-05-09T08:12:26.231+0000] {dag.py:3947} INFO - Setting next_dagrun for example_branch_datetime_operator_2 to 2026-05-08 00:00:00+00:00, run_after=2026-05-09 00:00:00+00:00
[2026-05-09T08:12:26.233+0000] {logging_mixin.py:188} INFO - [2026-05-09T08:12:26.232+0000] {dag.py:3947} INFO - Setting next_dagrun for example_branch_datetime_operator_3 to 2026-05-08 00:00:00+00:00, run_after=2026-05-09 00:00:00+00:00
[2026-05-09T08:12:26.245+0000] {processor.py:183} INFO - Processing /home/airflow/.local/lib/python3.12/site-packages/airflow/example_dags/example_branch_datetime_operator.py took 0.073 seconds
[2026-05-09T08:14:00.259+0000] {processor.py:161} INFO - Started process (PID=82) to work on /home/airflow/.local/lib/python3.12/site-packages/airflow/example_dags/example_branch_datetime_operator.py
[2026-05-09T08:14:00.261+0000] {processor.py:830} INFO - Processing file /home/airflow/.local/lib/python3.12/site-packages/airflow/example_dags/example_branch_datetime_operator.py for tasks to queue
[2026-05-09T08:14:00.263+0000] {logging_mixin.py:188} INFO - [2026-05-09T08:14:00.262+0000] {dagbag.py:545} INFO - Filling up the DagBag from /home/airflow/.local/lib/python3.12/site-packages/airflow/example_dags/example_branch_datetime_operator.py
[2026-05-09T08:14:00.275+0000] {processor.py:840} INFO - DAG(s) 'example_branch_datetime_operator_2', 'example_branch_datetime_operator', 'example_branch_datetime_operator_3' retrieved from /home/airflow/.local/lib/python3.12/site-packages/airflow/example_dags/example_branch_datetime_operator.py
[2026-05-09T08:14:00.287+0000] {logging_mixin.py:188} INFO - [2026-05-09T08:14:00.287+0000] {dag.py:3089} INFO - Sync 3 DAGs
[2026-05-09T08:14:00.311+0000] {logging_mixin.py:188} INFO - [2026-05-09T08:14:00.310+0000] {dag.py:3947} INFO - Setting next_dagrun for example_branch_datetime_operator to 2026-05-08 00:00:00+00:00, run_after=2026-05-09 00:00:00+00:00
[2026-05-09T08:14:00.315+0000] {logging_mixin.py:188} INFO - [2026-05-09T08:14:00.315+0000] {dag.py:3947} INFO - Setting next_dagrun for example_branch_datetime_operator_2 to 2026-05-08 00:00:00+00:00, run_after=2026-05-09 00:00:00+00:00
[2026-05-09T08:14:00.318+0000] {logging_mixin.py:188} INFO - [2026-05-09T08:14:00.317+0000] {dag.py:3947} INFO - Setting next_dagrun for example_branch_datetime_operator_3 to 2026-05-08 00:00:00+00:00, run_after=2026-05-09 00:00:00+00:00
[2026-05-09T08:14:00.331+0000] {processor.py:183} INFO - Processing /home/airflow/.local/lib/python3.12/site-packages/airflow/example_dags/example_branch_datetime_operator.py took 0.079 seconds
[2026-05-09T08:14:32.265+0000] {processor.py:161} INFO - Started process (PID=141) to work on /home/airflow/.local/lib/python3.12/site-packages/airflow/example_dags/example_branch_datetime_operator.py
[2026-05-09T08:14:32.266+0000] {processor.py:830} INFO - Processing file /home/airflow/.local/lib/python3.12/site-packages/airflow/example_dags/example_branch_datetime_operator.py for tasks to queue
[2026-05-09T08:14:32.268+0000] {logging_mixin.py:188} INFO - [2026-05-09T08:14:32.268+0000] {dagbag.py:545} INFO - Filling up the DagBag from /home/airflow/.local/lib/python3.12/site-packages/airflow/example_dags/example_branch_datetime_operator.py
[2026-05-09T08:14:32.276+0000] {processor.py:840} INFO - DAG(s) 'example_branch_datetime_operator_3', 'example_branch_datetime_operator_2', 'example_branch_datetime_operator' retrieved from /home/airflow/.local/lib/python3.12/site-packages/airflow/example_dags/example_branch_datetime_operator.py
[2026-05-09T08:14:32.368+0000] {logging_mixin.py:188} INFO - [2026-05-09T08:14:32.368+0000] {dag.py:3089} INFO - Sync 3 DAGs
[2026-05-09T08:14:32.388+0000] {logging_mixin.py:188} INFO - [2026-05-09T08:14:32.388+0000] {dag.py:3947} INFO - Setting next_dagrun for example_branch_datetime_operator to 2026-05-08 00:00:00+00:00, run_after=2026-05-09 00:00:00+00:00
[2026-05-09T08:14:32.393+0000] {logging_mixin.py:188} INFO - [2026-05-09T08:14:32.392+0000] {dag.py:3947} INFO - Setting next_dagrun for example_branch_datetime_operator_2 to 2026-05-08 00:00:00+00:00, run_after=2026-05-09 00:00:00+00:00
[2026-05-09T08:14:32.395+0000] {logging_mixin.py:188} INFO - [2026-05-09T08:14:32.394+0000] {dag.py:3947} INFO - Setting next_dagrun for example_branch_datetime_operator_3 to 2026-05-08 00:00:00+00:00, run_after=2026-05-09 00:00:00+00:00
[2026-05-09T08:14:32.408+0000] {processor.py:183} INFO - Processing /home/airflow/.local/lib/python3.12/site-packages/airflow/example_dags/example_branch_datetime_operator.py took 0.151 seconds
[2026-05-09T08:15:03.496+0000] {processor.py:161} INFO - Started process (PID=201) to work on /home/airflow/.local/lib/python3.12/site-packages/airflow/example_dags/example_branch_datetime_operator.py
[2026-05-09T08:15:03.497+0000] {processor.py:830} INFO - Processing file /home/airflow/.local/lib/python3.12/site-packages/airflow/example_dags/example_branch_datetime_operator.py for tasks to queue
[2026-05-09T08:15:03.501+0000] {logging_mixin.py:188} INFO - [2026-05-09T08:15:03.500+0000] {dagbag.py:545} INFO - Filling up the DagBag from /home/airflow/.local/lib/python3.12/site-packages/airflow/example_dags/example_branch_datetime_operator.py
[2026-05-09T08:15:03.509+0000] {processor.py:840} INFO - DAG(s) 'example_branch_datetime_operator', 'example_branch_datetime_operator_3', 'example_branch_datetime_operator_2' retrieved from /home/airflow/.local/lib/python3.12/site-packages/airflow/example_dags/example_branch_datetime_operator.py
[2026-05-09T08:15:03.536+0000] {logging_mixin.py:188} INFO - [2026-05-09T08:15:03.536+0000] {dag.py:3089} INFO - Sync 3 DAGs
[2026-05-09T08:15:03.556+0000] {logging_mixin.py:188} INFO - [2026-05-09T08:15:03.555+0000] {dag.py:3947} INFO - Setting next_dagrun for example_branch_datetime_operator to 2026-05-08 00:00:00+00:00, run_after=2026-05-09 00:00:00+00:00
[2026-05-09T08:15:03.560+0000] {logging_mixin.py:188} INFO - [2026-05-09T08:15:03.559+0000] {dag.py:3947} INFO - Setting next_dagrun for example_branch_datetime_operator_2 to 2026-05-08 00:00:00+00:00, run_after=2026-05-09 00:00:00+00:00
[2026-05-09T08:15:03.561+0000] {logging_mixin.py:188} INFO - [2026-05-09T08:15:03.561+0000] {dag.py:3947} INFO - Setting next_dagrun for example_branch_datetime_operator_3 to 2026-05-08 00:00:00+00:00, run_after=2026-05-09 00:00:00+00:00
[2026-05-09T08:15:03.577+0000] {processor.py:183} INFO - Processing /home/airflow/.local/lib/python3.12/site-packages/airflow/example_dags/example_branch_datetime_operator.py took 0.088 seconds
[2026-05-09T08:15:33.672+0000] {processor.py:161} INFO - Started process (PID=261) to work on /home/airflow/.local/lib/python3.12/site-packages/airflow/example_dags/example_branch_datetime_operator.py
[2026-05-09T08:15:33.673+0000] {processor.py:830} INFO - Processing file /home/airflow/.local/lib/python3.12/site-packages/airflow/example_dags/example_branch_datetime_operator.py for tasks to queue
[2026-05-09T08:15:33.674+0000] {logging_mixin.py:188} INFO - [2026-05-09T08:15:33.674+0000] {dagbag.py:545} INFO - Filling up the DagBag from /home/airflow/.local/lib/python3.12/site-packages/airflow/example_dags/example_branch_datetime_operator.py
[2026-05-09T08:15:33.682+0000] {processor.py:840} INFO - DAG(s) 'example_branch_datetime_operator_3', 'example_branch_datetime_operator', 'example_branch_datetime_operator_2' retrieved from /home/airflow/.local/lib/python3.12/site-packages/airflow/example_dags/example_branch_datetime_operator.py
[2026-05-09T08:15:33.706+0000] {logging_mixin.py:188} INFO - [2026-05-09T08:15:33.706+0000] {dag.py:3089} INFO - Sync 3 DAGs
[2026-05-09T08:15:33.725+0000] {logging_mixin.py:188} INFO - [2026-05-09T08:15:33.725+0000] {dag.py:3947} INFO - Setting next_dagrun for example_branch_datetime_operator to 2026-05-08 00:00:00+00:00, run_after=2026-05-09 00:00:00+00:00
[2026-05-09T08:15:33.729+0000] {logging_mixin.py:188} INFO - [2026-05-09T08:15:33.729+0000] {dag.py:3947} INFO - Setting next_dagrun for example_branch_datetime_operator_2 to 2026-05-08 00:00:00+00:00, run_after=2026-05-09 00:00:00+00:00
[2026-05-09T08:15:33.731+0000] {logging_mixin.py:188} INFO - [2026-05-09T08:15:33.731+0000] {dag.py:3947} INFO - Setting next_dagrun for example_branch_datetime_operator_3 to 2026-05-08 00:00:00+00:00, run_after=2026-05-09 00:00:00+00:00
[2026-05-09T08:15:33.744+0000] {processor.py:183} INFO - Processing /home/airflow/.local/lib/python3.12/site-packages/airflow/example_dags/example_branch_datetime_operator.py took 0.078 seconds
[2026-05-09T08:16:04.055+0000] {processor.py:161} INFO - Started process (PID=319) to work on /home/airflow/.local/lib/python3.12/site-packages/airflow/example_dags/example_branch_datetime_operator.py
[2026-05-09T08:16:04.056+0000] {processor.py:830} INFO - Processing file /home/airflow/.local/lib/python3.12/site-packages/airflow/example_dags/example_branch_datetime_operator.py for tasks to queue
[2026-05-09T08:16:04.057+0000] {logging_mixin.py:188} INFO - [2026-05-09T08:16:04.057+0000] {dagbag.py:545} INFO - Filling up the DagBag from /home/airflow/.local/lib/python3.12/site-packages/airflow/example_dags/example_branch_datetime_operator.py
[2026-05-09T08:16:04.065+0000] {processor.py:840} INFO - DAG(s) 'example_branch_datetime_operator', 'example_branch_datetime_operator_2', 'example_branch_datetime_operator_3' retrieved from /home/airflow/.local/lib/python3.12/site-packages/airflow/example_dags/example_branch_datetime_operator.py
[2026-05-09T08:16:04.088+0000] {logging_mixin.py:188} INFO - [2026-05-09T08:16:04.088+0000] {dag.py:3089} INFO - Sync 3 DAGs
[2026-05-09T08:16:04.106+0000] {logging_mixin.py:188} INFO - [2026-05-09T08:16:04.105+0000] {dag.py:3947} INFO - Setting next_dagrun for example_branch_datetime_operator to 2026-05-08 00:00:00+00:00, run_after=2026-05-09 00:00:00+00:00
[2026-05-09T08:16:04.110+0000] {logging_mixin.py:188} INFO - [2026-05-09T08:16:04.110+0000] {dag.py:3947} INFO - Setting next_dagrun for example_branch_datetime_operator_2 to 2026-05-08 00:00:00+00:00, run_after=2026-05-09 00:00:00+00:00
[2026-05-09T08:16:04.112+0000] {logging_mixin.py:188} INFO - [2026-05-09T08:16:04.112+0000] {dag.py:3947} INFO - Setting next_dagrun for example_branch_datetime_operator_3 to 2026-05-08 00:00:00+00:00, run_after=2026-05-09 00:00:00+00:00
[2026-05-09T08:16:04.126+0000] {processor.py:183} INFO - Processing /home/airflow/.local/lib/python3.12/site-packages/airflow/example_dags/example_branch_datetime_operator.py took 0.077 seconds
[2026-05-09T08:17:08.113+0000] {processor.py:161} INFO - Started process (PID=82) to work on /home/airflow/.local/lib/python3.12/site-packages/airflow/example_dags/example_branch_datetime_operator.py
[2026-05-09T08:17:08.114+0000] {processor.py:830} INFO - Processing file /home/airflow/.local/lib/python3.12/site-packages/airflow/example_dags/example_branch_datetime_operator.py for tasks to queue
[2026-05-09T08:17:08.116+0000] {logging_mixin.py:188} INFO - [2026-05-09T08:17:08.116+0000] {dagbag.py:545} INFO - Filling up the DagBag from /home/airflow/.local/lib/python3.12/site-packages/airflow/example_dags/example_branch_datetime_operator.py
[2026-05-09T08:17:08.127+0000] {processor.py:840} INFO - DAG(s) 'example_branch_datetime_operator_3', 'example_branch_datetime_operator', 'example_branch_datetime_operator_2' retrieved from /home/airflow/.local/lib/python3.12/site-packages/airflow/example_dags/example_branch_datetime_operator.py
[2026-05-09T08:17:08.139+0000] {logging_mixin.py:188} INFO - [2026-05-09T08:17:08.139+0000] {dag.py:3089} INFO - Sync 3 DAGs
[2026-05-09T08:17:08.160+0000] {logging_mixin.py:188} INFO - [2026-05-09T08:17:08.160+0000] {dag.py:3947} INFO - Setting next_dagrun for example_branch_datetime_operator to 2026-05-08 00:00:00+00:00, run_after=2026-05-09 00:00:00+00:00
[2026-05-09T08:17:08.164+0000] {logging_mixin.py:188} INFO - [2026-05-09T08:17:08.164+0000] {dag.py:3947} INFO - Setting next_dagrun for example_branch_datetime_operator_2 to 2026-05-08 00:00:00+00:00, run_after=2026-05-09 00:00:00+00:00
[2026-05-09T08:17:08.166+0000] {logging_mixin.py:188} INFO - [2026-05-09T08:17:08.166+0000] {dag.py:3947} INFO - Setting next_dagrun for example_branch_datetime_operator_3 to 2026-05-08 00:00:00+00:00, run_after=2026-05-09 00:00:00+00:00
[2026-05-09T08:17:08.180+0000] {processor.py:183} INFO - Processing /home/airflow/.local/lib/python3.12/site-packages/airflow/example_dags/example_branch_datetime_operator.py took 0.073 seconds
[2026-05-09T08:17:39.675+0000] {processor.py:161} INFO - Started process (PID=141) to work on /home/airflow/.local/lib/python3.12/site-packages/airflow/example_dags/example_branch_datetime_operator.py
[2026-05-09T08:17:39.676+0000] {processor.py:830} INFO - Processing file /home/airflow/.local/lib/python3.12/site-packages/airflow/example_dags/example_branch_datetime_operator.py for tasks to queue
[2026-05-09T08:17:39.678+0000] {logging_mixin.py:188} INFO - [2026-05-09T08:17:39.678+0000] {dagbag.py:545} INFO - Filling up the DagBag from /home/airflow/.local/lib/python3.12/site-packages/airflow/example_dags/example_branch_datetime_operator.py
[2026-05-09T08:17:39.685+0000] {processor.py:840} INFO - DAG(s) 'example_branch_datetime_operator_2', 'example_branch_datetime_operator_3', 'example_branch_datetime_operator' retrieved from /home/airflow/.local/lib/python3.12/site-packages/airflow/example_dags/example_branch_datetime_operator.py
[2026-05-09T08:17:39.768+0000] {logging_mixin.py:188} INFO - [2026-05-09T08:17:39.768+0000] {dag.py:3089} INFO - Sync 3 DAGs
[2026-05-09T08:17:39.782+0000] {logging_mixin.py:188} INFO - [2026-05-09T08:17:39.782+0000] {dag.py:3947} INFO - Setting next_dagrun for example_branch_datetime_operator to 2026-05-08 00:00:00+00:00, run_after=2026-05-09 00:00:00+00:00
[2026-05-09T08:17:39.786+0000] {logging_mixin.py:188} INFO - [2026-05-09T08:17:39.785+0000] {dag.py:3947} INFO - Setting next_dagrun for example_branch_datetime_operator_2 to 2026-05-08 00:00:00+00:00, run_after=2026-05-09 00:00:00+00:00
[2026-05-09T08:17:39.787+0000] {logging_mixin.py:188} INFO - [2026-05-09T08:17:39.787+0000] {dag.py:3947} INFO - Setting next_dagrun for example_branch_datetime_operator_3 to 2026-05-08 00:00:00+00:00, run_after=2026-05-09 00:00:00+00:00
[2026-05-09T08:17:39.799+0000] {processor.py:183} INFO - Processing /home/airflow/.local/lib/python3.12/site-packages/airflow/example_dags/example_branch_datetime_operator.py took 0.129 seconds
[2026-05-09T08:18:10.159+0000] {processor.py:161} INFO - Started process (PID=200) to work on /home/airflow/.local/lib/python3.12/site-packages/airflow/example_dags/example_branch_datetime_operator.py
[2026-05-09T08:18:10.160+0000] {processor.py:830} INFO - Processing file /home/airflow/.local/lib/python3.12/site-packages/airflow/example_dags/example_branch_datetime_operator.py for tasks to queue
[2026-05-09T08:18:10.162+0000] {logging_mixin.py:188} INFO - [2026-05-09T08:18:10.161+0000] {dagbag.py:545} INFO - Filling up the DagBag from /home/airflow/.local/lib/python3.12/site-packages/airflow/example_dags/example_branch_datetime_operator.py
[2026-05-09T08:18:10.169+0000] {processor.py:840} INFO - DAG(s) 'example_branch_datetime_operator_3', 'example_branch_datetime_operator', 'example_branch_datetime_operator_2' retrieved from /home/airflow/.local/lib/python3.12/site-packages/airflow/example_dags/example_branch_datetime_operator.py
[2026-05-09T08:18:10.190+0000] {logging_mixin.py:188} INFO - [2026-05-09T08:18:10.190+0000] {dag.py:3089} INFO - Sync 3 DAGs
[2026-05-09T08:18:10.208+0000] {logging_mixin.py:188} INFO - [2026-05-09T08:18:10.208+0000] {dag.py:3947} INFO - Setting next_dagrun for example_branch_datetime_operator to 2026-05-08 00:00:00+00:00, run_after=2026-05-09 00:00:00+00:00
[2026-05-09T08:18:10.213+0000] {logging_mixin.py:188} INFO - [2026-05-09T08:18:10.213+0000] {dag.py:3947} INFO - Setting next_dagrun for example_branch_datetime_operator_2 to 2026-05-08 00:00:00+00:00, run_after=2026-05-09 00:00:00+00:00
[2026-05-09T08:18:10.214+0000] {logging_mixin.py:188} INFO - [2026-05-09T08:18:10.214+0000] {dag.py:3947} INFO - Setting next_dagrun for example_branch_datetime_operator_3 to 2026-05-08 00:00:00+00:00, run_after=2026-05-09 00:00:00+00:00
[2026-05-09T08:18:10.230+0000] {processor.py:183} INFO - Processing /home/airflow/.local/lib/python3.12/site-packages/airflow/example_dags/example_branch_datetime_operator.py took 0.076 seconds
[2026-05-09T08:18:41.434+0000] {processor.py:161} INFO - Started process (PID=259) to work on /home/airflow/.local/lib/python3.12/site-packages/airflow/example_dags/example_branch_datetime_operator.py
[2026-05-09T08:18:41.434+0000] {processor.py:830} INFO - Processing file /home/airflow/.local/lib/python3.12/site-packages/airflow/example_dags/example_branch_datetime_operator.py for tasks to queue
[2026-05-09T08:18:41.436+0000] {logging_mixin.py:188} INFO - [2026-05-09T08:18:41.436+0000] {dagbag.py:545} INFO - Filling up the DagBag from /home/airflow/.local/lib/python3.12/site-packages/airflow/example_dags/example_branch_datetime_operator.py
[2026-05-09T08:18:41.444+0000] {processor.py:840} INFO - DAG(s) 'example_branch_datetime_operator_3', 'example_branch_datetime_operator', 'example_branch_datetime_operator_2' retrieved from /home/airflow/.local/lib/python3.12/site-packages/airflow/example_dags/example_branch_datetime_operator.py
[2026-05-09T08:18:41.464+0000] {logging_mixin.py:188} INFO - [2026-05-09T08:18:41.463+0000] {dag.py:3089} INFO - Sync 3 DAGs
[2026-05-09T08:18:41.480+0000] {logging_mixin.py:188} INFO - [2026-05-09T08:18:41.480+0000] {dag.py:3947} INFO - Setting next_dagrun for example_branch_datetime_operator to 2026-05-08 00:00:00+00:00, run_after=2026-05-09 00:00:00+00:00
[2026-05-09T08:18:41.483+0000] {logging_mixin.py:188} INFO - [2026-05-09T08:18:41.483+0000] {dag.py:3947} INFO - Setting next_dagrun for example_branch_datetime_operator_2 to 2026-05-08 00:00:00+00:00, run_after=2026-05-09 00:00:00+00:00
[2026-05-09T08:18:41.484+0000] {logging_mixin.py:188} INFO - [2026-05-09T08:18:41.484+0000] {dag.py:3947} INFO - Setting next_dagrun for example_branch_datetime_operator_3 to 2026-05-08 00:00:00+00:00, run_after=2026-05-09 00:00:00+00:00
[2026-05-09T08:18:41.495+0000] {processor.py:183} INFO - Processing /home/airflow/.local/lib/python3.12/site-packages/airflow/example_dags/example_branch_datetime_operator.py took 0.068 seconds
[2026-05-09T08:19:12.429+0000] {processor.py:161} INFO - Started process (PID=319) to work on /home/airflow/.local/lib/python3.12/site-packages/airflow/example_dags/example_branch_datetime_operator.py
[2026-05-09T08:19:12.430+0000] {processor.py:830} INFO - Processing file /home/airflow/.local/lib/python3.12/site-packages/airflow/example_dags/example_branch_datetime_operator.py for tasks to queue
[2026-05-09T08:19:12.433+0000] {logging_mixin.py:188} INFO - [2026-05-09T08:19:12.433+0000] {dagbag.py:545} INFO - Filling up the DagBag from /home/airflow/.local/lib/python3.12/site-packages/airflow/example_dags/example_branch_datetime_operator.py
[2026-05-09T08:19:12.440+0000] {processor.py:840} INFO - DAG(s) 'example_branch_datetime_operator_3', 'example_branch_datetime_operator', 'example_branch_datetime_operator_2' retrieved from /home/airflow/.local/lib/python3.12/site-packages/airflow/example_dags/example_branch_datetime_operator.py
[2026-05-09T08:19:12.460+0000] {logging_mixin.py:188} INFO - [2026-05-09T08:19:12.459+0000] {dag.py:3089} INFO - Sync 3 DAGs
[2026-05-09T08:19:12.475+0000] {logging_mixin.py:188} INFO - [2026-05-09T08:19:12.475+0000] {dag.py:3947} INFO - Setting next_dagrun for example_branch_datetime_operator to 2026-05-08 00:00:00+00:00, run_after=2026-05-09 00:00:00+00:00
[2026-05-09T08:19:12.479+0000] {logging_mixin.py:188} INFO - [2026-05-09T08:19:12.479+0000] {dag.py:3947} INFO - Setting next_dagrun for example_branch_datetime_operator_2 to 2026-05-08 00:00:00+00:00, run_after=2026-05-09 00:00:00+00:00
[2026-05-09T08:19:12.480+0000] {logging_mixin.py:188} INFO - [2026-05-09T08:19:12.480+0000] {dag.py:3947} INFO - Setting next_dagrun for example_branch_datetime_operator_3 to 2026-05-08 00:00:00+00:00, run_after=2026-05-09 00:00:00+00:00
[2026-05-09T08:19:12.491+0000] {processor.py:183} INFO - Processing /home/airflow/.local/lib/python3.12/site-packages/airflow/example_dags/example_branch_datetime_operator.py took 0.067 seconds
[2026-05-09T08:19:43.140+0000] {processor.py:161} INFO - Started process (PID=378) to work on /home/airflow/.local/lib/python3.12/site-packages/airflow/example_dags/example_branch_datetime_operator.py
[2026-05-09T08:19:43.141+0000] {processor.py:830} INFO - Processing file /home/airflow/.local/lib/python3.12/site-packages/airflow/example_dags/example_branch_datetime_operator.py for tasks to queue
[2026-05-09T08:19:43.142+0000] {logging_mixin.py:188} INFO - [2026-05-09T08:19:43.142+0000] {dagbag.py:545} INFO - Filling up the DagBag from /home/airflow/.local/lib/python3.12/site-packages/airflow/example_dags/example_branch_datetime_operator.py
[2026-05-09T08:19:43.149+0000] {processor.py:840} INFO - DAG(s) 'example_branch_datetime_operator', 'example_branch_datetime_operator_2', 'example_branch_datetime_operator_3' retrieved from /home/airflow/.local/lib/python3.12/site-packages/airflow/example_dags/example_branch_datetime_operator.py
[2026-05-09T08:19:43.166+0000] {logging_mixin.py:188} INFO - [2026-05-09T08:19:43.166+0000] {dag.py:3089} INFO - Sync 3 DAGs
[2026-05-09T08:19:43.180+0000] {logging_mixin.py:188} INFO - [2026-05-09T08:19:43.180+0000] {dag.py:3947} INFO - Setting next_dagrun for example_branch_datetime_operator to 2026-05-08 00:00:00+00:00, run_after=2026-05-09 00:00:00+00:00
[2026-05-09T08:19:43.183+0000] {logging_mixin.py:188} INFO - [2026-05-09T08:19:43.183+0000] {dag.py:3947} INFO - Setting next_dagrun for example_branch_datetime_operator_2 to 2026-05-08 00:00:00+00:00, run_after=2026-05-09 00:00:00+00:00
[2026-05-09T08:19:43.185+0000] {logging_mixin.py:188} INFO - [2026-05-09T08:19:43.185+0000] {dag.py:3947} INFO - Setting next_dagrun for example_branch_datetime_operator_3 to 2026-05-08 00:00:00+00:00, run_after=2026-05-09 00:00:00+00:00
[2026-05-09T08:19:43.196+0000] {processor.py:183} INFO - Processing /home/airflow/.local/lib/python3.12/site-packages/airflow/example_dags/example_branch_datetime_operator.py took 0.060 seconds
[2026-05-09T08:20:13.457+0000] {processor.py:161} INFO - Started process (PID=437) to work on /home/airflow/.local/lib/python3.12/site-packages/airflow/example_dags/example_branch_datetime_operator.py
[2026-05-09T08:20:13.458+0000] {processor.py:830} INFO - Processing file /home/airflow/.local/lib/python3.12/site-packages/airflow/example_dags/example_branch_datetime_operator.py for tasks to queue
[2026-05-09T08:20:13.460+0000] {logging_mixin.py:188} INFO - [2026-05-09T08:20:13.459+0000] {dagbag.py:545} INFO - Filling up the DagBag from /home/airflow/.local/lib/python3.12/site-packages/airflow/example_dags/example_branch_datetime_operator.py
[2026-05-09T08:20:13.466+0000] {processor.py:840} INFO - DAG(s) 'example_branch_datetime_operator_2', 'example_branch_datetime_operator', 'example_branch_datetime_operator_3' retrieved from /home/airflow/.local/lib/python3.12/site-packages/airflow/example_dags/example_branch_datetime_operator.py
[2026-05-09T08:20:13.486+0000] {logging_mixin.py:188} INFO - [2026-05-09T08:20:13.486+0000] {dag.py:3089} INFO - Sync 3 DAGs
[2026-05-09T08:20:13.502+0000] {logging_mixin.py:188} INFO - [2026-05-09T08:20:13.502+0000] {dag.py:3947} INFO - Setting next_dagrun for example_branch_datetime_operator to 2026-05-08 00:00:00+00:00, run_after=2026-05-09 00:00:00+00:00
[2026-05-09T08:20:13.505+0000] {logging_mixin.py:188} INFO - [2026-05-09T08:20:13.505+0000] {dag.py:3947} INFO - Setting next_dagrun for example_branch_datetime_operator_2 to 2026-05-08 00:00:00+00:00, run_after=2026-05-09 00:00:00+00:00
[2026-05-09T08:20:13.507+0000] {logging_mixin.py:188} INFO - [2026-05-09T08:20:13.507+0000] {dag.py:3947} INFO - Setting next_dagrun for example_branch_datetime_operator_3 to 2026-05-08 00:00:00+00:00, run_after=2026-05-09 00:00:00+00:00
[2026-05-09T08:20:13.517+0000] {processor.py:183} INFO - Processing /home/airflow/.local/lib/python3.12/site-packages/airflow/example_dags/example_branch_datetime_operator.py took 0.065 seconds
[2026-05-09T08:21:02.627+0000] {processor.py:161} INFO - Started process (PID=82) to work on /home/airflow/.local/lib/python3.12/site-packages/airflow/example_dags/example_branch_datetime_operator.py
[2026-05-09T08:21:02.628+0000] {processor.py:830} INFO - Processing file /home/airflow/.local/lib/python3.12/site-packages/airflow/example_dags/example_branch_datetime_operator.py for tasks to queue
[2026-05-09T08:21:02.630+0000] {logging_mixin.py:188} INFO - [2026-05-09T08:21:02.630+0000] {dagbag.py:545} INFO - Filling up the DagBag from /home/airflow/.local/lib/python3.12/site-packages/airflow/example_dags/example_branch_datetime_operator.py
[2026-05-09T08:21:02.642+0000] {processor.py:840} INFO - DAG(s) 'example_branch_datetime_operator', 'example_branch_datetime_operator_2', 'example_branch_datetime_operator_3' retrieved from /home/airflow/.local/lib/python3.12/site-packages/airflow/example_dags/example_branch_datetime_operator.py
[2026-05-09T08:21:02.654+0000] {logging_mixin.py:188} INFO - [2026-05-09T08:21:02.654+0000] {dag.py:3089} INFO - Sync 3 DAGs
[2026-05-09T08:21:02.676+0000] {logging_mixin.py:188} INFO - [2026-05-09T08:21:02.676+0000] {dag.py:3947} INFO - Setting next_dagrun for example_branch_datetime_operator to 2026-05-08 00:00:00+00:00, run_after=2026-05-09 00:00:00+00:00
[2026-05-09T08:21:02.680+0000] {logging_mixin.py:188} INFO - [2026-05-09T08:21:02.680+0000] {dag.py:3947} INFO - Setting next_dagrun for example_branch_datetime_operator_2 to 2026-05-08 00:00:00+00:00, run_after=2026-05-09 00:00:00+00:00
[2026-05-09T08:21:02.682+0000] {logging_mixin.py:188} INFO - [2026-05-09T08:21:02.682+0000] {dag.py:3947} INFO - Setting next_dagrun for example_branch_datetime_operator_3 to 2026-05-08 00:00:00+00:00, run_after=2026-05-09 00:00:00+00:00
[2026-05-09T08:21:02.697+0000] {processor.py:183} INFO - Processing /home/airflow/.local/lib/python3.12/site-packages/airflow/example_dags/example_branch_datetime_operator.py took 0.075 seconds
[2026-05-09T08:21:34.224+0000] {processor.py:161} INFO - Started process (PID=141) to work on /home/airflow/.local/lib/python3.12/site-packages/airflow/example_dags/example_branch_datetime_operator.py
[2026-05-09T08:21:34.225+0000] {processor.py:830} INFO - Processing file /home/airflow/.local/lib/python3.12/site-packages/airflow/example_dags/example_branch_datetime_operator.py for tasks to queue
[2026-05-09T08:21:34.227+0000] {logging_mixin.py:188} INFO - [2026-05-09T08:21:34.226+0000] {dagbag.py:545} INFO - Filling up the DagBag from /home/airflow/.local/lib/python3.12/site-packages/airflow/example_dags/example_branch_datetime_operator.py
[2026-05-09T08:21:34.234+0000] {processor.py:840} INFO - DAG(s) 'example_branch_datetime_operator_2', 'example_branch_datetime_operator', 'example_branch_datetime_operator_3' retrieved from /home/airflow/.local/lib/python3.12/site-packages/airflow/example_dags/example_branch_datetime_operator.py
[2026-05-09T08:21:34.348+0000] {logging_mixin.py:188} INFO - [2026-05-09T08:21:34.347+0000] {dag.py:3089} INFO - Sync 3 DAGs
[2026-05-09T08:21:34.365+0000] {logging_mixin.py:188} INFO - [2026-05-09T08:21:34.365+0000] {dag.py:3947} INFO - Setting next_dagrun for example_branch_datetime_operator to 2026-05-08 00:00:00+00:00, run_after=2026-05-09 00:00:00+00:00
[2026-05-09T08:21:34.368+0000] {logging_mixin.py:188} INFO - [2026-05-09T08:21:34.368+0000] {dag.py:3947} INFO - Setting next_dagrun for example_branch_datetime_operator_2 to 2026-05-08 00:00:00+00:00, run_after=2026-05-09 00:00:00+00:00
[2026-05-09T08:21:34.370+0000] {logging_mixin.py:188} INFO - [2026-05-09T08:21:34.370+0000] {dag.py:3947} INFO - Setting next_dagrun for example_branch_datetime_operator_3 to 2026-05-08 00:00:00+00:00, run_after=2026-05-09 00:00:00+00:00
[2026-05-09T08:21:34.385+0000] {processor.py:183} INFO - Processing /home/airflow/.local/lib/python3.12/site-packages/airflow/example_dags/example_branch_datetime_operator.py took 0.166 seconds
[2026-05-09T08:22:05.370+0000] {processor.py:161} INFO - Started process (PID=200) to work on /home/airflow/.local/lib/python3.12/site-packages/airflow/example_dags/example_branch_datetime_operator.py
[2026-05-09T08:22:05.371+0000] {processor.py:830} INFO - Processing file /home/airflow/.local/lib/python3.12/site-packages/airflow/example_dags/example_branch_datetime_operator.py for tasks to queue
[2026-05-09T08:22:05.373+0000] {logging_mixin.py:188} INFO - [2026-05-09T08:22:05.373+0000] {dagbag.py:545} INFO - Filling up the DagBag from /home/airflow/.local/lib/python3.12/site-packages/airflow/example_dags/example_branch_datetime_operator.py
[2026-05-09T08:22:05.380+0000] {processor.py:840} INFO - DAG(s) 'example_branch_datetime_operator_2', 'example_branch_datetime_operator_3', 'example_branch_datetime_operator' retrieved from /home/airflow/.local/lib/python3.12/site-packages/airflow/example_dags/example_branch_datetime_operator.py
[2026-05-09T08:22:05.401+0000] {logging_mixin.py:188} INFO - [2026-05-09T08:22:05.400+0000] {dag.py:3089} INFO - Sync 3 DAGs
[2026-05-09T08:22:05.417+0000] {logging_mixin.py:188} INFO - [2026-05-09T08:22:05.417+0000] {dag.py:3947} INFO - Setting next_dagrun for example_branch_datetime_operator to 2026-05-08 00:00:00+00:00, run_after=2026-05-09 00:00:00+00:00
[2026-05-09T08:22:05.421+0000] {logging_mixin.py:188} INFO - [2026-05-09T08:22:05.421+0000] {dag.py:3947} INFO - Setting next_dagrun for example_branch_datetime_operator_2 to 2026-05-08 00:00:00+00:00, run_after=2026-05-09 00:00:00+00:00
[2026-05-09T08:22:05.422+0000] {logging_mixin.py:188} INFO - [2026-05-09T08:22:05.422+0000] {dag.py:3947} INFO - Setting next_dagrun for example_branch_datetime_operator_3 to 2026-05-08 00:00:00+00:00, run_after=2026-05-09 00:00:00+00:00
[2026-05-09T08:22:05.434+0000] {processor.py:183} INFO - Processing /home/airflow/.local/lib/python3.12/site-packages/airflow/example_dags/example_branch_datetime_operator.py took 0.069 seconds
[2026-05-09T08:22:36.065+0000] {processor.py:161} INFO - Started process (PID=259) to work on /home/airflow/.local/lib/python3.12/site-packages/airflow/example_dags/example_branch_datetime_operator.py
[2026-05-09T08:22:36.066+0000] {processor.py:830} INFO - Processing file /home/airflow/.local/lib/python3.12/site-packages/airflow/example_dags/example_branch_datetime_operator.py for tasks to queue
[2026-05-09T08:22:36.067+0000] {logging_mixin.py:188} INFO - [2026-05-09T08:22:36.067+0000] {dagbag.py:545} INFO - Filling up the DagBag from /home/airflow/.local/lib/python3.12/site-packages/airflow/example_dags/example_branch_datetime_operator.py
[2026-05-09T08:22:36.078+0000] {processor.py:840} INFO - DAG(s) 'example_branch_datetime_operator_3', 'example_branch_datetime_operator', 'example_branch_datetime_operator_2' retrieved from /home/airflow/.local/lib/python3.12/site-packages/airflow/example_dags/example_branch_datetime_operator.py
[2026-05-09T08:22:36.103+0000] {logging_mixin.py:188} INFO - [2026-05-09T08:22:36.103+0000] {dag.py:3089} INFO - Sync 3 DAGs
[2026-05-09T08:22:36.123+0000] {logging_mixin.py:188} INFO - [2026-05-09T08:22:36.123+0000] {dag.py:3947} INFO - Setting next_dagrun for example_branch_datetime_operator to 2026-05-08 00:00:00+00:00, run_after=2026-05-09 00:00:00+00:00
[2026-05-09T08:22:36.128+0000] {logging_mixin.py:188} INFO - [2026-05-09T08:22:36.127+0000] {dag.py:3947} INFO - Setting next_dagrun for example_branch_datetime_operator_2 to 2026-05-08 00:00:00+00:00, run_after=2026-05-09 00:00:00+00:00
[2026-05-09T08:22:36.130+0000] {logging_mixin.py:188} INFO - [2026-05-09T08:22:36.129+0000] {dag.py:3947} INFO - Setting next_dagrun for example_branch_datetime_operator_3 to 2026-05-08 00:00:00+00:00, run_after=2026-05-09 00:00:00+00:00
[2026-05-09T08:22:36.146+0000] {processor.py:183} INFO - Processing /home/airflow/.local/lib/python3.12/site-packages/airflow/example_dags/example_branch_datetime_operator.py took 0.088 seconds
[2026-05-09T08:23:07.122+0000] {processor.py:161} INFO - Started process (PID=318) to work on /home/airflow/.local/lib/python3.12/site-packages/airflow/example_dags/example_branch_datetime_operator.py
[2026-05-09T08:23:07.123+0000] {processor.py:830} INFO - Processing file /home/airflow/.local/lib/python3.12/site-packages/airflow/example_dags/example_branch_datetime_operator.py for tasks to queue
[2026-05-09T08:23:07.124+0000] {logging_mixin.py:188} INFO - [2026-05-09T08:23:07.124+0000] {dagbag.py:545} INFO - Filling up the DagBag from /home/airflow/.local/lib/python3.12/site-packages/airflow/example_dags/example_branch_datetime_operator.py
[2026-05-09T08:23:07.131+0000] {processor.py:840} INFO - DAG(s) 'example_branch_datetime_operator_2', 'example_branch_datetime_operator', 'example_branch_datetime_operator_3' retrieved from /home/airflow/.local/lib/python3.12/site-packages/airflow/example_dags/example_branch_datetime_operator.py
[2026-05-09T08:23:07.152+0000] {logging_mixin.py:188} INFO - [2026-05-09T08:23:07.152+0000] {dag.py:3089} INFO - Sync 3 DAGs
[2026-05-09T08:23:07.167+0000] {logging_mixin.py:188} INFO - [2026-05-09T08:23:07.167+0000] {dag.py:3947} INFO - Setting next_dagrun for example_branch_datetime_operator to 2026-05-08 00:00:00+00:00, run_after=2026-05-09 00:00:00+00:00
[2026-05-09T08:23:07.170+0000] {logging_mixin.py:188} INFO - [2026-05-09T08:23:07.170+0000] {dag.py:3947} INFO - Setting next_dagrun for example_branch_datetime_operator_2 to 2026-05-08 00:00:00+00:00, run_after=2026-05-09 00:00:00+00:00
[2026-05-09T08:23:07.172+0000] {logging_mixin.py:188} INFO - [2026-05-09T08:23:07.171+0000] {dag.py:3947} INFO - Setting next_dagrun for example_branch_datetime_operator_3 to 2026-05-08 00:00:00+00:00, run_after=2026-05-09 00:00:00+00:00
[2026-05-09T08:23:07.182+0000] {processor.py:183} INFO - Processing /home/airflow/.local/lib/python3.12/site-packages/airflow/example_dags/example_branch_datetime_operator.py took 0.066 seconds
[2026-05-09T08:23:38.011+0000] {processor.py:161} INFO - Started process (PID=377) to work on /home/airflow/.local/lib/python3.12/site-packages/airflow/example_dags/example_branch_datetime_operator.py
[2026-05-09T08:23:38.012+0000] {processor.py:830} INFO - Processing file /home/airflow/.local/lib/python3.12/site-packages/airflow/example_dags/example_branch_datetime_operator.py for tasks to queue
[2026-05-09T08:23:38.014+0000] {logging_mixin.py:188} INFO - [2026-05-09T08:23:38.014+0000] {dagbag.py:545} INFO - Filling up the DagBag from /home/airflow/.local/lib/python3.12/site-packages/airflow/example_dags/example_branch_datetime_operator.py
[2026-05-09T08:23:38.025+0000] {processor.py:840} INFO - DAG(s) 'example_branch_datetime_operator_2', 'example_branch_datetime_operator_3', 'example_branch_datetime_operator' retrieved from /home/airflow/.local/lib/python3.12/site-packages/airflow/example_dags/example_branch_datetime_operator.py
[2026-05-09T08:23:38.050+0000] {logging_mixin.py:188} INFO - [2026-05-09T08:23:38.049+0000] {dag.py:3089} INFO - Sync 3 DAGs
[2026-05-09T08:23:38.067+0000] {logging_mixin.py:188} INFO - [2026-05-09T08:23:38.067+0000] {dag.py:3947} INFO - Setting next_dagrun for example_branch_datetime_operator to 2026-05-08 00:00:00+00:00, run_after=2026-05-09 00:00:00+00:00
[2026-05-09T08:23:38.071+0000] {logging_mixin.py:188} INFO - [2026-05-09T08:23:38.071+0000] {dag.py:3947} INFO - Setting next_dagrun for example_branch_datetime_operator_2 to 2026-05-08 00:00:00+00:00, run_after=2026-05-09 00:00:00+00:00
[2026-05-09T08:23:38.074+0000] {logging_mixin.py:188} INFO - [2026-05-09T08:23:38.073+0000] {dag.py:3947} INFO - Setting next_dagrun for example_branch_datetime_operator_3 to 2026-05-08 00:00:00+00:00, run_after=2026-05-09 00:00:00+00:00
[2026-05-09T08:23:38.087+0000] {processor.py:183} INFO - Processing /home/airflow/.local/lib/python3.12/site-packages/airflow/example_dags/example_branch_datetime_operator.py took 0.083 seconds
[2026-05-09T08:24:08.186+0000] {processor.py:161} INFO - Started process (PID=436) to work on /home/airflow/.local/lib/python3.12/site-packages/airflow/example_dags/example_branch_datetime_operator.py
[2026-05-09T08:24:08.187+0000] {processor.py:830} INFO - Processing file /home/airflow/.local/lib/python3.12/site-packages/airflow/example_dags/example_branch_datetime_operator.py for tasks to queue
[2026-05-09T08:24:08.188+0000] {logging_mixin.py:188} INFO - [2026-05-09T08:24:08.188+0000] {dagbag.py:545} INFO - Filling up the DagBag from /home/airflow/.local/lib/python3.12/site-packages/airflow/example_dags/example_branch_datetime_operator.py
[2026-05-09T08:24:08.196+0000] {processor.py:840} INFO - DAG(s) 'example_branch_datetime_operator', 'example_branch_datetime_operator_3', 'example_branch_datetime_operator_2' retrieved from /home/airflow/.local/lib/python3.12/site-packages/airflow/example_dags/example_branch_datetime_operator.py
[2026-05-09T08:24:08.216+0000] {logging_mixin.py:188} INFO - [2026-05-09T08:24:08.216+0000] {dag.py:3089} INFO - Sync 3 DAGs
[2026-05-09T08:24:08.230+0000] {logging_mixin.py:188} INFO - [2026-05-09T08:24:08.230+0000] {dag.py:3947} INFO - Setting next_dagrun for example_branch_datetime_operator to 2026-05-08 00:00:00+00:00, run_after=2026-05-09 00:00:00+00:00
[2026-05-09T08:24:08.234+0000] {logging_mixin.py:188} INFO - [2026-05-09T08:24:08.233+0000] {dag.py:3947} INFO - Setting next_dagrun for example_branch_datetime_operator_2 to 2026-05-08 00:00:00+00:00, run_after=2026-05-09 00:00:00+00:00
[2026-05-09T08:24:08.235+0000] {logging_mixin.py:188} INFO - [2026-05-09T08:24:08.235+0000] {dag.py:3947} INFO - Setting next_dagrun for example_branch_datetime_operator_3 to 2026-05-08 00:00:00+00:00, run_after=2026-05-09 00:00:00+00:00
[2026-05-09T08:24:08.246+0000] {processor.py:183} INFO - Processing /home/airflow/.local/lib/python3.12/site-packages/airflow/example_dags/example_branch_datetime_operator.py took 0.066 seconds
[2026-05-09T08:24:39.055+0000] {processor.py:161} INFO - Started process (PID=495) to work on /home/airflow/.local/lib/python3.12/site-packages/airflow/example_dags/example_branch_datetime_operator.py
[2026-05-09T08:24:39.055+0000] {processor.py:830} INFO - Processing file /home/airflow/.local/lib/python3.12/site-packages/airflow/example_dags/example_branch_datetime_operator.py for tasks to queue
[2026-05-09T08:24:39.057+0000] {logging_mixin.py:188} INFO - [2026-05-09T08:24:39.057+0000] {dagbag.py:545} INFO - Filling up the DagBag from /home/airflow/.local/lib/python3.12/site-packages/airflow/example_dags/example_branch_datetime_operator.py
[2026-05-09T08:24:39.065+0000] {processor.py:840} INFO - DAG(s) 'example_branch_datetime_operator_2', 'example_branch_datetime_operator_3', 'example_branch_datetime_operator' retrieved from /home/airflow/.local/lib/python3.12/site-packages/airflow/example_dags/example_branch_datetime_operator.py
[2026-05-09T08:24:39.086+0000] {logging_mixin.py:188} INFO - [2026-05-09T08:24:39.086+0000] {dag.py:3089} INFO - Sync 3 DAGs
[2026-05-09T08:24:39.103+0000] {logging_mixin.py:188} INFO - [2026-05-09T08:24:39.103+0000] {dag.py:3947} INFO - Setting next_dagrun for example_branch_datetime_operator to 2026-05-08 00:00:00+00:00, run_after=2026-05-09 00:00:00+00:00
[2026-05-09T08:24:39.107+0000] {logging_mixin.py:188} INFO - [2026-05-09T08:24:39.107+0000] {dag.py:3947} INFO - Setting next_dagrun for example_branch_datetime_operator_2 to 2026-05-08 00:00:00+00:00, run_after=2026-05-09 00:00:00+00:00
[2026-05-09T08:24:39.109+0000] {logging_mixin.py:188} INFO - [2026-05-09T08:24:39.108+0000] {dag.py:3947} INFO - Setting next_dagrun for example_branch_datetime_operator_3 to 2026-05-08 00:00:00+00:00, run_after=2026-05-09 00:00:00+00:00
[2026-05-09T08:24:39.121+0000] {processor.py:183} INFO - Processing /home/airflow/.local/lib/python3.12/site-packages/airflow/example_dags/example_branch_datetime_operator.py took 0.073 seconds
[2026-05-09T08:25:43.509+0000] {processor.py:161} INFO - Started process (PID=82) to work on /home/airflow/.local/lib/python3.12/site-packages/airflow/example_dags/example_branch_datetime_operator.py
[2026-05-09T08:25:43.510+0000] {processor.py:830} INFO - Processing file /home/airflow/.local/lib/python3.12/site-packages/airflow/example_dags/example_branch_datetime_operator.py for tasks to queue
[2026-05-09T08:25:43.512+0000] {logging_mixin.py:188} INFO - [2026-05-09T08:25:43.512+0000] {dagbag.py:545} INFO - Filling up the DagBag from /home/airflow/.local/lib/python3.12/site-packages/airflow/example_dags/example_branch_datetime_operator.py
[2026-05-09T08:25:43.525+0000] {processor.py:840} INFO - DAG(s) 'example_branch_datetime_operator_2', 'example_branch_datetime_operator', 'example_branch_datetime_operator_3' retrieved from /home/airflow/.local/lib/python3.12/site-packages/airflow/example_dags/example_branch_datetime_operator.py
[2026-05-09T08:25:43.541+0000] {logging_mixin.py:188} INFO - [2026-05-09T08:25:43.541+0000] {dag.py:3089} INFO - Sync 3 DAGs
[2026-05-09T08:25:43.568+0000] {logging_mixin.py:188} INFO - [2026-05-09T08:25:43.568+0000] {dag.py:3947} INFO - Setting next_dagrun for example_branch_datetime_operator to 2026-05-08 00:00:00+00:00, run_after=2026-05-09 00:00:00+00:00
[2026-05-09T08:25:43.574+0000] {logging_mixin.py:188} INFO - [2026-05-09T08:25:43.574+0000] {dag.py:3947} INFO - Setting next_dagrun for example_branch_datetime_operator_2 to 2026-05-08 00:00:00+00:00, run_after=2026-05-09 00:00:00+00:00
[2026-05-09T08:25:43.579+0000] {logging_mixin.py:188} INFO - [2026-05-09T08:25:43.579+0000] {dag.py:3947} INFO - Setting next_dagrun for example_branch_datetime_operator_3 to 2026-05-08 00:00:00+00:00, run_after=2026-05-09 00:00:00+00:00
[2026-05-09T08:25:43.624+0000] {processor.py:183} INFO - Processing /home/airflow/.local/lib/python3.12/site-packages/airflow/example_dags/example_branch_datetime_operator.py took 0.123 seconds
[2026-05-09T08:26:14.577+0000] {processor.py:161} INFO - Started process (PID=141) to work on /home/airflow/.local/lib/python3.12/site-packages/airflow/example_dags/example_branch_datetime_operator.py
[2026-05-09T08:26:14.578+0000] {processor.py:830} INFO - Processing file /home/airflow/.local/lib/python3.12/site-packages/airflow/example_dags/example_branch_datetime_operator.py for tasks to queue
[2026-05-09T08:26:14.580+0000] {logging_mixin.py:188} INFO - [2026-05-09T08:26:14.580+0000] {dagbag.py:545} INFO - Filling up the DagBag from /home/airflow/.local/lib/python3.12/site-packages/airflow/example_dags/example_branch_datetime_operator.py
[2026-05-09T08:26:14.587+0000] {processor.py:840} INFO - DAG(s) 'example_branch_datetime_operator', 'example_branch_datetime_operator_2', 'example_branch_datetime_operator_3' retrieved from /home/airflow/.local/lib/python3.12/site-packages/airflow/example_dags/example_branch_datetime_operator.py
[2026-05-09T08:26:14.682+0000] {logging_mixin.py:188} INFO - [2026-05-09T08:26:14.681+0000] {dag.py:3089} INFO - Sync 3 DAGs
[2026-05-09T08:26:14.698+0000] {logging_mixin.py:188} INFO - [2026-05-09T08:26:14.698+0000] {dag.py:3947} INFO - Setting next_dagrun for example_branch_datetime_operator to 2026-05-08 00:00:00+00:00, run_after=2026-05-09 00:00:00+00:00
[2026-05-09T08:26:14.702+0000] {logging_mixin.py:188} INFO - [2026-05-09T08:26:14.701+0000] {dag.py:3947} INFO - Setting next_dagrun for example_branch_datetime_operator_2 to 2026-05-08 00:00:00+00:00, run_after=2026-05-09 00:00:00+00:00
[2026-05-09T08:26:14.703+0000] {logging_mixin.py:188} INFO - [2026-05-09T08:26:14.703+0000] {dag.py:3947} INFO - Setting next_dagrun for example_branch_datetime_operator_3 to 2026-05-08 00:00:00+00:00, run_after=2026-05-09 00:00:00+00:00
[2026-05-09T08:26:14.717+0000] {processor.py:183} INFO - Processing /home/airflow/.local/lib/python3.12/site-packages/airflow/example_dags/example_branch_datetime_operator.py took 0.145 seconds
[2026-05-09T08:26:45.909+0000] {processor.py:161} INFO - Started process (PID=200) to work on /home/airflow/.local/lib/python3.12/site-packages/airflow/example_dags/example_branch_datetime_operator.py
[2026-05-09T08:26:45.910+0000] {processor.py:830} INFO - Processing file /home/airflow/.local/lib/python3.12/site-packages/airflow/example_dags/example_branch_datetime_operator.py for tasks to queue
[2026-05-09T08:26:45.913+0000] {logging_mixin.py:188} INFO - [2026-05-09T08:26:45.913+0000] {dagbag.py:545} INFO - Filling up the DagBag from /home/airflow/.local/lib/python3.12/site-packages/airflow/example_dags/example_branch_datetime_operator.py
[2026-05-09T08:26:45.928+0000] {processor.py:840} INFO - DAG(s) 'example_branch_datetime_operator', 'example_branch_datetime_operator_2', 'example_branch_datetime_operator_3' retrieved from /home/airflow/.local/lib/python3.12/site-packages/airflow/example_dags/example_branch_datetime_operator.py
[2026-05-09T08:26:45.964+0000] {logging_mixin.py:188} INFO - [2026-05-09T08:26:45.963+0000] {dag.py:3089} INFO - Sync 3 DAGs
[2026-05-09T08:26:45.993+0000] {logging_mixin.py:188} INFO - [2026-05-09T08:26:45.993+0000] {dag.py:3947} INFO - Setting next_dagrun for example_branch_datetime_operator to 2026-05-08 00:00:00+00:00, run_after=2026-05-09 00:00:00+00:00
[2026-05-09T08:26:46.000+0000] {logging_mixin.py:188} INFO - [2026-05-09T08:26:46.000+0000] {dag.py:3947} INFO - Setting next_dagrun for example_branch_datetime_operator_2 to 2026-05-08 00:00:00+00:00, run_after=2026-05-09 00:00:00+00:00
[2026-05-09T08:26:46.004+0000] {logging_mixin.py:188} INFO - [2026-05-09T08:26:46.004+0000] {dag.py:3947} INFO - Setting next_dagrun for example_branch_datetime_operator_3 to 2026-05-08 00:00:00+00:00, run_after=2026-05-09 00:00:00+00:00
[2026-05-09T08:26:46.028+0000] {processor.py:183} INFO - Processing /home/airflow/.local/lib/python3.12/site-packages/airflow/example_dags/example_branch_datetime_operator.py took 0.161 seconds
[2026-05-09T08:27:16.975+0000] {processor.py:161} INFO - Started process (PID=259) to work on /home/airflow/.local/lib/python3.12/site-packages/airflow/example_dags/example_branch_datetime_operator.py
[2026-05-09T08:27:16.976+0000] {processor.py:830} INFO - Processing file /home/airflow/.local/lib/python3.12/site-packages/airflow/example_dags/example_branch_datetime_operator.py for tasks to queue
[2026-05-09T08:27:16.977+0000] {logging_mixin.py:188} INFO - [2026-05-09T08:27:16.977+0000] {dagbag.py:545} INFO - Filling up the DagBag from /home/airflow/.local/lib/python3.12/site-packages/airflow/example_dags/example_branch_datetime_operator.py
[2026-05-09T08:27:16.984+0000] {processor.py:840} INFO - DAG(s) 'example_branch_datetime_operator_3', 'example_branch_datetime_operator', 'example_branch_datetime_operator_2' retrieved from /home/airflow/.local/lib/python3.12/site-packages/airflow/example_dags/example_branch_datetime_operator.py
[2026-05-09T08:27:17.006+0000] {logging_mixin.py:188} INFO - [2026-05-09T08:27:17.005+0000] {dag.py:3089} INFO - Sync 3 DAGs
[2026-05-09T08:27:17.022+0000] {logging_mixin.py:188} INFO - [2026-05-09T08:27:17.021+0000] {dag.py:3947} INFO - Setting next_dagrun for example_branch_datetime_operator to 2026-05-08 00:00:00+00:00, run_after=2026-05-09 00:00:00+00:00
[2026-05-09T08:27:17.025+0000] {logging_mixin.py:188} INFO - [2026-05-09T08:27:17.025+0000] {dag.py:3947} INFO - Setting next_dagrun for example_branch_datetime_operator_2 to 2026-05-08 00:00:00+00:00, run_after=2026-05-09 00:00:00+00:00
[2026-05-09T08:27:17.026+0000] {logging_mixin.py:188} INFO - [2026-05-09T08:27:17.026+0000] {dag.py:3947} INFO - Setting next_dagrun for example_branch_datetime_operator_3 to 2026-05-08 00:00:00+00:00, run_after=2026-05-09 00:00:00+00:00
[2026-05-09T08:27:17.037+0000] {processor.py:183} INFO - Processing /home/airflow/.local/lib/python3.12/site-packages/airflow/example_dags/example_branch_datetime_operator.py took 0.068 seconds
[2026-05-09T08:27:47.527+0000] {processor.py:161} INFO - Started process (PID=318) to work on /home/airflow/.local/lib/python3.12/site-packages/airflow/example_dags/example_branch_datetime_operator.py
[2026-05-09T08:27:47.528+0000] {processor.py:830} INFO - Processing file /home/airflow/.local/lib/python3.12/site-packages/airflow/example_dags/example_branch_datetime_operator.py for tasks to queue
[2026-05-09T08:27:47.530+0000] {logging_mixin.py:188} INFO - [2026-05-09T08:27:47.530+0000] {dagbag.py:545} INFO - Filling up the DagBag from /home/airflow/.local/lib/python3.12/site-packages/airflow/example_dags/example_branch_datetime_operator.py
[2026-05-09T08:27:47.537+0000] {processor.py:840} INFO - DAG(s) 'example_branch_datetime_operator', 'example_branch_datetime_operator_2', 'example_branch_datetime_operator_3' retrieved from /home/airflow/.local/lib/python3.12/site-packages/airflow/example_dags/example_branch_datetime_operator.py
[2026-05-09T08:27:47.557+0000] {logging_mixin.py:188} INFO - [2026-05-09T08:27:47.557+0000] {dag.py:3089} INFO - Sync 3 DAGs
[2026-05-09T08:27:47.573+0000] {logging_mixin.py:188} INFO - [2026-05-09T08:27:47.572+0000] {dag.py:3947} INFO - Setting next_dagrun for example_branch_datetime_operator to 2026-05-08 00:00:00+00:00, run_after=2026-05-09 00:00:00+00:00
[2026-05-09T08:27:47.576+0000] {logging_mixin.py:188} INFO - [2026-05-09T08:27:47.576+0000] {dag.py:3947} INFO - Setting next_dagrun for example_branch_datetime_operator_2 to 2026-05-08 00:00:00+00:00, run_after=2026-05-09 00:00:00+00:00
[2026-05-09T08:27:47.578+0000] {logging_mixin.py:188} INFO - [2026-05-09T08:27:47.578+0000] {dag.py:3947} INFO - Setting next_dagrun for example_branch_datetime_operator_3 to 2026-05-08 00:00:00+00:00, run_after=2026-05-09 00:00:00+00:00
[2026-05-09T08:27:47.592+0000] {processor.py:183} INFO - Processing /home/airflow/.local/lib/python3.12/site-packages/airflow/example_dags/example_branch_datetime_operator.py took 0.070 seconds
[2026-05-09T08:28:18.284+0000] {processor.py:161} INFO - Started process (PID=377) to work on /home/airflow/.local/lib/python3.12/site-packages/airflow/example_dags/example_branch_datetime_operator.py
[2026-05-09T08:28:18.285+0000] {processor.py:830} INFO - Processing file /home/airflow/.local/lib/python3.12/site-packages/airflow/example_dags/example_branch_datetime_operator.py for tasks to queue
[2026-05-09T08:28:18.287+0000] {logging_mixin.py:188} INFO - [2026-05-09T08:28:18.286+0000] {dagbag.py:545} INFO - Filling up the DagBag from /home/airflow/.local/lib/python3.12/site-packages/airflow/example_dags/example_branch_datetime_operator.py
[2026-05-09T08:28:18.293+0000] {processor.py:840} INFO - DAG(s) 'example_branch_datetime_operator', 'example_branch_datetime_operator_2', 'example_branch_datetime_operator_3' retrieved from /home/airflow/.local/lib/python3.12/site-packages/airflow/example_dags/example_branch_datetime_operator.py
[2026-05-09T08:28:18.314+0000] {logging_mixin.py:188} INFO - [2026-05-09T08:28:18.314+0000] {dag.py:3089} INFO - Sync 3 DAGs
[2026-05-09T08:28:18.329+0000] {logging_mixin.py:188} INFO - [2026-05-09T08:28:18.329+0000] {dag.py:3947} INFO - Setting next_dagrun for example_branch_datetime_operator to 2026-05-08 00:00:00+00:00, run_after=2026-05-09 00:00:00+00:00
[2026-05-09T08:28:18.335+0000] {logging_mixin.py:188} INFO - [2026-05-09T08:28:18.335+0000] {dag.py:3947} INFO - Setting next_dagrun for example_branch_datetime_operator_2 to 2026-05-08 00:00:00+00:00, run_after=2026-05-09 00:00:00+00:00
[2026-05-09T08:28:18.337+0000] {logging_mixin.py:188} INFO - [2026-05-09T08:28:18.337+0000] {dag.py:3947} INFO - Setting next_dagrun for example_branch_datetime_operator_3 to 2026-05-08 00:00:00+00:00, run_after=2026-05-09 00:00:00+00:00
[2026-05-09T08:28:18.349+0000] {processor.py:183} INFO - Processing /home/airflow/.local/lib/python3.12/site-packages/airflow/example_dags/example_branch_datetime_operator.py took 0.070 seconds
[2026-05-09T08:28:48.649+0000] {processor.py:161} INFO - Started process (PID=436) to work on /home/airflow/.local/lib/python3.12/site-packages/airflow/example_dags/example_branch_datetime_operator.py
[2026-05-09T08:28:48.650+0000] {processor.py:830} INFO - Processing file /home/airflow/.local/lib/python3.12/site-packages/airflow/example_dags/example_branch_datetime_operator.py for tasks to queue
[2026-05-09T08:28:48.652+0000] {logging_mixin.py:188} INFO - [2026-05-09T08:28:48.651+0000] {dagbag.py:545} INFO - Filling up the DagBag from /home/airflow/.local/lib/python3.12/site-packages/airflow/example_dags/example_branch_datetime_operator.py
[2026-05-09T08:28:48.659+0000] {processor.py:840} INFO - DAG(s) 'example_branch_datetime_operator_2', 'example_branch_datetime_operator', 'example_branch_datetime_operator_3' retrieved from /home/airflow/.local/lib/python3.12/site-packages/airflow/example_dags/example_branch_datetime_operator.py
[2026-05-09T08:28:48.681+0000] {logging_mixin.py:188} INFO - [2026-05-09T08:28:48.681+0000] {dag.py:3089} INFO - Sync 3 DAGs
[2026-05-09T08:28:48.699+0000] {logging_mixin.py:188} INFO - [2026-05-09T08:28:48.699+0000] {dag.py:3947} INFO - Setting next_dagrun for example_branch_datetime_operator to 2026-05-08 00:00:00+00:00, run_after=2026-05-09 00:00:00+00:00
[2026-05-09T08:28:48.703+0000] {logging_mixin.py:188} INFO - [2026-05-09T08:28:48.702+0000] {dag.py:3947} INFO - Setting next_dagrun for example_branch_datetime_operator_2 to 2026-05-08 00:00:00+00:00, run_after=2026-05-09 00:00:00+00:00
[2026-05-09T08:28:48.704+0000] {logging_mixin.py:188} INFO - [2026-05-09T08:28:48.704+0000] {dag.py:3947} INFO - Setting next_dagrun for example_branch_datetime_operator_3 to 2026-05-08 00:00:00+00:00, run_after=2026-05-09 00:00:00+00:00
[2026-05-09T08:28:48.717+0000] {processor.py:183} INFO - Processing /home/airflow/.local/lib/python3.12/site-packages/airflow/example_dags/example_branch_datetime_operator.py took 0.074 seconds
[2026-05-09T08:29:19.604+0000] {processor.py:161} INFO - Started process (PID=495) to work on /home/airflow/.local/lib/python3.12/site-packages/airflow/example_dags/example_branch_datetime_operator.py
[2026-05-09T08:29:19.605+0000] {processor.py:830} INFO - Processing file /home/airflow/.local/lib/python3.12/site-packages/airflow/example_dags/example_branch_datetime_operator.py for tasks to queue
[2026-05-09T08:29:19.606+0000] {logging_mixin.py:188} INFO - [2026-05-09T08:29:19.606+0000] {dagbag.py:545} INFO - Filling up the DagBag from /home/airflow/.local/lib/python3.12/site-packages/airflow/example_dags/example_branch_datetime_operator.py
[2026-05-09T08:29:19.614+0000] {processor.py:840} INFO - DAG(s) 'example_branch_datetime_operator', 'example_branch_datetime_operator_3', 'example_branch_datetime_operator_2' retrieved from /home/airflow/.local/lib/python3.12/site-packages/airflow/example_dags/example_branch_datetime_operator.py
[2026-05-09T08:29:19.635+0000] {logging_mixin.py:188} INFO - [2026-05-09T08:29:19.635+0000] {dag.py:3089} INFO - Sync 3 DAGs
[2026-05-09T08:29:19.653+0000] {logging_mixin.py:188} INFO - [2026-05-09T08:29:19.653+0000] {dag.py:3947} INFO - Setting next_dagrun for example_branch_datetime_operator to 2026-05-08 00:00:00+00:00, run_after=2026-05-09 00:00:00+00:00
[2026-05-09T08:29:19.657+0000] {logging_mixin.py:188} INFO - [2026-05-09T08:29:19.657+0000] {dag.py:3947} INFO - Setting next_dagrun for example_branch_datetime_operator_2 to 2026-05-08 00:00:00+00:00, run_after=2026-05-09 00:00:00+00:00
[2026-05-09T08:29:19.659+0000] {logging_mixin.py:188} INFO - [2026-05-09T08:29:19.658+0000] {dag.py:3947} INFO - Setting next_dagrun for example_branch_datetime_operator_3 to 2026-05-08 00:00:00+00:00, run_after=2026-05-09 00:00:00+00:00
[2026-05-09T08:29:19.672+0000] {processor.py:183} INFO - Processing /home/airflow/.local/lib/python3.12/site-packages/airflow/example_dags/example_branch_datetime_operator.py took 0.075 seconds
[2026-05-09T08:29:50.093+0000] {processor.py:161} INFO - Started process (PID=554) to work on /home/airflow/.local/lib/python3.12/site-packages/airflow/example_dags/example_branch_datetime_operator.py
[2026-05-09T08:29:50.094+0000] {processor.py:830} INFO - Processing file /home/airflow/.local/lib/python3.12/site-packages/airflow/example_dags/example_branch_datetime_operator.py for tasks to queue
[2026-05-09T08:29:50.096+0000] {logging_mixin.py:188} INFO - [2026-05-09T08:29:50.096+0000] {dagbag.py:545} INFO - Filling up the DagBag from /home/airflow/.local/lib/python3.12/site-packages/airflow/example_dags/example_branch_datetime_operator.py
[2026-05-09T08:29:50.103+0000] {processor.py:840} INFO - DAG(s) 'example_branch_datetime_operator', 'example_branch_datetime_operator_2', 'example_branch_datetime_operator_3' retrieved from /home/airflow/.local/lib/python3.12/site-packages/airflow/example_dags/example_branch_datetime_operator.py
[2026-05-09T08:29:50.124+0000] {logging_mixin.py:188} INFO - [2026-05-09T08:29:50.124+0000] {dag.py:3089} INFO - Sync 3 DAGs
[2026-05-09T08:29:50.140+0000] {logging_mixin.py:188} INFO - [2026-05-09T08:29:50.140+0000] {dag.py:3947} INFO - Setting next_dagrun for example_branch_datetime_operator to 2026-05-08 00:00:00+00:00, run_after=2026-05-09 00:00:00+00:00
[2026-05-09T08:29:50.144+0000] {logging_mixin.py:188} INFO - [2026-05-09T08:29:50.144+0000] {dag.py:3947} INFO - Setting next_dagrun for example_branch_datetime_operator_2 to 2026-05-08 00:00:00+00:00, run_after=2026-05-09 00:00:00+00:00
[2026-05-09T08:29:50.145+0000] {logging_mixin.py:188} INFO - [2026-05-09T08:29:50.145+0000] {dag.py:3947} INFO - Setting next_dagrun for example_branch_datetime_operator_3 to 2026-05-08 00:00:00+00:00, run_after=2026-05-09 00:00:00+00:00
[2026-05-09T08:29:50.157+0000] {processor.py:183} INFO - Processing /home/airflow/.local/lib/python3.12/site-packages/airflow/example_dags/example_branch_datetime_operator.py took 0.070 seconds
[2026-05-09T08:30:20.894+0000] {processor.py:161} INFO - Started process (PID=613) to work on /home/airflow/.local/lib/python3.12/site-packages/airflow/example_dags/example_branch_datetime_operator.py
[2026-05-09T08:30:20.895+0000] {processor.py:830} INFO - Processing file /home/airflow/.local/lib/python3.12/site-packages/airflow/example_dags/example_branch_datetime_operator.py for tasks to queue
[2026-05-09T08:30:20.896+0000] {logging_mixin.py:188} INFO - [2026-05-09T08:30:20.896+0000] {dagbag.py:545} INFO - Filling up the DagBag from /home/airflow/.local/lib/python3.12/site-packages/airflow/example_dags/example_branch_datetime_operator.py
[2026-05-09T08:30:20.904+0000] {processor.py:840} INFO - DAG(s) 'example_branch_datetime_operator_2', 'example_branch_datetime_operator_3', 'example_branch_datetime_operator' retrieved from /home/airflow/.local/lib/python3.12/site-packages/airflow/example_dags/example_branch_datetime_operator.py
[2026-05-09T08:30:20.927+0000] {logging_mixin.py:188} INFO - [2026-05-09T08:30:20.926+0000] {dag.py:3089} INFO - Sync 3 DAGs
[2026-05-09T08:30:20.944+0000] {logging_mixin.py:188} INFO - [2026-05-09T08:30:20.944+0000] {dag.py:3947} INFO - Setting next_dagrun for example_branch_datetime_operator to 2026-05-08 00:00:00+00:00, run_after=2026-05-09 00:00:00+00:00
[2026-05-09T08:30:20.948+0000] {logging_mixin.py:188} INFO - [2026-05-09T08:30:20.948+0000] {dag.py:3947} INFO - Setting next_dagrun for example_branch_datetime_operator_2 to 2026-05-08 00:00:00+00:00, run_after=2026-05-09 00:00:00+00:00
[2026-05-09T08:30:20.949+0000] {logging_mixin.py:188} INFO - [2026-05-09T08:30:20.949+0000] {dag.py:3947} INFO - Setting next_dagrun for example_branch_datetime_operator_3 to 2026-05-08 00:00:00+00:00, run_after=2026-05-09 00:00:00+00:00
[2026-05-09T08:30:20.960+0000] {processor.py:183} INFO - Processing /home/airflow/.local/lib/python3.12/site-packages/airflow/example_dags/example_branch_datetime_operator.py took 0.072 seconds
[2026-05-09T08:30:51.113+0000] {processor.py:161} INFO - Started process (PID=672) to work on /home/airflow/.local/lib/python3.12/site-packages/airflow/example_dags/example_branch_datetime_operator.py
[2026-05-09T08:30:51.114+0000] {processor.py:830} INFO - Processing file /home/airflow/.local/lib/python3.12/site-packages/airflow/example_dags/example_branch_datetime_operator.py for tasks to queue
[2026-05-09T08:30:51.115+0000] {logging_mixin.py:188} INFO - [2026-05-09T08:30:51.115+0000] {dagbag.py:545} INFO - Filling up the DagBag from /home/airflow/.local/lib/python3.12/site-packages/airflow/example_dags/example_branch_datetime_operator.py
[2026-05-09T08:30:51.123+0000] {processor.py:840} INFO - DAG(s) 'example_branch_datetime_operator_2', 'example_branch_datetime_operator_3', 'example_branch_datetime_operator' retrieved from /home/airflow/.local/lib/python3.12/site-packages/airflow/example_dags/example_branch_datetime_operator.py
[2026-05-09T08:30:51.146+0000] {logging_mixin.py:188} INFO - [2026-05-09T08:30:51.146+0000] {dag.py:3089} INFO - Sync 3 DAGs
[2026-05-09T08:30:51.163+0000] {logging_mixin.py:188} INFO - [2026-05-09T08:30:51.163+0000] {dag.py:3947} INFO - Setting next_dagrun for example_branch_datetime_operator to 2026-05-08 00:00:00+00:00, run_after=2026-05-09 00:00:00+00:00
[2026-05-09T08:30:51.167+0000] {logging_mixin.py:188} INFO - [2026-05-09T08:30:51.167+0000] {dag.py:3947} INFO - Setting next_dagrun for example_branch_datetime_operator_2 to 2026-05-08 00:00:00+00:00, run_after=2026-05-09 00:00:00+00:00
[2026-05-09T08:30:51.169+0000] {logging_mixin.py:188} INFO - [2026-05-09T08:30:51.169+0000] {dag.py:3947} INFO - Setting next_dagrun for example_branch_datetime_operator_3 to 2026-05-08 00:00:00+00:00, run_after=2026-05-09 00:00:00+00:00
[2026-05-09T08:30:51.182+0000] {processor.py:183} INFO - Processing /home/airflow/.local/lib/python3.12/site-packages/airflow/example_dags/example_branch_datetime_operator.py took 0.076 seconds
[2026-05-09T08:31:21.290+0000] {processor.py:161} INFO - Started process (PID=731) to work on /home/airflow/.local/lib/python3.12/site-packages/airflow/example_dags/example_branch_datetime_operator.py
[2026-05-09T08:31:21.291+0000] {processor.py:830} INFO - Processing file /home/airflow/.local/lib/python3.12/site-packages/airflow/example_dags/example_branch_datetime_operator.py for tasks to queue
[2026-05-09T08:31:21.292+0000] {logging_mixin.py:188} INFO - [2026-05-09T08:31:21.292+0000] {dagbag.py:545} INFO - Filling up the DagBag from /home/airflow/.local/lib/python3.12/site-packages/airflow/example_dags/example_branch_datetime_operator.py
[2026-05-09T08:31:21.301+0000] {processor.py:840} INFO - DAG(s) 'example_branch_datetime_operator', 'example_branch_datetime_operator_2', 'example_branch_datetime_operator_3' retrieved from /home/airflow/.local/lib/python3.12/site-packages/airflow/example_dags/example_branch_datetime_operator.py
[2026-05-09T08:31:21.324+0000] {logging_mixin.py:188} INFO - [2026-05-09T08:31:21.324+0000] {dag.py:3089} INFO - Sync 3 DAGs
[2026-05-09T08:31:21.341+0000] {logging_mixin.py:188} INFO - [2026-05-09T08:31:21.341+0000] {dag.py:3947} INFO - Setting next_dagrun for example_branch_datetime_operator to 2026-05-08 00:00:00+00:00, run_after=2026-05-09 00:00:00+00:00
[2026-05-09T08:31:21.345+0000] {logging_mixin.py:188} INFO - [2026-05-09T08:31:21.345+0000] {dag.py:3947} INFO - Setting next_dagrun for example_branch_datetime_operator_2 to 2026-05-08 00:00:00+00:00, run_after=2026-05-09 00:00:00+00:00
[2026-05-09T08:31:21.346+0000] {logging_mixin.py:188} INFO - [2026-05-09T08:31:21.346+0000] {dag.py:3947} INFO - Setting next_dagrun for example_branch_datetime_operator_3 to 2026-05-08 00:00:00+00:00, run_after=2026-05-09 00:00:00+00:00
[2026-05-09T08:31:21.360+0000] {processor.py:183} INFO - Processing /home/airflow/.local/lib/python3.12/site-packages/airflow/example_dags/example_branch_datetime_operator.py took 0.077 seconds
[2026-05-09T08:31:51.498+0000] {processor.py:161} INFO - Started process (PID=790) to work on /home/airflow/.local/lib/python3.12/site-packages/airflow/example_dags/example_branch_datetime_operator.py
[2026-05-09T08:31:51.499+0000] {processor.py:830} INFO - Processing file /home/airflow/.local/lib/python3.12/site-packages/airflow/example_dags/example_branch_datetime_operator.py for tasks to queue
[2026-05-09T08:31:51.501+0000] {logging_mixin.py:188} INFO - [2026-05-09T08:31:51.501+0000] {dagbag.py:545} INFO - Filling up the DagBag from /home/airflow/.local/lib/python3.12/site-packages/airflow/example_dags/example_branch_datetime_operator.py
[2026-05-09T08:31:51.510+0000] {processor.py:840} INFO - DAG(s) 'example_branch_datetime_operator_3', 'example_branch_datetime_operator', 'example_branch_datetime_operator_2' retrieved from /home/airflow/.local/lib/python3.12/site-packages/airflow/example_dags/example_branch_datetime_operator.py
[2026-05-09T08:31:51.533+0000] {logging_mixin.py:188} INFO - [2026-05-09T08:31:51.533+0000] {dag.py:3089} INFO - Sync 3 DAGs
[2026-05-09T08:31:51.551+0000] {logging_mixin.py:188} INFO - [2026-05-09T08:31:51.551+0000] {dag.py:3947} INFO - Setting next_dagrun for example_branch_datetime_operator to 2026-05-08 00:00:00+00:00, run_after=2026-05-09 00:00:00+00:00
[2026-05-09T08:31:51.554+0000] {logging_mixin.py:188} INFO - [2026-05-09T08:31:51.554+0000] {dag.py:3947} INFO - Setting next_dagrun for example_branch_datetime_operator_2 to 2026-05-08 00:00:00+00:00, run_after=2026-05-09 00:00:00+00:00
[2026-05-09T08:31:51.556+0000] {logging_mixin.py:188} INFO - [2026-05-09T08:31:51.556+0000] {dag.py:3947} INFO - Setting next_dagrun for example_branch_datetime_operator_3 to 2026-05-08 00:00:00+00:00, run_after=2026-05-09 00:00:00+00:00
[2026-05-09T08:31:51.570+0000] {processor.py:183} INFO - Processing /home/airflow/.local/lib/python3.12/site-packages/airflow/example_dags/example_branch_datetime_operator.py took 0.078 seconds
[2026-05-09T08:32:22.402+0000] {processor.py:161} INFO - Started process (PID=849) to work on /home/airflow/.local/lib/python3.12/site-packages/airflow/example_dags/example_branch_datetime_operator.py
[2026-05-09T08:32:22.403+0000] {processor.py:830} INFO - Processing file /home/airflow/.local/lib/python3.12/site-packages/airflow/example_dags/example_branch_datetime_operator.py for tasks to queue
[2026-05-09T08:32:22.405+0000] {logging_mixin.py:188} INFO - [2026-05-09T08:32:22.405+0000] {dagbag.py:545} INFO - Filling up the DagBag from /home/airflow/.local/lib/python3.12/site-packages/airflow/example_dags/example_branch_datetime_operator.py
[2026-05-09T08:32:22.413+0000] {processor.py:840} INFO - DAG(s) 'example_branch_datetime_operator', 'example_branch_datetime_operator_3', 'example_branch_datetime_operator_2' retrieved from /home/airflow/.local/lib/python3.12/site-packages/airflow/example_dags/example_branch_datetime_operator.py
[2026-05-09T08:32:22.435+0000] {logging_mixin.py:188} INFO - [2026-05-09T08:32:22.435+0000] {dag.py:3089} INFO - Sync 3 DAGs
[2026-05-09T08:32:22.453+0000] {logging_mixin.py:188} INFO - [2026-05-09T08:32:22.452+0000] {dag.py:3947} INFO - Setting next_dagrun for example_branch_datetime_operator to 2026-05-08 00:00:00+00:00, run_after=2026-05-09 00:00:00+00:00
[2026-05-09T08:32:22.456+0000] {logging_mixin.py:188} INFO - [2026-05-09T08:32:22.456+0000] {dag.py:3947} INFO - Setting next_dagrun for example_branch_datetime_operator_2 to 2026-05-08 00:00:00+00:00, run_after=2026-05-09 00:00:00+00:00
[2026-05-09T08:32:22.458+0000] {logging_mixin.py:188} INFO - [2026-05-09T08:32:22.458+0000] {dag.py:3947} INFO - Setting next_dagrun for example_branch_datetime_operator_3 to 2026-05-08 00:00:00+00:00, run_after=2026-05-09 00:00:00+00:00
[2026-05-09T08:32:22.471+0000] {processor.py:183} INFO - Processing /home/airflow/.local/lib/python3.12/site-packages/airflow/example_dags/example_branch_datetime_operator.py took 0.075 seconds
[2026-05-09T09:12:11.367+0000] {processor.py:161} INFO - Started process (PID=82) to work on /home/airflow/.local/lib/python3.12/site-packages/airflow/example_dags/example_branch_datetime_operator.py
[2026-05-09T09:12:11.369+0000] {processor.py:830} INFO - Processing file /home/airflow/.local/lib/python3.12/site-packages/airflow/example_dags/example_branch_datetime_operator.py for tasks to queue
[2026-05-09T09:12:11.370+0000] {logging_mixin.py:188} INFO - [2026-05-09T09:12:11.370+0000] {dagbag.py:545} INFO - Filling up the DagBag from /home/airflow/.local/lib/python3.12/site-packages/airflow/example_dags/example_branch_datetime_operator.py
[2026-05-09T09:12:11.383+0000] {processor.py:840} INFO - DAG(s) 'example_branch_datetime_operator', 'example_branch_datetime_operator_2', 'example_branch_datetime_operator_3' retrieved from /home/airflow/.local/lib/python3.12/site-packages/airflow/example_dags/example_branch_datetime_operator.py
[2026-05-09T09:12:11.396+0000] {logging_mixin.py:188} INFO - [2026-05-09T09:12:11.396+0000] {dag.py:3089} INFO - Sync 3 DAGs
[2026-05-09T09:12:11.416+0000] {logging_mixin.py:188} INFO - [2026-05-09T09:12:11.416+0000] {dag.py:3947} INFO - Setting next_dagrun for example_branch_datetime_operator to 2026-05-08 00:00:00+00:00, run_after=2026-05-09 00:00:00+00:00
[2026-05-09T09:12:11.421+0000] {logging_mixin.py:188} INFO - [2026-05-09T09:12:11.421+0000] {dag.py:3947} INFO - Setting next_dagrun for example_branch_datetime_operator_2 to 2026-05-08 00:00:00+00:00, run_after=2026-05-09 00:00:00+00:00
[2026-05-09T09:12:11.423+0000] {logging_mixin.py:188} INFO - [2026-05-09T09:12:11.423+0000] {dag.py:3947} INFO - Setting next_dagrun for example_branch_datetime_operator_3 to 2026-05-08 00:00:00+00:00, run_after=2026-05-09 00:00:00+00:00
[2026-05-09T09:12:11.437+0000] {processor.py:183} INFO - Processing /home/airflow/.local/lib/python3.12/site-packages/airflow/example_dags/example_branch_datetime_operator.py took 0.076 seconds
[2026-05-09T09:12:42.561+0000] {processor.py:161} INFO - Started process (PID=141) to work on /home/airflow/.local/lib/python3.12/site-packages/airflow/example_dags/example_branch_datetime_operator.py
[2026-05-09T09:12:42.562+0000] {processor.py:830} INFO - Processing file /home/airflow/.local/lib/python3.12/site-packages/airflow/example_dags/example_branch_datetime_operator.py for tasks to queue
[2026-05-09T09:12:42.564+0000] {logging_mixin.py:188} INFO - [2026-05-09T09:12:42.564+0000] {dagbag.py:545} INFO - Filling up the DagBag from /home/airflow/.local/lib/python3.12/site-packages/airflow/example_dags/example_branch_datetime_operator.py
[2026-05-09T09:12:42.572+0000] {processor.py:840} INFO - DAG(s) 'example_branch_datetime_operator_3', 'example_branch_datetime_operator_2', 'example_branch_datetime_operator' retrieved from /home/airflow/.local/lib/python3.12/site-packages/airflow/example_dags/example_branch_datetime_operator.py
[2026-05-09T09:12:42.664+0000] {logging_mixin.py:188} INFO - [2026-05-09T09:12:42.663+0000] {dag.py:3089} INFO - Sync 3 DAGs
[2026-05-09T09:12:42.678+0000] {logging_mixin.py:188} INFO - [2026-05-09T09:12:42.678+0000] {dag.py:3947} INFO - Setting next_dagrun for example_branch_datetime_operator to 2026-05-08 00:00:00+00:00, run_after=2026-05-09 00:00:00+00:00
[2026-05-09T09:12:42.683+0000] {logging_mixin.py:188} INFO - [2026-05-09T09:12:42.683+0000] {dag.py:3947} INFO - Setting next_dagrun for example_branch_datetime_operator_2 to 2026-05-08 00:00:00+00:00, run_after=2026-05-09 00:00:00+00:00
[2026-05-09T09:12:42.685+0000] {logging_mixin.py:188} INFO - [2026-05-09T09:12:42.684+0000] {dag.py:3947} INFO - Setting next_dagrun for example_branch_datetime_operator_3 to 2026-05-08 00:00:00+00:00, run_after=2026-05-09 00:00:00+00:00
[2026-05-09T09:12:42.700+0000] {processor.py:183} INFO - Processing /home/airflow/.local/lib/python3.12/site-packages/airflow/example_dags/example_branch_datetime_operator.py took 0.145 seconds
[2026-05-09T09:13:12.806+0000] {processor.py:161} INFO - Started process (PID=200) to work on /home/airflow/.local/lib/python3.12/site-packages/airflow/example_dags/example_branch_datetime_operator.py
[2026-05-09T09:13:12.806+0000] {processor.py:830} INFO - Processing file /home/airflow/.local/lib/python3.12/site-packages/airflow/example_dags/example_branch_datetime_operator.py for tasks to queue
[2026-05-09T09:13:12.808+0000] {logging_mixin.py:188} INFO - [2026-05-09T09:13:12.808+0000] {dagbag.py:545} INFO - Filling up the DagBag from /home/airflow/.local/lib/python3.12/site-packages/airflow/example_dags/example_branch_datetime_operator.py
[2026-05-09T09:13:12.815+0000] {processor.py:840} INFO - DAG(s) 'example_branch_datetime_operator_3', 'example_branch_datetime_operator', 'example_branch_datetime_operator_2' retrieved from /home/airflow/.local/lib/python3.12/site-packages/airflow/example_dags/example_branch_datetime_operator.py
[2026-05-09T09:13:12.835+0000] {logging_mixin.py:188} INFO - [2026-05-09T09:13:12.834+0000] {dag.py:3089} INFO - Sync 3 DAGs
[2026-05-09T09:13:12.850+0000] {logging_mixin.py:188} INFO - [2026-05-09T09:13:12.850+0000] {dag.py:3947} INFO - Setting next_dagrun for example_branch_datetime_operator to 2026-05-08 00:00:00+00:00, run_after=2026-05-09 00:00:00+00:00
[2026-05-09T09:13:12.853+0000] {logging_mixin.py:188} INFO - [2026-05-09T09:13:12.853+0000] {dag.py:3947} INFO - Setting next_dagrun for example_branch_datetime_operator_2 to 2026-05-08 00:00:00+00:00, run_after=2026-05-09 00:00:00+00:00
[2026-05-09T09:13:12.855+0000] {logging_mixin.py:188} INFO - [2026-05-09T09:13:12.855+0000] {dag.py:3947} INFO - Setting next_dagrun for example_branch_datetime_operator_3 to 2026-05-08 00:00:00+00:00, run_after=2026-05-09 00:00:00+00:00
[2026-05-09T09:13:12.865+0000] {processor.py:183} INFO - Processing /home/airflow/.local/lib/python3.12/site-packages/airflow/example_dags/example_branch_datetime_operator.py took 0.065 seconds
[2026-05-09T09:13:43.135+0000] {processor.py:161} INFO - Started process (PID=259) to work on /home/airflow/.local/lib/python3.12/site-packages/airflow/example_dags/example_branch_datetime_operator.py
[2026-05-09T09:13:43.136+0000] {processor.py:830} INFO - Processing file /home/airflow/.local/lib/python3.12/site-packages/airflow/example_dags/example_branch_datetime_operator.py for tasks to queue
[2026-05-09T09:13:43.137+0000] {logging_mixin.py:188} INFO - [2026-05-09T09:13:43.137+0000] {dagbag.py:545} INFO - Filling up the DagBag from /home/airflow/.local/lib/python3.12/site-packages/airflow/example_dags/example_branch_datetime_operator.py
[2026-05-09T09:13:43.144+0000] {processor.py:840} INFO - DAG(s) 'example_branch_datetime_operator', 'example_branch_datetime_operator_2', 'example_branch_datetime_operator_3' retrieved from /home/airflow/.local/lib/python3.12/site-packages/airflow/example_dags/example_branch_datetime_operator.py
[2026-05-09T09:13:43.163+0000] {logging_mixin.py:188} INFO - [2026-05-09T09:13:43.163+0000] {dag.py:3089} INFO - Sync 3 DAGs
[2026-05-09T09:13:43.178+0000] {logging_mixin.py:188} INFO - [2026-05-09T09:13:43.178+0000] {dag.py:3947} INFO - Setting next_dagrun for example_branch_datetime_operator to 2026-05-08 00:00:00+00:00, run_after=2026-05-09 00:00:00+00:00
[2026-05-09T09:13:43.181+0000] {logging_mixin.py:188} INFO - [2026-05-09T09:13:43.180+0000] {dag.py:3947} INFO - Setting next_dagrun for example_branch_datetime_operator_2 to 2026-05-08 00:00:00+00:00, run_after=2026-05-09 00:00:00+00:00
[2026-05-09T09:13:43.182+0000] {logging_mixin.py:188} INFO - [2026-05-09T09:13:43.182+0000] {dag.py:3947} INFO - Setting next_dagrun for example_branch_datetime_operator_3 to 2026-05-08 00:00:00+00:00, run_after=2026-05-09 00:00:00+00:00
[2026-05-09T09:13:43.191+0000] {processor.py:183} INFO - Processing /home/airflow/.local/lib/python3.12/site-packages/airflow/example_dags/example_branch_datetime_operator.py took 0.062 seconds
[2026-05-09T09:14:14.509+0000] {processor.py:161} INFO - Started process (PID=318) to work on /home/airflow/.local/lib/python3.12/site-packages/airflow/example_dags/example_branch_datetime_operator.py
[2026-05-09T09:14:14.510+0000] {processor.py:830} INFO - Processing file /home/airflow/.local/lib/python3.12/site-packages/airflow/example_dags/example_branch_datetime_operator.py for tasks to queue
[2026-05-09T09:14:14.513+0000] {logging_mixin.py:188} INFO - [2026-05-09T09:14:14.512+0000] {dagbag.py:545} INFO - Filling up the DagBag from /home/airflow/.local/lib/python3.12/site-packages/airflow/example_dags/example_branch_datetime_operator.py
[2026-05-09T09:14:14.519+0000] {processor.py:840} INFO - DAG(s) 'example_branch_datetime_operator', 'example_branch_datetime_operator_3', 'example_branch_datetime_operator_2' retrieved from /home/airflow/.local/lib/python3.12/site-packages/airflow/example_dags/example_branch_datetime_operator.py
[2026-05-09T09:14:14.540+0000] {logging_mixin.py:188} INFO - [2026-05-09T09:14:14.540+0000] {dag.py:3089} INFO - Sync 3 DAGs
[2026-05-09T09:14:14.555+0000] {logging_mixin.py:188} INFO - [2026-05-09T09:14:14.555+0000] {dag.py:3947} INFO - Setting next_dagrun for example_branch_datetime_operator to 2026-05-08 00:00:00+00:00, run_after=2026-05-09 00:00:00+00:00
[2026-05-09T09:14:14.559+0000] {logging_mixin.py:188} INFO - [2026-05-09T09:14:14.558+0000] {dag.py:3947} INFO - Setting next_dagrun for example_branch_datetime_operator_2 to 2026-05-08 00:00:00+00:00, run_after=2026-05-09 00:00:00+00:00
[2026-05-09T09:14:14.560+0000] {logging_mixin.py:188} INFO - [2026-05-09T09:14:14.560+0000] {dag.py:3947} INFO - Setting next_dagrun for example_branch_datetime_operator_3 to 2026-05-08 00:00:00+00:00, run_after=2026-05-09 00:00:00+00:00
[2026-05-09T09:14:14.571+0000] {processor.py:183} INFO - Processing /home/airflow/.local/lib/python3.12/site-packages/airflow/example_dags/example_branch_datetime_operator.py took 0.068 seconds
[2026-05-09T09:14:45.648+0000] {processor.py:161} INFO - Started process (PID=377) to work on /home/airflow/.local/lib/python3.12/site-packages/airflow/example_dags/example_branch_datetime_operator.py
[2026-05-09T09:14:45.648+0000] {processor.py:830} INFO - Processing file /home/airflow/.local/lib/python3.12/site-packages/airflow/example_dags/example_branch_datetime_operator.py for tasks to queue
[2026-05-09T09:14:45.650+0000] {logging_mixin.py:188} INFO - [2026-05-09T09:14:45.650+0000] {dagbag.py:545} INFO - Filling up the DagBag from /home/airflow/.local/lib/python3.12/site-packages/airflow/example_dags/example_branch_datetime_operator.py
[2026-05-09T09:14:45.657+0000] {processor.py:840} INFO - DAG(s) 'example_branch_datetime_operator_3', 'example_branch_datetime_operator_2', 'example_branch_datetime_operator' retrieved from /home/airflow/.local/lib/python3.12/site-packages/airflow/example_dags/example_branch_datetime_operator.py
[2026-05-09T09:14:45.680+0000] {logging_mixin.py:188} INFO - [2026-05-09T09:14:45.680+0000] {dag.py:3089} INFO - Sync 3 DAGs
[2026-05-09T09:14:45.700+0000] {logging_mixin.py:188} INFO - [2026-05-09T09:14:45.700+0000] {dag.py:3947} INFO - Setting next_dagrun for example_branch_datetime_operator to 2026-05-08 00:00:00+00:00, run_after=2026-05-09 00:00:00+00:00
[2026-05-09T09:14:45.704+0000] {logging_mixin.py:188} INFO - [2026-05-09T09:14:45.704+0000] {dag.py:3947} INFO - Setting next_dagrun for example_branch_datetime_operator_2 to 2026-05-08 00:00:00+00:00, run_after=2026-05-09 00:00:00+00:00
[2026-05-09T09:14:45.706+0000] {logging_mixin.py:188} INFO - [2026-05-09T09:14:45.706+0000] {dag.py:3947} INFO - Setting next_dagrun for example_branch_datetime_operator_3 to 2026-05-08 00:00:00+00:00, run_after=2026-05-09 00:00:00+00:00
[2026-05-09T09:14:45.721+0000] {processor.py:183} INFO - Processing /home/airflow/.local/lib/python3.12/site-packages/airflow/example_dags/example_branch_datetime_operator.py took 0.080 seconds
[2026-05-09T09:15:16.536+0000] {processor.py:161} INFO - Started process (PID=436) to work on /home/airflow/.local/lib/python3.12/site-packages/airflow/example_dags/example_branch_datetime_operator.py
[2026-05-09T09:15:16.537+0000] {processor.py:830} INFO - Processing file /home/airflow/.local/lib/python3.12/site-packages/airflow/example_dags/example_branch_datetime_operator.py for tasks to queue
[2026-05-09T09:15:16.538+0000] {logging_mixin.py:188} INFO - [2026-05-09T09:15:16.538+0000] {dagbag.py:545} INFO - Filling up the DagBag from /home/airflow/.local/lib/python3.12/site-packages/airflow/example_dags/example_branch_datetime_operator.py
[2026-05-09T09:15:16.548+0000] {processor.py:840} INFO - DAG(s) 'example_branch_datetime_operator_3', 'example_branch_datetime_operator_2', 'example_branch_datetime_operator' retrieved from /home/airflow/.local/lib/python3.12/site-packages/airflow/example_dags/example_branch_datetime_operator.py
[2026-05-09T09:15:16.602+0000] {logging_mixin.py:188} INFO - [2026-05-09T09:15:16.601+0000] {dag.py:3089} INFO - Sync 3 DAGs
[2026-05-09T09:15:16.632+0000] {logging_mixin.py:188} INFO - [2026-05-09T09:15:16.631+0000] {dag.py:3947} INFO - Setting next_dagrun for example_branch_datetime_operator to 2026-05-08 00:00:00+00:00, run_after=2026-05-09 00:00:00+00:00
[2026-05-09T09:15:16.638+0000] {logging_mixin.py:188} INFO - [2026-05-09T09:15:16.638+0000] {dag.py:3947} INFO - Setting next_dagrun for example_branch_datetime_operator_2 to 2026-05-08 00:00:00+00:00, run_after=2026-05-09 00:00:00+00:00
[2026-05-09T09:15:16.641+0000] {logging_mixin.py:188} INFO - [2026-05-09T09:15:16.641+0000] {dag.py:3947} INFO - Setting next_dagrun for example_branch_datetime_operator_3 to 2026-05-08 00:00:00+00:00, run_after=2026-05-09 00:00:00+00:00
[2026-05-09T09:15:16.655+0000] {processor.py:183} INFO - Processing /home/airflow/.local/lib/python3.12/site-packages/airflow/example_dags/example_branch_datetime_operator.py took 0.124 seconds
[2026-05-09T09:15:46.711+0000] {processor.py:161} INFO - Started process (PID=495) to work on /home/airflow/.local/lib/python3.12/site-packages/airflow/example_dags/example_branch_datetime_operator.py
[2026-05-09T09:15:46.712+0000] {processor.py:830} INFO - Processing file /home/airflow/.local/lib/python3.12/site-packages/airflow/example_dags/example_branch_datetime_operator.py for tasks to queue
[2026-05-09T09:15:46.713+0000] {logging_mixin.py:188} INFO - [2026-05-09T09:15:46.713+0000] {dagbag.py:545} INFO - Filling up the DagBag from /home/airflow/.local/lib/python3.12/site-packages/airflow/example_dags/example_branch_datetime_operator.py
[2026-05-09T09:15:46.720+0000] {processor.py:840} INFO - DAG(s) 'example_branch_datetime_operator_3', 'example_branch_datetime_operator', 'example_branch_datetime_operator_2' retrieved from /home/airflow/.local/lib/python3.12/site-packages/airflow/example_dags/example_branch_datetime_operator.py
[2026-05-09T09:15:46.740+0000] {logging_mixin.py:188} INFO - [2026-05-09T09:15:46.740+0000] {dag.py:3089} INFO - Sync 3 DAGs
[2026-05-09T09:15:46.756+0000] {logging_mixin.py:188} INFO - [2026-05-09T09:15:46.756+0000] {dag.py:3947} INFO - Setting next_dagrun for example_branch_datetime_operator to 2026-05-08 00:00:00+00:00, run_after=2026-05-09 00:00:00+00:00
[2026-05-09T09:15:46.761+0000] {logging_mixin.py:188} INFO - [2026-05-09T09:15:46.760+0000] {dag.py:3947} INFO - Setting next_dagrun for example_branch_datetime_operator_2 to 2026-05-08 00:00:00+00:00, run_after=2026-05-09 00:00:00+00:00
[2026-05-09T09:15:46.763+0000] {logging_mixin.py:188} INFO - [2026-05-09T09:15:46.762+0000] {dag.py:3947} INFO - Setting next_dagrun for example_branch_datetime_operator_3 to 2026-05-08 00:00:00+00:00, run_after=2026-05-09 00:00:00+00:00
[2026-05-09T09:15:46.774+0000] {processor.py:183} INFO - Processing /home/airflow/.local/lib/python3.12/site-packages/airflow/example_dags/example_branch_datetime_operator.py took 0.069 seconds
[2026-05-09T09:16:17.700+0000] {processor.py:161} INFO - Started process (PID=554) to work on /home/airflow/.local/lib/python3.12/site-packages/airflow/example_dags/example_branch_datetime_operator.py
[2026-05-09T09:16:17.701+0000] {processor.py:830} INFO - Processing file /home/airflow/.local/lib/python3.12/site-packages/airflow/example_dags/example_branch_datetime_operator.py for tasks to queue
[2026-05-09T09:16:17.702+0000] {logging_mixin.py:188} INFO - [2026-05-09T09:16:17.702+0000] {dagbag.py:545} INFO - Filling up the DagBag from /home/airflow/.local/lib/python3.12/site-packages/airflow/example_dags/example_branch_datetime_operator.py
[2026-05-09T09:16:17.709+0000] {processor.py:840} INFO - DAG(s) 'example_branch_datetime_operator_3', 'example_branch_datetime_operator', 'example_branch_datetime_operator_2' retrieved from /home/airflow/.local/lib/python3.12/site-packages/airflow/example_dags/example_branch_datetime_operator.py
[2026-05-09T09:16:17.729+0000] {logging_mixin.py:188} INFO - [2026-05-09T09:16:17.729+0000] {dag.py:3089} INFO - Sync 3 DAGs
[2026-05-09T09:16:17.745+0000] {logging_mixin.py:188} INFO - [2026-05-09T09:16:17.745+0000] {dag.py:3947} INFO - Setting next_dagrun for example_branch_datetime_operator to 2026-05-08 00:00:00+00:00, run_after=2026-05-09 00:00:00+00:00
[2026-05-09T09:16:17.749+0000] {logging_mixin.py:188} INFO - [2026-05-09T09:16:17.749+0000] {dag.py:3947} INFO - Setting next_dagrun for example_branch_datetime_operator_2 to 2026-05-08 00:00:00+00:00, run_after=2026-05-09 00:00:00+00:00
[2026-05-09T09:16:17.751+0000] {logging_mixin.py:188} INFO - [2026-05-09T09:16:17.751+0000] {dag.py:3947} INFO - Setting next_dagrun for example_branch_datetime_operator_3 to 2026-05-08 00:00:00+00:00, run_after=2026-05-09 00:00:00+00:00
[2026-05-09T09:16:17.765+0000] {processor.py:183} INFO - Processing /home/airflow/.local/lib/python3.12/site-packages/airflow/example_dags/example_branch_datetime_operator.py took 0.072 seconds
[2026-05-09T09:16:49.051+0000] {processor.py:161} INFO - Started process (PID=613) to work on /home/airflow/.local/lib/python3.12/site-packages/airflow/example_dags/example_branch_datetime_operator.py
[2026-05-09T09:16:49.052+0000] {processor.py:830} INFO - Processing file /home/airflow/.local/lib/python3.12/site-packages/airflow/example_dags/example_branch_datetime_operator.py for tasks to queue
[2026-05-09T09:16:49.054+0000] {logging_mixin.py:188} INFO - [2026-05-09T09:16:49.054+0000] {dagbag.py:545} INFO - Filling up the DagBag from /home/airflow/.local/lib/python3.12/site-packages/airflow/example_dags/example_branch_datetime_operator.py
[2026-05-09T09:16:49.061+0000] {processor.py:840} INFO - DAG(s) 'example_branch_datetime_operator_2', 'example_branch_datetime_operator_3', 'example_branch_datetime_operator' retrieved from /home/airflow/.local/lib/python3.12/site-packages/airflow/example_dags/example_branch_datetime_operator.py
[2026-05-09T09:16:49.083+0000] {logging_mixin.py:188} INFO - [2026-05-09T09:16:49.083+0000] {dag.py:3089} INFO - Sync 3 DAGs
[2026-05-09T09:16:49.101+0000] {logging_mixin.py:188} INFO - [2026-05-09T09:16:49.100+0000] {dag.py:3947} INFO - Setting next_dagrun for example_branch_datetime_operator to 2026-05-08 00:00:00+00:00, run_after=2026-05-09 00:00:00+00:00
[2026-05-09T09:16:49.104+0000] {logging_mixin.py:188} INFO - [2026-05-09T09:16:49.104+0000] {dag.py:3947} INFO - Setting next_dagrun for example_branch_datetime_operator_2 to 2026-05-08 00:00:00+00:00, run_after=2026-05-09 00:00:00+00:00
[2026-05-09T09:16:49.106+0000] {logging_mixin.py:188} INFO - [2026-05-09T09:16:49.106+0000] {dag.py:3947} INFO - Setting next_dagrun for example_branch_datetime_operator_3 to 2026-05-08 00:00:00+00:00, run_after=2026-05-09 00:00:00+00:00
[2026-05-09T09:16:49.118+0000] {processor.py:183} INFO - Processing /home/airflow/.local/lib/python3.12/site-packages/airflow/example_dags/example_branch_datetime_operator.py took 0.072 seconds
[2026-05-09T09:17:20.256+0000] {processor.py:161} INFO - Started process (PID=672) to work on /home/airflow/.local/lib/python3.12/site-packages/airflow/example_dags/example_branch_datetime_operator.py
[2026-05-09T09:17:20.257+0000] {processor.py:830} INFO - Processing file /home/airflow/.local/lib/python3.12/site-packages/airflow/example_dags/example_branch_datetime_operator.py for tasks to queue
[2026-05-09T09:17:20.259+0000] {logging_mixin.py:188} INFO - [2026-05-09T09:17:20.259+0000] {dagbag.py:545} INFO - Filling up the DagBag from /home/airflow/.local/lib/python3.12/site-packages/airflow/example_dags/example_branch_datetime_operator.py
[2026-05-09T09:17:20.269+0000] {processor.py:840} INFO - DAG(s) 'example_branch_datetime_operator_3', 'example_branch_datetime_operator', 'example_branch_datetime_operator_2' retrieved from /home/airflow/.local/lib/python3.12/site-packages/airflow/example_dags/example_branch_datetime_operator.py
[2026-05-09T09:17:20.294+0000] {logging_mixin.py:188} INFO - [2026-05-09T09:17:20.294+0000] {dag.py:3089} INFO - Sync 3 DAGs
[2026-05-09T09:17:20.313+0000] {logging_mixin.py:188} INFO - [2026-05-09T09:17:20.313+0000] {dag.py:3947} INFO - Setting next_dagrun for example_branch_datetime_operator to 2026-05-08 00:00:00+00:00, run_after=2026-05-09 00:00:00+00:00
[2026-05-09T09:17:20.317+0000] {logging_mixin.py:188} INFO - [2026-05-09T09:17:20.317+0000] {dag.py:3947} INFO - Setting next_dagrun for example_branch_datetime_operator_2 to 2026-05-08 00:00:00+00:00, run_after=2026-05-09 00:00:00+00:00
[2026-05-09T09:17:20.320+0000] {logging_mixin.py:188} INFO - [2026-05-09T09:17:20.319+0000] {dag.py:3947} INFO - Setting next_dagrun for example_branch_datetime_operator_3 to 2026-05-08 00:00:00+00:00, run_after=2026-05-09 00:00:00+00:00
[2026-05-09T09:17:20.335+0000] {processor.py:183} INFO - Processing /home/airflow/.local/lib/python3.12/site-packages/airflow/example_dags/example_branch_datetime_operator.py took 0.085 seconds
[2026-05-09T09:17:51.470+0000] {processor.py:161} INFO - Started process (PID=731) to work on /home/airflow/.local/lib/python3.12/site-packages/airflow/example_dags/example_branch_datetime_operator.py
[2026-05-09T09:17:51.471+0000] {processor.py:830} INFO - Processing file /home/airflow/.local/lib/python3.12/site-packages/airflow/example_dags/example_branch_datetime_operator.py for tasks to queue
[2026-05-09T09:17:51.472+0000] {logging_mixin.py:188} INFO - [2026-05-09T09:17:51.472+0000] {dagbag.py:545} INFO - Filling up the DagBag from /home/airflow/.local/lib/python3.12/site-packages/airflow/example_dags/example_branch_datetime_operator.py
[2026-05-09T09:17:51.479+0000] {processor.py:840} INFO - DAG(s) 'example_branch_datetime_operator', 'example_branch_datetime_operator_2', 'example_branch_datetime_operator_3' retrieved from /home/airflow/.local/lib/python3.12/site-packages/airflow/example_dags/example_branch_datetime_operator.py
[2026-05-09T09:17:51.500+0000] {logging_mixin.py:188} INFO - [2026-05-09T09:17:51.500+0000] {dag.py:3089} INFO - Sync 3 DAGs
[2026-05-09T09:17:51.515+0000] {logging_mixin.py:188} INFO - [2026-05-09T09:17:51.515+0000] {dag.py:3947} INFO - Setting next_dagrun for example_branch_datetime_operator to 2026-05-08 00:00:00+00:00, run_after=2026-05-09 00:00:00+00:00
[2026-05-09T09:17:51.518+0000] {logging_mixin.py:188} INFO - [2026-05-09T09:17:51.518+0000] {dag.py:3947} INFO - Setting next_dagrun for example_branch_datetime_operator_2 to 2026-05-08 00:00:00+00:00, run_after=2026-05-09 00:00:00+00:00
[2026-05-09T09:17:51.520+0000] {logging_mixin.py:188} INFO - [2026-05-09T09:17:51.520+0000] {dag.py:3947} INFO - Setting next_dagrun for example_branch_datetime_operator_3 to 2026-05-08 00:00:00+00:00, run_after=2026-05-09 00:00:00+00:00
[2026-05-09T09:17:51.529+0000] {processor.py:183} INFO - Processing /home/airflow/.local/lib/python3.12/site-packages/airflow/example_dags/example_branch_datetime_operator.py took 0.065 seconds
[2026-05-09T09:18:22.253+0000] {processor.py:161} INFO - Started process (PID=790) to work on /home/airflow/.local/lib/python3.12/site-packages/airflow/example_dags/example_branch_datetime_operator.py
[2026-05-09T09:18:22.254+0000] {processor.py:830} INFO - Processing file /home/airflow/.local/lib/python3.12/site-packages/airflow/example_dags/example_branch_datetime_operator.py for tasks to queue
[2026-05-09T09:18:22.258+0000] {logging_mixin.py:188} INFO - [2026-05-09T09:18:22.257+0000] {dagbag.py:545} INFO - Filling up the DagBag from /home/airflow/.local/lib/python3.12/site-packages/airflow/example_dags/example_branch_datetime_operator.py
[2026-05-09T09:18:22.265+0000] {processor.py:840} INFO - DAG(s) 'example_branch_datetime_operator', 'example_branch_datetime_operator_3', 'example_branch_datetime_operator_2' retrieved from /home/airflow/.local/lib/python3.12/site-packages/airflow/example_dags/example_branch_datetime_operator.py
[2026-05-09T09:18:22.287+0000] {logging_mixin.py:188} INFO - [2026-05-09T09:18:22.287+0000] {dag.py:3089} INFO - Sync 3 DAGs
[2026-05-09T09:18:22.304+0000] {logging_mixin.py:188} INFO - [2026-05-09T09:18:22.304+0000] {dag.py:3947} INFO - Setting next_dagrun for example_branch_datetime_operator to 2026-05-08 00:00:00+00:00, run_after=2026-05-09 00:00:00+00:00
[2026-05-09T09:18:22.307+0000] {logging_mixin.py:188} INFO - [2026-05-09T09:18:22.307+0000] {dag.py:3947} INFO - Setting next_dagrun for example_branch_datetime_operator_2 to 2026-05-08 00:00:00+00:00, run_after=2026-05-09 00:00:00+00:00
[2026-05-09T09:18:22.309+0000] {logging_mixin.py:188} INFO - [2026-05-09T09:18:22.309+0000] {dag.py:3947} INFO - Setting next_dagrun for example_branch_datetime_operator_3 to 2026-05-08 00:00:00+00:00, run_after=2026-05-09 00:00:00+00:00
[2026-05-09T09:18:22.320+0000] {processor.py:183} INFO - Processing /home/airflow/.local/lib/python3.12/site-packages/airflow/example_dags/example_branch_datetime_operator.py took 0.073 seconds
[2026-05-09T09:18:53.644+0000] {processor.py:161} INFO - Started process (PID=849) to work on /home/airflow/.local/lib/python3.12/site-packages/airflow/example_dags/example_branch_datetime_operator.py
[2026-05-09T09:18:53.645+0000] {processor.py:830} INFO - Processing file /home/airflow/.local/lib/python3.12/site-packages/airflow/example_dags/example_branch_datetime_operator.py for tasks to queue
[2026-05-09T09:18:53.646+0000] {logging_mixin.py:188} INFO - [2026-05-09T09:18:53.646+0000] {dagbag.py:545} INFO - Filling up the DagBag from /home/airflow/.local/lib/python3.12/site-packages/airflow/example_dags/example_branch_datetime_operator.py
[2026-05-09T09:18:53.653+0000] {processor.py:840} INFO - DAG(s) 'example_branch_datetime_operator_2', 'example_branch_datetime_operator', 'example_branch_datetime_operator_3' retrieved from /home/airflow/.local/lib/python3.12/site-packages/airflow/example_dags/example_branch_datetime_operator.py
[2026-05-09T09:18:53.672+0000] {logging_mixin.py:188} INFO - [2026-05-09T09:18:53.672+0000] {dag.py:3089} INFO - Sync 3 DAGs
[2026-05-09T09:18:53.687+0000] {logging_mixin.py:188} INFO - [2026-05-09T09:18:53.687+0000] {dag.py:3947} INFO - Setting next_dagrun for example_branch_datetime_operator to 2026-05-08 00:00:00+00:00, run_after=2026-05-09 00:00:00+00:00
[2026-05-09T09:18:53.691+0000] {logging_mixin.py:188} INFO - [2026-05-09T09:18:53.691+0000] {dag.py:3947} INFO - Setting next_dagrun for example_branch_datetime_operator_2 to 2026-05-08 00:00:00+00:00, run_after=2026-05-09 00:00:00+00:00
[2026-05-09T09:18:53.692+0000] {logging_mixin.py:188} INFO - [2026-05-09T09:18:53.692+0000] {dag.py:3947} INFO - Setting next_dagrun for example_branch_datetime_operator_3 to 2026-05-08 00:00:00+00:00, run_after=2026-05-09 00:00:00+00:00
[2026-05-09T09:18:53.703+0000] {processor.py:183} INFO - Processing /home/airflow/.local/lib/python3.12/site-packages/airflow/example_dags/example_branch_datetime_operator.py took 0.065 seconds
[2026-05-09T09:19:24.692+0000] {processor.py:161} INFO - Started process (PID=908) to work on /home/airflow/.local/lib/python3.12/site-packages/airflow/example_dags/example_branch_datetime_operator.py
[2026-05-09T09:19:24.693+0000] {processor.py:830} INFO - Processing file /home/airflow/.local/lib/python3.12/site-packages/airflow/example_dags/example_branch_datetime_operator.py for tasks to queue
[2026-05-09T09:19:24.694+0000] {logging_mixin.py:188} INFO - [2026-05-09T09:19:24.694+0000] {dagbag.py:545} INFO - Filling up the DagBag from /home/airflow/.local/lib/python3.12/site-packages/airflow/example_dags/example_branch_datetime_operator.py
[2026-05-09T09:19:24.702+0000] {processor.py:840} INFO - DAG(s) 'example_branch_datetime_operator_3', 'example_branch_datetime_operator_2', 'example_branch_datetime_operator' retrieved from /home/airflow/.local/lib/python3.12/site-packages/airflow/example_dags/example_branch_datetime_operator.py
[2026-05-09T09:19:24.724+0000] {logging_mixin.py:188} INFO - [2026-05-09T09:19:24.723+0000] {dag.py:3089} INFO - Sync 3 DAGs
[2026-05-09T09:19:24.740+0000] {logging_mixin.py:188} INFO - [2026-05-09T09:19:24.740+0000] {dag.py:3947} INFO - Setting next_dagrun for example_branch_datetime_operator to 2026-05-08 00:00:00+00:00, run_after=2026-05-09 00:00:00+00:00
[2026-05-09T09:19:24.744+0000] {logging_mixin.py:188} INFO - [2026-05-09T09:19:24.744+0000] {dag.py:3947} INFO - Setting next_dagrun for example_branch_datetime_operator_2 to 2026-05-08 00:00:00+00:00, run_after=2026-05-09 00:00:00+00:00
[2026-05-09T09:19:24.745+0000] {logging_mixin.py:188} INFO - [2026-05-09T09:19:24.745+0000] {dag.py:3947} INFO - Setting next_dagrun for example_branch_datetime_operator_3 to 2026-05-08 00:00:00+00:00, run_after=2026-05-09 00:00:00+00:00
[2026-05-09T09:19:24.757+0000] {processor.py:183} INFO - Processing /home/airflow/.local/lib/python3.12/site-packages/airflow/example_dags/example_branch_datetime_operator.py took 0.071 seconds
[2026-05-09T09:19:56.081+0000] {processor.py:161} INFO - Started process (PID=967) to work on /home/airflow/.local/lib/python3.12/site-packages/airflow/example_dags/example_branch_datetime_operator.py
[2026-05-09T09:19:56.082+0000] {processor.py:830} INFO - Processing file /home/airflow/.local/lib/python3.12/site-packages/airflow/example_dags/example_branch_datetime_operator.py for tasks to queue
[2026-05-09T09:19:56.083+0000] {logging_mixin.py:188} INFO - [2026-05-09T09:19:56.083+0000] {dagbag.py:545} INFO - Filling up the DagBag from /home/airflow/.local/lib/python3.12/site-packages/airflow/example_dags/example_branch_datetime_operator.py
[2026-05-09T09:19:56.090+0000] {processor.py:840} INFO - DAG(s) 'example_branch_datetime_operator', 'example_branch_datetime_operator_3', 'example_branch_datetime_operator_2' retrieved from /home/airflow/.local/lib/python3.12/site-packages/airflow/example_dags/example_branch_datetime_operator.py
[2026-05-09T09:19:56.109+0000] {logging_mixin.py:188} INFO - [2026-05-09T09:19:56.109+0000] {dag.py:3089} INFO - Sync 3 DAGs
[2026-05-09T09:19:56.123+0000] {logging_mixin.py:188} INFO - [2026-05-09T09:19:56.123+0000] {dag.py:3947} INFO - Setting next_dagrun for example_branch_datetime_operator to 2026-05-08 00:00:00+00:00, run_after=2026-05-09 00:00:00+00:00
[2026-05-09T09:19:56.126+0000] {logging_mixin.py:188} INFO - [2026-05-09T09:19:56.126+0000] {dag.py:3947} INFO - Setting next_dagrun for example_branch_datetime_operator_2 to 2026-05-08 00:00:00+00:00, run_after=2026-05-09 00:00:00+00:00
[2026-05-09T09:19:56.128+0000] {logging_mixin.py:188} INFO - [2026-05-09T09:19:56.128+0000] {dag.py:3947} INFO - Setting next_dagrun for example_branch_datetime_operator_3 to 2026-05-08 00:00:00+00:00, run_after=2026-05-09 00:00:00+00:00
[2026-05-09T09:19:56.139+0000] {processor.py:183} INFO - Processing /home/airflow/.local/lib/python3.12/site-packages/airflow/example_dags/example_branch_datetime_operator.py took 0.063 seconds
[2026-05-09T09:20:27.024+0000] {processor.py:161} INFO - Started process (PID=1026) to work on /home/airflow/.local/lib/python3.12/site-packages/airflow/example_dags/example_branch_datetime_operator.py
[2026-05-09T09:20:27.025+0000] {processor.py:830} INFO - Processing file /home/airflow/.local/lib/python3.12/site-packages/airflow/example_dags/example_branch_datetime_operator.py for tasks to queue
[2026-05-09T09:20:27.027+0000] {logging_mixin.py:188} INFO - [2026-05-09T09:20:27.027+0000] {dagbag.py:545} INFO - Filling up the DagBag from /home/airflow/.local/lib/python3.12/site-packages/airflow/example_dags/example_branch_datetime_operator.py
[2026-05-09T09:20:27.034+0000] {processor.py:840} INFO - DAG(s) 'example_branch_datetime_operator_3', 'example_branch_datetime_operator_2', 'example_branch_datetime_operator' retrieved from /home/airflow/.local/lib/python3.12/site-packages/airflow/example_dags/example_branch_datetime_operator.py
[2026-05-09T09:20:27.053+0000] {logging_mixin.py:188} INFO - [2026-05-09T09:20:27.053+0000] {dag.py:3089} INFO - Sync 3 DAGs
[2026-05-09T09:20:27.068+0000] {logging_mixin.py:188} INFO - [2026-05-09T09:20:27.068+0000] {dag.py:3947} INFO - Setting next_dagrun for example_branch_datetime_operator to 2026-05-08 00:00:00+00:00, run_after=2026-05-09 00:00:00+00:00
[2026-05-09T09:20:27.071+0000] {logging_mixin.py:188} INFO - [2026-05-09T09:20:27.071+0000] {dag.py:3947} INFO - Setting next_dagrun for example_branch_datetime_operator_2 to 2026-05-08 00:00:00+00:00, run_after=2026-05-09 00:00:00+00:00
[2026-05-09T09:20:27.073+0000] {logging_mixin.py:188} INFO - [2026-05-09T09:20:27.073+0000] {dag.py:3947} INFO - Setting next_dagrun for example_branch_datetime_operator_3 to 2026-05-08 00:00:00+00:00, run_after=2026-05-09 00:00:00+00:00
[2026-05-09T09:20:27.083+0000] {processor.py:183} INFO - Processing /home/airflow/.local/lib/python3.12/site-packages/airflow/example_dags/example_branch_datetime_operator.py took 0.063 seconds
[2026-05-09T09:20:58.014+0000] {processor.py:161} INFO - Started process (PID=1085) to work on /home/airflow/.local/lib/python3.12/site-packages/airflow/example_dags/example_branch_datetime_operator.py
[2026-05-09T09:20:58.015+0000] {processor.py:830} INFO - Processing file /home/airflow/.local/lib/python3.12/site-packages/airflow/example_dags/example_branch_datetime_operator.py for tasks to queue
[2026-05-09T09:20:58.017+0000] {logging_mixin.py:188} INFO - [2026-05-09T09:20:58.017+0000] {dagbag.py:545} INFO - Filling up the DagBag from /home/airflow/.local/lib/python3.12/site-packages/airflow/example_dags/example_branch_datetime_operator.py
[2026-05-09T09:20:58.025+0000] {processor.py:840} INFO - DAG(s) 'example_branch_datetime_operator_2', 'example_branch_datetime_operator', 'example_branch_datetime_operator_3' retrieved from /home/airflow/.local/lib/python3.12/site-packages/airflow/example_dags/example_branch_datetime_operator.py
[2026-05-09T09:20:58.047+0000] {logging_mixin.py:188} INFO - [2026-05-09T09:20:58.047+0000] {dag.py:3089} INFO - Sync 3 DAGs
[2026-05-09T09:20:58.063+0000] {logging_mixin.py:188} INFO - [2026-05-09T09:20:58.063+0000] {dag.py:3947} INFO - Setting next_dagrun for example_branch_datetime_operator to 2026-05-08 00:00:00+00:00, run_after=2026-05-09 00:00:00+00:00
[2026-05-09T09:20:58.066+0000] {logging_mixin.py:188} INFO - [2026-05-09T09:20:58.066+0000] {dag.py:3947} INFO - Setting next_dagrun for example_branch_datetime_operator_2 to 2026-05-08 00:00:00+00:00, run_after=2026-05-09 00:00:00+00:00
[2026-05-09T09:20:58.068+0000] {logging_mixin.py:188} INFO - [2026-05-09T09:20:58.068+0000] {dag.py:3947} INFO - Setting next_dagrun for example_branch_datetime_operator_3 to 2026-05-08 00:00:00+00:00, run_after=2026-05-09 00:00:00+00:00
[2026-05-09T09:20:58.080+0000] {processor.py:183} INFO - Processing /home/airflow/.local/lib/python3.12/site-packages/airflow/example_dags/example_branch_datetime_operator.py took 0.072 seconds
[2026-05-09T09:21:29.182+0000] {processor.py:161} INFO - Started process (PID=1144) to work on /home/airflow/.local/lib/python3.12/site-packages/airflow/example_dags/example_branch_datetime_operator.py
[2026-05-09T09:21:29.183+0000] {processor.py:830} INFO - Processing file /home/airflow/.local/lib/python3.12/site-packages/airflow/example_dags/example_branch_datetime_operator.py for tasks to queue
[2026-05-09T09:21:29.185+0000] {logging_mixin.py:188} INFO - [2026-05-09T09:21:29.185+0000] {dagbag.py:545} INFO - Filling up the DagBag from /home/airflow/.local/lib/python3.12/site-packages/airflow/example_dags/example_branch_datetime_operator.py
[2026-05-09T09:21:29.195+0000] {processor.py:840} INFO - DAG(s) 'example_branch_datetime_operator_2', 'example_branch_datetime_operator', 'example_branch_datetime_operator_3' retrieved from /home/airflow/.local/lib/python3.12/site-packages/airflow/example_dags/example_branch_datetime_operator.py
[2026-05-09T09:21:29.218+0000] {logging_mixin.py:188} INFO - [2026-05-09T09:21:29.218+0000] {dag.py:3089} INFO - Sync 3 DAGs
[2026-05-09T09:21:29.237+0000] {logging_mixin.py:188} INFO - [2026-05-09T09:21:29.237+0000] {dag.py:3947} INFO - Setting next_dagrun for example_branch_datetime_operator to 2026-05-08 00:00:00+00:00, run_after=2026-05-09 00:00:00+00:00
[2026-05-09T09:21:29.242+0000] {logging_mixin.py:188} INFO - [2026-05-09T09:21:29.241+0000] {dag.py:3947} INFO - Setting next_dagrun for example_branch_datetime_operator_2 to 2026-05-08 00:00:00+00:00, run_after=2026-05-09 00:00:00+00:00
[2026-05-09T09:21:29.243+0000] {logging_mixin.py:188} INFO - [2026-05-09T09:21:29.243+0000] {dag.py:3947} INFO - Setting next_dagrun for example_branch_datetime_operator_3 to 2026-05-08 00:00:00+00:00, run_after=2026-05-09 00:00:00+00:00
[2026-05-09T09:21:29.256+0000] {processor.py:183} INFO - Processing /home/airflow/.local/lib/python3.12/site-packages/airflow/example_dags/example_branch_datetime_operator.py took 0.080 seconds
[2026-05-09T09:22:00.350+0000] {processor.py:161} INFO - Started process (PID=1203) to work on /home/airflow/.local/lib/python3.12/site-packages/airflow/example_dags/example_branch_datetime_operator.py
[2026-05-09T09:22:00.351+0000] {processor.py:830} INFO - Processing file /home/airflow/.local/lib/python3.12/site-packages/airflow/example_dags/example_branch_datetime_operator.py for tasks to queue
[2026-05-09T09:22:00.353+0000] {logging_mixin.py:188} INFO - [2026-05-09T09:22:00.353+0000] {dagbag.py:545} INFO - Filling up the DagBag from /home/airflow/.local/lib/python3.12/site-packages/airflow/example_dags/example_branch_datetime_operator.py
[2026-05-09T09:22:00.361+0000] {processor.py:840} INFO - DAG(s) 'example_branch_datetime_operator_3', 'example_branch_datetime_operator_2', 'example_branch_datetime_operator' retrieved from /home/airflow/.local/lib/python3.12/site-packages/airflow/example_dags/example_branch_datetime_operator.py
[2026-05-09T09:22:00.382+0000] {logging_mixin.py:188} INFO - [2026-05-09T09:22:00.381+0000] {dag.py:3089} INFO - Sync 3 DAGs
[2026-05-09T09:22:00.397+0000] {logging_mixin.py:188} INFO - [2026-05-09T09:22:00.397+0000] {dag.py:3947} INFO - Setting next_dagrun for example_branch_datetime_operator to 2026-05-08 00:00:00+00:00, run_after=2026-05-09 00:00:00+00:00
[2026-05-09T09:22:00.400+0000] {logging_mixin.py:188} INFO - [2026-05-09T09:22:00.400+0000] {dag.py:3947} INFO - Setting next_dagrun for example_branch_datetime_operator_2 to 2026-05-08 00:00:00+00:00, run_after=2026-05-09 00:00:00+00:00
[2026-05-09T09:22:00.402+0000] {logging_mixin.py:188} INFO - [2026-05-09T09:22:00.401+0000] {dag.py:3947} INFO - Setting next_dagrun for example_branch_datetime_operator_3 to 2026-05-08 00:00:00+00:00, run_after=2026-05-09 00:00:00+00:00
[2026-05-09T09:22:00.412+0000] {processor.py:183} INFO - Processing /home/airflow/.local/lib/python3.12/site-packages/airflow/example_dags/example_branch_datetime_operator.py took 0.067 seconds
[2026-05-09T09:22:31.563+0000] {processor.py:161} INFO - Started process (PID=1262) to work on /home/airflow/.local/lib/python3.12/site-packages/airflow/example_dags/example_branch_datetime_operator.py
[2026-05-09T09:22:31.564+0000] {processor.py:830} INFO - Processing file /home/airflow/.local/lib/python3.12/site-packages/airflow/example_dags/example_branch_datetime_operator.py for tasks to queue
[2026-05-09T09:22:31.566+0000] {logging_mixin.py:188} INFO - [2026-05-09T09:22:31.565+0000] {dagbag.py:545} INFO - Filling up the DagBag from /home/airflow/.local/lib/python3.12/site-packages/airflow/example_dags/example_branch_datetime_operator.py
[2026-05-09T09:22:31.573+0000] {processor.py:840} INFO - DAG(s) 'example_branch_datetime_operator_2', 'example_branch_datetime_operator', 'example_branch_datetime_operator_3' retrieved from /home/airflow/.local/lib/python3.12/site-packages/airflow/example_dags/example_branch_datetime_operator.py
[2026-05-09T09:22:31.593+0000] {logging_mixin.py:188} INFO - [2026-05-09T09:22:31.593+0000] {dag.py:3089} INFO - Sync 3 DAGs
[2026-05-09T09:22:31.609+0000] {logging_mixin.py:188} INFO - [2026-05-09T09:22:31.609+0000] {dag.py:3947} INFO - Setting next_dagrun for example_branch_datetime_operator to 2026-05-08 00:00:00+00:00, run_after=2026-05-09 00:00:00+00:00
[2026-05-09T09:22:31.612+0000] {logging_mixin.py:188} INFO - [2026-05-09T09:22:31.612+0000] {dag.py:3947} INFO - Setting next_dagrun for example_branch_datetime_operator_2 to 2026-05-08 00:00:00+00:00, run_after=2026-05-09 00:00:00+00:00
[2026-05-09T09:22:31.613+0000] {logging_mixin.py:188} INFO - [2026-05-09T09:22:31.613+0000] {dag.py:3947} INFO - Setting next_dagrun for example_branch_datetime_operator_3 to 2026-05-08 00:00:00+00:00, run_after=2026-05-09 00:00:00+00:00
[2026-05-09T09:22:31.624+0000] {processor.py:183} INFO - Processing /home/airflow/.local/lib/python3.12/site-packages/airflow/example_dags/example_branch_datetime_operator.py took 0.067 seconds
[2026-05-09T09:23:02.938+0000] {processor.py:161} INFO - Started process (PID=1321) to work on /home/airflow/.local/lib/python3.12/site-packages/airflow/example_dags/example_branch_datetime_operator.py
[2026-05-09T09:23:02.939+0000] {processor.py:830} INFO - Processing file /home/airflow/.local/lib/python3.12/site-packages/airflow/example_dags/example_branch_datetime_operator.py for tasks to queue
[2026-05-09T09:23:02.940+0000] {logging_mixin.py:188} INFO - [2026-05-09T09:23:02.940+0000] {dagbag.py:545} INFO - Filling up the DagBag from /home/airflow/.local/lib/python3.12/site-packages/airflow/example_dags/example_branch_datetime_operator.py
[2026-05-09T09:23:02.948+0000] {processor.py:840} INFO - DAG(s) 'example_branch_datetime_operator', 'example_branch_datetime_operator_3', 'example_branch_datetime_operator_2' retrieved from /home/airflow/.local/lib/python3.12/site-packages/airflow/example_dags/example_branch_datetime_operator.py
[2026-05-09T09:23:02.967+0000] {logging_mixin.py:188} INFO - [2026-05-09T09:23:02.967+0000] {dag.py:3089} INFO - Sync 3 DAGs
[2026-05-09T09:23:02.983+0000] {logging_mixin.py:188} INFO - [2026-05-09T09:23:02.983+0000] {dag.py:3947} INFO - Setting next_dagrun for example_branch_datetime_operator to 2026-05-08 00:00:00+00:00, run_after=2026-05-09 00:00:00+00:00
[2026-05-09T09:23:02.987+0000] {logging_mixin.py:188} INFO - [2026-05-09T09:23:02.987+0000] {dag.py:3947} INFO - Setting next_dagrun for example_branch_datetime_operator_2 to 2026-05-08 00:00:00+00:00, run_after=2026-05-09 00:00:00+00:00
[2026-05-09T09:23:02.989+0000] {logging_mixin.py:188} INFO - [2026-05-09T09:23:02.988+0000] {dag.py:3947} INFO - Setting next_dagrun for example_branch_datetime_operator_3 to 2026-05-08 00:00:00+00:00, run_after=2026-05-09 00:00:00+00:00
[2026-05-09T09:23:03.003+0000] {processor.py:183} INFO - Processing /home/airflow/.local/lib/python3.12/site-packages/airflow/example_dags/example_branch_datetime_operator.py took 0.070 seconds
[2026-05-09T09:23:34.171+0000] {processor.py:161} INFO - Started process (PID=1380) to work on /home/airflow/.local/lib/python3.12/site-packages/airflow/example_dags/example_branch_datetime_operator.py
[2026-05-09T09:23:34.172+0000] {processor.py:830} INFO - Processing file /home/airflow/.local/lib/python3.12/site-packages/airflow/example_dags/example_branch_datetime_operator.py for tasks to queue
[2026-05-09T09:23:34.173+0000] {logging_mixin.py:188} INFO - [2026-05-09T09:23:34.173+0000] {dagbag.py:545} INFO - Filling up the DagBag from /home/airflow/.local/lib/python3.12/site-packages/airflow/example_dags/example_branch_datetime_operator.py
[2026-05-09T09:23:34.180+0000] {processor.py:840} INFO - DAG(s) 'example_branch_datetime_operator_2', 'example_branch_datetime_operator_3', 'example_branch_datetime_operator' retrieved from /home/airflow/.local/lib/python3.12/site-packages/airflow/example_dags/example_branch_datetime_operator.py
[2026-05-09T09:23:34.201+0000] {logging_mixin.py:188} INFO - [2026-05-09T09:23:34.200+0000] {dag.py:3089} INFO - Sync 3 DAGs
[2026-05-09T09:23:34.216+0000] {logging_mixin.py:188} INFO - [2026-05-09T09:23:34.216+0000] {dag.py:3947} INFO - Setting next_dagrun for example_branch_datetime_operator to 2026-05-08 00:00:00+00:00, run_after=2026-05-09 00:00:00+00:00
[2026-05-09T09:23:34.220+0000] {logging_mixin.py:188} INFO - [2026-05-09T09:23:34.220+0000] {dag.py:3947} INFO - Setting next_dagrun for example_branch_datetime_operator_2 to 2026-05-08 00:00:00+00:00, run_after=2026-05-09 00:00:00+00:00
[2026-05-09T09:23:34.221+0000] {logging_mixin.py:188} INFO - [2026-05-09T09:23:34.221+0000] {dag.py:3947} INFO - Setting next_dagrun for example_branch_datetime_operator_3 to 2026-05-08 00:00:00+00:00, run_after=2026-05-09 00:00:00+00:00
[2026-05-09T09:23:34.232+0000] {processor.py:183} INFO - Processing /home/airflow/.local/lib/python3.12/site-packages/airflow/example_dags/example_branch_datetime_operator.py took 0.067 seconds
[2026-05-09T09:24:05.268+0000] {processor.py:161} INFO - Started process (PID=1439) to work on /home/airflow/.local/lib/python3.12/site-packages/airflow/example_dags/example_branch_datetime_operator.py
[2026-05-09T09:24:05.269+0000] {processor.py:830} INFO - Processing file /home/airflow/.local/lib/python3.12/site-packages/airflow/example_dags/example_branch_datetime_operator.py for tasks to queue
[2026-05-09T09:24:05.271+0000] {logging_mixin.py:188} INFO - [2026-05-09T09:24:05.270+0000] {dagbag.py:545} INFO - Filling up the DagBag from /home/airflow/.local/lib/python3.12/site-packages/airflow/example_dags/example_branch_datetime_operator.py
[2026-05-09T09:24:05.278+0000] {processor.py:840} INFO - DAG(s) 'example_branch_datetime_operator_2', 'example_branch_datetime_operator_3', 'example_branch_datetime_operator' retrieved from /home/airflow/.local/lib/python3.12/site-packages/airflow/example_dags/example_branch_datetime_operator.py
[2026-05-09T09:24:05.300+0000] {logging_mixin.py:188} INFO - [2026-05-09T09:24:05.300+0000] {dag.py:3089} INFO - Sync 3 DAGs
[2026-05-09T09:24:05.316+0000] {logging_mixin.py:188} INFO - [2026-05-09T09:24:05.316+0000] {dag.py:3947} INFO - Setting next_dagrun for example_branch_datetime_operator to 2026-05-08 00:00:00+00:00, run_after=2026-05-09 00:00:00+00:00
[2026-05-09T09:24:05.319+0000] {logging_mixin.py:188} INFO - [2026-05-09T09:24:05.319+0000] {dag.py:3947} INFO - Setting next_dagrun for example_branch_datetime_operator_2 to 2026-05-08 00:00:00+00:00, run_after=2026-05-09 00:00:00+00:00
[2026-05-09T09:24:05.320+0000] {logging_mixin.py:188} INFO - [2026-05-09T09:24:05.320+0000] {dag.py:3947} INFO - Setting next_dagrun for example_branch_datetime_operator_3 to 2026-05-08 00:00:00+00:00, run_after=2026-05-09 00:00:00+00:00
[2026-05-09T09:24:05.330+0000] {processor.py:183} INFO - Processing /home/airflow/.local/lib/python3.12/site-packages/airflow/example_dags/example_branch_datetime_operator.py took 0.068 seconds
[2026-05-09T09:24:36.650+0000] {processor.py:161} INFO - Started process (PID=1498) to work on /home/airflow/.local/lib/python3.12/site-packages/airflow/example_dags/example_branch_datetime_operator.py
[2026-05-09T09:24:36.651+0000] {processor.py:830} INFO - Processing file /home/airflow/.local/lib/python3.12/site-packages/airflow/example_dags/example_branch_datetime_operator.py for tasks to queue
[2026-05-09T09:24:36.653+0000] {logging_mixin.py:188} INFO - [2026-05-09T09:24:36.653+0000] {dagbag.py:545} INFO - Filling up the DagBag from /home/airflow/.local/lib/python3.12/site-packages/airflow/example_dags/example_branch_datetime_operator.py
[2026-05-09T09:24:36.662+0000] {processor.py:840} INFO - DAG(s) 'example_branch_datetime_operator', 'example_branch_datetime_operator_2', 'example_branch_datetime_operator_3' retrieved from /home/airflow/.local/lib/python3.12/site-packages/airflow/example_dags/example_branch_datetime_operator.py
[2026-05-09T09:24:36.683+0000] {logging_mixin.py:188} INFO - [2026-05-09T09:24:36.683+0000] {dag.py:3089} INFO - Sync 3 DAGs
[2026-05-09T09:24:36.700+0000] {logging_mixin.py:188} INFO - [2026-05-09T09:24:36.700+0000] {dag.py:3947} INFO - Setting next_dagrun for example_branch_datetime_operator to 2026-05-08 00:00:00+00:00, run_after=2026-05-09 00:00:00+00:00
[2026-05-09T09:24:36.703+0000] {logging_mixin.py:188} INFO - [2026-05-09T09:24:36.703+0000] {dag.py:3947} INFO - Setting next_dagrun for example_branch_datetime_operator_2 to 2026-05-08 00:00:00+00:00, run_after=2026-05-09 00:00:00+00:00
[2026-05-09T09:24:36.705+0000] {logging_mixin.py:188} INFO - [2026-05-09T09:24:36.705+0000] {dag.py:3947} INFO - Setting next_dagrun for example_branch_datetime_operator_3 to 2026-05-08 00:00:00+00:00, run_after=2026-05-09 00:00:00+00:00
[2026-05-09T09:24:36.715+0000] {processor.py:183} INFO - Processing /home/airflow/.local/lib/python3.12/site-packages/airflow/example_dags/example_branch_datetime_operator.py took 0.071 seconds
[2026-05-09T09:25:08.075+0000] {processor.py:161} INFO - Started process (PID=1557) to work on /home/airflow/.local/lib/python3.12/site-packages/airflow/example_dags/example_branch_datetime_operator.py
[2026-05-09T09:25:08.076+0000] {processor.py:830} INFO - Processing file /home/airflow/.local/lib/python3.12/site-packages/airflow/example_dags/example_branch_datetime_operator.py for tasks to queue
[2026-05-09T09:25:08.078+0000] {logging_mixin.py:188} INFO - [2026-05-09T09:25:08.078+0000] {dagbag.py:545} INFO - Filling up the DagBag from /home/airflow/.local/lib/python3.12/site-packages/airflow/example_dags/example_branch_datetime_operator.py
[2026-05-09T09:25:08.085+0000] {processor.py:840} INFO - DAG(s) 'example_branch_datetime_operator_2', 'example_branch_datetime_operator_3', 'example_branch_datetime_operator' retrieved from /home/airflow/.local/lib/python3.12/site-packages/airflow/example_dags/example_branch_datetime_operator.py
[2026-05-09T09:25:08.119+0000] {logging_mixin.py:188} INFO - [2026-05-09T09:25:08.119+0000] {dag.py:3089} INFO - Sync 3 DAGs
[2026-05-09T09:25:08.483+0000] {logging_mixin.py:188} INFO - [2026-05-09T09:25:08.482+0000] {dag.py:3947} INFO - Setting next_dagrun for example_branch_datetime_operator to 2026-05-08 00:00:00+00:00, run_after=2026-05-09 00:00:00+00:00
[2026-05-09T09:25:08.490+0000] {logging_mixin.py:188} INFO - [2026-05-09T09:25:08.490+0000] {dag.py:3947} INFO - Setting next_dagrun for example_branch_datetime_operator_2 to 2026-05-08 00:00:00+00:00, run_after=2026-05-09 00:00:00+00:00
[2026-05-09T09:25:08.493+0000] {logging_mixin.py:188} INFO - [2026-05-09T09:25:08.493+0000] {dag.py:3947} INFO - Setting next_dagrun for example_branch_datetime_operator_3 to 2026-05-08 00:00:00+00:00, run_after=2026-05-09 00:00:00+00:00
[2026-05-09T09:25:08.509+0000] {processor.py:183} INFO - Processing /home/airflow/.local/lib/python3.12/site-packages/airflow/example_dags/example_branch_datetime_operator.py took 0.439 seconds
[2026-05-09T09:25:38.690+0000] {processor.py:161} INFO - Started process (PID=1616) to work on /home/airflow/.local/lib/python3.12/site-packages/airflow/example_dags/example_branch_datetime_operator.py
[2026-05-09T09:25:38.692+0000] {processor.py:830} INFO - Processing file /home/airflow/.local/lib/python3.12/site-packages/airflow/example_dags/example_branch_datetime_operator.py for tasks to queue
[2026-05-09T09:25:38.693+0000] {logging_mixin.py:188} INFO - [2026-05-09T09:25:38.693+0000] {dagbag.py:545} INFO - Filling up the DagBag from /home/airflow/.local/lib/python3.12/site-packages/airflow/example_dags/example_branch_datetime_operator.py
[2026-05-09T09:25:38.704+0000] {processor.py:840} INFO - DAG(s) 'example_branch_datetime_operator', 'example_branch_datetime_operator_2', 'example_branch_datetime_operator_3' retrieved from /home/airflow/.local/lib/python3.12/site-packages/airflow/example_dags/example_branch_datetime_operator.py
[2026-05-09T09:25:38.727+0000] {logging_mixin.py:188} INFO - [2026-05-09T09:25:38.727+0000] {dag.py:3089} INFO - Sync 3 DAGs
[2026-05-09T09:25:38.747+0000] {logging_mixin.py:188} INFO - [2026-05-09T09:25:38.746+0000] {dag.py:3947} INFO - Setting next_dagrun for example_branch_datetime_operator to 2026-05-08 00:00:00+00:00, run_after=2026-05-09 00:00:00+00:00
[2026-05-09T09:25:38.752+0000] {logging_mixin.py:188} INFO - [2026-05-09T09:25:38.752+0000] {dag.py:3947} INFO - Setting next_dagrun for example_branch_datetime_operator_2 to 2026-05-08 00:00:00+00:00, run_after=2026-05-09 00:00:00+00:00
[2026-05-09T09:25:38.754+0000] {logging_mixin.py:188} INFO - [2026-05-09T09:25:38.754+0000] {dag.py:3947} INFO - Setting next_dagrun for example_branch_datetime_operator_3 to 2026-05-08 00:00:00+00:00, run_after=2026-05-09 00:00:00+00:00
[2026-05-09T09:25:38.908+0000] {processor.py:183} INFO - Processing /home/airflow/.local/lib/python3.12/site-packages/airflow/example_dags/example_branch_datetime_operator.py took 0.225 seconds
[2026-05-09T09:26:08.965+0000] {processor.py:161} INFO - Started process (PID=1675) to work on /home/airflow/.local/lib/python3.12/site-packages/airflow/example_dags/example_branch_datetime_operator.py
[2026-05-09T09:26:08.965+0000] {processor.py:830} INFO - Processing file /home/airflow/.local/lib/python3.12/site-packages/airflow/example_dags/example_branch_datetime_operator.py for tasks to queue
[2026-05-09T09:26:08.967+0000] {logging_mixin.py:188} INFO - [2026-05-09T09:26:08.967+0000] {dagbag.py:545} INFO - Filling up the DagBag from /home/airflow/.local/lib/python3.12/site-packages/airflow/example_dags/example_branch_datetime_operator.py
[2026-05-09T09:26:08.974+0000] {processor.py:840} INFO - DAG(s) 'example_branch_datetime_operator_3', 'example_branch_datetime_operator_2', 'example_branch_datetime_operator' retrieved from /home/airflow/.local/lib/python3.12/site-packages/airflow/example_dags/example_branch_datetime_operator.py
[2026-05-09T09:26:08.994+0000] {logging_mixin.py:188} INFO - [2026-05-09T09:26:08.994+0000] {dag.py:3089} INFO - Sync 3 DAGs
[2026-05-09T09:26:09.009+0000] {logging_mixin.py:188} INFO - [2026-05-09T09:26:09.009+0000] {dag.py:3947} INFO - Setting next_dagrun for example_branch_datetime_operator to 2026-05-08 00:00:00+00:00, run_after=2026-05-09 00:00:00+00:00
[2026-05-09T09:26:09.012+0000] {logging_mixin.py:188} INFO - [2026-05-09T09:26:09.012+0000] {dag.py:3947} INFO - Setting next_dagrun for example_branch_datetime_operator_2 to 2026-05-08 00:00:00+00:00, run_after=2026-05-09 00:00:00+00:00
[2026-05-09T09:26:09.014+0000] {logging_mixin.py:188} INFO - [2026-05-09T09:26:09.014+0000] {dag.py:3947} INFO - Setting next_dagrun for example_branch_datetime_operator_3 to 2026-05-08 00:00:00+00:00, run_after=2026-05-09 00:00:00+00:00
[2026-05-09T09:26:09.024+0000] {processor.py:183} INFO - Processing /home/airflow/.local/lib/python3.12/site-packages/airflow/example_dags/example_branch_datetime_operator.py took 0.065 seconds
[2026-05-09T09:26:40.125+0000] {processor.py:161} INFO - Started process (PID=1734) to work on /home/airflow/.local/lib/python3.12/site-packages/airflow/example_dags/example_branch_datetime_operator.py
[2026-05-09T09:26:40.126+0000] {processor.py:830} INFO - Processing file /home/airflow/.local/lib/python3.12/site-packages/airflow/example_dags/example_branch_datetime_operator.py for tasks to queue
[2026-05-09T09:26:40.127+0000] {logging_mixin.py:188} INFO - [2026-05-09T09:26:40.127+0000] {dagbag.py:545} INFO - Filling up the DagBag from /home/airflow/.local/lib/python3.12/site-packages/airflow/example_dags/example_branch_datetime_operator.py
[2026-05-09T09:26:40.135+0000] {processor.py:840} INFO - DAG(s) 'example_branch_datetime_operator', 'example_branch_datetime_operator_3', 'example_branch_datetime_operator_2' retrieved from /home/airflow/.local/lib/python3.12/site-packages/airflow/example_dags/example_branch_datetime_operator.py
[2026-05-09T09:26:40.154+0000] {logging_mixin.py:188} INFO - [2026-05-09T09:26:40.154+0000] {dag.py:3089} INFO - Sync 3 DAGs
[2026-05-09T09:26:40.168+0000] {logging_mixin.py:188} INFO - [2026-05-09T09:26:40.168+0000] {dag.py:3947} INFO - Setting next_dagrun for example_branch_datetime_operator to 2026-05-08 00:00:00+00:00, run_after=2026-05-09 00:00:00+00:00
[2026-05-09T09:26:40.171+0000] {logging_mixin.py:188} INFO - [2026-05-09T09:26:40.171+0000] {dag.py:3947} INFO - Setting next_dagrun for example_branch_datetime_operator_2 to 2026-05-08 00:00:00+00:00, run_after=2026-05-09 00:00:00+00:00
[2026-05-09T09:26:40.173+0000] {logging_mixin.py:188} INFO - [2026-05-09T09:26:40.173+0000] {dag.py:3947} INFO - Setting next_dagrun for example_branch_datetime_operator_3 to 2026-05-08 00:00:00+00:00, run_after=2026-05-09 00:00:00+00:00
[2026-05-09T09:26:40.185+0000] {processor.py:183} INFO - Processing /home/airflow/.local/lib/python3.12/site-packages/airflow/example_dags/example_branch_datetime_operator.py took 0.065 seconds
[2026-05-09T09:27:11.705+0000] {processor.py:161} INFO - Started process (PID=1793) to work on /home/airflow/.local/lib/python3.12/site-packages/airflow/example_dags/example_branch_datetime_operator.py
[2026-05-09T09:27:11.706+0000] {processor.py:830} INFO - Processing file /home/airflow/.local/lib/python3.12/site-packages/airflow/example_dags/example_branch_datetime_operator.py for tasks to queue
[2026-05-09T09:27:11.707+0000] {logging_mixin.py:188} INFO - [2026-05-09T09:27:11.707+0000] {dagbag.py:545} INFO - Filling up the DagBag from /home/airflow/.local/lib/python3.12/site-packages/airflow/example_dags/example_branch_datetime_operator.py
[2026-05-09T09:27:11.716+0000] {processor.py:840} INFO - DAG(s) 'example_branch_datetime_operator_3', 'example_branch_datetime_operator', 'example_branch_datetime_operator_2' retrieved from /home/airflow/.local/lib/python3.12/site-packages/airflow/example_dags/example_branch_datetime_operator.py
[2026-05-09T09:27:11.738+0000] {logging_mixin.py:188} INFO - [2026-05-09T09:27:11.738+0000] {dag.py:3089} INFO - Sync 3 DAGs
[2026-05-09T09:27:11.754+0000] {logging_mixin.py:188} INFO - [2026-05-09T09:27:11.753+0000] {dag.py:3947} INFO - Setting next_dagrun for example_branch_datetime_operator to 2026-05-08 00:00:00+00:00, run_after=2026-05-09 00:00:00+00:00
[2026-05-09T09:27:11.757+0000] {logging_mixin.py:188} INFO - [2026-05-09T09:27:11.757+0000] {dag.py:3947} INFO - Setting next_dagrun for example_branch_datetime_operator_2 to 2026-05-08 00:00:00+00:00, run_after=2026-05-09 00:00:00+00:00
[2026-05-09T09:27:11.759+0000] {logging_mixin.py:188} INFO - [2026-05-09T09:27:11.759+0000] {dag.py:3947} INFO - Setting next_dagrun for example_branch_datetime_operator_3 to 2026-05-08 00:00:00+00:00, run_after=2026-05-09 00:00:00+00:00
[2026-05-09T09:27:11.771+0000] {processor.py:183} INFO - Processing /home/airflow/.local/lib/python3.12/site-packages/airflow/example_dags/example_branch_datetime_operator.py took 0.072 seconds
[2026-05-09T09:27:42.274+0000] {processor.py:161} INFO - Started process (PID=1858) to work on /home/airflow/.local/lib/python3.12/site-packages/airflow/example_dags/example_branch_datetime_operator.py
[2026-05-09T09:27:42.275+0000] {processor.py:830} INFO - Processing file /home/airflow/.local/lib/python3.12/site-packages/airflow/example_dags/example_branch_datetime_operator.py for tasks to queue
[2026-05-09T09:27:42.276+0000] {logging_mixin.py:188} INFO - [2026-05-09T09:27:42.276+0000] {dagbag.py:545} INFO - Filling up the DagBag from /home/airflow/.local/lib/python3.12/site-packages/airflow/example_dags/example_branch_datetime_operator.py
[2026-05-09T09:27:42.285+0000] {processor.py:840} INFO - DAG(s) 'example_branch_datetime_operator', 'example_branch_datetime_operator_2', 'example_branch_datetime_operator_3' retrieved from /home/airflow/.local/lib/python3.12/site-packages/airflow/example_dags/example_branch_datetime_operator.py
[2026-05-09T09:27:42.308+0000] {logging_mixin.py:188} INFO - [2026-05-09T09:27:42.308+0000] {dag.py:3089} INFO - Sync 3 DAGs
[2026-05-09T09:27:42.327+0000] {logging_mixin.py:188} INFO - [2026-05-09T09:27:42.327+0000] {dag.py:3947} INFO - Setting next_dagrun for example_branch_datetime_operator to 2026-05-08 00:00:00+00:00, run_after=2026-05-09 00:00:00+00:00
[2026-05-09T09:27:42.331+0000] {logging_mixin.py:188} INFO - [2026-05-09T09:27:42.331+0000] {dag.py:3947} INFO - Setting next_dagrun for example_branch_datetime_operator_2 to 2026-05-08 00:00:00+00:00, run_after=2026-05-09 00:00:00+00:00
[2026-05-09T09:27:42.334+0000] {logging_mixin.py:188} INFO - [2026-05-09T09:27:42.333+0000] {dag.py:3947} INFO - Setting next_dagrun for example_branch_datetime_operator_3 to 2026-05-08 00:00:00+00:00, run_after=2026-05-09 00:00:00+00:00
[2026-05-09T09:27:42.346+0000] {processor.py:183} INFO - Processing /home/airflow/.local/lib/python3.12/site-packages/airflow/example_dags/example_branch_datetime_operator.py took 0.078 seconds
[2026-05-09T09:28:13.012+0000] {processor.py:161} INFO - Started process (PID=1917) to work on /home/airflow/.local/lib/python3.12/site-packages/airflow/example_dags/example_branch_datetime_operator.py
[2026-05-09T09:28:13.013+0000] {processor.py:830} INFO - Processing file /home/airflow/.local/lib/python3.12/site-packages/airflow/example_dags/example_branch_datetime_operator.py for tasks to queue
[2026-05-09T09:28:13.014+0000] {logging_mixin.py:188} INFO - [2026-05-09T09:28:13.014+0000] {dagbag.py:545} INFO - Filling up the DagBag from /home/airflow/.local/lib/python3.12/site-packages/airflow/example_dags/example_branch_datetime_operator.py
[2026-05-09T09:28:13.022+0000] {processor.py:840} INFO - DAG(s) 'example_branch_datetime_operator_3', 'example_branch_datetime_operator_2', 'example_branch_datetime_operator' retrieved from /home/airflow/.local/lib/python3.12/site-packages/airflow/example_dags/example_branch_datetime_operator.py
[2026-05-09T09:28:13.043+0000] {logging_mixin.py:188} INFO - [2026-05-09T09:28:13.043+0000] {dag.py:3089} INFO - Sync 3 DAGs
[2026-05-09T09:28:13.061+0000] {logging_mixin.py:188} INFO - [2026-05-09T09:28:13.060+0000] {dag.py:3947} INFO - Setting next_dagrun for example_branch_datetime_operator to 2026-05-08 00:00:00+00:00, run_after=2026-05-09 00:00:00+00:00
[2026-05-09T09:28:13.064+0000] {logging_mixin.py:188} INFO - [2026-05-09T09:28:13.064+0000] {dag.py:3947} INFO - Setting next_dagrun for example_branch_datetime_operator_2 to 2026-05-08 00:00:00+00:00, run_after=2026-05-09 00:00:00+00:00
[2026-05-09T09:28:13.066+0000] {logging_mixin.py:188} INFO - [2026-05-09T09:28:13.066+0000] {dag.py:3947} INFO - Setting next_dagrun for example_branch_datetime_operator_3 to 2026-05-08 00:00:00+00:00, run_after=2026-05-09 00:00:00+00:00
[2026-05-09T09:28:13.077+0000] {processor.py:183} INFO - Processing /home/airflow/.local/lib/python3.12/site-packages/airflow/example_dags/example_branch_datetime_operator.py took 0.070 seconds
[2026-05-09T09:45:03.663+0000] {processor.py:161} INFO - Started process (PID=82) to work on /home/airflow/.local/lib/python3.12/site-packages/airflow/example_dags/example_branch_datetime_operator.py
[2026-05-09T09:45:03.664+0000] {processor.py:830} INFO - Processing file /home/airflow/.local/lib/python3.12/site-packages/airflow/example_dags/example_branch_datetime_operator.py for tasks to queue
[2026-05-09T09:45:03.666+0000] {logging_mixin.py:188} INFO - [2026-05-09T09:45:03.666+0000] {dagbag.py:545} INFO - Filling up the DagBag from /home/airflow/.local/lib/python3.12/site-packages/airflow/example_dags/example_branch_datetime_operator.py
[2026-05-09T09:45:03.679+0000] {processor.py:840} INFO - DAG(s) 'example_branch_datetime_operator_3', 'example_branch_datetime_operator', 'example_branch_datetime_operator_2' retrieved from /home/airflow/.local/lib/python3.12/site-packages/airflow/example_dags/example_branch_datetime_operator.py
[2026-05-09T09:45:03.693+0000] {logging_mixin.py:188} INFO - [2026-05-09T09:45:03.693+0000] {dag.py:3089} INFO - Sync 3 DAGs
[2026-05-09T09:45:03.717+0000] {logging_mixin.py:188} INFO - [2026-05-09T09:45:03.717+0000] {dag.py:3947} INFO - Setting next_dagrun for example_branch_datetime_operator to 2026-05-08 00:00:00+00:00, run_after=2026-05-09 00:00:00+00:00
[2026-05-09T09:45:03.723+0000] {logging_mixin.py:188} INFO - [2026-05-09T09:45:03.723+0000] {dag.py:3947} INFO - Setting next_dagrun for example_branch_datetime_operator_2 to 2026-05-08 00:00:00+00:00, run_after=2026-05-09 00:00:00+00:00
[2026-05-09T09:45:03.725+0000] {logging_mixin.py:188} INFO - [2026-05-09T09:45:03.725+0000] {dag.py:3947} INFO - Setting next_dagrun for example_branch_datetime_operator_3 to 2026-05-08 00:00:00+00:00, run_after=2026-05-09 00:00:00+00:00
[2026-05-09T09:45:03.741+0000] {processor.py:183} INFO - Processing /home/airflow/.local/lib/python3.12/site-packages/airflow/example_dags/example_branch_datetime_operator.py took 0.085 seconds
[2026-05-09T09:45:33.914+0000] {processor.py:161} INFO - Started process (PID=140) to work on /home/airflow/.local/lib/python3.12/site-packages/airflow/example_dags/example_branch_datetime_operator.py
[2026-05-09T09:45:33.915+0000] {processor.py:830} INFO - Processing file /home/airflow/.local/lib/python3.12/site-packages/airflow/example_dags/example_branch_datetime_operator.py for tasks to queue
[2026-05-09T09:45:33.917+0000] {logging_mixin.py:188} INFO - [2026-05-09T09:45:33.916+0000] {dagbag.py:545} INFO - Filling up the DagBag from /home/airflow/.local/lib/python3.12/site-packages/airflow/example_dags/example_branch_datetime_operator.py
[2026-05-09T09:45:33.924+0000] {processor.py:840} INFO - DAG(s) 'example_branch_datetime_operator_2', 'example_branch_datetime_operator_3', 'example_branch_datetime_operator' retrieved from /home/airflow/.local/lib/python3.12/site-packages/airflow/example_dags/example_branch_datetime_operator.py
[2026-05-09T09:45:34.018+0000] {logging_mixin.py:188} INFO - [2026-05-09T09:45:34.018+0000] {dag.py:3089} INFO - Sync 3 DAGs
[2026-05-09T09:45:34.033+0000] {logging_mixin.py:188} INFO - [2026-05-09T09:45:34.033+0000] {dag.py:3947} INFO - Setting next_dagrun for example_branch_datetime_operator to 2026-05-08 00:00:00+00:00, run_after=2026-05-09 00:00:00+00:00
[2026-05-09T09:45:34.038+0000] {logging_mixin.py:188} INFO - [2026-05-09T09:45:34.038+0000] {dag.py:3947} INFO - Setting next_dagrun for example_branch_datetime_operator_2 to 2026-05-08 00:00:00+00:00, run_after=2026-05-09 00:00:00+00:00
[2026-05-09T09:45:34.040+0000] {logging_mixin.py:188} INFO - [2026-05-09T09:45:34.040+0000] {dag.py:3947} INFO - Setting next_dagrun for example_branch_datetime_operator_3 to 2026-05-08 00:00:00+00:00, run_after=2026-05-09 00:00:00+00:00
[2026-05-09T09:45:34.053+0000] {processor.py:183} INFO - Processing /home/airflow/.local/lib/python3.12/site-packages/airflow/example_dags/example_branch_datetime_operator.py took 0.144 seconds
[2026-05-09T09:46:04.081+0000] {processor.py:161} INFO - Started process (PID=199) to work on /home/airflow/.local/lib/python3.12/site-packages/airflow/example_dags/example_branch_datetime_operator.py
[2026-05-09T09:46:04.082+0000] {processor.py:830} INFO - Processing file /home/airflow/.local/lib/python3.12/site-packages/airflow/example_dags/example_branch_datetime_operator.py for tasks to queue
[2026-05-09T09:46:04.083+0000] {logging_mixin.py:188} INFO - [2026-05-09T09:46:04.083+0000] {dagbag.py:545} INFO - Filling up the DagBag from /home/airflow/.local/lib/python3.12/site-packages/airflow/example_dags/example_branch_datetime_operator.py
[2026-05-09T09:46:04.090+0000] {processor.py:840} INFO - DAG(s) 'example_branch_datetime_operator_2', 'example_branch_datetime_operator', 'example_branch_datetime_operator_3' retrieved from /home/airflow/.local/lib/python3.12/site-packages/airflow/example_dags/example_branch_datetime_operator.py
[2026-05-09T09:46:04.109+0000] {logging_mixin.py:188} INFO - [2026-05-09T09:46:04.109+0000] {dag.py:3089} INFO - Sync 3 DAGs
[2026-05-09T09:46:04.123+0000] {logging_mixin.py:188} INFO - [2026-05-09T09:46:04.123+0000] {dag.py:3947} INFO - Setting next_dagrun for example_branch_datetime_operator to 2026-05-08 00:00:00+00:00, run_after=2026-05-09 00:00:00+00:00
[2026-05-09T09:46:04.126+0000] {logging_mixin.py:188} INFO - [2026-05-09T09:46:04.126+0000] {dag.py:3947} INFO - Setting next_dagrun for example_branch_datetime_operator_2 to 2026-05-08 00:00:00+00:00, run_after=2026-05-09 00:00:00+00:00
[2026-05-09T09:46:04.127+0000] {logging_mixin.py:188} INFO - [2026-05-09T09:46:04.127+0000] {dag.py:3947} INFO - Setting next_dagrun for example_branch_datetime_operator_3 to 2026-05-08 00:00:00+00:00, run_after=2026-05-09 00:00:00+00:00
[2026-05-09T09:46:04.137+0000] {processor.py:183} INFO - Processing /home/airflow/.local/lib/python3.12/site-packages/airflow/example_dags/example_branch_datetime_operator.py took 0.060 seconds
[2026-05-09T09:46:34.199+0000] {processor.py:161} INFO - Started process (PID=258) to work on /home/airflow/.local/lib/python3.12/site-packages/airflow/example_dags/example_branch_datetime_operator.py
[2026-05-09T09:46:34.200+0000] {processor.py:830} INFO - Processing file /home/airflow/.local/lib/python3.12/site-packages/airflow/example_dags/example_branch_datetime_operator.py for tasks to queue
[2026-05-09T09:46:34.202+0000] {logging_mixin.py:188} INFO - [2026-05-09T09:46:34.202+0000] {dagbag.py:545} INFO - Filling up the DagBag from /home/airflow/.local/lib/python3.12/site-packages/airflow/example_dags/example_branch_datetime_operator.py
[2026-05-09T09:46:34.211+0000] {processor.py:840} INFO - DAG(s) 'example_branch_datetime_operator_3', 'example_branch_datetime_operator', 'example_branch_datetime_operator_2' retrieved from /home/airflow/.local/lib/python3.12/site-packages/airflow/example_dags/example_branch_datetime_operator.py
[2026-05-09T09:46:34.232+0000] {logging_mixin.py:188} INFO - [2026-05-09T09:46:34.232+0000] {dag.py:3089} INFO - Sync 3 DAGs
[2026-05-09T09:46:34.251+0000] {logging_mixin.py:188} INFO - [2026-05-09T09:46:34.251+0000] {dag.py:3947} INFO - Setting next_dagrun for example_branch_datetime_operator to 2026-05-08 00:00:00+00:00, run_after=2026-05-09 00:00:00+00:00
[2026-05-09T09:46:34.254+0000] {logging_mixin.py:188} INFO - [2026-05-09T09:46:34.254+0000] {dag.py:3947} INFO - Setting next_dagrun for example_branch_datetime_operator_2 to 2026-05-08 00:00:00+00:00, run_after=2026-05-09 00:00:00+00:00
[2026-05-09T09:46:34.256+0000] {logging_mixin.py:188} INFO - [2026-05-09T09:46:34.256+0000] {dag.py:3947} INFO - Setting next_dagrun for example_branch_datetime_operator_3 to 2026-05-08 00:00:00+00:00, run_after=2026-05-09 00:00:00+00:00
[2026-05-09T09:46:34.267+0000] {processor.py:183} INFO - Processing /home/airflow/.local/lib/python3.12/site-packages/airflow/example_dags/example_branch_datetime_operator.py took 0.074 seconds
[2026-05-09T09:47:04.566+0000] {processor.py:161} INFO - Started process (PID=317) to work on /home/airflow/.local/lib/python3.12/site-packages/airflow/example_dags/example_branch_datetime_operator.py
[2026-05-09T09:47:04.567+0000] {processor.py:830} INFO - Processing file /home/airflow/.local/lib/python3.12/site-packages/airflow/example_dags/example_branch_datetime_operator.py for tasks to queue
[2026-05-09T09:47:04.569+0000] {logging_mixin.py:188} INFO - [2026-05-09T09:47:04.569+0000] {dagbag.py:545} INFO - Filling up the DagBag from /home/airflow/.local/lib/python3.12/site-packages/airflow/example_dags/example_branch_datetime_operator.py
[2026-05-09T09:47:04.576+0000] {processor.py:840} INFO - DAG(s) 'example_branch_datetime_operator', 'example_branch_datetime_operator_2', 'example_branch_datetime_operator_3' retrieved from /home/airflow/.local/lib/python3.12/site-packages/airflow/example_dags/example_branch_datetime_operator.py
[2026-05-09T09:47:04.597+0000] {logging_mixin.py:188} INFO - [2026-05-09T09:47:04.597+0000] {dag.py:3089} INFO - Sync 3 DAGs
[2026-05-09T09:47:04.613+0000] {logging_mixin.py:188} INFO - [2026-05-09T09:47:04.613+0000] {dag.py:3947} INFO - Setting next_dagrun for example_branch_datetime_operator to 2026-05-08 00:00:00+00:00, run_after=2026-05-09 00:00:00+00:00
[2026-05-09T09:47:04.616+0000] {logging_mixin.py:188} INFO - [2026-05-09T09:47:04.616+0000] {dag.py:3947} INFO - Setting next_dagrun for example_branch_datetime_operator_2 to 2026-05-08 00:00:00+00:00, run_after=2026-05-09 00:00:00+00:00
[2026-05-09T09:47:04.618+0000] {logging_mixin.py:188} INFO - [2026-05-09T09:47:04.618+0000] {dag.py:3947} INFO - Setting next_dagrun for example_branch_datetime_operator_3 to 2026-05-08 00:00:00+00:00, run_after=2026-05-09 00:00:00+00:00
[2026-05-09T09:47:04.628+0000] {processor.py:183} INFO - Processing /home/airflow/.local/lib/python3.12/site-packages/airflow/example_dags/example_branch_datetime_operator.py took 0.067 seconds
[2026-05-09T09:47:35.051+0000] {processor.py:161} INFO - Started process (PID=376) to work on /home/airflow/.local/lib/python3.12/site-packages/airflow/example_dags/example_branch_datetime_operator.py
[2026-05-09T09:47:35.052+0000] {processor.py:830} INFO - Processing file /home/airflow/.local/lib/python3.12/site-packages/airflow/example_dags/example_branch_datetime_operator.py for tasks to queue
[2026-05-09T09:47:35.055+0000] {logging_mixin.py:188} INFO - [2026-05-09T09:47:35.054+0000] {dagbag.py:545} INFO - Filling up the DagBag from /home/airflow/.local/lib/python3.12/site-packages/airflow/example_dags/example_branch_datetime_operator.py
[2026-05-09T09:47:35.062+0000] {processor.py:840} INFO - DAG(s) 'example_branch_datetime_operator_2', 'example_branch_datetime_operator', 'example_branch_datetime_operator_3' retrieved from /home/airflow/.local/lib/python3.12/site-packages/airflow/example_dags/example_branch_datetime_operator.py
[2026-05-09T09:47:35.084+0000] {logging_mixin.py:188} INFO - [2026-05-09T09:47:35.084+0000] {dag.py:3089} INFO - Sync 3 DAGs
[2026-05-09T09:47:35.105+0000] {logging_mixin.py:188} INFO - [2026-05-09T09:47:35.104+0000] {dag.py:3947} INFO - Setting next_dagrun for example_branch_datetime_operator to 2026-05-08 00:00:00+00:00, run_after=2026-05-09 00:00:00+00:00
[2026-05-09T09:47:35.108+0000] {logging_mixin.py:188} INFO - [2026-05-09T09:47:35.108+0000] {dag.py:3947} INFO - Setting next_dagrun for example_branch_datetime_operator_2 to 2026-05-08 00:00:00+00:00, run_after=2026-05-09 00:00:00+00:00
[2026-05-09T09:47:35.110+0000] {logging_mixin.py:188} INFO - [2026-05-09T09:47:35.110+0000] {dag.py:3947} INFO - Setting next_dagrun for example_branch_datetime_operator_3 to 2026-05-08 00:00:00+00:00, run_after=2026-05-09 00:00:00+00:00
[2026-05-09T09:47:35.122+0000] {processor.py:183} INFO - Processing /home/airflow/.local/lib/python3.12/site-packages/airflow/example_dags/example_branch_datetime_operator.py took 0.077 seconds
[2026-05-09T09:48:05.676+0000] {processor.py:161} INFO - Started process (PID=435) to work on /home/airflow/.local/lib/python3.12/site-packages/airflow/example_dags/example_branch_datetime_operator.py
[2026-05-09T09:48:05.677+0000] {processor.py:830} INFO - Processing file /home/airflow/.local/lib/python3.12/site-packages/airflow/example_dags/example_branch_datetime_operator.py for tasks to queue
[2026-05-09T09:48:05.678+0000] {logging_mixin.py:188} INFO - [2026-05-09T09:48:05.678+0000] {dagbag.py:545} INFO - Filling up the DagBag from /home/airflow/.local/lib/python3.12/site-packages/airflow/example_dags/example_branch_datetime_operator.py
[2026-05-09T09:48:05.685+0000] {processor.py:840} INFO - DAG(s) 'example_branch_datetime_operator_3', 'example_branch_datetime_operator_2', 'example_branch_datetime_operator' retrieved from /home/airflow/.local/lib/python3.12/site-packages/airflow/example_dags/example_branch_datetime_operator.py
[2026-05-09T09:48:05.705+0000] {logging_mixin.py:188} INFO - [2026-05-09T09:48:05.705+0000] {dag.py:3089} INFO - Sync 3 DAGs
[2026-05-09T09:48:05.724+0000] {logging_mixin.py:188} INFO - [2026-05-09T09:48:05.723+0000] {dag.py:3947} INFO - Setting next_dagrun for example_branch_datetime_operator to 2026-05-08 00:00:00+00:00, run_after=2026-05-09 00:00:00+00:00
[2026-05-09T09:48:05.728+0000] {logging_mixin.py:188} INFO - [2026-05-09T09:48:05.728+0000] {dag.py:3947} INFO - Setting next_dagrun for example_branch_datetime_operator_2 to 2026-05-08 00:00:00+00:00, run_after=2026-05-09 00:00:00+00:00
[2026-05-09T09:48:05.729+0000] {logging_mixin.py:188} INFO - [2026-05-09T09:48:05.729+0000] {dag.py:3947} INFO - Setting next_dagrun for example_branch_datetime_operator_3 to 2026-05-08 00:00:00+00:00, run_after=2026-05-09 00:00:00+00:00
[2026-05-09T09:48:05.742+0000] {processor.py:183} INFO - Processing /home/airflow/.local/lib/python3.12/site-packages/airflow/example_dags/example_branch_datetime_operator.py took 0.073 seconds
[2026-05-09T09:48:36.189+0000] {processor.py:161} INFO - Started process (PID=494) to work on /home/airflow/.local/lib/python3.12/site-packages/airflow/example_dags/example_branch_datetime_operator.py
[2026-05-09T09:48:36.190+0000] {processor.py:830} INFO - Processing file /home/airflow/.local/lib/python3.12/site-packages/airflow/example_dags/example_branch_datetime_operator.py for tasks to queue
[2026-05-09T09:48:36.192+0000] {logging_mixin.py:188} INFO - [2026-05-09T09:48:36.191+0000] {dagbag.py:545} INFO - Filling up the DagBag from /home/airflow/.local/lib/python3.12/site-packages/airflow/example_dags/example_branch_datetime_operator.py
[2026-05-09T09:48:36.199+0000] {processor.py:840} INFO - DAG(s) 'example_branch_datetime_operator_2', 'example_branch_datetime_operator_3', 'example_branch_datetime_operator' retrieved from /home/airflow/.local/lib/python3.12/site-packages/airflow/example_dags/example_branch_datetime_operator.py
[2026-05-09T09:48:36.221+0000] {logging_mixin.py:188} INFO - [2026-05-09T09:48:36.220+0000] {dag.py:3089} INFO - Sync 3 DAGs
[2026-05-09T09:48:36.237+0000] {logging_mixin.py:188} INFO - [2026-05-09T09:48:36.236+0000] {dag.py:3947} INFO - Setting next_dagrun for example_branch_datetime_operator to 2026-05-08 00:00:00+00:00, run_after=2026-05-09 00:00:00+00:00
[2026-05-09T09:48:36.241+0000] {logging_mixin.py:188} INFO - [2026-05-09T09:48:36.241+0000] {dag.py:3947} INFO - Setting next_dagrun for example_branch_datetime_operator_2 to 2026-05-08 00:00:00+00:00, run_after=2026-05-09 00:00:00+00:00
[2026-05-09T09:48:36.243+0000] {logging_mixin.py:188} INFO - [2026-05-09T09:48:36.243+0000] {dag.py:3947} INFO - Setting next_dagrun for example_branch_datetime_operator_3 to 2026-05-08 00:00:00+00:00, run_after=2026-05-09 00:00:00+00:00
[2026-05-09T09:48:36.254+0000] {processor.py:183} INFO - Processing /home/airflow/.local/lib/python3.12/site-packages/airflow/example_dags/example_branch_datetime_operator.py took 0.071 seconds
[2026-05-09T10:24:22.381+0000] {processor.py:161} INFO - Started process (PID=82) to work on /home/airflow/.local/lib/python3.12/site-packages/airflow/example_dags/example_branch_datetime_operator.py
[2026-05-09T10:24:22.382+0000] {processor.py:830} INFO - Processing file /home/airflow/.local/lib/python3.12/site-packages/airflow/example_dags/example_branch_datetime_operator.py for tasks to queue
[2026-05-09T10:24:22.384+0000] {logging_mixin.py:188} INFO - [2026-05-09T10:24:22.384+0000] {dagbag.py:545} INFO - Filling up the DagBag from /home/airflow/.local/lib/python3.12/site-packages/airflow/example_dags/example_branch_datetime_operator.py
[2026-05-09T10:24:22.395+0000] {processor.py:840} INFO - DAG(s) 'example_branch_datetime_operator', 'example_branch_datetime_operator_3', 'example_branch_datetime_operator_2' retrieved from /home/airflow/.local/lib/python3.12/site-packages/airflow/example_dags/example_branch_datetime_operator.py
[2026-05-09T10:24:22.478+0000] {logging_mixin.py:188} INFO - [2026-05-09T10:24:22.478+0000] {override.py:1858} INFO - Created Permission View: can delete on DAG:example_branch_datetime_operator
[2026-05-09T10:24:22.487+0000] {logging_mixin.py:188} INFO - [2026-05-09T10:24:22.487+0000] {override.py:1858} INFO - Created Permission View: can read on DAG:example_branch_datetime_operator
[2026-05-09T10:24:22.494+0000] {logging_mixin.py:188} INFO - [2026-05-09T10:24:22.494+0000] {override.py:1858} INFO - Created Permission View: can edit on DAG:example_branch_datetime_operator
[2026-05-09T10:24:22.504+0000] {logging_mixin.py:188} INFO - [2026-05-09T10:24:22.504+0000] {override.py:1858} INFO - Created Permission View: can delete on DAG:example_branch_datetime_operator_3
[2026-05-09T10:24:22.509+0000] {logging_mixin.py:188} INFO - [2026-05-09T10:24:22.508+0000] {override.py:1858} INFO - Created Permission View: can read on DAG:example_branch_datetime_operator_3
[2026-05-09T10:24:22.513+0000] {logging_mixin.py:188} INFO - [2026-05-09T10:24:22.513+0000] {override.py:1858} INFO - Created Permission View: can edit on DAG:example_branch_datetime_operator_3
[2026-05-09T10:24:22.521+0000] {logging_mixin.py:188} INFO - [2026-05-09T10:24:22.521+0000] {override.py:1858} INFO - Created Permission View: can delete on DAG:example_branch_datetime_operator_2
[2026-05-09T10:24:22.525+0000] {logging_mixin.py:188} INFO - [2026-05-09T10:24:22.525+0000] {override.py:1858} INFO - Created Permission View: can read on DAG:example_branch_datetime_operator_2
[2026-05-09T10:24:22.530+0000] {logging_mixin.py:188} INFO - [2026-05-09T10:24:22.530+0000] {override.py:1858} INFO - Created Permission View: can edit on DAG:example_branch_datetime_operator_2
[2026-05-09T10:24:22.530+0000] {logging_mixin.py:188} INFO - [2026-05-09T10:24:22.530+0000] {dag.py:3089} INFO - Sync 3 DAGs
[2026-05-09T10:24:22.539+0000] {logging_mixin.py:188} INFO - [2026-05-09T10:24:22.539+0000] {dag.py:3111} INFO - Creating ORM DAG for example_branch_datetime_operator_3
[2026-05-09T10:24:22.540+0000] {logging_mixin.py:188} INFO - [2026-05-09T10:24:22.540+0000] {dag.py:3111} INFO - Creating ORM DAG for example_branch_datetime_operator_2
[2026-05-09T10:24:22.540+0000] {logging_mixin.py:188} INFO - [2026-05-09T10:24:22.540+0000] {dag.py:3111} INFO - Creating ORM DAG for example_branch_datetime_operator
[2026-05-09T10:24:22.550+0000] {logging_mixin.py:188} INFO - [2026-05-09T10:24:22.549+0000] {dag.py:3947} INFO - Setting next_dagrun for example_branch_datetime_operator to 2026-05-08 00:00:00+00:00, run_after=2026-05-09 00:00:00+00:00
[2026-05-09T10:24:22.551+0000] {logging_mixin.py:188} INFO - [2026-05-09T10:24:22.551+0000] {dag.py:3947} INFO - Setting next_dagrun for example_branch_datetime_operator_2 to 2026-05-08 00:00:00+00:00, run_after=2026-05-09 00:00:00+00:00
[2026-05-09T10:24:22.552+0000] {logging_mixin.py:188} INFO - [2026-05-09T10:24:22.552+0000] {dag.py:3947} INFO - Setting next_dagrun for example_branch_datetime_operator_3 to 2026-05-08 00:00:00+00:00, run_after=2026-05-09 00:00:00+00:00
[2026-05-09T10:24:22.566+0000] {processor.py:183} INFO - Processing /home/airflow/.local/lib/python3.12/site-packages/airflow/example_dags/example_branch_datetime_operator.py took 0.190 seconds
[2026-05-09T10:24:53.157+0000] {processor.py:161} INFO - Started process (PID=141) to work on /home/airflow/.local/lib/python3.12/site-packages/airflow/example_dags/example_branch_datetime_operator.py
[2026-05-09T10:24:53.158+0000] {processor.py:830} INFO - Processing file /home/airflow/.local/lib/python3.12/site-packages/airflow/example_dags/example_branch_datetime_operator.py for tasks to queue
[2026-05-09T10:24:53.160+0000] {logging_mixin.py:188} INFO - [2026-05-09T10:24:53.159+0000] {dagbag.py:545} INFO - Filling up the DagBag from /home/airflow/.local/lib/python3.12/site-packages/airflow/example_dags/example_branch_datetime_operator.py
[2026-05-09T10:24:53.167+0000] {processor.py:840} INFO - DAG(s) 'example_branch_datetime_operator_2', 'example_branch_datetime_operator', 'example_branch_datetime_operator_3' retrieved from /home/airflow/.local/lib/python3.12/site-packages/airflow/example_dags/example_branch_datetime_operator.py
[2026-05-09T10:24:53.188+0000] {logging_mixin.py:188} INFO - [2026-05-09T10:24:53.188+0000] {dag.py:3089} INFO - Sync 3 DAGs
[2026-05-09T10:24:53.205+0000] {logging_mixin.py:188} INFO - [2026-05-09T10:24:53.204+0000] {dag.py:3947} INFO - Setting next_dagrun for example_branch_datetime_operator to 2026-05-08 00:00:00+00:00, run_after=2026-05-09 00:00:00+00:00
[2026-05-09T10:24:53.208+0000] {logging_mixin.py:188} INFO - [2026-05-09T10:24:53.207+0000] {dag.py:3947} INFO - Setting next_dagrun for example_branch_datetime_operator_2 to 2026-05-08 00:00:00+00:00, run_after=2026-05-09 00:00:00+00:00
[2026-05-09T10:24:53.209+0000] {logging_mixin.py:188} INFO - [2026-05-09T10:24:53.209+0000] {dag.py:3947} INFO - Setting next_dagrun for example_branch_datetime_operator_3 to 2026-05-08 00:00:00+00:00, run_after=2026-05-09 00:00:00+00:00
[2026-05-09T10:24:53.219+0000] {processor.py:183} INFO - Processing /home/airflow/.local/lib/python3.12/site-packages/airflow/example_dags/example_branch_datetime_operator.py took 0.068 seconds
[2026-05-09T10:25:23.765+0000] {processor.py:161} INFO - Started process (PID=200) to work on /home/airflow/.local/lib/python3.12/site-packages/airflow/example_dags/example_branch_datetime_operator.py
[2026-05-09T10:25:23.766+0000] {processor.py:830} INFO - Processing file /home/airflow/.local/lib/python3.12/site-packages/airflow/example_dags/example_branch_datetime_operator.py for tasks to queue
[2026-05-09T10:25:23.768+0000] {logging_mixin.py:188} INFO - [2026-05-09T10:25:23.768+0000] {dagbag.py:545} INFO - Filling up the DagBag from /home/airflow/.local/lib/python3.12/site-packages/airflow/example_dags/example_branch_datetime_operator.py
[2026-05-09T10:25:23.777+0000] {processor.py:840} INFO - DAG(s) 'example_branch_datetime_operator_3', 'example_branch_datetime_operator_2', 'example_branch_datetime_operator' retrieved from /home/airflow/.local/lib/python3.12/site-packages/airflow/example_dags/example_branch_datetime_operator.py
[2026-05-09T10:25:23.811+0000] {logging_mixin.py:188} INFO - [2026-05-09T10:25:23.810+0000] {dag.py:3089} INFO - Sync 3 DAGs
[2026-05-09T10:25:23.841+0000] {logging_mixin.py:188} INFO - [2026-05-09T10:25:23.840+0000] {dag.py:3947} INFO - Setting next_dagrun for example_branch_datetime_operator to 2026-05-08 00:00:00+00:00, run_after=2026-05-09 00:00:00+00:00
[2026-05-09T10:25:23.846+0000] {logging_mixin.py:188} INFO - [2026-05-09T10:25:23.845+0000] {dag.py:3947} INFO - Setting next_dagrun for example_branch_datetime_operator_2 to 2026-05-08 00:00:00+00:00, run_after=2026-05-09 00:00:00+00:00
[2026-05-09T10:25:23.848+0000] {logging_mixin.py:188} INFO - [2026-05-09T10:25:23.848+0000] {dag.py:3947} INFO - Setting next_dagrun for example_branch_datetime_operator_3 to 2026-05-08 00:00:00+00:00, run_after=2026-05-09 00:00:00+00:00
[2026-05-09T10:25:23.865+0000] {processor.py:183} INFO - Processing /home/airflow/.local/lib/python3.12/site-packages/airflow/example_dags/example_branch_datetime_operator.py took 0.107 seconds
[2026-05-09T10:25:54.243+0000] {processor.py:161} INFO - Started process (PID=259) to work on /home/airflow/.local/lib/python3.12/site-packages/airflow/example_dags/example_branch_datetime_operator.py
[2026-05-09T10:25:54.244+0000] {processor.py:830} INFO - Processing file /home/airflow/.local/lib/python3.12/site-packages/airflow/example_dags/example_branch_datetime_operator.py for tasks to queue
[2026-05-09T10:25:54.246+0000] {logging_mixin.py:188} INFO - [2026-05-09T10:25:54.246+0000] {dagbag.py:545} INFO - Filling up the DagBag from /home/airflow/.local/lib/python3.12/site-packages/airflow/example_dags/example_branch_datetime_operator.py
[2026-05-09T10:25:54.256+0000] {processor.py:840} INFO - DAG(s) 'example_branch_datetime_operator', 'example_branch_datetime_operator_3', 'example_branch_datetime_operator_2' retrieved from /home/airflow/.local/lib/python3.12/site-packages/airflow/example_dags/example_branch_datetime_operator.py
[2026-05-09T10:25:54.280+0000] {logging_mixin.py:188} INFO - [2026-05-09T10:25:54.280+0000] {dag.py:3089} INFO - Sync 3 DAGs
[2026-05-09T10:25:54.298+0000] {logging_mixin.py:188} INFO - [2026-05-09T10:25:54.298+0000] {dag.py:3947} INFO - Setting next_dagrun for example_branch_datetime_operator to 2026-05-08 00:00:00+00:00, run_after=2026-05-09 00:00:00+00:00
[2026-05-09T10:25:54.302+0000] {logging_mixin.py:188} INFO - [2026-05-09T10:25:54.302+0000] {dag.py:3947} INFO - Setting next_dagrun for example_branch_datetime_operator_2 to 2026-05-08 00:00:00+00:00, run_after=2026-05-09 00:00:00+00:00
[2026-05-09T10:25:54.303+0000] {logging_mixin.py:188} INFO - [2026-05-09T10:25:54.303+0000] {dag.py:3947} INFO - Setting next_dagrun for example_branch_datetime_operator_3 to 2026-05-08 00:00:00+00:00, run_after=2026-05-09 00:00:00+00:00
[2026-05-09T10:25:54.316+0000] {processor.py:183} INFO - Processing /home/airflow/.local/lib/python3.12/site-packages/airflow/example_dags/example_branch_datetime_operator.py took 0.079 seconds
[2026-05-09T10:26:24.946+0000] {processor.py:161} INFO - Started process (PID=318) to work on /home/airflow/.local/lib/python3.12/site-packages/airflow/example_dags/example_branch_datetime_operator.py
[2026-05-09T10:26:24.947+0000] {processor.py:830} INFO - Processing file /home/airflow/.local/lib/python3.12/site-packages/airflow/example_dags/example_branch_datetime_operator.py for tasks to queue
[2026-05-09T10:26:24.949+0000] {logging_mixin.py:188} INFO - [2026-05-09T10:26:24.948+0000] {dagbag.py:545} INFO - Filling up the DagBag from /home/airflow/.local/lib/python3.12/site-packages/airflow/example_dags/example_branch_datetime_operator.py
[2026-05-09T10:26:24.956+0000] {processor.py:840} INFO - DAG(s) 'example_branch_datetime_operator_2', 'example_branch_datetime_operator', 'example_branch_datetime_operator_3' retrieved from /home/airflow/.local/lib/python3.12/site-packages/airflow/example_dags/example_branch_datetime_operator.py
[2026-05-09T10:26:24.975+0000] {logging_mixin.py:188} INFO - [2026-05-09T10:26:24.975+0000] {dag.py:3089} INFO - Sync 3 DAGs
[2026-05-09T10:26:24.991+0000] {logging_mixin.py:188} INFO - [2026-05-09T10:26:24.991+0000] {dag.py:3947} INFO - Setting next_dagrun for example_branch_datetime_operator to 2026-05-08 00:00:00+00:00, run_after=2026-05-09 00:00:00+00:00
[2026-05-09T10:26:24.995+0000] {logging_mixin.py:188} INFO - [2026-05-09T10:26:24.995+0000] {dag.py:3947} INFO - Setting next_dagrun for example_branch_datetime_operator_2 to 2026-05-08 00:00:00+00:00, run_after=2026-05-09 00:00:00+00:00
[2026-05-09T10:26:24.997+0000] {logging_mixin.py:188} INFO - [2026-05-09T10:26:24.997+0000] {dag.py:3947} INFO - Setting next_dagrun for example_branch_datetime_operator_3 to 2026-05-08 00:00:00+00:00, run_after=2026-05-09 00:00:00+00:00
[2026-05-09T10:26:25.008+0000] {processor.py:183} INFO - Processing /home/airflow/.local/lib/python3.12/site-packages/airflow/example_dags/example_branch_datetime_operator.py took 0.067 seconds
[2026-05-09T10:26:55.205+0000] {processor.py:161} INFO - Started process (PID=377) to work on /home/airflow/.local/lib/python3.12/site-packages/airflow/example_dags/example_branch_datetime_operator.py
[2026-05-09T10:26:55.206+0000] {processor.py:830} INFO - Processing file /home/airflow/.local/lib/python3.12/site-packages/airflow/example_dags/example_branch_datetime_operator.py for tasks to queue
[2026-05-09T10:26:55.207+0000] {logging_mixin.py:188} INFO - [2026-05-09T10:26:55.207+0000] {dagbag.py:545} INFO - Filling up the DagBag from /home/airflow/.local/lib/python3.12/site-packages/airflow/example_dags/example_branch_datetime_operator.py
[2026-05-09T10:26:55.214+0000] {processor.py:840} INFO - DAG(s) 'example_branch_datetime_operator', 'example_branch_datetime_operator_3', 'example_branch_datetime_operator_2' retrieved from /home/airflow/.local/lib/python3.12/site-packages/airflow/example_dags/example_branch_datetime_operator.py
[2026-05-09T10:26:55.232+0000] {logging_mixin.py:188} INFO - [2026-05-09T10:26:55.232+0000] {dag.py:3089} INFO - Sync 3 DAGs
[2026-05-09T10:26:55.246+0000] {logging_mixin.py:188} INFO - [2026-05-09T10:26:55.246+0000] {dag.py:3947} INFO - Setting next_dagrun for example_branch_datetime_operator to 2026-05-08 00:00:00+00:00, run_after=2026-05-09 00:00:00+00:00
[2026-05-09T10:26:55.250+0000] {logging_mixin.py:188} INFO - [2026-05-09T10:26:55.250+0000] {dag.py:3947} INFO - Setting next_dagrun for example_branch_datetime_operator_2 to 2026-05-08 00:00:00+00:00, run_after=2026-05-09 00:00:00+00:00
[2026-05-09T10:26:55.252+0000] {logging_mixin.py:188} INFO - [2026-05-09T10:26:55.252+0000] {dag.py:3947} INFO - Setting next_dagrun for example_branch_datetime_operator_3 to 2026-05-08 00:00:00+00:00, run_after=2026-05-09 00:00:00+00:00
[2026-05-09T10:26:55.263+0000] {processor.py:183} INFO - Processing /home/airflow/.local/lib/python3.12/site-packages/airflow/example_dags/example_branch_datetime_operator.py took 0.063 seconds
[2026-05-09T10:27:26.418+0000] {processor.py:161} INFO - Started process (PID=436) to work on /home/airflow/.local/lib/python3.12/site-packages/airflow/example_dags/example_branch_datetime_operator.py
[2026-05-09T10:27:26.419+0000] {processor.py:830} INFO - Processing file /home/airflow/.local/lib/python3.12/site-packages/airflow/example_dags/example_branch_datetime_operator.py for tasks to queue
[2026-05-09T10:27:26.421+0000] {logging_mixin.py:188} INFO - [2026-05-09T10:27:26.420+0000] {dagbag.py:545} INFO - Filling up the DagBag from /home/airflow/.local/lib/python3.12/site-packages/airflow/example_dags/example_branch_datetime_operator.py
[2026-05-09T10:27:26.428+0000] {processor.py:840} INFO - DAG(s) 'example_branch_datetime_operator_3', 'example_branch_datetime_operator', 'example_branch_datetime_operator_2' retrieved from /home/airflow/.local/lib/python3.12/site-packages/airflow/example_dags/example_branch_datetime_operator.py
[2026-05-09T10:27:26.449+0000] {logging_mixin.py:188} INFO - [2026-05-09T10:27:26.449+0000] {dag.py:3089} INFO - Sync 3 DAGs
[2026-05-09T10:27:26.465+0000] {logging_mixin.py:188} INFO - [2026-05-09T10:27:26.465+0000] {dag.py:3947} INFO - Setting next_dagrun for example_branch_datetime_operator to 2026-05-08 00:00:00+00:00, run_after=2026-05-09 00:00:00+00:00
[2026-05-09T10:27:26.469+0000] {logging_mixin.py:188} INFO - [2026-05-09T10:27:26.468+0000] {dag.py:3947} INFO - Setting next_dagrun for example_branch_datetime_operator_2 to 2026-05-08 00:00:00+00:00, run_after=2026-05-09 00:00:00+00:00
[2026-05-09T10:27:26.470+0000] {logging_mixin.py:188} INFO - [2026-05-09T10:27:26.470+0000] {dag.py:3947} INFO - Setting next_dagrun for example_branch_datetime_operator_3 to 2026-05-08 00:00:00+00:00, run_after=2026-05-09 00:00:00+00:00
[2026-05-09T10:27:26.480+0000] {processor.py:183} INFO - Processing /home/airflow/.local/lib/python3.12/site-packages/airflow/example_dags/example_branch_datetime_operator.py took 0.067 seconds
[2026-05-09T10:31:09.611+0000] {processor.py:161} INFO - Started process (PID=82) to work on /home/airflow/.local/lib/python3.12/site-packages/airflow/example_dags/example_branch_datetime_operator.py
[2026-05-09T10:31:09.612+0000] {processor.py:830} INFO - Processing file /home/airflow/.local/lib/python3.12/site-packages/airflow/example_dags/example_branch_datetime_operator.py for tasks to queue
[2026-05-09T10:31:09.614+0000] {logging_mixin.py:188} INFO - [2026-05-09T10:31:09.613+0000] {dagbag.py:545} INFO - Filling up the DagBag from /home/airflow/.local/lib/python3.12/site-packages/airflow/example_dags/example_branch_datetime_operator.py
[2026-05-09T10:31:09.627+0000] {processor.py:840} INFO - DAG(s) 'example_branch_datetime_operator', 'example_branch_datetime_operator_3', 'example_branch_datetime_operator_2' retrieved from /home/airflow/.local/lib/python3.12/site-packages/airflow/example_dags/example_branch_datetime_operator.py
[2026-05-09T10:31:09.640+0000] {logging_mixin.py:188} INFO - [2026-05-09T10:31:09.640+0000] {dag.py:3089} INFO - Sync 3 DAGs
[2026-05-09T10:31:09.661+0000] {logging_mixin.py:188} INFO - [2026-05-09T10:31:09.661+0000] {dag.py:3947} INFO - Setting next_dagrun for example_branch_datetime_operator to 2026-05-08 00:00:00+00:00, run_after=2026-05-09 00:00:00+00:00
[2026-05-09T10:31:09.667+0000] {logging_mixin.py:188} INFO - [2026-05-09T10:31:09.667+0000] {dag.py:3947} INFO - Setting next_dagrun for example_branch_datetime_operator_2 to 2026-05-08 00:00:00+00:00, run_after=2026-05-09 00:00:00+00:00
[2026-05-09T10:31:09.669+0000] {logging_mixin.py:188} INFO - [2026-05-09T10:31:09.669+0000] {dag.py:3947} INFO - Setting next_dagrun for example_branch_datetime_operator_3 to 2026-05-08 00:00:00+00:00, run_after=2026-05-09 00:00:00+00:00
[2026-05-09T10:31:09.683+0000] {processor.py:183} INFO - Processing /home/airflow/.local/lib/python3.12/site-packages/airflow/example_dags/example_branch_datetime_operator.py took 0.079 seconds
[2026-05-09T10:31:40.735+0000] {processor.py:161} INFO - Started process (PID=141) to work on /home/airflow/.local/lib/python3.12/site-packages/airflow/example_dags/example_branch_datetime_operator.py
[2026-05-09T10:31:40.735+0000] {processor.py:830} INFO - Processing file /home/airflow/.local/lib/python3.12/site-packages/airflow/example_dags/example_branch_datetime_operator.py for tasks to queue
[2026-05-09T10:31:40.737+0000] {logging_mixin.py:188} INFO - [2026-05-09T10:31:40.737+0000] {dagbag.py:545} INFO - Filling up the DagBag from /home/airflow/.local/lib/python3.12/site-packages/airflow/example_dags/example_branch_datetime_operator.py
[2026-05-09T10:31:40.744+0000] {processor.py:840} INFO - DAG(s) 'example_branch_datetime_operator_2', 'example_branch_datetime_operator', 'example_branch_datetime_operator_3' retrieved from /home/airflow/.local/lib/python3.12/site-packages/airflow/example_dags/example_branch_datetime_operator.py
[2026-05-09T10:31:40.835+0000] {logging_mixin.py:188} INFO - [2026-05-09T10:31:40.835+0000] {dag.py:3089} INFO - Sync 3 DAGs
[2026-05-09T10:31:40.852+0000] {logging_mixin.py:188} INFO - [2026-05-09T10:31:40.852+0000] {dag.py:3947} INFO - Setting next_dagrun for example_branch_datetime_operator to 2026-05-08 00:00:00+00:00, run_after=2026-05-09 00:00:00+00:00
[2026-05-09T10:31:40.858+0000] {logging_mixin.py:188} INFO - [2026-05-09T10:31:40.858+0000] {dag.py:3947} INFO - Setting next_dagrun for example_branch_datetime_operator_2 to 2026-05-08 00:00:00+00:00, run_after=2026-05-09 00:00:00+00:00
[2026-05-09T10:31:40.860+0000] {logging_mixin.py:188} INFO - [2026-05-09T10:31:40.860+0000] {dag.py:3947} INFO - Setting next_dagrun for example_branch_datetime_operator_3 to 2026-05-08 00:00:00+00:00, run_after=2026-05-09 00:00:00+00:00
[2026-05-09T10:31:40.873+0000] {processor.py:183} INFO - Processing /home/airflow/.local/lib/python3.12/site-packages/airflow/example_dags/example_branch_datetime_operator.py took 0.144 seconds
[2026-05-09T10:32:10.914+0000] {processor.py:161} INFO - Started process (PID=200) to work on /home/airflow/.local/lib/python3.12/site-packages/airflow/example_dags/example_branch_datetime_operator.py
[2026-05-09T10:32:10.915+0000] {processor.py:830} INFO - Processing file /home/airflow/.local/lib/python3.12/site-packages/airflow/example_dags/example_branch_datetime_operator.py for tasks to queue
[2026-05-09T10:32:10.916+0000] {logging_mixin.py:188} INFO - [2026-05-09T10:32:10.916+0000] {dagbag.py:545} INFO - Filling up the DagBag from /home/airflow/.local/lib/python3.12/site-packages/airflow/example_dags/example_branch_datetime_operator.py
[2026-05-09T10:32:10.923+0000] {processor.py:840} INFO - DAG(s) 'example_branch_datetime_operator', 'example_branch_datetime_operator_3', 'example_branch_datetime_operator_2' retrieved from /home/airflow/.local/lib/python3.12/site-packages/airflow/example_dags/example_branch_datetime_operator.py
[2026-05-09T10:32:10.943+0000] {logging_mixin.py:188} INFO - [2026-05-09T10:32:10.943+0000] {dag.py:3089} INFO - Sync 3 DAGs
[2026-05-09T10:32:10.962+0000] {logging_mixin.py:188} INFO - [2026-05-09T10:32:10.962+0000] {dag.py:3947} INFO - Setting next_dagrun for example_branch_datetime_operator to 2026-05-08 00:00:00+00:00, run_after=2026-05-09 00:00:00+00:00
[2026-05-09T10:32:10.965+0000] {logging_mixin.py:188} INFO - [2026-05-09T10:32:10.965+0000] {dag.py:3947} INFO - Setting next_dagrun for example_branch_datetime_operator_2 to 2026-05-08 00:00:00+00:00, run_after=2026-05-09 00:00:00+00:00
[2026-05-09T10:32:10.967+0000] {logging_mixin.py:188} INFO - [2026-05-09T10:32:10.967+0000] {dag.py:3947} INFO - Setting next_dagrun for example_branch_datetime_operator_3 to 2026-05-08 00:00:00+00:00, run_after=2026-05-09 00:00:00+00:00
[2026-05-09T10:32:10.978+0000] {processor.py:183} INFO - Processing /home/airflow/.local/lib/python3.12/site-packages/airflow/example_dags/example_branch_datetime_operator.py took 0.070 seconds
[2026-05-09T10:32:41.636+0000] {processor.py:161} INFO - Started process (PID=260) to work on /home/airflow/.local/lib/python3.12/site-packages/airflow/example_dags/example_branch_datetime_operator.py
[2026-05-09T10:32:41.637+0000] {processor.py:830} INFO - Processing file /home/airflow/.local/lib/python3.12/site-packages/airflow/example_dags/example_branch_datetime_operator.py for tasks to queue
[2026-05-09T10:32:41.639+0000] {logging_mixin.py:188} INFO - [2026-05-09T10:32:41.638+0000] {dagbag.py:545} INFO - Filling up the DagBag from /home/airflow/.local/lib/python3.12/site-packages/airflow/example_dags/example_branch_datetime_operator.py
[2026-05-09T10:32:41.647+0000] {processor.py:840} INFO - DAG(s) 'example_branch_datetime_operator_2', 'example_branch_datetime_operator_3', 'example_branch_datetime_operator' retrieved from /home/airflow/.local/lib/python3.12/site-packages/airflow/example_dags/example_branch_datetime_operator.py
[2026-05-09T10:32:41.671+0000] {logging_mixin.py:188} INFO - [2026-05-09T10:32:41.671+0000] {dag.py:3089} INFO - Sync 3 DAGs
[2026-05-09T10:32:41.689+0000] {logging_mixin.py:188} INFO - [2026-05-09T10:32:41.689+0000] {dag.py:3947} INFO - Setting next_dagrun for example_branch_datetime_operator to 2026-05-08 00:00:00+00:00, run_after=2026-05-09 00:00:00+00:00
[2026-05-09T10:32:41.693+0000] {logging_mixin.py:188} INFO - [2026-05-09T10:32:41.693+0000] {dag.py:3947} INFO - Setting next_dagrun for example_branch_datetime_operator_2 to 2026-05-08 00:00:00+00:00, run_after=2026-05-09 00:00:00+00:00
[2026-05-09T10:32:41.694+0000] {logging_mixin.py:188} INFO - [2026-05-09T10:32:41.694+0000] {dag.py:3947} INFO - Setting next_dagrun for example_branch_datetime_operator_3 to 2026-05-08 00:00:00+00:00, run_after=2026-05-09 00:00:00+00:00
[2026-05-09T10:32:41.708+0000] {processor.py:183} INFO - Processing /home/airflow/.local/lib/python3.12/site-packages/airflow/example_dags/example_branch_datetime_operator.py took 0.078 seconds
[2026-05-09T10:33:12.543+0000] {processor.py:161} INFO - Started process (PID=318) to work on /home/airflow/.local/lib/python3.12/site-packages/airflow/example_dags/example_branch_datetime_operator.py
[2026-05-09T10:33:12.543+0000] {processor.py:830} INFO - Processing file /home/airflow/.local/lib/python3.12/site-packages/airflow/example_dags/example_branch_datetime_operator.py for tasks to queue
[2026-05-09T10:33:12.545+0000] {logging_mixin.py:188} INFO - [2026-05-09T10:33:12.545+0000] {dagbag.py:545} INFO - Filling up the DagBag from /home/airflow/.local/lib/python3.12/site-packages/airflow/example_dags/example_branch_datetime_operator.py
[2026-05-09T10:33:12.552+0000] {processor.py:840} INFO - DAG(s) 'example_branch_datetime_operator_2', 'example_branch_datetime_operator_3', 'example_branch_datetime_operator' retrieved from /home/airflow/.local/lib/python3.12/site-packages/airflow/example_dags/example_branch_datetime_operator.py
[2026-05-09T10:33:12.572+0000] {logging_mixin.py:188} INFO - [2026-05-09T10:33:12.572+0000] {dag.py:3089} INFO - Sync 3 DAGs
[2026-05-09T10:33:12.587+0000] {logging_mixin.py:188} INFO - [2026-05-09T10:33:12.586+0000] {dag.py:3947} INFO - Setting next_dagrun for example_branch_datetime_operator to 2026-05-08 00:00:00+00:00, run_after=2026-05-09 00:00:00+00:00
[2026-05-09T10:33:12.592+0000] {logging_mixin.py:188} INFO - [2026-05-09T10:33:12.591+0000] {dag.py:3947} INFO - Setting next_dagrun for example_branch_datetime_operator_2 to 2026-05-08 00:00:00+00:00, run_after=2026-05-09 00:00:00+00:00
[2026-05-09T10:33:12.593+0000] {logging_mixin.py:188} INFO - [2026-05-09T10:33:12.593+0000] {dag.py:3947} INFO - Setting next_dagrun for example_branch_datetime_operator_3 to 2026-05-08 00:00:00+00:00, run_after=2026-05-09 00:00:00+00:00
[2026-05-09T10:33:12.606+0000] {processor.py:183} INFO - Processing /home/airflow/.local/lib/python3.12/site-packages/airflow/example_dags/example_branch_datetime_operator.py took 0.068 seconds
[2026-05-09T10:33:43.256+0000] {processor.py:161} INFO - Started process (PID=377) to work on /home/airflow/.local/lib/python3.12/site-packages/airflow/example_dags/example_branch_datetime_operator.py
[2026-05-09T10:33:43.257+0000] {processor.py:830} INFO - Processing file /home/airflow/.local/lib/python3.12/site-packages/airflow/example_dags/example_branch_datetime_operator.py for tasks to queue
[2026-05-09T10:33:43.259+0000] {logging_mixin.py:188} INFO - [2026-05-09T10:33:43.258+0000] {dagbag.py:545} INFO - Filling up the DagBag from /home/airflow/.local/lib/python3.12/site-packages/airflow/example_dags/example_branch_datetime_operator.py
[2026-05-09T10:33:43.266+0000] {processor.py:840} INFO - DAG(s) 'example_branch_datetime_operator_3', 'example_branch_datetime_operator', 'example_branch_datetime_operator_2' retrieved from /home/airflow/.local/lib/python3.12/site-packages/airflow/example_dags/example_branch_datetime_operator.py
[2026-05-09T10:33:43.287+0000] {logging_mixin.py:188} INFO - [2026-05-09T10:33:43.287+0000] {dag.py:3089} INFO - Sync 3 DAGs
[2026-05-09T10:33:43.306+0000] {logging_mixin.py:188} INFO - [2026-05-09T10:33:43.306+0000] {dag.py:3947} INFO - Setting next_dagrun for example_branch_datetime_operator to 2026-05-08 00:00:00+00:00, run_after=2026-05-09 00:00:00+00:00
[2026-05-09T10:33:43.309+0000] {logging_mixin.py:188} INFO - [2026-05-09T10:33:43.309+0000] {dag.py:3947} INFO - Setting next_dagrun for example_branch_datetime_operator_2 to 2026-05-08 00:00:00+00:00, run_after=2026-05-09 00:00:00+00:00
[2026-05-09T10:33:43.311+0000] {logging_mixin.py:188} INFO - [2026-05-09T10:33:43.311+0000] {dag.py:3947} INFO - Setting next_dagrun for example_branch_datetime_operator_3 to 2026-05-08 00:00:00+00:00, run_after=2026-05-09 00:00:00+00:00
[2026-05-09T10:33:43.322+0000] {processor.py:183} INFO - Processing /home/airflow/.local/lib/python3.12/site-packages/airflow/example_dags/example_branch_datetime_operator.py took 0.071 seconds
[2026-05-09T10:34:13.936+0000] {processor.py:161} INFO - Started process (PID=436) to work on /home/airflow/.local/lib/python3.12/site-packages/airflow/example_dags/example_branch_datetime_operator.py
[2026-05-09T10:34:13.937+0000] {processor.py:830} INFO - Processing file /home/airflow/.local/lib/python3.12/site-packages/airflow/example_dags/example_branch_datetime_operator.py for tasks to queue
[2026-05-09T10:34:13.939+0000] {logging_mixin.py:188} INFO - [2026-05-09T10:34:13.939+0000] {dagbag.py:545} INFO - Filling up the DagBag from /home/airflow/.local/lib/python3.12/site-packages/airflow/example_dags/example_branch_datetime_operator.py
[2026-05-09T10:34:13.945+0000] {processor.py:840} INFO - DAG(s) 'example_branch_datetime_operator', 'example_branch_datetime_operator_3', 'example_branch_datetime_operator_2' retrieved from /home/airflow/.local/lib/python3.12/site-packages/airflow/example_dags/example_branch_datetime_operator.py
[2026-05-09T10:34:13.966+0000] {logging_mixin.py:188} INFO - [2026-05-09T10:34:13.966+0000] {dag.py:3089} INFO - Sync 3 DAGs
[2026-05-09T10:34:13.984+0000] {logging_mixin.py:188} INFO - [2026-05-09T10:34:13.984+0000] {dag.py:3947} INFO - Setting next_dagrun for example_branch_datetime_operator to 2026-05-08 00:00:00+00:00, run_after=2026-05-09 00:00:00+00:00
[2026-05-09T10:34:13.988+0000] {logging_mixin.py:188} INFO - [2026-05-09T10:34:13.988+0000] {dag.py:3947} INFO - Setting next_dagrun for example_branch_datetime_operator_2 to 2026-05-08 00:00:00+00:00, run_after=2026-05-09 00:00:00+00:00
[2026-05-09T10:34:13.989+0000] {logging_mixin.py:188} INFO - [2026-05-09T10:34:13.989+0000] {dag.py:3947} INFO - Setting next_dagrun for example_branch_datetime_operator_3 to 2026-05-08 00:00:00+00:00, run_after=2026-05-09 00:00:00+00:00
[2026-05-09T10:34:14.001+0000] {processor.py:183} INFO - Processing /home/airflow/.local/lib/python3.12/site-packages/airflow/example_dags/example_branch_datetime_operator.py took 0.070 seconds
[2026-05-09T10:34:44.631+0000] {processor.py:161} INFO - Started process (PID=495) to work on /home/airflow/.local/lib/python3.12/site-packages/airflow/example_dags/example_branch_datetime_operator.py
[2026-05-09T10:34:44.631+0000] {processor.py:830} INFO - Processing file /home/airflow/.local/lib/python3.12/site-packages/airflow/example_dags/example_branch_datetime_operator.py for tasks to queue
[2026-05-09T10:34:44.633+0000] {logging_mixin.py:188} INFO - [2026-05-09T10:34:44.633+0000] {dagbag.py:545} INFO - Filling up the DagBag from /home/airflow/.local/lib/python3.12/site-packages/airflow/example_dags/example_branch_datetime_operator.py
[2026-05-09T10:34:44.640+0000] {processor.py:840} INFO - DAG(s) 'example_branch_datetime_operator_3', 'example_branch_datetime_operator_2', 'example_branch_datetime_operator' retrieved from /home/airflow/.local/lib/python3.12/site-packages/airflow/example_dags/example_branch_datetime_operator.py
[2026-05-09T10:34:44.661+0000] {logging_mixin.py:188} INFO - [2026-05-09T10:34:44.661+0000] {dag.py:3089} INFO - Sync 3 DAGs
[2026-05-09T10:34:44.676+0000] {logging_mixin.py:188} INFO - [2026-05-09T10:34:44.676+0000] {dag.py:3947} INFO - Setting next_dagrun for example_branch_datetime_operator to 2026-05-08 00:00:00+00:00, run_after=2026-05-09 00:00:00+00:00
[2026-05-09T10:34:44.679+0000] {logging_mixin.py:188} INFO - [2026-05-09T10:34:44.679+0000] {dag.py:3947} INFO - Setting next_dagrun for example_branch_datetime_operator_2 to 2026-05-08 00:00:00+00:00, run_after=2026-05-09 00:00:00+00:00
[2026-05-09T10:34:44.681+0000] {logging_mixin.py:188} INFO - [2026-05-09T10:34:44.681+0000] {dag.py:3947} INFO - Setting next_dagrun for example_branch_datetime_operator_3 to 2026-05-08 00:00:00+00:00, run_after=2026-05-09 00:00:00+00:00
[2026-05-09T10:34:44.692+0000] {processor.py:183} INFO - Processing /home/airflow/.local/lib/python3.12/site-packages/airflow/example_dags/example_branch_datetime_operator.py took 0.067 seconds
[2026-05-09T10:35:15.215+0000] {processor.py:161} INFO - Started process (PID=554) to work on /home/airflow/.local/lib/python3.12/site-packages/airflow/example_dags/example_branch_datetime_operator.py
[2026-05-09T10:35:15.216+0000] {processor.py:830} INFO - Processing file /home/airflow/.local/lib/python3.12/site-packages/airflow/example_dags/example_branch_datetime_operator.py for tasks to queue
[2026-05-09T10:35:15.217+0000] {logging_mixin.py:188} INFO - [2026-05-09T10:35:15.217+0000] {dagbag.py:545} INFO - Filling up the DagBag from /home/airflow/.local/lib/python3.12/site-packages/airflow/example_dags/example_branch_datetime_operator.py
[2026-05-09T10:35:15.224+0000] {processor.py:840} INFO - DAG(s) 'example_branch_datetime_operator_2', 'example_branch_datetime_operator', 'example_branch_datetime_operator_3' retrieved from /home/airflow/.local/lib/python3.12/site-packages/airflow/example_dags/example_branch_datetime_operator.py
[2026-05-09T10:35:15.244+0000] {logging_mixin.py:188} INFO - [2026-05-09T10:35:15.244+0000] {dag.py:3089} INFO - Sync 3 DAGs
[2026-05-09T10:35:15.259+0000] {logging_mixin.py:188} INFO - [2026-05-09T10:35:15.259+0000] {dag.py:3947} INFO - Setting next_dagrun for example_branch_datetime_operator to 2026-05-08 00:00:00+00:00, run_after=2026-05-09 00:00:00+00:00
[2026-05-09T10:35:15.262+0000] {logging_mixin.py:188} INFO - [2026-05-09T10:35:15.262+0000] {dag.py:3947} INFO - Setting next_dagrun for example_branch_datetime_operator_2 to 2026-05-08 00:00:00+00:00, run_after=2026-05-09 00:00:00+00:00
[2026-05-09T10:35:15.264+0000] {logging_mixin.py:188} INFO - [2026-05-09T10:35:15.264+0000] {dag.py:3947} INFO - Setting next_dagrun for example_branch_datetime_operator_3 to 2026-05-08 00:00:00+00:00, run_after=2026-05-09 00:00:00+00:00
[2026-05-09T10:35:15.274+0000] {processor.py:183} INFO - Processing /home/airflow/.local/lib/python3.12/site-packages/airflow/example_dags/example_branch_datetime_operator.py took 0.064 seconds
[2026-05-09T10:35:45.960+0000] {processor.py:161} INFO - Started process (PID=613) to work on /home/airflow/.local/lib/python3.12/site-packages/airflow/example_dags/example_branch_datetime_operator.py
[2026-05-09T10:35:45.961+0000] {processor.py:830} INFO - Processing file /home/airflow/.local/lib/python3.12/site-packages/airflow/example_dags/example_branch_datetime_operator.py for tasks to queue
[2026-05-09T10:35:45.962+0000] {logging_mixin.py:188} INFO - [2026-05-09T10:35:45.962+0000] {dagbag.py:545} INFO - Filling up the DagBag from /home/airflow/.local/lib/python3.12/site-packages/airflow/example_dags/example_branch_datetime_operator.py
[2026-05-09T10:35:45.969+0000] {processor.py:840} INFO - DAG(s) 'example_branch_datetime_operator_2', 'example_branch_datetime_operator', 'example_branch_datetime_operator_3' retrieved from /home/airflow/.local/lib/python3.12/site-packages/airflow/example_dags/example_branch_datetime_operator.py
[2026-05-09T10:35:45.988+0000] {logging_mixin.py:188} INFO - [2026-05-09T10:35:45.988+0000] {dag.py:3089} INFO - Sync 3 DAGs
[2026-05-09T10:35:46.003+0000] {logging_mixin.py:188} INFO - [2026-05-09T10:35:46.003+0000] {dag.py:3947} INFO - Setting next_dagrun for example_branch_datetime_operator to 2026-05-08 00:00:00+00:00, run_after=2026-05-09 00:00:00+00:00
[2026-05-09T10:35:46.007+0000] {logging_mixin.py:188} INFO - [2026-05-09T10:35:46.006+0000] {dag.py:3947} INFO - Setting next_dagrun for example_branch_datetime_operator_2 to 2026-05-08 00:00:00+00:00, run_after=2026-05-09 00:00:00+00:00
[2026-05-09T10:35:46.008+0000] {logging_mixin.py:188} INFO - [2026-05-09T10:35:46.008+0000] {dag.py:3947} INFO - Setting next_dagrun for example_branch_datetime_operator_3 to 2026-05-08 00:00:00+00:00, run_after=2026-05-09 00:00:00+00:00
[2026-05-09T10:35:46.020+0000] {processor.py:183} INFO - Processing /home/airflow/.local/lib/python3.12/site-packages/airflow/example_dags/example_branch_datetime_operator.py took 0.065 seconds
[2026-05-09T10:36:16.825+0000] {processor.py:161} INFO - Started process (PID=672) to work on /home/airflow/.local/lib/python3.12/site-packages/airflow/example_dags/example_branch_datetime_operator.py
[2026-05-09T10:36:16.826+0000] {processor.py:830} INFO - Processing file /home/airflow/.local/lib/python3.12/site-packages/airflow/example_dags/example_branch_datetime_operator.py for tasks to queue
[2026-05-09T10:36:16.827+0000] {logging_mixin.py:188} INFO - [2026-05-09T10:36:16.827+0000] {dagbag.py:545} INFO - Filling up the DagBag from /home/airflow/.local/lib/python3.12/site-packages/airflow/example_dags/example_branch_datetime_operator.py
[2026-05-09T10:36:16.834+0000] {processor.py:840} INFO - DAG(s) 'example_branch_datetime_operator_2', 'example_branch_datetime_operator_3', 'example_branch_datetime_operator' retrieved from /home/airflow/.local/lib/python3.12/site-packages/airflow/example_dags/example_branch_datetime_operator.py
[2026-05-09T10:36:16.854+0000] {logging_mixin.py:188} INFO - [2026-05-09T10:36:16.853+0000] {dag.py:3089} INFO - Sync 3 DAGs
[2026-05-09T10:36:16.868+0000] {logging_mixin.py:188} INFO - [2026-05-09T10:36:16.868+0000] {dag.py:3947} INFO - Setting next_dagrun for example_branch_datetime_operator to 2026-05-08 00:00:00+00:00, run_after=2026-05-09 00:00:00+00:00
[2026-05-09T10:36:16.871+0000] {logging_mixin.py:188} INFO - [2026-05-09T10:36:16.871+0000] {dag.py:3947} INFO - Setting next_dagrun for example_branch_datetime_operator_2 to 2026-05-08 00:00:00+00:00, run_after=2026-05-09 00:00:00+00:00
[2026-05-09T10:36:16.872+0000] {logging_mixin.py:188} INFO - [2026-05-09T10:36:16.872+0000] {dag.py:3947} INFO - Setting next_dagrun for example_branch_datetime_operator_3 to 2026-05-08 00:00:00+00:00, run_after=2026-05-09 00:00:00+00:00
[2026-05-09T10:36:16.883+0000] {processor.py:183} INFO - Processing /home/airflow/.local/lib/python3.12/site-packages/airflow/example_dags/example_branch_datetime_operator.py took 0.063 seconds
[2026-05-09T10:36:47.932+0000] {processor.py:161} INFO - Started process (PID=731) to work on /home/airflow/.local/lib/python3.12/site-packages/airflow/example_dags/example_branch_datetime_operator.py
[2026-05-09T10:36:47.932+0000] {processor.py:830} INFO - Processing file /home/airflow/.local/lib/python3.12/site-packages/airflow/example_dags/example_branch_datetime_operator.py for tasks to queue
[2026-05-09T10:36:47.934+0000] {logging_mixin.py:188} INFO - [2026-05-09T10:36:47.934+0000] {dagbag.py:545} INFO - Filling up the DagBag from /home/airflow/.local/lib/python3.12/site-packages/airflow/example_dags/example_branch_datetime_operator.py
[2026-05-09T10:36:47.941+0000] {processor.py:840} INFO - DAG(s) 'example_branch_datetime_operator', 'example_branch_datetime_operator_3', 'example_branch_datetime_operator_2' retrieved from /home/airflow/.local/lib/python3.12/site-packages/airflow/example_dags/example_branch_datetime_operator.py
[2026-05-09T10:36:47.961+0000] {logging_mixin.py:188} INFO - [2026-05-09T10:36:47.961+0000] {dag.py:3089} INFO - Sync 3 DAGs
[2026-05-09T10:36:47.977+0000] {logging_mixin.py:188} INFO - [2026-05-09T10:36:47.977+0000] {dag.py:3947} INFO - Setting next_dagrun for example_branch_datetime_operator to 2026-05-08 00:00:00+00:00, run_after=2026-05-09 00:00:00+00:00
[2026-05-09T10:36:47.981+0000] {logging_mixin.py:188} INFO - [2026-05-09T10:36:47.981+0000] {dag.py:3947} INFO - Setting next_dagrun for example_branch_datetime_operator_2 to 2026-05-08 00:00:00+00:00, run_after=2026-05-09 00:00:00+00:00
[2026-05-09T10:36:47.982+0000] {logging_mixin.py:188} INFO - [2026-05-09T10:36:47.982+0000] {dag.py:3947} INFO - Setting next_dagrun for example_branch_datetime_operator_3 to 2026-05-08 00:00:00+00:00, run_after=2026-05-09 00:00:00+00:00
[2026-05-09T10:36:47.994+0000] {processor.py:183} INFO - Processing /home/airflow/.local/lib/python3.12/site-packages/airflow/example_dags/example_branch_datetime_operator.py took 0.068 seconds
[2026-05-09T10:37:19.059+0000] {processor.py:161} INFO - Started process (PID=790) to work on /home/airflow/.local/lib/python3.12/site-packages/airflow/example_dags/example_branch_datetime_operator.py
[2026-05-09T10:37:19.060+0000] {processor.py:830} INFO - Processing file /home/airflow/.local/lib/python3.12/site-packages/airflow/example_dags/example_branch_datetime_operator.py for tasks to queue
[2026-05-09T10:37:19.062+0000] {logging_mixin.py:188} INFO - [2026-05-09T10:37:19.061+0000] {dagbag.py:545} INFO - Filling up the DagBag from /home/airflow/.local/lib/python3.12/site-packages/airflow/example_dags/example_branch_datetime_operator.py
[2026-05-09T10:37:19.068+0000] {processor.py:840} INFO - DAG(s) 'example_branch_datetime_operator', 'example_branch_datetime_operator_3', 'example_branch_datetime_operator_2' retrieved from /home/airflow/.local/lib/python3.12/site-packages/airflow/example_dags/example_branch_datetime_operator.py
[2026-05-09T10:37:19.089+0000] {logging_mixin.py:188} INFO - [2026-05-09T10:37:19.088+0000] {dag.py:3089} INFO - Sync 3 DAGs
[2026-05-09T10:37:19.104+0000] {logging_mixin.py:188} INFO - [2026-05-09T10:37:19.104+0000] {dag.py:3947} INFO - Setting next_dagrun for example_branch_datetime_operator to 2026-05-08 00:00:00+00:00, run_after=2026-05-09 00:00:00+00:00
[2026-05-09T10:37:19.107+0000] {logging_mixin.py:188} INFO - [2026-05-09T10:37:19.107+0000] {dag.py:3947} INFO - Setting next_dagrun for example_branch_datetime_operator_2 to 2026-05-08 00:00:00+00:00, run_after=2026-05-09 00:00:00+00:00
[2026-05-09T10:37:19.109+0000] {logging_mixin.py:188} INFO - [2026-05-09T10:37:19.109+0000] {dag.py:3947} INFO - Setting next_dagrun for example_branch_datetime_operator_3 to 2026-05-08 00:00:00+00:00, run_after=2026-05-09 00:00:00+00:00
[2026-05-09T10:37:19.119+0000] {processor.py:183} INFO - Processing /home/airflow/.local/lib/python3.12/site-packages/airflow/example_dags/example_branch_datetime_operator.py took 0.066 seconds
[2026-05-09T10:37:50.777+0000] {processor.py:161} INFO - Started process (PID=850) to work on /home/airflow/.local/lib/python3.12/site-packages/airflow/example_dags/example_branch_datetime_operator.py
[2026-05-09T10:37:50.778+0000] {processor.py:830} INFO - Processing file /home/airflow/.local/lib/python3.12/site-packages/airflow/example_dags/example_branch_datetime_operator.py for tasks to queue
[2026-05-09T10:37:50.779+0000] {logging_mixin.py:188} INFO - [2026-05-09T10:37:50.779+0000] {dagbag.py:545} INFO - Filling up the DagBag from /home/airflow/.local/lib/python3.12/site-packages/airflow/example_dags/example_branch_datetime_operator.py
[2026-05-09T10:37:50.787+0000] {processor.py:840} INFO - DAG(s) 'example_branch_datetime_operator_2', 'example_branch_datetime_operator_3', 'example_branch_datetime_operator' retrieved from /home/airflow/.local/lib/python3.12/site-packages/airflow/example_dags/example_branch_datetime_operator.py
[2026-05-09T10:37:50.806+0000] {logging_mixin.py:188} INFO - [2026-05-09T10:37:50.806+0000] {dag.py:3089} INFO - Sync 3 DAGs
[2026-05-09T10:37:50.822+0000] {logging_mixin.py:188} INFO - [2026-05-09T10:37:50.822+0000] {dag.py:3947} INFO - Setting next_dagrun for example_branch_datetime_operator to 2026-05-08 00:00:00+00:00, run_after=2026-05-09 00:00:00+00:00
[2026-05-09T10:37:50.826+0000] {logging_mixin.py:188} INFO - [2026-05-09T10:37:50.825+0000] {dag.py:3947} INFO - Setting next_dagrun for example_branch_datetime_operator_2 to 2026-05-08 00:00:00+00:00, run_after=2026-05-09 00:00:00+00:00
[2026-05-09T10:37:50.827+0000] {logging_mixin.py:188} INFO - [2026-05-09T10:37:50.827+0000] {dag.py:3947} INFO - Setting next_dagrun for example_branch_datetime_operator_3 to 2026-05-08 00:00:00+00:00, run_after=2026-05-09 00:00:00+00:00
[2026-05-09T10:37:50.838+0000] {processor.py:183} INFO - Processing /home/airflow/.local/lib/python3.12/site-packages/airflow/example_dags/example_branch_datetime_operator.py took 0.066 seconds
[2026-05-09T10:38:21.438+0000] {processor.py:161} INFO - Started process (PID=909) to work on /home/airflow/.local/lib/python3.12/site-packages/airflow/example_dags/example_branch_datetime_operator.py
[2026-05-09T10:38:21.439+0000] {processor.py:830} INFO - Processing file /home/airflow/.local/lib/python3.12/site-packages/airflow/example_dags/example_branch_datetime_operator.py for tasks to queue
[2026-05-09T10:38:21.441+0000] {logging_mixin.py:188} INFO - [2026-05-09T10:38:21.440+0000] {dagbag.py:545} INFO - Filling up the DagBag from /home/airflow/.local/lib/python3.12/site-packages/airflow/example_dags/example_branch_datetime_operator.py
[2026-05-09T10:38:21.448+0000] {processor.py:840} INFO - DAG(s) 'example_branch_datetime_operator_3', 'example_branch_datetime_operator', 'example_branch_datetime_operator_2' retrieved from /home/airflow/.local/lib/python3.12/site-packages/airflow/example_dags/example_branch_datetime_operator.py
[2026-05-09T10:38:21.470+0000] {logging_mixin.py:188} INFO - [2026-05-09T10:38:21.469+0000] {dag.py:3089} INFO - Sync 3 DAGs
[2026-05-09T10:38:21.486+0000] {logging_mixin.py:188} INFO - [2026-05-09T10:38:21.486+0000] {dag.py:3947} INFO - Setting next_dagrun for example_branch_datetime_operator to 2026-05-08 00:00:00+00:00, run_after=2026-05-09 00:00:00+00:00
[2026-05-09T10:38:21.490+0000] {logging_mixin.py:188} INFO - [2026-05-09T10:38:21.490+0000] {dag.py:3947} INFO - Setting next_dagrun for example_branch_datetime_operator_2 to 2026-05-08 00:00:00+00:00, run_after=2026-05-09 00:00:00+00:00
[2026-05-09T10:38:21.492+0000] {logging_mixin.py:188} INFO - [2026-05-09T10:38:21.492+0000] {dag.py:3947} INFO - Setting next_dagrun for example_branch_datetime_operator_3 to 2026-05-08 00:00:00+00:00, run_after=2026-05-09 00:00:00+00:00
[2026-05-09T10:38:21.504+0000] {processor.py:183} INFO - Processing /home/airflow/.local/lib/python3.12/site-packages/airflow/example_dags/example_branch_datetime_operator.py took 0.073 seconds
[2026-05-09T10:38:51.804+0000] {processor.py:161} INFO - Started process (PID=968) to work on /home/airflow/.local/lib/python3.12/site-packages/airflow/example_dags/example_branch_datetime_operator.py
[2026-05-09T10:38:51.805+0000] {processor.py:830} INFO - Processing file /home/airflow/.local/lib/python3.12/site-packages/airflow/example_dags/example_branch_datetime_operator.py for tasks to queue
[2026-05-09T10:38:51.807+0000] {logging_mixin.py:188} INFO - [2026-05-09T10:38:51.806+0000] {dagbag.py:545} INFO - Filling up the DagBag from /home/airflow/.local/lib/python3.12/site-packages/airflow/example_dags/example_branch_datetime_operator.py
[2026-05-09T10:38:51.813+0000] {processor.py:840} INFO - DAG(s) 'example_branch_datetime_operator_2', 'example_branch_datetime_operator_3', 'example_branch_datetime_operator' retrieved from /home/airflow/.local/lib/python3.12/site-packages/airflow/example_dags/example_branch_datetime_operator.py
[2026-05-09T10:38:51.833+0000] {logging_mixin.py:188} INFO - [2026-05-09T10:38:51.833+0000] {dag.py:3089} INFO - Sync 3 DAGs
[2026-05-09T10:38:51.849+0000] {logging_mixin.py:188} INFO - [2026-05-09T10:38:51.849+0000] {dag.py:3947} INFO - Setting next_dagrun for example_branch_datetime_operator to 2026-05-08 00:00:00+00:00, run_after=2026-05-09 00:00:00+00:00
[2026-05-09T10:38:51.853+0000] {logging_mixin.py:188} INFO - [2026-05-09T10:38:51.853+0000] {dag.py:3947} INFO - Setting next_dagrun for example_branch_datetime_operator_2 to 2026-05-08 00:00:00+00:00, run_after=2026-05-09 00:00:00+00:00
[2026-05-09T10:38:51.854+0000] {logging_mixin.py:188} INFO - [2026-05-09T10:38:51.854+0000] {dag.py:3947} INFO - Setting next_dagrun for example_branch_datetime_operator_3 to 2026-05-08 00:00:00+00:00, run_after=2026-05-09 00:00:00+00:00
[2026-05-09T10:38:51.866+0000] {processor.py:183} INFO - Processing /home/airflow/.local/lib/python3.12/site-packages/airflow/example_dags/example_branch_datetime_operator.py took 0.067 seconds
[2026-05-09T10:39:22.634+0000] {processor.py:161} INFO - Started process (PID=1027) to work on /home/airflow/.local/lib/python3.12/site-packages/airflow/example_dags/example_branch_datetime_operator.py
[2026-05-09T10:39:22.635+0000] {processor.py:830} INFO - Processing file /home/airflow/.local/lib/python3.12/site-packages/airflow/example_dags/example_branch_datetime_operator.py for tasks to queue
[2026-05-09T10:39:22.637+0000] {logging_mixin.py:188} INFO - [2026-05-09T10:39:22.637+0000] {dagbag.py:545} INFO - Filling up the DagBag from /home/airflow/.local/lib/python3.12/site-packages/airflow/example_dags/example_branch_datetime_operator.py
[2026-05-09T10:39:22.645+0000] {processor.py:840} INFO - DAG(s) 'example_branch_datetime_operator_3', 'example_branch_datetime_operator_2', 'example_branch_datetime_operator' retrieved from /home/airflow/.local/lib/python3.12/site-packages/airflow/example_dags/example_branch_datetime_operator.py
[2026-05-09T10:39:22.666+0000] {logging_mixin.py:188} INFO - [2026-05-09T10:39:22.666+0000] {dag.py:3089} INFO - Sync 3 DAGs
[2026-05-09T10:39:22.682+0000] {logging_mixin.py:188} INFO - [2026-05-09T10:39:22.682+0000] {dag.py:3947} INFO - Setting next_dagrun for example_branch_datetime_operator to 2026-05-08 00:00:00+00:00, run_after=2026-05-09 00:00:00+00:00
[2026-05-09T10:39:22.686+0000] {logging_mixin.py:188} INFO - [2026-05-09T10:39:22.686+0000] {dag.py:3947} INFO - Setting next_dagrun for example_branch_datetime_operator_2 to 2026-05-08 00:00:00+00:00, run_after=2026-05-09 00:00:00+00:00
[2026-05-09T10:39:22.687+0000] {logging_mixin.py:188} INFO - [2026-05-09T10:39:22.687+0000] {dag.py:3947} INFO - Setting next_dagrun for example_branch_datetime_operator_3 to 2026-05-08 00:00:00+00:00, run_after=2026-05-09 00:00:00+00:00
[2026-05-09T10:39:22.699+0000] {processor.py:183} INFO - Processing /home/airflow/.local/lib/python3.12/site-packages/airflow/example_dags/example_branch_datetime_operator.py took 0.070 seconds
[2026-05-09T10:39:53.836+0000] {processor.py:161} INFO - Started process (PID=1086) to work on /home/airflow/.local/lib/python3.12/site-packages/airflow/example_dags/example_branch_datetime_operator.py
[2026-05-09T10:39:53.837+0000] {processor.py:830} INFO - Processing file /home/airflow/.local/lib/python3.12/site-packages/airflow/example_dags/example_branch_datetime_operator.py for tasks to queue
[2026-05-09T10:39:53.839+0000] {logging_mixin.py:188} INFO - [2026-05-09T10:39:53.839+0000] {dagbag.py:545} INFO - Filling up the DagBag from /home/airflow/.local/lib/python3.12/site-packages/airflow/example_dags/example_branch_datetime_operator.py
[2026-05-09T10:39:53.846+0000] {processor.py:840} INFO - DAG(s) 'example_branch_datetime_operator_2', 'example_branch_datetime_operator', 'example_branch_datetime_operator_3' retrieved from /home/airflow/.local/lib/python3.12/site-packages/airflow/example_dags/example_branch_datetime_operator.py
[2026-05-09T10:39:53.868+0000] {logging_mixin.py:188} INFO - [2026-05-09T10:39:53.868+0000] {dag.py:3089} INFO - Sync 3 DAGs
[2026-05-09T10:39:53.886+0000] {logging_mixin.py:188} INFO - [2026-05-09T10:39:53.885+0000] {dag.py:3947} INFO - Setting next_dagrun for example_branch_datetime_operator to 2026-05-08 00:00:00+00:00, run_after=2026-05-09 00:00:00+00:00
[2026-05-09T10:39:53.889+0000] {logging_mixin.py:188} INFO - [2026-05-09T10:39:53.889+0000] {dag.py:3947} INFO - Setting next_dagrun for example_branch_datetime_operator_2 to 2026-05-08 00:00:00+00:00, run_after=2026-05-09 00:00:00+00:00
[2026-05-09T10:39:53.891+0000] {logging_mixin.py:188} INFO - [2026-05-09T10:39:53.891+0000] {dag.py:3947} INFO - Setting next_dagrun for example_branch_datetime_operator_3 to 2026-05-08 00:00:00+00:00, run_after=2026-05-09 00:00:00+00:00
[2026-05-09T10:39:53.901+0000] {processor.py:183} INFO - Processing /home/airflow/.local/lib/python3.12/site-packages/airflow/example_dags/example_branch_datetime_operator.py took 0.071 seconds
