[2026-05-09T08:08:18.893+0000] {processor.py:161} INFO - Started process (PID=57) to work on /home/airflow/.local/lib/python3.12/site-packages/airflow/example_dags/example_kubernetes_executor.py
[2026-05-09T08:08:18.894+0000] {processor.py:830} INFO - Processing file /home/airflow/.local/lib/python3.12/site-packages/airflow/example_dags/example_kubernetes_executor.py for tasks to queue
[2026-05-09T08:08:18.896+0000] {logging_mixin.py:188} INFO - [2026-05-09T08:08:18.896+0000] {dagbag.py:545} INFO - Filling up the DagBag from /home/airflow/.local/lib/python3.12/site-packages/airflow/example_dags/example_kubernetes_executor.py
[2026-05-09T08:08:18.916+0000] {processor.py:840} INFO - DAG(s) 'example_kubernetes_executor' retrieved from /home/airflow/.local/lib/python3.12/site-packages/airflow/example_dags/example_kubernetes_executor.py
[2026-05-09T08:08:18.932+0000] {logging_mixin.py:188} INFO - [2026-05-09T08:08:18.932+0000] {dag.py:3089} INFO - Sync 1 DAGs
[2026-05-09T08:08:18.948+0000] {logging_mixin.py:188} INFO - [2026-05-09T08:08:18.947+0000] {dag.py:3947} INFO - Setting next_dagrun for example_kubernetes_executor to None, run_after=None
[2026-05-09T08:08:18.968+0000] {processor.py:183} INFO - Processing /home/airflow/.local/lib/python3.12/site-packages/airflow/example_dags/example_kubernetes_executor.py took 0.084 seconds
[2026-05-09T08:08:49.305+0000] {processor.py:161} INFO - Started process (PID=116) to work on /home/airflow/.local/lib/python3.12/site-packages/airflow/example_dags/example_kubernetes_executor.py
[2026-05-09T08:08:49.306+0000] {processor.py:830} INFO - Processing file /home/airflow/.local/lib/python3.12/site-packages/airflow/example_dags/example_kubernetes_executor.py for tasks to queue
[2026-05-09T08:08:49.308+0000] {logging_mixin.py:188} INFO - [2026-05-09T08:08:49.307+0000] {dagbag.py:545} INFO - Filling up the DagBag from /home/airflow/.local/lib/python3.12/site-packages/airflow/example_dags/example_kubernetes_executor.py
[2026-05-09T08:08:49.321+0000] {processor.py:840} INFO - DAG(s) 'example_kubernetes_executor' retrieved from /home/airflow/.local/lib/python3.12/site-packages/airflow/example_dags/example_kubernetes_executor.py
[2026-05-09T08:08:49.419+0000] {logging_mixin.py:188} INFO - [2026-05-09T08:08:49.419+0000] {dag.py:3089} INFO - Sync 1 DAGs
[2026-05-09T08:08:49.430+0000] {logging_mixin.py:188} INFO - [2026-05-09T08:08:49.429+0000] {dag.py:3947} INFO - Setting next_dagrun for example_kubernetes_executor to None, run_after=None
[2026-05-09T08:08:49.446+0000] {processor.py:183} INFO - Processing /home/airflow/.local/lib/python3.12/site-packages/airflow/example_dags/example_kubernetes_executor.py took 0.147 seconds
[2026-05-09T08:09:19.668+0000] {processor.py:161} INFO - Started process (PID=175) to work on /home/airflow/.local/lib/python3.12/site-packages/airflow/example_dags/example_kubernetes_executor.py
[2026-05-09T08:09:19.669+0000] {processor.py:830} INFO - Processing file /home/airflow/.local/lib/python3.12/site-packages/airflow/example_dags/example_kubernetes_executor.py for tasks to queue
[2026-05-09T08:09:19.671+0000] {logging_mixin.py:188} INFO - [2026-05-09T08:09:19.670+0000] {dagbag.py:545} INFO - Filling up the DagBag from /home/airflow/.local/lib/python3.12/site-packages/airflow/example_dags/example_kubernetes_executor.py
[2026-05-09T08:09:19.681+0000] {processor.py:840} INFO - DAG(s) 'example_kubernetes_executor' retrieved from /home/airflow/.local/lib/python3.12/site-packages/airflow/example_dags/example_kubernetes_executor.py
[2026-05-09T08:09:19.719+0000] {logging_mixin.py:188} INFO - [2026-05-09T08:09:19.719+0000] {dag.py:3089} INFO - Sync 1 DAGs
[2026-05-09T08:09:19.728+0000] {logging_mixin.py:188} INFO - [2026-05-09T08:09:19.728+0000] {dag.py:3947} INFO - Setting next_dagrun for example_kubernetes_executor to None, run_after=None
[2026-05-09T08:09:19.742+0000] {processor.py:183} INFO - Processing /home/airflow/.local/lib/python3.12/site-packages/airflow/example_dags/example_kubernetes_executor.py took 0.081 seconds
[2026-05-09T08:09:50.179+0000] {processor.py:161} INFO - Started process (PID=234) to work on /home/airflow/.local/lib/python3.12/site-packages/airflow/example_dags/example_kubernetes_executor.py
[2026-05-09T08:09:50.180+0000] {processor.py:830} INFO - Processing file /home/airflow/.local/lib/python3.12/site-packages/airflow/example_dags/example_kubernetes_executor.py for tasks to queue
[2026-05-09T08:09:50.181+0000] {logging_mixin.py:188} INFO - [2026-05-09T08:09:50.181+0000] {dagbag.py:545} INFO - Filling up the DagBag from /home/airflow/.local/lib/python3.12/site-packages/airflow/example_dags/example_kubernetes_executor.py
[2026-05-09T08:09:50.191+0000] {processor.py:840} INFO - DAG(s) 'example_kubernetes_executor' retrieved from /home/airflow/.local/lib/python3.12/site-packages/airflow/example_dags/example_kubernetes_executor.py
[2026-05-09T08:09:50.222+0000] {logging_mixin.py:188} INFO - [2026-05-09T08:09:50.222+0000] {dag.py:3089} INFO - Sync 1 DAGs
[2026-05-09T08:09:50.231+0000] {logging_mixin.py:188} INFO - [2026-05-09T08:09:50.231+0000] {dag.py:3947} INFO - Setting next_dagrun for example_kubernetes_executor to None, run_after=None
[2026-05-09T08:09:50.246+0000] {processor.py:183} INFO - Processing /home/airflow/.local/lib/python3.12/site-packages/airflow/example_dags/example_kubernetes_executor.py took 0.073 seconds
[2026-05-09T08:10:20.766+0000] {processor.py:161} INFO - Started process (PID=293) to work on /home/airflow/.local/lib/python3.12/site-packages/airflow/example_dags/example_kubernetes_executor.py
[2026-05-09T08:10:20.767+0000] {processor.py:830} INFO - Processing file /home/airflow/.local/lib/python3.12/site-packages/airflow/example_dags/example_kubernetes_executor.py for tasks to queue
[2026-05-09T08:10:20.769+0000] {logging_mixin.py:188} INFO - [2026-05-09T08:10:20.768+0000] {dagbag.py:545} INFO - Filling up the DagBag from /home/airflow/.local/lib/python3.12/site-packages/airflow/example_dags/example_kubernetes_executor.py
[2026-05-09T08:10:20.778+0000] {processor.py:840} INFO - DAG(s) 'example_kubernetes_executor' retrieved from /home/airflow/.local/lib/python3.12/site-packages/airflow/example_dags/example_kubernetes_executor.py
[2026-05-09T08:10:20.805+0000] {logging_mixin.py:188} INFO - [2026-05-09T08:10:20.805+0000] {dag.py:3089} INFO - Sync 1 DAGs
[2026-05-09T08:10:20.814+0000] {logging_mixin.py:188} INFO - [2026-05-09T08:10:20.813+0000] {dag.py:3947} INFO - Setting next_dagrun for example_kubernetes_executor to None, run_after=None
[2026-05-09T08:10:20.827+0000] {processor.py:183} INFO - Processing /home/airflow/.local/lib/python3.12/site-packages/airflow/example_dags/example_kubernetes_executor.py took 0.065 seconds
[2026-05-09T08:10:51.163+0000] {processor.py:161} INFO - Started process (PID=352) to work on /home/airflow/.local/lib/python3.12/site-packages/airflow/example_dags/example_kubernetes_executor.py
[2026-05-09T08:10:51.164+0000] {processor.py:830} INFO - Processing file /home/airflow/.local/lib/python3.12/site-packages/airflow/example_dags/example_kubernetes_executor.py for tasks to queue
[2026-05-09T08:10:51.165+0000] {logging_mixin.py:188} INFO - [2026-05-09T08:10:51.165+0000] {dagbag.py:545} INFO - Filling up the DagBag from /home/airflow/.local/lib/python3.12/site-packages/airflow/example_dags/example_kubernetes_executor.py
[2026-05-09T08:10:51.174+0000] {processor.py:840} INFO - DAG(s) 'example_kubernetes_executor' retrieved from /home/airflow/.local/lib/python3.12/site-packages/airflow/example_dags/example_kubernetes_executor.py
[2026-05-09T08:10:51.204+0000] {logging_mixin.py:188} INFO - [2026-05-09T08:10:51.203+0000] {dag.py:3089} INFO - Sync 1 DAGs
[2026-05-09T08:10:51.216+0000] {logging_mixin.py:188} INFO - [2026-05-09T08:10:51.215+0000] {dag.py:3947} INFO - Setting next_dagrun for example_kubernetes_executor to None, run_after=None
[2026-05-09T08:10:51.229+0000] {processor.py:183} INFO - Processing /home/airflow/.local/lib/python3.12/site-packages/airflow/example_dags/example_kubernetes_executor.py took 0.073 seconds
[2026-05-09T08:11:22.094+0000] {processor.py:161} INFO - Started process (PID=411) to work on /home/airflow/.local/lib/python3.12/site-packages/airflow/example_dags/example_kubernetes_executor.py
[2026-05-09T08:11:22.094+0000] {processor.py:830} INFO - Processing file /home/airflow/.local/lib/python3.12/site-packages/airflow/example_dags/example_kubernetes_executor.py for tasks to queue
[2026-05-09T08:11:22.096+0000] {logging_mixin.py:188} INFO - [2026-05-09T08:11:22.096+0000] {dagbag.py:545} INFO - Filling up the DagBag from /home/airflow/.local/lib/python3.12/site-packages/airflow/example_dags/example_kubernetes_executor.py
[2026-05-09T08:11:22.105+0000] {processor.py:840} INFO - DAG(s) 'example_kubernetes_executor' retrieved from /home/airflow/.local/lib/python3.12/site-packages/airflow/example_dags/example_kubernetes_executor.py
[2026-05-09T08:11:22.135+0000] {logging_mixin.py:188} INFO - [2026-05-09T08:11:22.134+0000] {dag.py:3089} INFO - Sync 1 DAGs
[2026-05-09T08:11:22.144+0000] {logging_mixin.py:188} INFO - [2026-05-09T08:11:22.144+0000] {dag.py:3947} INFO - Setting next_dagrun for example_kubernetes_executor to None, run_after=None
[2026-05-09T08:11:22.157+0000] {processor.py:183} INFO - Processing /home/airflow/.local/lib/python3.12/site-packages/airflow/example_dags/example_kubernetes_executor.py took 0.069 seconds
[2026-05-09T08:11:52.393+0000] {processor.py:161} INFO - Started process (PID=470) to work on /home/airflow/.local/lib/python3.12/site-packages/airflow/example_dags/example_kubernetes_executor.py
[2026-05-09T08:11:52.394+0000] {processor.py:830} INFO - Processing file /home/airflow/.local/lib/python3.12/site-packages/airflow/example_dags/example_kubernetes_executor.py for tasks to queue
[2026-05-09T08:11:52.395+0000] {logging_mixin.py:188} INFO - [2026-05-09T08:11:52.395+0000] {dagbag.py:545} INFO - Filling up the DagBag from /home/airflow/.local/lib/python3.12/site-packages/airflow/example_dags/example_kubernetes_executor.py
[2026-05-09T08:11:52.404+0000] {processor.py:840} INFO - DAG(s) 'example_kubernetes_executor' retrieved from /home/airflow/.local/lib/python3.12/site-packages/airflow/example_dags/example_kubernetes_executor.py
[2026-05-09T08:11:52.436+0000] {logging_mixin.py:188} INFO - [2026-05-09T08:11:52.435+0000] {dag.py:3089} INFO - Sync 1 DAGs
[2026-05-09T08:11:52.445+0000] {logging_mixin.py:188} INFO - [2026-05-09T08:11:52.445+0000] {dag.py:3947} INFO - Setting next_dagrun for example_kubernetes_executor to None, run_after=None
[2026-05-09T08:11:52.459+0000] {processor.py:183} INFO - Processing /home/airflow/.local/lib/python3.12/site-packages/airflow/example_dags/example_kubernetes_executor.py took 0.073 seconds
[2026-05-09T08:12:22.820+0000] {processor.py:161} INFO - Started process (PID=529) to work on /home/airflow/.local/lib/python3.12/site-packages/airflow/example_dags/example_kubernetes_executor.py
[2026-05-09T08:12:22.821+0000] {processor.py:830} INFO - Processing file /home/airflow/.local/lib/python3.12/site-packages/airflow/example_dags/example_kubernetes_executor.py for tasks to queue
[2026-05-09T08:12:22.823+0000] {logging_mixin.py:188} INFO - [2026-05-09T08:12:22.822+0000] {dagbag.py:545} INFO - Filling up the DagBag from /home/airflow/.local/lib/python3.12/site-packages/airflow/example_dags/example_kubernetes_executor.py
[2026-05-09T08:12:22.832+0000] {processor.py:840} INFO - DAG(s) 'example_kubernetes_executor' retrieved from /home/airflow/.local/lib/python3.12/site-packages/airflow/example_dags/example_kubernetes_executor.py
[2026-05-09T08:12:22.865+0000] {logging_mixin.py:188} INFO - [2026-05-09T08:12:22.864+0000] {dag.py:3089} INFO - Sync 1 DAGs
[2026-05-09T08:12:22.875+0000] {logging_mixin.py:188} INFO - [2026-05-09T08:12:22.874+0000] {dag.py:3947} INFO - Setting next_dagrun for example_kubernetes_executor to None, run_after=None
[2026-05-09T08:12:22.889+0000] {processor.py:183} INFO - Processing /home/airflow/.local/lib/python3.12/site-packages/airflow/example_dags/example_kubernetes_executor.py took 0.074 seconds
[2026-05-09T08:13:58.789+0000] {processor.py:161} INFO - Started process (PID=51) to work on /home/airflow/.local/lib/python3.12/site-packages/airflow/example_dags/example_kubernetes_executor.py
[2026-05-09T08:13:58.790+0000] {processor.py:830} INFO - Processing file /home/airflow/.local/lib/python3.12/site-packages/airflow/example_dags/example_kubernetes_executor.py for tasks to queue
[2026-05-09T08:13:58.792+0000] {logging_mixin.py:188} INFO - [2026-05-09T08:13:58.792+0000] {dagbag.py:545} INFO - Filling up the DagBag from /home/airflow/.local/lib/python3.12/site-packages/airflow/example_dags/example_kubernetes_executor.py
[2026-05-09T08:13:58.809+0000] {processor.py:840} INFO - DAG(s) 'example_kubernetes_executor' retrieved from /home/airflow/.local/lib/python3.12/site-packages/airflow/example_dags/example_kubernetes_executor.py
[2026-05-09T08:13:58.822+0000] {logging_mixin.py:188} INFO - [2026-05-09T08:13:58.821+0000] {dag.py:3089} INFO - Sync 1 DAGs
[2026-05-09T08:13:58.835+0000] {logging_mixin.py:188} INFO - [2026-05-09T08:13:58.835+0000] {dag.py:3947} INFO - Setting next_dagrun for example_kubernetes_executor to None, run_after=None
[2026-05-09T08:13:58.852+0000] {processor.py:183} INFO - Processing /home/airflow/.local/lib/python3.12/site-packages/airflow/example_dags/example_kubernetes_executor.py took 0.070 seconds
[2026-05-09T08:14:29.863+0000] {processor.py:161} INFO - Started process (PID=116) to work on /home/airflow/.local/lib/python3.12/site-packages/airflow/example_dags/example_kubernetes_executor.py
[2026-05-09T08:14:29.863+0000] {processor.py:830} INFO - Processing file /home/airflow/.local/lib/python3.12/site-packages/airflow/example_dags/example_kubernetes_executor.py for tasks to queue
[2026-05-09T08:14:29.865+0000] {logging_mixin.py:188} INFO - [2026-05-09T08:14:29.865+0000] {dagbag.py:545} INFO - Filling up the DagBag from /home/airflow/.local/lib/python3.12/site-packages/airflow/example_dags/example_kubernetes_executor.py
[2026-05-09T08:14:29.874+0000] {processor.py:840} INFO - DAG(s) 'example_kubernetes_executor' retrieved from /home/airflow/.local/lib/python3.12/site-packages/airflow/example_dags/example_kubernetes_executor.py
[2026-05-09T08:14:29.967+0000] {logging_mixin.py:188} INFO - [2026-05-09T08:14:29.966+0000] {dag.py:3089} INFO - Sync 1 DAGs
[2026-05-09T08:14:29.974+0000] {logging_mixin.py:188} INFO - [2026-05-09T08:14:29.974+0000] {dag.py:3947} INFO - Setting next_dagrun for example_kubernetes_executor to None, run_after=None
[2026-05-09T08:14:29.987+0000] {processor.py:183} INFO - Processing /home/airflow/.local/lib/python3.12/site-packages/airflow/example_dags/example_kubernetes_executor.py took 0.130 seconds
[2026-05-09T08:15:00.035+0000] {processor.py:161} INFO - Started process (PID=176) to work on /home/airflow/.local/lib/python3.12/site-packages/airflow/example_dags/example_kubernetes_executor.py
[2026-05-09T08:15:00.035+0000] {processor.py:830} INFO - Processing file /home/airflow/.local/lib/python3.12/site-packages/airflow/example_dags/example_kubernetes_executor.py for tasks to queue
[2026-05-09T08:15:00.037+0000] {logging_mixin.py:188} INFO - [2026-05-09T08:15:00.037+0000] {dagbag.py:545} INFO - Filling up the DagBag from /home/airflow/.local/lib/python3.12/site-packages/airflow/example_dags/example_kubernetes_executor.py
[2026-05-09T08:15:00.045+0000] {processor.py:840} INFO - DAG(s) 'example_kubernetes_executor' retrieved from /home/airflow/.local/lib/python3.12/site-packages/airflow/example_dags/example_kubernetes_executor.py
[2026-05-09T08:15:00.073+0000] {logging_mixin.py:188} INFO - [2026-05-09T08:15:00.072+0000] {dag.py:3089} INFO - Sync 1 DAGs
[2026-05-09T08:15:00.081+0000] {logging_mixin.py:188} INFO - [2026-05-09T08:15:00.081+0000] {dag.py:3947} INFO - Setting next_dagrun for example_kubernetes_executor to None, run_after=None
[2026-05-09T08:15:00.093+0000] {processor.py:183} INFO - Processing /home/airflow/.local/lib/python3.12/site-packages/airflow/example_dags/example_kubernetes_executor.py took 0.062 seconds
[2026-05-09T08:15:30.202+0000] {processor.py:161} INFO - Started process (PID=235) to work on /home/airflow/.local/lib/python3.12/site-packages/airflow/example_dags/example_kubernetes_executor.py
[2026-05-09T08:15:30.203+0000] {processor.py:830} INFO - Processing file /home/airflow/.local/lib/python3.12/site-packages/airflow/example_dags/example_kubernetes_executor.py for tasks to queue
[2026-05-09T08:15:30.204+0000] {logging_mixin.py:188} INFO - [2026-05-09T08:15:30.204+0000] {dagbag.py:545} INFO - Filling up the DagBag from /home/airflow/.local/lib/python3.12/site-packages/airflow/example_dags/example_kubernetes_executor.py
[2026-05-09T08:15:30.212+0000] {processor.py:840} INFO - DAG(s) 'example_kubernetes_executor' retrieved from /home/airflow/.local/lib/python3.12/site-packages/airflow/example_dags/example_kubernetes_executor.py
[2026-05-09T08:15:30.240+0000] {logging_mixin.py:188} INFO - [2026-05-09T08:15:30.239+0000] {dag.py:3089} INFO - Sync 1 DAGs
[2026-05-09T08:15:30.250+0000] {logging_mixin.py:188} INFO - [2026-05-09T08:15:30.249+0000] {dag.py:3947} INFO - Setting next_dagrun for example_kubernetes_executor to None, run_after=None
[2026-05-09T08:15:30.261+0000] {processor.py:183} INFO - Processing /home/airflow/.local/lib/python3.12/site-packages/airflow/example_dags/example_kubernetes_executor.py took 0.065 seconds
[2026-05-09T08:16:00.459+0000] {processor.py:161} INFO - Started process (PID=294) to work on /home/airflow/.local/lib/python3.12/site-packages/airflow/example_dags/example_kubernetes_executor.py
[2026-05-09T08:16:00.459+0000] {processor.py:830} INFO - Processing file /home/airflow/.local/lib/python3.12/site-packages/airflow/example_dags/example_kubernetes_executor.py for tasks to queue
[2026-05-09T08:16:00.461+0000] {logging_mixin.py:188} INFO - [2026-05-09T08:16:00.461+0000] {dagbag.py:545} INFO - Filling up the DagBag from /home/airflow/.local/lib/python3.12/site-packages/airflow/example_dags/example_kubernetes_executor.py
[2026-05-09T08:16:00.470+0000] {processor.py:840} INFO - DAG(s) 'example_kubernetes_executor' retrieved from /home/airflow/.local/lib/python3.12/site-packages/airflow/example_dags/example_kubernetes_executor.py
[2026-05-09T08:16:00.501+0000] {logging_mixin.py:188} INFO - [2026-05-09T08:16:00.500+0000] {dag.py:3089} INFO - Sync 1 DAGs
[2026-05-09T08:16:00.510+0000] {logging_mixin.py:188} INFO - [2026-05-09T08:16:00.509+0000] {dag.py:3947} INFO - Setting next_dagrun for example_kubernetes_executor to None, run_after=None
[2026-05-09T08:16:00.523+0000] {processor.py:183} INFO - Processing /home/airflow/.local/lib/python3.12/site-packages/airflow/example_dags/example_kubernetes_executor.py took 0.070 seconds
[2026-05-09T08:17:06.656+0000] {processor.py:161} INFO - Started process (PID=51) to work on /home/airflow/.local/lib/python3.12/site-packages/airflow/example_dags/example_kubernetes_executor.py
[2026-05-09T08:17:06.657+0000] {processor.py:830} INFO - Processing file /home/airflow/.local/lib/python3.12/site-packages/airflow/example_dags/example_kubernetes_executor.py for tasks to queue
[2026-05-09T08:17:06.659+0000] {logging_mixin.py:188} INFO - [2026-05-09T08:17:06.658+0000] {dagbag.py:545} INFO - Filling up the DagBag from /home/airflow/.local/lib/python3.12/site-packages/airflow/example_dags/example_kubernetes_executor.py
[2026-05-09T08:17:06.672+0000] {processor.py:840} INFO - DAG(s) 'example_kubernetes_executor' retrieved from /home/airflow/.local/lib/python3.12/site-packages/airflow/example_dags/example_kubernetes_executor.py
[2026-05-09T08:17:06.684+0000] {logging_mixin.py:188} INFO - [2026-05-09T08:17:06.684+0000] {dag.py:3089} INFO - Sync 1 DAGs
[2026-05-09T08:17:06.699+0000] {logging_mixin.py:188} INFO - [2026-05-09T08:17:06.699+0000] {dag.py:3947} INFO - Setting next_dagrun for example_kubernetes_executor to None, run_after=None
[2026-05-09T08:17:06.717+0000] {processor.py:183} INFO - Processing /home/airflow/.local/lib/python3.12/site-packages/airflow/example_dags/example_kubernetes_executor.py took 0.066 seconds
[2026-05-09T08:17:37.551+0000] {processor.py:161} INFO - Started process (PID=116) to work on /home/airflow/.local/lib/python3.12/site-packages/airflow/example_dags/example_kubernetes_executor.py
[2026-05-09T08:17:37.552+0000] {processor.py:830} INFO - Processing file /home/airflow/.local/lib/python3.12/site-packages/airflow/example_dags/example_kubernetes_executor.py for tasks to queue
[2026-05-09T08:17:37.553+0000] {logging_mixin.py:188} INFO - [2026-05-09T08:17:37.553+0000] {dagbag.py:545} INFO - Filling up the DagBag from /home/airflow/.local/lib/python3.12/site-packages/airflow/example_dags/example_kubernetes_executor.py
[2026-05-09T08:17:37.565+0000] {processor.py:840} INFO - DAG(s) 'example_kubernetes_executor' retrieved from /home/airflow/.local/lib/python3.12/site-packages/airflow/example_dags/example_kubernetes_executor.py
[2026-05-09T08:17:37.658+0000] {logging_mixin.py:188} INFO - [2026-05-09T08:17:37.658+0000] {dag.py:3089} INFO - Sync 1 DAGs
[2026-05-09T08:17:37.666+0000] {logging_mixin.py:188} INFO - [2026-05-09T08:17:37.666+0000] {dag.py:3947} INFO - Setting next_dagrun for example_kubernetes_executor to None, run_after=None
[2026-05-09T08:17:37.682+0000] {processor.py:183} INFO - Processing /home/airflow/.local/lib/python3.12/site-packages/airflow/example_dags/example_kubernetes_executor.py took 0.136 seconds
[2026-05-09T08:18:08.635+0000] {processor.py:161} INFO - Started process (PID=175) to work on /home/airflow/.local/lib/python3.12/site-packages/airflow/example_dags/example_kubernetes_executor.py
[2026-05-09T08:18:08.636+0000] {processor.py:830} INFO - Processing file /home/airflow/.local/lib/python3.12/site-packages/airflow/example_dags/example_kubernetes_executor.py for tasks to queue
[2026-05-09T08:18:08.637+0000] {logging_mixin.py:188} INFO - [2026-05-09T08:18:08.637+0000] {dagbag.py:545} INFO - Filling up the DagBag from /home/airflow/.local/lib/python3.12/site-packages/airflow/example_dags/example_kubernetes_executor.py
[2026-05-09T08:18:08.649+0000] {processor.py:840} INFO - DAG(s) 'example_kubernetes_executor' retrieved from /home/airflow/.local/lib/python3.12/site-packages/airflow/example_dags/example_kubernetes_executor.py
[2026-05-09T08:18:08.687+0000] {logging_mixin.py:188} INFO - [2026-05-09T08:18:08.687+0000] {dag.py:3089} INFO - Sync 1 DAGs
[2026-05-09T08:18:08.700+0000] {logging_mixin.py:188} INFO - [2026-05-09T08:18:08.700+0000] {dag.py:3947} INFO - Setting next_dagrun for example_kubernetes_executor to None, run_after=None
[2026-05-09T08:18:08.715+0000] {processor.py:183} INFO - Processing /home/airflow/.local/lib/python3.12/site-packages/airflow/example_dags/example_kubernetes_executor.py took 0.087 seconds
[2026-05-09T08:18:38.769+0000] {processor.py:161} INFO - Started process (PID=234) to work on /home/airflow/.local/lib/python3.12/site-packages/airflow/example_dags/example_kubernetes_executor.py
[2026-05-09T08:18:38.770+0000] {processor.py:830} INFO - Processing file /home/airflow/.local/lib/python3.12/site-packages/airflow/example_dags/example_kubernetes_executor.py for tasks to queue
[2026-05-09T08:18:38.772+0000] {logging_mixin.py:188} INFO - [2026-05-09T08:18:38.771+0000] {dagbag.py:545} INFO - Filling up the DagBag from /home/airflow/.local/lib/python3.12/site-packages/airflow/example_dags/example_kubernetes_executor.py
[2026-05-09T08:18:38.780+0000] {processor.py:840} INFO - DAG(s) 'example_kubernetes_executor' retrieved from /home/airflow/.local/lib/python3.12/site-packages/airflow/example_dags/example_kubernetes_executor.py
[2026-05-09T08:18:38.810+0000] {logging_mixin.py:188} INFO - [2026-05-09T08:18:38.810+0000] {dag.py:3089} INFO - Sync 1 DAGs
[2026-05-09T08:18:38.820+0000] {logging_mixin.py:188} INFO - [2026-05-09T08:18:38.819+0000] {dag.py:3947} INFO - Setting next_dagrun for example_kubernetes_executor to None, run_after=None
[2026-05-09T08:18:38.836+0000] {processor.py:183} INFO - Processing /home/airflow/.local/lib/python3.12/site-packages/airflow/example_dags/example_kubernetes_executor.py took 0.072 seconds
[2026-05-09T08:19:09.230+0000] {processor.py:161} INFO - Started process (PID=294) to work on /home/airflow/.local/lib/python3.12/site-packages/airflow/example_dags/example_kubernetes_executor.py
[2026-05-09T08:19:09.231+0000] {processor.py:830} INFO - Processing file /home/airflow/.local/lib/python3.12/site-packages/airflow/example_dags/example_kubernetes_executor.py for tasks to queue
[2026-05-09T08:19:09.233+0000] {logging_mixin.py:188} INFO - [2026-05-09T08:19:09.232+0000] {dagbag.py:545} INFO - Filling up the DagBag from /home/airflow/.local/lib/python3.12/site-packages/airflow/example_dags/example_kubernetes_executor.py
[2026-05-09T08:19:09.242+0000] {processor.py:840} INFO - DAG(s) 'example_kubernetes_executor' retrieved from /home/airflow/.local/lib/python3.12/site-packages/airflow/example_dags/example_kubernetes_executor.py
[2026-05-09T08:19:09.276+0000] {logging_mixin.py:188} INFO - [2026-05-09T08:19:09.276+0000] {dag.py:3089} INFO - Sync 1 DAGs
[2026-05-09T08:19:09.285+0000] {logging_mixin.py:188} INFO - [2026-05-09T08:19:09.285+0000] {dag.py:3947} INFO - Setting next_dagrun for example_kubernetes_executor to None, run_after=None
[2026-05-09T08:19:09.298+0000] {processor.py:183} INFO - Processing /home/airflow/.local/lib/python3.12/site-packages/airflow/example_dags/example_kubernetes_executor.py took 0.076 seconds
[2026-05-09T08:19:40.026+0000] {processor.py:161} INFO - Started process (PID=353) to work on /home/airflow/.local/lib/python3.12/site-packages/airflow/example_dags/example_kubernetes_executor.py
[2026-05-09T08:19:40.027+0000] {processor.py:830} INFO - Processing file /home/airflow/.local/lib/python3.12/site-packages/airflow/example_dags/example_kubernetes_executor.py for tasks to queue
[2026-05-09T08:19:40.029+0000] {logging_mixin.py:188} INFO - [2026-05-09T08:19:40.029+0000] {dagbag.py:545} INFO - Filling up the DagBag from /home/airflow/.local/lib/python3.12/site-packages/airflow/example_dags/example_kubernetes_executor.py
[2026-05-09T08:19:40.039+0000] {processor.py:840} INFO - DAG(s) 'example_kubernetes_executor' retrieved from /home/airflow/.local/lib/python3.12/site-packages/airflow/example_dags/example_kubernetes_executor.py
[2026-05-09T08:19:40.071+0000] {logging_mixin.py:188} INFO - [2026-05-09T08:19:40.071+0000] {dag.py:3089} INFO - Sync 1 DAGs
[2026-05-09T08:19:40.081+0000] {logging_mixin.py:188} INFO - [2026-05-09T08:19:40.081+0000] {dag.py:3947} INFO - Setting next_dagrun for example_kubernetes_executor to None, run_after=None
[2026-05-09T08:19:40.095+0000] {processor.py:183} INFO - Processing /home/airflow/.local/lib/python3.12/site-packages/airflow/example_dags/example_kubernetes_executor.py took 0.074 seconds
[2026-05-09T08:20:10.371+0000] {processor.py:161} INFO - Started process (PID=412) to work on /home/airflow/.local/lib/python3.12/site-packages/airflow/example_dags/example_kubernetes_executor.py
[2026-05-09T08:20:10.372+0000] {processor.py:830} INFO - Processing file /home/airflow/.local/lib/python3.12/site-packages/airflow/example_dags/example_kubernetes_executor.py for tasks to queue
[2026-05-09T08:20:10.374+0000] {logging_mixin.py:188} INFO - [2026-05-09T08:20:10.373+0000] {dagbag.py:545} INFO - Filling up the DagBag from /home/airflow/.local/lib/python3.12/site-packages/airflow/example_dags/example_kubernetes_executor.py
[2026-05-09T08:20:10.383+0000] {processor.py:840} INFO - DAG(s) 'example_kubernetes_executor' retrieved from /home/airflow/.local/lib/python3.12/site-packages/airflow/example_dags/example_kubernetes_executor.py
[2026-05-09T08:20:10.413+0000] {logging_mixin.py:188} INFO - [2026-05-09T08:20:10.413+0000] {dag.py:3089} INFO - Sync 1 DAGs
[2026-05-09T08:20:10.423+0000] {logging_mixin.py:188} INFO - [2026-05-09T08:20:10.422+0000] {dag.py:3947} INFO - Setting next_dagrun for example_kubernetes_executor to None, run_after=None
[2026-05-09T08:20:10.436+0000] {processor.py:183} INFO - Processing /home/airflow/.local/lib/python3.12/site-packages/airflow/example_dags/example_kubernetes_executor.py took 0.071 seconds
[2026-05-09T08:21:01.162+0000] {processor.py:161} INFO - Started process (PID=51) to work on /home/airflow/.local/lib/python3.12/site-packages/airflow/example_dags/example_kubernetes_executor.py
[2026-05-09T08:21:01.163+0000] {processor.py:830} INFO - Processing file /home/airflow/.local/lib/python3.12/site-packages/airflow/example_dags/example_kubernetes_executor.py for tasks to queue
[2026-05-09T08:21:01.166+0000] {logging_mixin.py:188} INFO - [2026-05-09T08:21:01.165+0000] {dagbag.py:545} INFO - Filling up the DagBag from /home/airflow/.local/lib/python3.12/site-packages/airflow/example_dags/example_kubernetes_executor.py
[2026-05-09T08:21:01.182+0000] {processor.py:840} INFO - DAG(s) 'example_kubernetes_executor' retrieved from /home/airflow/.local/lib/python3.12/site-packages/airflow/example_dags/example_kubernetes_executor.py
[2026-05-09T08:21:01.194+0000] {logging_mixin.py:188} INFO - [2026-05-09T08:21:01.194+0000] {dag.py:3089} INFO - Sync 1 DAGs
[2026-05-09T08:21:01.207+0000] {logging_mixin.py:188} INFO - [2026-05-09T08:21:01.207+0000] {dag.py:3947} INFO - Setting next_dagrun for example_kubernetes_executor to None, run_after=None
[2026-05-09T08:21:01.226+0000] {processor.py:183} INFO - Processing /home/airflow/.local/lib/python3.12/site-packages/airflow/example_dags/example_kubernetes_executor.py took 0.075 seconds
[2026-05-09T08:21:32.018+0000] {processor.py:161} INFO - Started process (PID=116) to work on /home/airflow/.local/lib/python3.12/site-packages/airflow/example_dags/example_kubernetes_executor.py
[2026-05-09T08:21:32.019+0000] {processor.py:830} INFO - Processing file /home/airflow/.local/lib/python3.12/site-packages/airflow/example_dags/example_kubernetes_executor.py for tasks to queue
[2026-05-09T08:21:32.021+0000] {logging_mixin.py:188} INFO - [2026-05-09T08:21:32.020+0000] {dagbag.py:545} INFO - Filling up the DagBag from /home/airflow/.local/lib/python3.12/site-packages/airflow/example_dags/example_kubernetes_executor.py
[2026-05-09T08:21:32.029+0000] {processor.py:840} INFO - DAG(s) 'example_kubernetes_executor' retrieved from /home/airflow/.local/lib/python3.12/site-packages/airflow/example_dags/example_kubernetes_executor.py
[2026-05-09T08:21:32.122+0000] {logging_mixin.py:188} INFO - [2026-05-09T08:21:32.122+0000] {dag.py:3089} INFO - Sync 1 DAGs
[2026-05-09T08:21:32.130+0000] {logging_mixin.py:188} INFO - [2026-05-09T08:21:32.129+0000] {dag.py:3947} INFO - Setting next_dagrun for example_kubernetes_executor to None, run_after=None
[2026-05-09T08:21:32.144+0000] {processor.py:183} INFO - Processing /home/airflow/.local/lib/python3.12/site-packages/airflow/example_dags/example_kubernetes_executor.py took 0.131 seconds
[2026-05-09T08:22:02.967+0000] {processor.py:161} INFO - Started process (PID=175) to work on /home/airflow/.local/lib/python3.12/site-packages/airflow/example_dags/example_kubernetes_executor.py
[2026-05-09T08:22:02.968+0000] {processor.py:830} INFO - Processing file /home/airflow/.local/lib/python3.12/site-packages/airflow/example_dags/example_kubernetes_executor.py for tasks to queue
[2026-05-09T08:22:02.970+0000] {logging_mixin.py:188} INFO - [2026-05-09T08:22:02.970+0000] {dagbag.py:545} INFO - Filling up the DagBag from /home/airflow/.local/lib/python3.12/site-packages/airflow/example_dags/example_kubernetes_executor.py
[2026-05-09T08:22:02.980+0000] {processor.py:840} INFO - DAG(s) 'example_kubernetes_executor' retrieved from /home/airflow/.local/lib/python3.12/site-packages/airflow/example_dags/example_kubernetes_executor.py
[2026-05-09T08:22:03.011+0000] {logging_mixin.py:188} INFO - [2026-05-09T08:22:03.011+0000] {dag.py:3089} INFO - Sync 1 DAGs
[2026-05-09T08:22:03.020+0000] {logging_mixin.py:188} INFO - [2026-05-09T08:22:03.019+0000] {dag.py:3947} INFO - Setting next_dagrun for example_kubernetes_executor to None, run_after=None
[2026-05-09T08:22:03.032+0000] {processor.py:183} INFO - Processing /home/airflow/.local/lib/python3.12/site-packages/airflow/example_dags/example_kubernetes_executor.py took 0.071 seconds
[2026-05-09T08:22:33.641+0000] {processor.py:161} INFO - Started process (PID=234) to work on /home/airflow/.local/lib/python3.12/site-packages/airflow/example_dags/example_kubernetes_executor.py
[2026-05-09T08:22:33.642+0000] {processor.py:830} INFO - Processing file /home/airflow/.local/lib/python3.12/site-packages/airflow/example_dags/example_kubernetes_executor.py for tasks to queue
[2026-05-09T08:22:33.643+0000] {logging_mixin.py:188} INFO - [2026-05-09T08:22:33.643+0000] {dagbag.py:545} INFO - Filling up the DagBag from /home/airflow/.local/lib/python3.12/site-packages/airflow/example_dags/example_kubernetes_executor.py
[2026-05-09T08:22:33.651+0000] {processor.py:840} INFO - DAG(s) 'example_kubernetes_executor' retrieved from /home/airflow/.local/lib/python3.12/site-packages/airflow/example_dags/example_kubernetes_executor.py
[2026-05-09T08:22:33.678+0000] {logging_mixin.py:188} INFO - [2026-05-09T08:22:33.678+0000] {dag.py:3089} INFO - Sync 1 DAGs
[2026-05-09T08:22:33.686+0000] {logging_mixin.py:188} INFO - [2026-05-09T08:22:33.686+0000] {dag.py:3947} INFO - Setting next_dagrun for example_kubernetes_executor to None, run_after=None
[2026-05-09T08:22:33.698+0000] {processor.py:183} INFO - Processing /home/airflow/.local/lib/python3.12/site-packages/airflow/example_dags/example_kubernetes_executor.py took 0.062 seconds
[2026-05-09T08:23:03.884+0000] {processor.py:161} INFO - Started process (PID=293) to work on /home/airflow/.local/lib/python3.12/site-packages/airflow/example_dags/example_kubernetes_executor.py
[2026-05-09T08:23:03.884+0000] {processor.py:830} INFO - Processing file /home/airflow/.local/lib/python3.12/site-packages/airflow/example_dags/example_kubernetes_executor.py for tasks to queue
[2026-05-09T08:23:03.886+0000] {logging_mixin.py:188} INFO - [2026-05-09T08:23:03.886+0000] {dagbag.py:545} INFO - Filling up the DagBag from /home/airflow/.local/lib/python3.12/site-packages/airflow/example_dags/example_kubernetes_executor.py
[2026-05-09T08:23:03.895+0000] {processor.py:840} INFO - DAG(s) 'example_kubernetes_executor' retrieved from /home/airflow/.local/lib/python3.12/site-packages/airflow/example_dags/example_kubernetes_executor.py
[2026-05-09T08:23:03.924+0000] {logging_mixin.py:188} INFO - [2026-05-09T08:23:03.924+0000] {dag.py:3089} INFO - Sync 1 DAGs
[2026-05-09T08:23:03.932+0000] {logging_mixin.py:188} INFO - [2026-05-09T08:23:03.932+0000] {dag.py:3947} INFO - Setting next_dagrun for example_kubernetes_executor to None, run_after=None
[2026-05-09T08:23:03.945+0000] {processor.py:183} INFO - Processing /home/airflow/.local/lib/python3.12/site-packages/airflow/example_dags/example_kubernetes_executor.py took 0.067 seconds
[2026-05-09T08:23:34.433+0000] {processor.py:161} INFO - Started process (PID=352) to work on /home/airflow/.local/lib/python3.12/site-packages/airflow/example_dags/example_kubernetes_executor.py
[2026-05-09T08:23:34.434+0000] {processor.py:830} INFO - Processing file /home/airflow/.local/lib/python3.12/site-packages/airflow/example_dags/example_kubernetes_executor.py for tasks to queue
[2026-05-09T08:23:34.436+0000] {logging_mixin.py:188} INFO - [2026-05-09T08:23:34.435+0000] {dagbag.py:545} INFO - Filling up the DagBag from /home/airflow/.local/lib/python3.12/site-packages/airflow/example_dags/example_kubernetes_executor.py
[2026-05-09T08:23:34.447+0000] {processor.py:840} INFO - DAG(s) 'example_kubernetes_executor' retrieved from /home/airflow/.local/lib/python3.12/site-packages/airflow/example_dags/example_kubernetes_executor.py
[2026-05-09T08:23:34.639+0000] {logging_mixin.py:188} INFO - [2026-05-09T08:23:34.638+0000] {dag.py:3089} INFO - Sync 1 DAGs
[2026-05-09T08:23:34.688+0000] {logging_mixin.py:188} INFO - [2026-05-09T08:23:34.688+0000] {dag.py:3947} INFO - Setting next_dagrun for example_kubernetes_executor to None, run_after=None
[2026-05-09T08:23:34.708+0000] {processor.py:183} INFO - Processing /home/airflow/.local/lib/python3.12/site-packages/airflow/example_dags/example_kubernetes_executor.py took 0.282 seconds
[2026-05-09T08:24:04.945+0000] {processor.py:161} INFO - Started process (PID=411) to work on /home/airflow/.local/lib/python3.12/site-packages/airflow/example_dags/example_kubernetes_executor.py
[2026-05-09T08:24:04.945+0000] {processor.py:830} INFO - Processing file /home/airflow/.local/lib/python3.12/site-packages/airflow/example_dags/example_kubernetes_executor.py for tasks to queue
[2026-05-09T08:24:04.948+0000] {logging_mixin.py:188} INFO - [2026-05-09T08:24:04.948+0000] {dagbag.py:545} INFO - Filling up the DagBag from /home/airflow/.local/lib/python3.12/site-packages/airflow/example_dags/example_kubernetes_executor.py
[2026-05-09T08:24:04.958+0000] {processor.py:840} INFO - DAG(s) 'example_kubernetes_executor' retrieved from /home/airflow/.local/lib/python3.12/site-packages/airflow/example_dags/example_kubernetes_executor.py
[2026-05-09T08:24:04.988+0000] {logging_mixin.py:188} INFO - [2026-05-09T08:24:04.988+0000] {dag.py:3089} INFO - Sync 1 DAGs
[2026-05-09T08:24:04.997+0000] {logging_mixin.py:188} INFO - [2026-05-09T08:24:04.997+0000] {dag.py:3947} INFO - Setting next_dagrun for example_kubernetes_executor to None, run_after=None
[2026-05-09T08:24:05.009+0000] {processor.py:183} INFO - Processing /home/airflow/.local/lib/python3.12/site-packages/airflow/example_dags/example_kubernetes_executor.py took 0.071 seconds
[2026-05-09T08:24:35.611+0000] {processor.py:161} INFO - Started process (PID=470) to work on /home/airflow/.local/lib/python3.12/site-packages/airflow/example_dags/example_kubernetes_executor.py
[2026-05-09T08:24:35.612+0000] {processor.py:830} INFO - Processing file /home/airflow/.local/lib/python3.12/site-packages/airflow/example_dags/example_kubernetes_executor.py for tasks to queue
[2026-05-09T08:24:35.613+0000] {logging_mixin.py:188} INFO - [2026-05-09T08:24:35.613+0000] {dagbag.py:545} INFO - Filling up the DagBag from /home/airflow/.local/lib/python3.12/site-packages/airflow/example_dags/example_kubernetes_executor.py
[2026-05-09T08:24:35.623+0000] {processor.py:840} INFO - DAG(s) 'example_kubernetes_executor' retrieved from /home/airflow/.local/lib/python3.12/site-packages/airflow/example_dags/example_kubernetes_executor.py
[2026-05-09T08:24:35.653+0000] {logging_mixin.py:188} INFO - [2026-05-09T08:24:35.653+0000] {dag.py:3089} INFO - Sync 1 DAGs
[2026-05-09T08:24:35.662+0000] {logging_mixin.py:188} INFO - [2026-05-09T08:24:35.662+0000] {dag.py:3947} INFO - Setting next_dagrun for example_kubernetes_executor to None, run_after=None
[2026-05-09T08:24:35.675+0000] {processor.py:183} INFO - Processing /home/airflow/.local/lib/python3.12/site-packages/airflow/example_dags/example_kubernetes_executor.py took 0.071 seconds
[2026-05-09T08:25:41.680+0000] {processor.py:161} INFO - Started process (PID=51) to work on /home/airflow/.local/lib/python3.12/site-packages/airflow/example_dags/example_kubernetes_executor.py
[2026-05-09T08:25:41.681+0000] {processor.py:830} INFO - Processing file /home/airflow/.local/lib/python3.12/site-packages/airflow/example_dags/example_kubernetes_executor.py for tasks to queue
[2026-05-09T08:25:41.682+0000] {logging_mixin.py:188} INFO - [2026-05-09T08:25:41.682+0000] {dagbag.py:545} INFO - Filling up the DagBag from /home/airflow/.local/lib/python3.12/site-packages/airflow/example_dags/example_kubernetes_executor.py
[2026-05-09T08:25:41.696+0000] {processor.py:840} INFO - DAG(s) 'example_kubernetes_executor' retrieved from /home/airflow/.local/lib/python3.12/site-packages/airflow/example_dags/example_kubernetes_executor.py
[2026-05-09T08:25:41.709+0000] {logging_mixin.py:188} INFO - [2026-05-09T08:25:41.709+0000] {dag.py:3089} INFO - Sync 1 DAGs
[2026-05-09T08:25:41.721+0000] {logging_mixin.py:188} INFO - [2026-05-09T08:25:41.721+0000] {dag.py:3947} INFO - Setting next_dagrun for example_kubernetes_executor to None, run_after=None
[2026-05-09T08:25:41.741+0000] {processor.py:183} INFO - Processing /home/airflow/.local/lib/python3.12/site-packages/airflow/example_dags/example_kubernetes_executor.py took 0.066 seconds
[2026-05-09T08:26:12.162+0000] {processor.py:161} INFO - Started process (PID=110) to work on /home/airflow/.local/lib/python3.12/site-packages/airflow/example_dags/example_kubernetes_executor.py
[2026-05-09T08:26:12.163+0000] {processor.py:830} INFO - Processing file /home/airflow/.local/lib/python3.12/site-packages/airflow/example_dags/example_kubernetes_executor.py for tasks to queue
[2026-05-09T08:26:12.165+0000] {logging_mixin.py:188} INFO - [2026-05-09T08:26:12.165+0000] {dagbag.py:545} INFO - Filling up the DagBag from /home/airflow/.local/lib/python3.12/site-packages/airflow/example_dags/example_kubernetes_executor.py
[2026-05-09T08:26:12.173+0000] {processor.py:840} INFO - DAG(s) 'example_kubernetes_executor' retrieved from /home/airflow/.local/lib/python3.12/site-packages/airflow/example_dags/example_kubernetes_executor.py
[2026-05-09T08:26:12.261+0000] {logging_mixin.py:188} INFO - [2026-05-09T08:26:12.261+0000] {dag.py:3089} INFO - Sync 1 DAGs
[2026-05-09T08:26:12.268+0000] {logging_mixin.py:188} INFO - [2026-05-09T08:26:12.268+0000] {dag.py:3947} INFO - Setting next_dagrun for example_kubernetes_executor to None, run_after=None
[2026-05-09T08:26:12.282+0000] {processor.py:183} INFO - Processing /home/airflow/.local/lib/python3.12/site-packages/airflow/example_dags/example_kubernetes_executor.py took 0.124 seconds
[2026-05-09T08:26:42.443+0000] {processor.py:161} INFO - Started process (PID=169) to work on /home/airflow/.local/lib/python3.12/site-packages/airflow/example_dags/example_kubernetes_executor.py
[2026-05-09T08:26:42.444+0000] {processor.py:830} INFO - Processing file /home/airflow/.local/lib/python3.12/site-packages/airflow/example_dags/example_kubernetes_executor.py for tasks to queue
[2026-05-09T08:26:42.445+0000] {logging_mixin.py:188} INFO - [2026-05-09T08:26:42.445+0000] {dagbag.py:545} INFO - Filling up the DagBag from /home/airflow/.local/lib/python3.12/site-packages/airflow/example_dags/example_kubernetes_executor.py
[2026-05-09T08:26:42.455+0000] {processor.py:840} INFO - DAG(s) 'example_kubernetes_executor' retrieved from /home/airflow/.local/lib/python3.12/site-packages/airflow/example_dags/example_kubernetes_executor.py
[2026-05-09T08:26:42.488+0000] {logging_mixin.py:188} INFO - [2026-05-09T08:26:42.487+0000] {dag.py:3089} INFO - Sync 1 DAGs
[2026-05-09T08:26:42.497+0000] {logging_mixin.py:188} INFO - [2026-05-09T08:26:42.496+0000] {dag.py:3947} INFO - Setting next_dagrun for example_kubernetes_executor to None, run_after=None
[2026-05-09T08:26:42.509+0000] {processor.py:183} INFO - Processing /home/airflow/.local/lib/python3.12/site-packages/airflow/example_dags/example_kubernetes_executor.py took 0.071 seconds
[2026-05-09T08:27:12.684+0000] {processor.py:161} INFO - Started process (PID=228) to work on /home/airflow/.local/lib/python3.12/site-packages/airflow/example_dags/example_kubernetes_executor.py
[2026-05-09T08:27:12.685+0000] {processor.py:830} INFO - Processing file /home/airflow/.local/lib/python3.12/site-packages/airflow/example_dags/example_kubernetes_executor.py for tasks to queue
[2026-05-09T08:27:12.687+0000] {logging_mixin.py:188} INFO - [2026-05-09T08:27:12.686+0000] {dagbag.py:545} INFO - Filling up the DagBag from /home/airflow/.local/lib/python3.12/site-packages/airflow/example_dags/example_kubernetes_executor.py
[2026-05-09T08:27:12.695+0000] {processor.py:840} INFO - DAG(s) 'example_kubernetes_executor' retrieved from /home/airflow/.local/lib/python3.12/site-packages/airflow/example_dags/example_kubernetes_executor.py
[2026-05-09T08:27:12.724+0000] {logging_mixin.py:188} INFO - [2026-05-09T08:27:12.724+0000] {dag.py:3089} INFO - Sync 1 DAGs
[2026-05-09T08:27:12.733+0000] {logging_mixin.py:188} INFO - [2026-05-09T08:27:12.733+0000] {dag.py:3947} INFO - Setting next_dagrun for example_kubernetes_executor to None, run_after=None
[2026-05-09T08:27:12.745+0000] {processor.py:183} INFO - Processing /home/airflow/.local/lib/python3.12/site-packages/airflow/example_dags/example_kubernetes_executor.py took 0.066 seconds
[2026-05-09T08:27:43.320+0000] {processor.py:161} INFO - Started process (PID=293) to work on /home/airflow/.local/lib/python3.12/site-packages/airflow/example_dags/example_kubernetes_executor.py
[2026-05-09T08:27:43.321+0000] {processor.py:830} INFO - Processing file /home/airflow/.local/lib/python3.12/site-packages/airflow/example_dags/example_kubernetes_executor.py for tasks to queue
[2026-05-09T08:27:43.323+0000] {logging_mixin.py:188} INFO - [2026-05-09T08:27:43.322+0000] {dagbag.py:545} INFO - Filling up the DagBag from /home/airflow/.local/lib/python3.12/site-packages/airflow/example_dags/example_kubernetes_executor.py
[2026-05-09T08:27:43.332+0000] {processor.py:840} INFO - DAG(s) 'example_kubernetes_executor' retrieved from /home/airflow/.local/lib/python3.12/site-packages/airflow/example_dags/example_kubernetes_executor.py
[2026-05-09T08:27:43.362+0000] {logging_mixin.py:188} INFO - [2026-05-09T08:27:43.361+0000] {dag.py:3089} INFO - Sync 1 DAGs
[2026-05-09T08:27:43.372+0000] {logging_mixin.py:188} INFO - [2026-05-09T08:27:43.372+0000] {dag.py:3947} INFO - Setting next_dagrun for example_kubernetes_executor to None, run_after=None
[2026-05-09T08:27:43.386+0000] {processor.py:183} INFO - Processing /home/airflow/.local/lib/python3.12/site-packages/airflow/example_dags/example_kubernetes_executor.py took 0.071 seconds
[2026-05-09T08:28:13.851+0000] {processor.py:161} INFO - Started process (PID=352) to work on /home/airflow/.local/lib/python3.12/site-packages/airflow/example_dags/example_kubernetes_executor.py
[2026-05-09T08:28:13.851+0000] {processor.py:830} INFO - Processing file /home/airflow/.local/lib/python3.12/site-packages/airflow/example_dags/example_kubernetes_executor.py for tasks to queue
[2026-05-09T08:28:13.853+0000] {logging_mixin.py:188} INFO - [2026-05-09T08:28:13.853+0000] {dagbag.py:545} INFO - Filling up the DagBag from /home/airflow/.local/lib/python3.12/site-packages/airflow/example_dags/example_kubernetes_executor.py
[2026-05-09T08:28:13.863+0000] {processor.py:840} INFO - DAG(s) 'example_kubernetes_executor' retrieved from /home/airflow/.local/lib/python3.12/site-packages/airflow/example_dags/example_kubernetes_executor.py
[2026-05-09T08:28:13.892+0000] {logging_mixin.py:188} INFO - [2026-05-09T08:28:13.892+0000] {dag.py:3089} INFO - Sync 1 DAGs
[2026-05-09T08:28:13.900+0000] {logging_mixin.py:188} INFO - [2026-05-09T08:28:13.900+0000] {dag.py:3947} INFO - Setting next_dagrun for example_kubernetes_executor to None, run_after=None
[2026-05-09T08:28:13.912+0000] {processor.py:183} INFO - Processing /home/airflow/.local/lib/python3.12/site-packages/airflow/example_dags/example_kubernetes_executor.py took 0.066 seconds
[2026-05-09T08:28:44.075+0000] {processor.py:161} INFO - Started process (PID=411) to work on /home/airflow/.local/lib/python3.12/site-packages/airflow/example_dags/example_kubernetes_executor.py
[2026-05-09T08:28:44.076+0000] {processor.py:830} INFO - Processing file /home/airflow/.local/lib/python3.12/site-packages/airflow/example_dags/example_kubernetes_executor.py for tasks to queue
[2026-05-09T08:28:44.077+0000] {logging_mixin.py:188} INFO - [2026-05-09T08:28:44.077+0000] {dagbag.py:545} INFO - Filling up the DagBag from /home/airflow/.local/lib/python3.12/site-packages/airflow/example_dags/example_kubernetes_executor.py
[2026-05-09T08:28:44.086+0000] {processor.py:840} INFO - DAG(s) 'example_kubernetes_executor' retrieved from /home/airflow/.local/lib/python3.12/site-packages/airflow/example_dags/example_kubernetes_executor.py
[2026-05-09T08:28:44.113+0000] {logging_mixin.py:188} INFO - [2026-05-09T08:28:44.113+0000] {dag.py:3089} INFO - Sync 1 DAGs
[2026-05-09T08:28:44.121+0000] {logging_mixin.py:188} INFO - [2026-05-09T08:28:44.121+0000] {dag.py:3947} INFO - Setting next_dagrun for example_kubernetes_executor to None, run_after=None
[2026-05-09T08:28:44.134+0000] {processor.py:183} INFO - Processing /home/airflow/.local/lib/python3.12/site-packages/airflow/example_dags/example_kubernetes_executor.py took 0.064 seconds
[2026-05-09T08:29:14.398+0000] {processor.py:161} INFO - Started process (PID=470) to work on /home/airflow/.local/lib/python3.12/site-packages/airflow/example_dags/example_kubernetes_executor.py
[2026-05-09T08:29:14.399+0000] {processor.py:830} INFO - Processing file /home/airflow/.local/lib/python3.12/site-packages/airflow/example_dags/example_kubernetes_executor.py for tasks to queue
[2026-05-09T08:29:14.402+0000] {logging_mixin.py:188} INFO - [2026-05-09T08:29:14.401+0000] {dagbag.py:545} INFO - Filling up the DagBag from /home/airflow/.local/lib/python3.12/site-packages/airflow/example_dags/example_kubernetes_executor.py
[2026-05-09T08:29:14.412+0000] {processor.py:840} INFO - DAG(s) 'example_kubernetes_executor' retrieved from /home/airflow/.local/lib/python3.12/site-packages/airflow/example_dags/example_kubernetes_executor.py
[2026-05-09T08:29:14.443+0000] {logging_mixin.py:188} INFO - [2026-05-09T08:29:14.443+0000] {dag.py:3089} INFO - Sync 1 DAGs
[2026-05-09T08:29:14.452+0000] {logging_mixin.py:188} INFO - [2026-05-09T08:29:14.452+0000] {dag.py:3947} INFO - Setting next_dagrun for example_kubernetes_executor to None, run_after=None
[2026-05-09T08:29:14.468+0000] {processor.py:183} INFO - Processing /home/airflow/.local/lib/python3.12/site-packages/airflow/example_dags/example_kubernetes_executor.py took 0.077 seconds
[2026-05-09T08:29:44.870+0000] {processor.py:161} INFO - Started process (PID=529) to work on /home/airflow/.local/lib/python3.12/site-packages/airflow/example_dags/example_kubernetes_executor.py
[2026-05-09T08:29:44.871+0000] {processor.py:830} INFO - Processing file /home/airflow/.local/lib/python3.12/site-packages/airflow/example_dags/example_kubernetes_executor.py for tasks to queue
[2026-05-09T08:29:44.873+0000] {logging_mixin.py:188} INFO - [2026-05-09T08:29:44.872+0000] {dagbag.py:545} INFO - Filling up the DagBag from /home/airflow/.local/lib/python3.12/site-packages/airflow/example_dags/example_kubernetes_executor.py
[2026-05-09T08:29:44.882+0000] {processor.py:840} INFO - DAG(s) 'example_kubernetes_executor' retrieved from /home/airflow/.local/lib/python3.12/site-packages/airflow/example_dags/example_kubernetes_executor.py
[2026-05-09T08:29:44.914+0000] {logging_mixin.py:188} INFO - [2026-05-09T08:29:44.914+0000] {dag.py:3089} INFO - Sync 1 DAGs
[2026-05-09T08:29:44.926+0000] {logging_mixin.py:188} INFO - [2026-05-09T08:29:44.926+0000] {dag.py:3947} INFO - Setting next_dagrun for example_kubernetes_executor to None, run_after=None
[2026-05-09T08:29:44.942+0000] {processor.py:183} INFO - Processing /home/airflow/.local/lib/python3.12/site-packages/airflow/example_dags/example_kubernetes_executor.py took 0.078 seconds
[2026-05-09T08:30:15.557+0000] {processor.py:161} INFO - Started process (PID=588) to work on /home/airflow/.local/lib/python3.12/site-packages/airflow/example_dags/example_kubernetes_executor.py
[2026-05-09T08:30:15.558+0000] {processor.py:830} INFO - Processing file /home/airflow/.local/lib/python3.12/site-packages/airflow/example_dags/example_kubernetes_executor.py for tasks to queue
[2026-05-09T08:30:15.560+0000] {logging_mixin.py:188} INFO - [2026-05-09T08:30:15.560+0000] {dagbag.py:545} INFO - Filling up the DagBag from /home/airflow/.local/lib/python3.12/site-packages/airflow/example_dags/example_kubernetes_executor.py
[2026-05-09T08:30:15.569+0000] {processor.py:840} INFO - DAG(s) 'example_kubernetes_executor' retrieved from /home/airflow/.local/lib/python3.12/site-packages/airflow/example_dags/example_kubernetes_executor.py
[2026-05-09T08:30:15.600+0000] {logging_mixin.py:188} INFO - [2026-05-09T08:30:15.600+0000] {dag.py:3089} INFO - Sync 1 DAGs
[2026-05-09T08:30:15.609+0000] {logging_mixin.py:188} INFO - [2026-05-09T08:30:15.609+0000] {dag.py:3947} INFO - Setting next_dagrun for example_kubernetes_executor to None, run_after=None
[2026-05-09T08:30:15.623+0000] {processor.py:183} INFO - Processing /home/airflow/.local/lib/python3.12/site-packages/airflow/example_dags/example_kubernetes_executor.py took 0.072 seconds
[2026-05-09T08:30:45.754+0000] {processor.py:161} INFO - Started process (PID=647) to work on /home/airflow/.local/lib/python3.12/site-packages/airflow/example_dags/example_kubernetes_executor.py
[2026-05-09T08:30:45.755+0000] {processor.py:830} INFO - Processing file /home/airflow/.local/lib/python3.12/site-packages/airflow/example_dags/example_kubernetes_executor.py for tasks to queue
[2026-05-09T08:30:45.757+0000] {logging_mixin.py:188} INFO - [2026-05-09T08:30:45.756+0000] {dagbag.py:545} INFO - Filling up the DagBag from /home/airflow/.local/lib/python3.12/site-packages/airflow/example_dags/example_kubernetes_executor.py
[2026-05-09T08:30:45.767+0000] {processor.py:840} INFO - DAG(s) 'example_kubernetes_executor' retrieved from /home/airflow/.local/lib/python3.12/site-packages/airflow/example_dags/example_kubernetes_executor.py
[2026-05-09T08:30:45.796+0000] {logging_mixin.py:188} INFO - [2026-05-09T08:30:45.796+0000] {dag.py:3089} INFO - Sync 1 DAGs
[2026-05-09T08:30:45.805+0000] {logging_mixin.py:188} INFO - [2026-05-09T08:30:45.804+0000] {dag.py:3947} INFO - Setting next_dagrun for example_kubernetes_executor to None, run_after=None
[2026-05-09T08:30:45.821+0000] {processor.py:183} INFO - Processing /home/airflow/.local/lib/python3.12/site-packages/airflow/example_dags/example_kubernetes_executor.py took 0.072 seconds
[2026-05-09T08:31:15.961+0000] {processor.py:161} INFO - Started process (PID=706) to work on /home/airflow/.local/lib/python3.12/site-packages/airflow/example_dags/example_kubernetes_executor.py
[2026-05-09T08:31:15.962+0000] {processor.py:830} INFO - Processing file /home/airflow/.local/lib/python3.12/site-packages/airflow/example_dags/example_kubernetes_executor.py for tasks to queue
[2026-05-09T08:31:15.964+0000] {logging_mixin.py:188} INFO - [2026-05-09T08:31:15.963+0000] {dagbag.py:545} INFO - Filling up the DagBag from /home/airflow/.local/lib/python3.12/site-packages/airflow/example_dags/example_kubernetes_executor.py
[2026-05-09T08:31:15.972+0000] {processor.py:840} INFO - DAG(s) 'example_kubernetes_executor' retrieved from /home/airflow/.local/lib/python3.12/site-packages/airflow/example_dags/example_kubernetes_executor.py
[2026-05-09T08:31:16.001+0000] {logging_mixin.py:188} INFO - [2026-05-09T08:31:16.001+0000] {dag.py:3089} INFO - Sync 1 DAGs
[2026-05-09T08:31:16.009+0000] {logging_mixin.py:188} INFO - [2026-05-09T08:31:16.009+0000] {dag.py:3947} INFO - Setting next_dagrun for example_kubernetes_executor to None, run_after=None
[2026-05-09T08:31:16.021+0000] {processor.py:183} INFO - Processing /home/airflow/.local/lib/python3.12/site-packages/airflow/example_dags/example_kubernetes_executor.py took 0.068 seconds
[2026-05-09T08:31:46.127+0000] {processor.py:161} INFO - Started process (PID=765) to work on /home/airflow/.local/lib/python3.12/site-packages/airflow/example_dags/example_kubernetes_executor.py
[2026-05-09T08:31:46.129+0000] {processor.py:830} INFO - Processing file /home/airflow/.local/lib/python3.12/site-packages/airflow/example_dags/example_kubernetes_executor.py for tasks to queue
[2026-05-09T08:31:46.131+0000] {logging_mixin.py:188} INFO - [2026-05-09T08:31:46.130+0000] {dagbag.py:545} INFO - Filling up the DagBag from /home/airflow/.local/lib/python3.12/site-packages/airflow/example_dags/example_kubernetes_executor.py
[2026-05-09T08:31:46.141+0000] {processor.py:840} INFO - DAG(s) 'example_kubernetes_executor' retrieved from /home/airflow/.local/lib/python3.12/site-packages/airflow/example_dags/example_kubernetes_executor.py
[2026-05-09T08:31:46.179+0000] {logging_mixin.py:188} INFO - [2026-05-09T08:31:46.178+0000] {dag.py:3089} INFO - Sync 1 DAGs
[2026-05-09T08:31:46.188+0000] {logging_mixin.py:188} INFO - [2026-05-09T08:31:46.188+0000] {dag.py:3947} INFO - Setting next_dagrun for example_kubernetes_executor to None, run_after=None
[2026-05-09T08:31:46.202+0000] {processor.py:183} INFO - Processing /home/airflow/.local/lib/python3.12/site-packages/airflow/example_dags/example_kubernetes_executor.py took 0.083 seconds
[2026-05-09T08:32:16.279+0000] {processor.py:161} INFO - Started process (PID=824) to work on /home/airflow/.local/lib/python3.12/site-packages/airflow/example_dags/example_kubernetes_executor.py
[2026-05-09T08:32:16.280+0000] {processor.py:830} INFO - Processing file /home/airflow/.local/lib/python3.12/site-packages/airflow/example_dags/example_kubernetes_executor.py for tasks to queue
[2026-05-09T08:32:16.281+0000] {logging_mixin.py:188} INFO - [2026-05-09T08:32:16.281+0000] {dagbag.py:545} INFO - Filling up the DagBag from /home/airflow/.local/lib/python3.12/site-packages/airflow/example_dags/example_kubernetes_executor.py
[2026-05-09T08:32:16.289+0000] {processor.py:840} INFO - DAG(s) 'example_kubernetes_executor' retrieved from /home/airflow/.local/lib/python3.12/site-packages/airflow/example_dags/example_kubernetes_executor.py
[2026-05-09T08:32:16.321+0000] {logging_mixin.py:188} INFO - [2026-05-09T08:32:16.321+0000] {dag.py:3089} INFO - Sync 1 DAGs
[2026-05-09T08:32:16.330+0000] {logging_mixin.py:188} INFO - [2026-05-09T08:32:16.329+0000] {dag.py:3947} INFO - Setting next_dagrun for example_kubernetes_executor to None, run_after=None
[2026-05-09T08:32:16.342+0000] {processor.py:183} INFO - Processing /home/airflow/.local/lib/python3.12/site-packages/airflow/example_dags/example_kubernetes_executor.py took 0.068 seconds
[2026-05-09T09:12:09.663+0000] {processor.py:161} INFO - Started process (PID=51) to work on /home/airflow/.local/lib/python3.12/site-packages/airflow/example_dags/example_kubernetes_executor.py
[2026-05-09T09:12:09.664+0000] {processor.py:830} INFO - Processing file /home/airflow/.local/lib/python3.12/site-packages/airflow/example_dags/example_kubernetes_executor.py for tasks to queue
[2026-05-09T09:12:09.666+0000] {logging_mixin.py:188} INFO - [2026-05-09T09:12:09.666+0000] {dagbag.py:545} INFO - Filling up the DagBag from /home/airflow/.local/lib/python3.12/site-packages/airflow/example_dags/example_kubernetes_executor.py
[2026-05-09T09:12:09.681+0000] {processor.py:840} INFO - DAG(s) 'example_kubernetes_executor' retrieved from /home/airflow/.local/lib/python3.12/site-packages/airflow/example_dags/example_kubernetes_executor.py
[2026-05-09T09:12:09.696+0000] {logging_mixin.py:188} INFO - [2026-05-09T09:12:09.696+0000] {dag.py:3089} INFO - Sync 1 DAGs
[2026-05-09T09:12:09.715+0000] {logging_mixin.py:188} INFO - [2026-05-09T09:12:09.715+0000] {dag.py:3947} INFO - Setting next_dagrun for example_kubernetes_executor to None, run_after=None
[2026-05-09T09:12:09.740+0000] {processor.py:183} INFO - Processing /home/airflow/.local/lib/python3.12/site-packages/airflow/example_dags/example_kubernetes_executor.py took 0.084 seconds
[2026-05-09T09:12:39.794+0000] {processor.py:161} INFO - Started process (PID=109) to work on /home/airflow/.local/lib/python3.12/site-packages/airflow/example_dags/example_kubernetes_executor.py
[2026-05-09T09:12:39.795+0000] {processor.py:830} INFO - Processing file /home/airflow/.local/lib/python3.12/site-packages/airflow/example_dags/example_kubernetes_executor.py for tasks to queue
[2026-05-09T09:12:39.797+0000] {logging_mixin.py:188} INFO - [2026-05-09T09:12:39.797+0000] {dagbag.py:545} INFO - Filling up the DagBag from /home/airflow/.local/lib/python3.12/site-packages/airflow/example_dags/example_kubernetes_executor.py
[2026-05-09T09:12:39.807+0000] {processor.py:840} INFO - DAG(s) 'example_kubernetes_executor' retrieved from /home/airflow/.local/lib/python3.12/site-packages/airflow/example_dags/example_kubernetes_executor.py
[2026-05-09T09:12:39.900+0000] {logging_mixin.py:188} INFO - [2026-05-09T09:12:39.899+0000] {dag.py:3089} INFO - Sync 1 DAGs
[2026-05-09T09:12:39.908+0000] {logging_mixin.py:188} INFO - [2026-05-09T09:12:39.907+0000] {dag.py:3947} INFO - Setting next_dagrun for example_kubernetes_executor to None, run_after=None
[2026-05-09T09:12:39.923+0000] {processor.py:183} INFO - Processing /home/airflow/.local/lib/python3.12/site-packages/airflow/example_dags/example_kubernetes_executor.py took 0.134 seconds
[2026-05-09T09:13:10.297+0000] {processor.py:161} INFO - Started process (PID=174) to work on /home/airflow/.local/lib/python3.12/site-packages/airflow/example_dags/example_kubernetes_executor.py
[2026-05-09T09:13:10.298+0000] {processor.py:830} INFO - Processing file /home/airflow/.local/lib/python3.12/site-packages/airflow/example_dags/example_kubernetes_executor.py for tasks to queue
[2026-05-09T09:13:10.300+0000] {logging_mixin.py:188} INFO - [2026-05-09T09:13:10.300+0000] {dagbag.py:545} INFO - Filling up the DagBag from /home/airflow/.local/lib/python3.12/site-packages/airflow/example_dags/example_kubernetes_executor.py
[2026-05-09T09:13:10.309+0000] {processor.py:840} INFO - DAG(s) 'example_kubernetes_executor' retrieved from /home/airflow/.local/lib/python3.12/site-packages/airflow/example_dags/example_kubernetes_executor.py
[2026-05-09T09:13:10.341+0000] {logging_mixin.py:188} INFO - [2026-05-09T09:13:10.341+0000] {dag.py:3089} INFO - Sync 1 DAGs
[2026-05-09T09:13:10.349+0000] {logging_mixin.py:188} INFO - [2026-05-09T09:13:10.349+0000] {dag.py:3947} INFO - Setting next_dagrun for example_kubernetes_executor to None, run_after=None
[2026-05-09T09:13:10.362+0000] {processor.py:183} INFO - Processing /home/airflow/.local/lib/python3.12/site-packages/airflow/example_dags/example_kubernetes_executor.py took 0.070 seconds
[2026-05-09T09:13:40.770+0000] {processor.py:161} INFO - Started process (PID=233) to work on /home/airflow/.local/lib/python3.12/site-packages/airflow/example_dags/example_kubernetes_executor.py
[2026-05-09T09:13:40.772+0000] {processor.py:830} INFO - Processing file /home/airflow/.local/lib/python3.12/site-packages/airflow/example_dags/example_kubernetes_executor.py for tasks to queue
[2026-05-09T09:13:40.774+0000] {logging_mixin.py:188} INFO - [2026-05-09T09:13:40.773+0000] {dagbag.py:545} INFO - Filling up the DagBag from /home/airflow/.local/lib/python3.12/site-packages/airflow/example_dags/example_kubernetes_executor.py
[2026-05-09T09:13:40.785+0000] {processor.py:840} INFO - DAG(s) 'example_kubernetes_executor' retrieved from /home/airflow/.local/lib/python3.12/site-packages/airflow/example_dags/example_kubernetes_executor.py
[2026-05-09T09:13:40.816+0000] {logging_mixin.py:188} INFO - [2026-05-09T09:13:40.815+0000] {dag.py:3089} INFO - Sync 1 DAGs
[2026-05-09T09:13:40.824+0000] {logging_mixin.py:188} INFO - [2026-05-09T09:13:40.824+0000] {dag.py:3947} INFO - Setting next_dagrun for example_kubernetes_executor to None, run_after=None
[2026-05-09T09:13:40.837+0000] {processor.py:183} INFO - Processing /home/airflow/.local/lib/python3.12/site-packages/airflow/example_dags/example_kubernetes_executor.py took 0.073 seconds
[2026-05-09T09:14:10.964+0000] {processor.py:161} INFO - Started process (PID=292) to work on /home/airflow/.local/lib/python3.12/site-packages/airflow/example_dags/example_kubernetes_executor.py
[2026-05-09T09:14:10.965+0000] {processor.py:830} INFO - Processing file /home/airflow/.local/lib/python3.12/site-packages/airflow/example_dags/example_kubernetes_executor.py for tasks to queue
[2026-05-09T09:14:10.967+0000] {logging_mixin.py:188} INFO - [2026-05-09T09:14:10.966+0000] {dagbag.py:545} INFO - Filling up the DagBag from /home/airflow/.local/lib/python3.12/site-packages/airflow/example_dags/example_kubernetes_executor.py
[2026-05-09T09:14:10.977+0000] {processor.py:840} INFO - DAG(s) 'example_kubernetes_executor' retrieved from /home/airflow/.local/lib/python3.12/site-packages/airflow/example_dags/example_kubernetes_executor.py
[2026-05-09T09:14:11.008+0000] {logging_mixin.py:188} INFO - [2026-05-09T09:14:11.007+0000] {dag.py:3089} INFO - Sync 1 DAGs
[2026-05-09T09:14:11.018+0000] {logging_mixin.py:188} INFO - [2026-05-09T09:14:11.018+0000] {dag.py:3947} INFO - Setting next_dagrun for example_kubernetes_executor to None, run_after=None
[2026-05-09T09:14:11.032+0000] {processor.py:183} INFO - Processing /home/airflow/.local/lib/python3.12/site-packages/airflow/example_dags/example_kubernetes_executor.py took 0.073 seconds
[2026-05-09T09:14:41.175+0000] {processor.py:161} INFO - Started process (PID=351) to work on /home/airflow/.local/lib/python3.12/site-packages/airflow/example_dags/example_kubernetes_executor.py
[2026-05-09T09:14:41.176+0000] {processor.py:830} INFO - Processing file /home/airflow/.local/lib/python3.12/site-packages/airflow/example_dags/example_kubernetes_executor.py for tasks to queue
[2026-05-09T09:14:41.178+0000] {logging_mixin.py:188} INFO - [2026-05-09T09:14:41.177+0000] {dagbag.py:545} INFO - Filling up the DagBag from /home/airflow/.local/lib/python3.12/site-packages/airflow/example_dags/example_kubernetes_executor.py
[2026-05-09T09:14:41.187+0000] {processor.py:840} INFO - DAG(s) 'example_kubernetes_executor' retrieved from /home/airflow/.local/lib/python3.12/site-packages/airflow/example_dags/example_kubernetes_executor.py
[2026-05-09T09:14:41.216+0000] {logging_mixin.py:188} INFO - [2026-05-09T09:14:41.216+0000] {dag.py:3089} INFO - Sync 1 DAGs
[2026-05-09T09:14:41.225+0000] {logging_mixin.py:188} INFO - [2026-05-09T09:14:41.225+0000] {dag.py:3947} INFO - Setting next_dagrun for example_kubernetes_executor to None, run_after=None
[2026-05-09T09:14:41.239+0000] {processor.py:183} INFO - Processing /home/airflow/.local/lib/python3.12/site-packages/airflow/example_dags/example_kubernetes_executor.py took 0.070 seconds
[2026-05-09T09:15:11.360+0000] {processor.py:161} INFO - Started process (PID=410) to work on /home/airflow/.local/lib/python3.12/site-packages/airflow/example_dags/example_kubernetes_executor.py
[2026-05-09T09:15:11.361+0000] {processor.py:830} INFO - Processing file /home/airflow/.local/lib/python3.12/site-packages/airflow/example_dags/example_kubernetes_executor.py for tasks to queue
[2026-05-09T09:15:11.362+0000] {logging_mixin.py:188} INFO - [2026-05-09T09:15:11.362+0000] {dagbag.py:545} INFO - Filling up the DagBag from /home/airflow/.local/lib/python3.12/site-packages/airflow/example_dags/example_kubernetes_executor.py
[2026-05-09T09:15:11.371+0000] {processor.py:840} INFO - DAG(s) 'example_kubernetes_executor' retrieved from /home/airflow/.local/lib/python3.12/site-packages/airflow/example_dags/example_kubernetes_executor.py
[2026-05-09T09:15:11.406+0000] {logging_mixin.py:188} INFO - [2026-05-09T09:15:11.405+0000] {dag.py:3089} INFO - Sync 1 DAGs
[2026-05-09T09:15:11.416+0000] {logging_mixin.py:188} INFO - [2026-05-09T09:15:11.415+0000] {dag.py:3947} INFO - Setting next_dagrun for example_kubernetes_executor to None, run_after=None
[2026-05-09T09:15:11.429+0000] {processor.py:183} INFO - Processing /home/airflow/.local/lib/python3.12/site-packages/airflow/example_dags/example_kubernetes_executor.py took 0.074 seconds
[2026-05-09T09:15:41.829+0000] {processor.py:161} INFO - Started process (PID=469) to work on /home/airflow/.local/lib/python3.12/site-packages/airflow/example_dags/example_kubernetes_executor.py
[2026-05-09T09:15:41.830+0000] {processor.py:830} INFO - Processing file /home/airflow/.local/lib/python3.12/site-packages/airflow/example_dags/example_kubernetes_executor.py for tasks to queue
[2026-05-09T09:15:41.832+0000] {logging_mixin.py:188} INFO - [2026-05-09T09:15:41.831+0000] {dagbag.py:545} INFO - Filling up the DagBag from /home/airflow/.local/lib/python3.12/site-packages/airflow/example_dags/example_kubernetes_executor.py
[2026-05-09T09:15:41.841+0000] {processor.py:840} INFO - DAG(s) 'example_kubernetes_executor' retrieved from /home/airflow/.local/lib/python3.12/site-packages/airflow/example_dags/example_kubernetes_executor.py
[2026-05-09T09:15:41.870+0000] {logging_mixin.py:188} INFO - [2026-05-09T09:15:41.870+0000] {dag.py:3089} INFO - Sync 1 DAGs
[2026-05-09T09:15:41.880+0000] {logging_mixin.py:188} INFO - [2026-05-09T09:15:41.879+0000] {dag.py:3947} INFO - Setting next_dagrun for example_kubernetes_executor to None, run_after=None
[2026-05-09T09:15:41.892+0000] {processor.py:183} INFO - Processing /home/airflow/.local/lib/python3.12/site-packages/airflow/example_dags/example_kubernetes_executor.py took 0.069 seconds
[2026-05-09T09:16:12.120+0000] {processor.py:161} INFO - Started process (PID=528) to work on /home/airflow/.local/lib/python3.12/site-packages/airflow/example_dags/example_kubernetes_executor.py
[2026-05-09T09:16:12.120+0000] {processor.py:830} INFO - Processing file /home/airflow/.local/lib/python3.12/site-packages/airflow/example_dags/example_kubernetes_executor.py for tasks to queue
[2026-05-09T09:16:12.122+0000] {logging_mixin.py:188} INFO - [2026-05-09T09:16:12.122+0000] {dagbag.py:545} INFO - Filling up the DagBag from /home/airflow/.local/lib/python3.12/site-packages/airflow/example_dags/example_kubernetes_executor.py
[2026-05-09T09:16:12.131+0000] {processor.py:840} INFO - DAG(s) 'example_kubernetes_executor' retrieved from /home/airflow/.local/lib/python3.12/site-packages/airflow/example_dags/example_kubernetes_executor.py
[2026-05-09T09:16:12.162+0000] {logging_mixin.py:188} INFO - [2026-05-09T09:16:12.161+0000] {dag.py:3089} INFO - Sync 1 DAGs
[2026-05-09T09:16:12.171+0000] {logging_mixin.py:188} INFO - [2026-05-09T09:16:12.171+0000] {dag.py:3947} INFO - Setting next_dagrun for example_kubernetes_executor to None, run_after=None
[2026-05-09T09:16:12.185+0000] {processor.py:183} INFO - Processing /home/airflow/.local/lib/python3.12/site-packages/airflow/example_dags/example_kubernetes_executor.py took 0.071 seconds
[2026-05-09T09:16:42.334+0000] {processor.py:161} INFO - Started process (PID=587) to work on /home/airflow/.local/lib/python3.12/site-packages/airflow/example_dags/example_kubernetes_executor.py
[2026-05-09T09:16:42.335+0000] {processor.py:830} INFO - Processing file /home/airflow/.local/lib/python3.12/site-packages/airflow/example_dags/example_kubernetes_executor.py for tasks to queue
[2026-05-09T09:16:42.337+0000] {logging_mixin.py:188} INFO - [2026-05-09T09:16:42.336+0000] {dagbag.py:545} INFO - Filling up the DagBag from /home/airflow/.local/lib/python3.12/site-packages/airflow/example_dags/example_kubernetes_executor.py
[2026-05-09T09:16:42.346+0000] {processor.py:840} INFO - DAG(s) 'example_kubernetes_executor' retrieved from /home/airflow/.local/lib/python3.12/site-packages/airflow/example_dags/example_kubernetes_executor.py
[2026-05-09T09:16:42.377+0000] {logging_mixin.py:188} INFO - [2026-05-09T09:16:42.377+0000] {dag.py:3089} INFO - Sync 1 DAGs
[2026-05-09T09:16:42.388+0000] {logging_mixin.py:188} INFO - [2026-05-09T09:16:42.387+0000] {dag.py:3947} INFO - Setting next_dagrun for example_kubernetes_executor to None, run_after=None
[2026-05-09T09:16:42.402+0000] {processor.py:183} INFO - Processing /home/airflow/.local/lib/python3.12/site-packages/airflow/example_dags/example_kubernetes_executor.py took 0.074 seconds
[2026-05-09T09:17:12.633+0000] {processor.py:161} INFO - Started process (PID=646) to work on /home/airflow/.local/lib/python3.12/site-packages/airflow/example_dags/example_kubernetes_executor.py
[2026-05-09T09:17:12.634+0000] {processor.py:830} INFO - Processing file /home/airflow/.local/lib/python3.12/site-packages/airflow/example_dags/example_kubernetes_executor.py for tasks to queue
[2026-05-09T09:17:12.635+0000] {logging_mixin.py:188} INFO - [2026-05-09T09:17:12.635+0000] {dagbag.py:545} INFO - Filling up the DagBag from /home/airflow/.local/lib/python3.12/site-packages/airflow/example_dags/example_kubernetes_executor.py
[2026-05-09T09:17:12.644+0000] {processor.py:840} INFO - DAG(s) 'example_kubernetes_executor' retrieved from /home/airflow/.local/lib/python3.12/site-packages/airflow/example_dags/example_kubernetes_executor.py
[2026-05-09T09:17:12.677+0000] {logging_mixin.py:188} INFO - [2026-05-09T09:17:12.676+0000] {dag.py:3089} INFO - Sync 1 DAGs
[2026-05-09T09:17:12.687+0000] {logging_mixin.py:188} INFO - [2026-05-09T09:17:12.687+0000] {dag.py:3947} INFO - Setting next_dagrun for example_kubernetes_executor to None, run_after=None
[2026-05-09T09:17:12.701+0000] {processor.py:183} INFO - Processing /home/airflow/.local/lib/python3.12/site-packages/airflow/example_dags/example_kubernetes_executor.py took 0.074 seconds
[2026-05-09T09:17:43.041+0000] {processor.py:161} INFO - Started process (PID=705) to work on /home/airflow/.local/lib/python3.12/site-packages/airflow/example_dags/example_kubernetes_executor.py
[2026-05-09T09:17:43.042+0000] {processor.py:830} INFO - Processing file /home/airflow/.local/lib/python3.12/site-packages/airflow/example_dags/example_kubernetes_executor.py for tasks to queue
[2026-05-09T09:17:43.044+0000] {logging_mixin.py:188} INFO - [2026-05-09T09:17:43.044+0000] {dagbag.py:545} INFO - Filling up the DagBag from /home/airflow/.local/lib/python3.12/site-packages/airflow/example_dags/example_kubernetes_executor.py
[2026-05-09T09:17:43.053+0000] {processor.py:840} INFO - DAG(s) 'example_kubernetes_executor' retrieved from /home/airflow/.local/lib/python3.12/site-packages/airflow/example_dags/example_kubernetes_executor.py
[2026-05-09T09:17:43.083+0000] {logging_mixin.py:188} INFO - [2026-05-09T09:17:43.082+0000] {dag.py:3089} INFO - Sync 1 DAGs
[2026-05-09T09:17:43.091+0000] {logging_mixin.py:188} INFO - [2026-05-09T09:17:43.091+0000] {dag.py:3947} INFO - Setting next_dagrun for example_kubernetes_executor to None, run_after=None
[2026-05-09T09:17:43.106+0000] {processor.py:183} INFO - Processing /home/airflow/.local/lib/python3.12/site-packages/airflow/example_dags/example_kubernetes_executor.py took 0.070 seconds
[2026-05-09T09:18:13.602+0000] {processor.py:161} INFO - Started process (PID=764) to work on /home/airflow/.local/lib/python3.12/site-packages/airflow/example_dags/example_kubernetes_executor.py
[2026-05-09T09:18:13.603+0000] {processor.py:830} INFO - Processing file /home/airflow/.local/lib/python3.12/site-packages/airflow/example_dags/example_kubernetes_executor.py for tasks to queue
[2026-05-09T09:18:13.605+0000] {logging_mixin.py:188} INFO - [2026-05-09T09:18:13.605+0000] {dagbag.py:545} INFO - Filling up the DagBag from /home/airflow/.local/lib/python3.12/site-packages/airflow/example_dags/example_kubernetes_executor.py
[2026-05-09T09:18:13.615+0000] {processor.py:840} INFO - DAG(s) 'example_kubernetes_executor' retrieved from /home/airflow/.local/lib/python3.12/site-packages/airflow/example_dags/example_kubernetes_executor.py
[2026-05-09T09:18:13.647+0000] {logging_mixin.py:188} INFO - [2026-05-09T09:18:13.646+0000] {dag.py:3089} INFO - Sync 1 DAGs
[2026-05-09T09:18:13.655+0000] {logging_mixin.py:188} INFO - [2026-05-09T09:18:13.655+0000] {dag.py:3947} INFO - Setting next_dagrun for example_kubernetes_executor to None, run_after=None
[2026-05-09T09:18:13.667+0000] {processor.py:183} INFO - Processing /home/airflow/.local/lib/python3.12/site-packages/airflow/example_dags/example_kubernetes_executor.py took 0.072 seconds
[2026-05-09T09:18:43.914+0000] {processor.py:161} INFO - Started process (PID=823) to work on /home/airflow/.local/lib/python3.12/site-packages/airflow/example_dags/example_kubernetes_executor.py
[2026-05-09T09:18:43.915+0000] {processor.py:830} INFO - Processing file /home/airflow/.local/lib/python3.12/site-packages/airflow/example_dags/example_kubernetes_executor.py for tasks to queue
[2026-05-09T09:18:43.916+0000] {logging_mixin.py:188} INFO - [2026-05-09T09:18:43.916+0000] {dagbag.py:545} INFO - Filling up the DagBag from /home/airflow/.local/lib/python3.12/site-packages/airflow/example_dags/example_kubernetes_executor.py
[2026-05-09T09:18:43.925+0000] {processor.py:840} INFO - DAG(s) 'example_kubernetes_executor' retrieved from /home/airflow/.local/lib/python3.12/site-packages/airflow/example_dags/example_kubernetes_executor.py
[2026-05-09T09:18:43.954+0000] {logging_mixin.py:188} INFO - [2026-05-09T09:18:43.954+0000] {dag.py:3089} INFO - Sync 1 DAGs
[2026-05-09T09:18:43.962+0000] {logging_mixin.py:188} INFO - [2026-05-09T09:18:43.962+0000] {dag.py:3947} INFO - Setting next_dagrun for example_kubernetes_executor to None, run_after=None
[2026-05-09T09:18:43.975+0000] {processor.py:183} INFO - Processing /home/airflow/.local/lib/python3.12/site-packages/airflow/example_dags/example_kubernetes_executor.py took 0.067 seconds
[2026-05-09T09:19:14.191+0000] {processor.py:161} INFO - Started process (PID=882) to work on /home/airflow/.local/lib/python3.12/site-packages/airflow/example_dags/example_kubernetes_executor.py
[2026-05-09T09:19:14.192+0000] {processor.py:830} INFO - Processing file /home/airflow/.local/lib/python3.12/site-packages/airflow/example_dags/example_kubernetes_executor.py for tasks to queue
[2026-05-09T09:19:14.194+0000] {logging_mixin.py:188} INFO - [2026-05-09T09:19:14.193+0000] {dagbag.py:545} INFO - Filling up the DagBag from /home/airflow/.local/lib/python3.12/site-packages/airflow/example_dags/example_kubernetes_executor.py
[2026-05-09T09:19:14.202+0000] {processor.py:840} INFO - DAG(s) 'example_kubernetes_executor' retrieved from /home/airflow/.local/lib/python3.12/site-packages/airflow/example_dags/example_kubernetes_executor.py
[2026-05-09T09:19:14.230+0000] {logging_mixin.py:188} INFO - [2026-05-09T09:19:14.230+0000] {dag.py:3089} INFO - Sync 1 DAGs
[2026-05-09T09:19:14.238+0000] {logging_mixin.py:188} INFO - [2026-05-09T09:19:14.238+0000] {dag.py:3947} INFO - Setting next_dagrun for example_kubernetes_executor to None, run_after=None
[2026-05-09T09:19:14.251+0000] {processor.py:183} INFO - Processing /home/airflow/.local/lib/python3.12/site-packages/airflow/example_dags/example_kubernetes_executor.py took 0.065 seconds
[2026-05-09T09:19:44.370+0000] {processor.py:161} INFO - Started process (PID=941) to work on /home/airflow/.local/lib/python3.12/site-packages/airflow/example_dags/example_kubernetes_executor.py
[2026-05-09T09:19:44.371+0000] {processor.py:830} INFO - Processing file /home/airflow/.local/lib/python3.12/site-packages/airflow/example_dags/example_kubernetes_executor.py for tasks to queue
[2026-05-09T09:19:44.373+0000] {logging_mixin.py:188} INFO - [2026-05-09T09:19:44.373+0000] {dagbag.py:545} INFO - Filling up the DagBag from /home/airflow/.local/lib/python3.12/site-packages/airflow/example_dags/example_kubernetes_executor.py
[2026-05-09T09:19:44.382+0000] {processor.py:840} INFO - DAG(s) 'example_kubernetes_executor' retrieved from /home/airflow/.local/lib/python3.12/site-packages/airflow/example_dags/example_kubernetes_executor.py
[2026-05-09T09:19:44.411+0000] {logging_mixin.py:188} INFO - [2026-05-09T09:19:44.411+0000] {dag.py:3089} INFO - Sync 1 DAGs
[2026-05-09T09:19:44.420+0000] {logging_mixin.py:188} INFO - [2026-05-09T09:19:44.420+0000] {dag.py:3947} INFO - Setting next_dagrun for example_kubernetes_executor to None, run_after=None
[2026-05-09T09:19:44.432+0000] {processor.py:183} INFO - Processing /home/airflow/.local/lib/python3.12/site-packages/airflow/example_dags/example_kubernetes_executor.py took 0.067 seconds
[2026-05-09T09:20:14.584+0000] {processor.py:161} INFO - Started process (PID=1000) to work on /home/airflow/.local/lib/python3.12/site-packages/airflow/example_dags/example_kubernetes_executor.py
[2026-05-09T09:20:14.585+0000] {processor.py:830} INFO - Processing file /home/airflow/.local/lib/python3.12/site-packages/airflow/example_dags/example_kubernetes_executor.py for tasks to queue
[2026-05-09T09:20:14.586+0000] {logging_mixin.py:188} INFO - [2026-05-09T09:20:14.586+0000] {dagbag.py:545} INFO - Filling up the DagBag from /home/airflow/.local/lib/python3.12/site-packages/airflow/example_dags/example_kubernetes_executor.py
[2026-05-09T09:20:14.595+0000] {processor.py:840} INFO - DAG(s) 'example_kubernetes_executor' retrieved from /home/airflow/.local/lib/python3.12/site-packages/airflow/example_dags/example_kubernetes_executor.py
[2026-05-09T09:20:14.625+0000] {logging_mixin.py:188} INFO - [2026-05-09T09:20:14.624+0000] {dag.py:3089} INFO - Sync 1 DAGs
[2026-05-09T09:20:14.633+0000] {logging_mixin.py:188} INFO - [2026-05-09T09:20:14.633+0000] {dag.py:3947} INFO - Setting next_dagrun for example_kubernetes_executor to None, run_after=None
[2026-05-09T09:20:14.648+0000] {processor.py:183} INFO - Processing /home/airflow/.local/lib/python3.12/site-packages/airflow/example_dags/example_kubernetes_executor.py took 0.071 seconds
[2026-05-09T09:20:45.138+0000] {processor.py:161} INFO - Started process (PID=1059) to work on /home/airflow/.local/lib/python3.12/site-packages/airflow/example_dags/example_kubernetes_executor.py
[2026-05-09T09:20:45.138+0000] {processor.py:830} INFO - Processing file /home/airflow/.local/lib/python3.12/site-packages/airflow/example_dags/example_kubernetes_executor.py for tasks to queue
[2026-05-09T09:20:45.140+0000] {logging_mixin.py:188} INFO - [2026-05-09T09:20:45.140+0000] {dagbag.py:545} INFO - Filling up the DagBag from /home/airflow/.local/lib/python3.12/site-packages/airflow/example_dags/example_kubernetes_executor.py
[2026-05-09T09:20:45.148+0000] {processor.py:840} INFO - DAG(s) 'example_kubernetes_executor' retrieved from /home/airflow/.local/lib/python3.12/site-packages/airflow/example_dags/example_kubernetes_executor.py
[2026-05-09T09:20:45.176+0000] {logging_mixin.py:188} INFO - [2026-05-09T09:20:45.175+0000] {dag.py:3089} INFO - Sync 1 DAGs
[2026-05-09T09:20:45.184+0000] {logging_mixin.py:188} INFO - [2026-05-09T09:20:45.184+0000] {dag.py:3947} INFO - Setting next_dagrun for example_kubernetes_executor to None, run_after=None
[2026-05-09T09:20:45.196+0000] {processor.py:183} INFO - Processing /home/airflow/.local/lib/python3.12/site-packages/airflow/example_dags/example_kubernetes_executor.py took 0.064 seconds
[2026-05-09T09:21:15.526+0000] {processor.py:161} INFO - Started process (PID=1118) to work on /home/airflow/.local/lib/python3.12/site-packages/airflow/example_dags/example_kubernetes_executor.py
[2026-05-09T09:21:15.527+0000] {processor.py:830} INFO - Processing file /home/airflow/.local/lib/python3.12/site-packages/airflow/example_dags/example_kubernetes_executor.py for tasks to queue
[2026-05-09T09:21:15.529+0000] {logging_mixin.py:188} INFO - [2026-05-09T09:21:15.529+0000] {dagbag.py:545} INFO - Filling up the DagBag from /home/airflow/.local/lib/python3.12/site-packages/airflow/example_dags/example_kubernetes_executor.py
[2026-05-09T09:21:15.542+0000] {processor.py:840} INFO - DAG(s) 'example_kubernetes_executor' retrieved from /home/airflow/.local/lib/python3.12/site-packages/airflow/example_dags/example_kubernetes_executor.py
[2026-05-09T09:21:15.580+0000] {logging_mixin.py:188} INFO - [2026-05-09T09:21:15.579+0000] {dag.py:3089} INFO - Sync 1 DAGs
[2026-05-09T09:21:15.592+0000] {logging_mixin.py:188} INFO - [2026-05-09T09:21:15.592+0000] {dag.py:3947} INFO - Setting next_dagrun for example_kubernetes_executor to None, run_after=None
[2026-05-09T09:21:15.609+0000] {processor.py:183} INFO - Processing /home/airflow/.local/lib/python3.12/site-packages/airflow/example_dags/example_kubernetes_executor.py took 0.091 seconds
[2026-05-09T09:21:45.792+0000] {processor.py:161} INFO - Started process (PID=1177) to work on /home/airflow/.local/lib/python3.12/site-packages/airflow/example_dags/example_kubernetes_executor.py
[2026-05-09T09:21:45.794+0000] {processor.py:830} INFO - Processing file /home/airflow/.local/lib/python3.12/site-packages/airflow/example_dags/example_kubernetes_executor.py for tasks to queue
[2026-05-09T09:21:45.795+0000] {logging_mixin.py:188} INFO - [2026-05-09T09:21:45.795+0000] {dagbag.py:545} INFO - Filling up the DagBag from /home/airflow/.local/lib/python3.12/site-packages/airflow/example_dags/example_kubernetes_executor.py
[2026-05-09T09:21:45.803+0000] {processor.py:840} INFO - DAG(s) 'example_kubernetes_executor' retrieved from /home/airflow/.local/lib/python3.12/site-packages/airflow/example_dags/example_kubernetes_executor.py
[2026-05-09T09:21:45.831+0000] {logging_mixin.py:188} INFO - [2026-05-09T09:21:45.831+0000] {dag.py:3089} INFO - Sync 1 DAGs
[2026-05-09T09:21:45.840+0000] {logging_mixin.py:188} INFO - [2026-05-09T09:21:45.840+0000] {dag.py:3947} INFO - Setting next_dagrun for example_kubernetes_executor to None, run_after=None
[2026-05-09T09:21:45.852+0000] {processor.py:183} INFO - Processing /home/airflow/.local/lib/python3.12/site-packages/airflow/example_dags/example_kubernetes_executor.py took 0.066 seconds
[2026-05-09T09:22:15.969+0000] {processor.py:161} INFO - Started process (PID=1236) to work on /home/airflow/.local/lib/python3.12/site-packages/airflow/example_dags/example_kubernetes_executor.py
[2026-05-09T09:22:15.970+0000] {processor.py:830} INFO - Processing file /home/airflow/.local/lib/python3.12/site-packages/airflow/example_dags/example_kubernetes_executor.py for tasks to queue
[2026-05-09T09:22:15.972+0000] {logging_mixin.py:188} INFO - [2026-05-09T09:22:15.972+0000] {dagbag.py:545} INFO - Filling up the DagBag from /home/airflow/.local/lib/python3.12/site-packages/airflow/example_dags/example_kubernetes_executor.py
[2026-05-09T09:22:15.980+0000] {processor.py:840} INFO - DAG(s) 'example_kubernetes_executor' retrieved from /home/airflow/.local/lib/python3.12/site-packages/airflow/example_dags/example_kubernetes_executor.py
[2026-05-09T09:22:16.009+0000] {logging_mixin.py:188} INFO - [2026-05-09T09:22:16.008+0000] {dag.py:3089} INFO - Sync 1 DAGs
[2026-05-09T09:22:16.019+0000] {logging_mixin.py:188} INFO - [2026-05-09T09:22:16.019+0000] {dag.py:3947} INFO - Setting next_dagrun for example_kubernetes_executor to None, run_after=None
[2026-05-09T09:22:16.032+0000] {processor.py:183} INFO - Processing /home/airflow/.local/lib/python3.12/site-packages/airflow/example_dags/example_kubernetes_executor.py took 0.068 seconds
[2026-05-09T09:22:46.304+0000] {processor.py:161} INFO - Started process (PID=1295) to work on /home/airflow/.local/lib/python3.12/site-packages/airflow/example_dags/example_kubernetes_executor.py
[2026-05-09T09:22:46.305+0000] {processor.py:830} INFO - Processing file /home/airflow/.local/lib/python3.12/site-packages/airflow/example_dags/example_kubernetes_executor.py for tasks to queue
[2026-05-09T09:22:46.307+0000] {logging_mixin.py:188} INFO - [2026-05-09T09:22:46.306+0000] {dagbag.py:545} INFO - Filling up the DagBag from /home/airflow/.local/lib/python3.12/site-packages/airflow/example_dags/example_kubernetes_executor.py
[2026-05-09T09:22:46.315+0000] {processor.py:840} INFO - DAG(s) 'example_kubernetes_executor' retrieved from /home/airflow/.local/lib/python3.12/site-packages/airflow/example_dags/example_kubernetes_executor.py
[2026-05-09T09:22:46.343+0000] {logging_mixin.py:188} INFO - [2026-05-09T09:22:46.343+0000] {dag.py:3089} INFO - Sync 1 DAGs
[2026-05-09T09:22:46.352+0000] {logging_mixin.py:188} INFO - [2026-05-09T09:22:46.352+0000] {dag.py:3947} INFO - Setting next_dagrun for example_kubernetes_executor to None, run_after=None
[2026-05-09T09:22:46.365+0000] {processor.py:183} INFO - Processing /home/airflow/.local/lib/python3.12/site-packages/airflow/example_dags/example_kubernetes_executor.py took 0.066 seconds
[2026-05-09T09:23:16.502+0000] {processor.py:161} INFO - Started process (PID=1354) to work on /home/airflow/.local/lib/python3.12/site-packages/airflow/example_dags/example_kubernetes_executor.py
[2026-05-09T09:23:16.503+0000] {processor.py:830} INFO - Processing file /home/airflow/.local/lib/python3.12/site-packages/airflow/example_dags/example_kubernetes_executor.py for tasks to queue
[2026-05-09T09:23:16.505+0000] {logging_mixin.py:188} INFO - [2026-05-09T09:23:16.504+0000] {dagbag.py:545} INFO - Filling up the DagBag from /home/airflow/.local/lib/python3.12/site-packages/airflow/example_dags/example_kubernetes_executor.py
[2026-05-09T09:23:16.513+0000] {processor.py:840} INFO - DAG(s) 'example_kubernetes_executor' retrieved from /home/airflow/.local/lib/python3.12/site-packages/airflow/example_dags/example_kubernetes_executor.py
[2026-05-09T09:23:16.543+0000] {logging_mixin.py:188} INFO - [2026-05-09T09:23:16.542+0000] {dag.py:3089} INFO - Sync 1 DAGs
[2026-05-09T09:23:16.551+0000] {logging_mixin.py:188} INFO - [2026-05-09T09:23:16.551+0000] {dag.py:3947} INFO - Setting next_dagrun for example_kubernetes_executor to None, run_after=None
[2026-05-09T09:23:16.563+0000] {processor.py:183} INFO - Processing /home/airflow/.local/lib/python3.12/site-packages/airflow/example_dags/example_kubernetes_executor.py took 0.066 seconds
[2026-05-09T09:23:46.719+0000] {processor.py:161} INFO - Started process (PID=1413) to work on /home/airflow/.local/lib/python3.12/site-packages/airflow/example_dags/example_kubernetes_executor.py
[2026-05-09T09:23:46.720+0000] {processor.py:830} INFO - Processing file /home/airflow/.local/lib/python3.12/site-packages/airflow/example_dags/example_kubernetes_executor.py for tasks to queue
[2026-05-09T09:23:46.722+0000] {logging_mixin.py:188} INFO - [2026-05-09T09:23:46.721+0000] {dagbag.py:545} INFO - Filling up the DagBag from /home/airflow/.local/lib/python3.12/site-packages/airflow/example_dags/example_kubernetes_executor.py
[2026-05-09T09:23:46.731+0000] {processor.py:840} INFO - DAG(s) 'example_kubernetes_executor' retrieved from /home/airflow/.local/lib/python3.12/site-packages/airflow/example_dags/example_kubernetes_executor.py
[2026-05-09T09:23:46.759+0000] {logging_mixin.py:188} INFO - [2026-05-09T09:23:46.759+0000] {dag.py:3089} INFO - Sync 1 DAGs
[2026-05-09T09:23:46.767+0000] {logging_mixin.py:188} INFO - [2026-05-09T09:23:46.767+0000] {dag.py:3947} INFO - Setting next_dagrun for example_kubernetes_executor to None, run_after=None
[2026-05-09T09:23:46.780+0000] {processor.py:183} INFO - Processing /home/airflow/.local/lib/python3.12/site-packages/airflow/example_dags/example_kubernetes_executor.py took 0.066 seconds
[2026-05-09T09:24:17.427+0000] {processor.py:161} INFO - Started process (PID=1472) to work on /home/airflow/.local/lib/python3.12/site-packages/airflow/example_dags/example_kubernetes_executor.py
[2026-05-09T09:24:17.428+0000] {processor.py:830} INFO - Processing file /home/airflow/.local/lib/python3.12/site-packages/airflow/example_dags/example_kubernetes_executor.py for tasks to queue
[2026-05-09T09:24:17.430+0000] {logging_mixin.py:188} INFO - [2026-05-09T09:24:17.430+0000] {dagbag.py:545} INFO - Filling up the DagBag from /home/airflow/.local/lib/python3.12/site-packages/airflow/example_dags/example_kubernetes_executor.py
[2026-05-09T09:24:17.440+0000] {processor.py:840} INFO - DAG(s) 'example_kubernetes_executor' retrieved from /home/airflow/.local/lib/python3.12/site-packages/airflow/example_dags/example_kubernetes_executor.py
[2026-05-09T09:24:17.469+0000] {logging_mixin.py:188} INFO - [2026-05-09T09:24:17.468+0000] {dag.py:3089} INFO - Sync 1 DAGs
[2026-05-09T09:24:17.478+0000] {logging_mixin.py:188} INFO - [2026-05-09T09:24:17.478+0000] {dag.py:3947} INFO - Setting next_dagrun for example_kubernetes_executor to None, run_after=None
[2026-05-09T09:24:17.654+0000] {processor.py:183} INFO - Processing /home/airflow/.local/lib/python3.12/site-packages/airflow/example_dags/example_kubernetes_executor.py took 0.233 seconds
[2026-05-09T09:24:47.867+0000] {processor.py:161} INFO - Started process (PID=1531) to work on /home/airflow/.local/lib/python3.12/site-packages/airflow/example_dags/example_kubernetes_executor.py
[2026-05-09T09:24:47.868+0000] {processor.py:830} INFO - Processing file /home/airflow/.local/lib/python3.12/site-packages/airflow/example_dags/example_kubernetes_executor.py for tasks to queue
[2026-05-09T09:24:47.870+0000] {logging_mixin.py:188} INFO - [2026-05-09T09:24:47.870+0000] {dagbag.py:545} INFO - Filling up the DagBag from /home/airflow/.local/lib/python3.12/site-packages/airflow/example_dags/example_kubernetes_executor.py
[2026-05-09T09:24:47.880+0000] {processor.py:840} INFO - DAG(s) 'example_kubernetes_executor' retrieved from /home/airflow/.local/lib/python3.12/site-packages/airflow/example_dags/example_kubernetes_executor.py
[2026-05-09T09:24:47.911+0000] {logging_mixin.py:188} INFO - [2026-05-09T09:24:47.911+0000] {dag.py:3089} INFO - Sync 1 DAGs
[2026-05-09T09:24:47.921+0000] {logging_mixin.py:188} INFO - [2026-05-09T09:24:47.921+0000] {dag.py:3947} INFO - Setting next_dagrun for example_kubernetes_executor to None, run_after=None
[2026-05-09T09:24:47.933+0000] {processor.py:183} INFO - Processing /home/airflow/.local/lib/python3.12/site-packages/airflow/example_dags/example_kubernetes_executor.py took 0.072 seconds
[2026-05-09T09:25:18.653+0000] {processor.py:161} INFO - Started process (PID=1590) to work on /home/airflow/.local/lib/python3.12/site-packages/airflow/example_dags/example_kubernetes_executor.py
[2026-05-09T09:25:18.654+0000] {processor.py:830} INFO - Processing file /home/airflow/.local/lib/python3.12/site-packages/airflow/example_dags/example_kubernetes_executor.py for tasks to queue
[2026-05-09T09:25:18.656+0000] {logging_mixin.py:188} INFO - [2026-05-09T09:25:18.655+0000] {dagbag.py:545} INFO - Filling up the DagBag from /home/airflow/.local/lib/python3.12/site-packages/airflow/example_dags/example_kubernetes_executor.py
[2026-05-09T09:25:18.664+0000] {processor.py:840} INFO - DAG(s) 'example_kubernetes_executor' retrieved from /home/airflow/.local/lib/python3.12/site-packages/airflow/example_dags/example_kubernetes_executor.py
[2026-05-09T09:25:18.694+0000] {logging_mixin.py:188} INFO - [2026-05-09T09:25:18.694+0000] {dag.py:3089} INFO - Sync 1 DAGs
[2026-05-09T09:25:18.703+0000] {logging_mixin.py:188} INFO - [2026-05-09T09:25:18.703+0000] {dag.py:3947} INFO - Setting next_dagrun for example_kubernetes_executor to None, run_after=None
[2026-05-09T09:25:18.715+0000] {processor.py:183} INFO - Processing /home/airflow/.local/lib/python3.12/site-packages/airflow/example_dags/example_kubernetes_executor.py took 0.068 seconds
[2026-05-09T09:25:49.367+0000] {processor.py:161} INFO - Started process (PID=1649) to work on /home/airflow/.local/lib/python3.12/site-packages/airflow/example_dags/example_kubernetes_executor.py
[2026-05-09T09:25:49.367+0000] {processor.py:830} INFO - Processing file /home/airflow/.local/lib/python3.12/site-packages/airflow/example_dags/example_kubernetes_executor.py for tasks to queue
[2026-05-09T09:25:49.369+0000] {logging_mixin.py:188} INFO - [2026-05-09T09:25:49.368+0000] {dagbag.py:545} INFO - Filling up the DagBag from /home/airflow/.local/lib/python3.12/site-packages/airflow/example_dags/example_kubernetes_executor.py
[2026-05-09T09:25:49.377+0000] {processor.py:840} INFO - DAG(s) 'example_kubernetes_executor' retrieved from /home/airflow/.local/lib/python3.12/site-packages/airflow/example_dags/example_kubernetes_executor.py
[2026-05-09T09:25:49.403+0000] {logging_mixin.py:188} INFO - [2026-05-09T09:25:49.403+0000] {dag.py:3089} INFO - Sync 1 DAGs
[2026-05-09T09:25:49.412+0000] {logging_mixin.py:188} INFO - [2026-05-09T09:25:49.412+0000] {dag.py:3947} INFO - Setting next_dagrun for example_kubernetes_executor to None, run_after=None
[2026-05-09T09:25:49.424+0000] {processor.py:183} INFO - Processing /home/airflow/.local/lib/python3.12/site-packages/airflow/example_dags/example_kubernetes_executor.py took 0.063 seconds
[2026-05-09T09:26:19.994+0000] {processor.py:161} INFO - Started process (PID=1708) to work on /home/airflow/.local/lib/python3.12/site-packages/airflow/example_dags/example_kubernetes_executor.py
[2026-05-09T09:26:19.995+0000] {processor.py:830} INFO - Processing file /home/airflow/.local/lib/python3.12/site-packages/airflow/example_dags/example_kubernetes_executor.py for tasks to queue
[2026-05-09T09:26:19.997+0000] {logging_mixin.py:188} INFO - [2026-05-09T09:26:19.997+0000] {dagbag.py:545} INFO - Filling up the DagBag from /home/airflow/.local/lib/python3.12/site-packages/airflow/example_dags/example_kubernetes_executor.py
[2026-05-09T09:26:20.005+0000] {processor.py:840} INFO - DAG(s) 'example_kubernetes_executor' retrieved from /home/airflow/.local/lib/python3.12/site-packages/airflow/example_dags/example_kubernetes_executor.py
[2026-05-09T09:26:20.160+0000] {logging_mixin.py:188} INFO - [2026-05-09T09:26:20.160+0000] {dag.py:3089} INFO - Sync 1 DAGs
[2026-05-09T09:26:20.167+0000] {logging_mixin.py:188} INFO - [2026-05-09T09:26:20.167+0000] {dag.py:3947} INFO - Setting next_dagrun for example_kubernetes_executor to None, run_after=None
[2026-05-09T09:26:20.176+0000] {processor.py:183} INFO - Processing /home/airflow/.local/lib/python3.12/site-packages/airflow/example_dags/example_kubernetes_executor.py took 0.187 seconds
[2026-05-09T09:26:50.212+0000] {processor.py:161} INFO - Started process (PID=1767) to work on /home/airflow/.local/lib/python3.12/site-packages/airflow/example_dags/example_kubernetes_executor.py
[2026-05-09T09:26:50.213+0000] {processor.py:830} INFO - Processing file /home/airflow/.local/lib/python3.12/site-packages/airflow/example_dags/example_kubernetes_executor.py for tasks to queue
[2026-05-09T09:26:50.214+0000] {logging_mixin.py:188} INFO - [2026-05-09T09:26:50.214+0000] {dagbag.py:545} INFO - Filling up the DagBag from /home/airflow/.local/lib/python3.12/site-packages/airflow/example_dags/example_kubernetes_executor.py
[2026-05-09T09:26:50.224+0000] {processor.py:840} INFO - DAG(s) 'example_kubernetes_executor' retrieved from /home/airflow/.local/lib/python3.12/site-packages/airflow/example_dags/example_kubernetes_executor.py
[2026-05-09T09:26:50.258+0000] {logging_mixin.py:188} INFO - [2026-05-09T09:26:50.257+0000] {dag.py:3089} INFO - Sync 1 DAGs
[2026-05-09T09:26:50.413+0000] {logging_mixin.py:188} INFO - [2026-05-09T09:26:50.413+0000] {dag.py:3947} INFO - Setting next_dagrun for example_kubernetes_executor to None, run_after=None
[2026-05-09T09:26:50.423+0000] {processor.py:183} INFO - Processing /home/airflow/.local/lib/python3.12/site-packages/airflow/example_dags/example_kubernetes_executor.py took 0.217 seconds
[2026-05-09T09:27:20.859+0000] {processor.py:161} INFO - Started process (PID=1826) to work on /home/airflow/.local/lib/python3.12/site-packages/airflow/example_dags/example_kubernetes_executor.py
[2026-05-09T09:27:20.860+0000] {processor.py:830} INFO - Processing file /home/airflow/.local/lib/python3.12/site-packages/airflow/example_dags/example_kubernetes_executor.py for tasks to queue
[2026-05-09T09:27:20.862+0000] {logging_mixin.py:188} INFO - [2026-05-09T09:27:20.861+0000] {dagbag.py:545} INFO - Filling up the DagBag from /home/airflow/.local/lib/python3.12/site-packages/airflow/example_dags/example_kubernetes_executor.py
[2026-05-09T09:27:20.873+0000] {processor.py:840} INFO - DAG(s) 'example_kubernetes_executor' retrieved from /home/airflow/.local/lib/python3.12/site-packages/airflow/example_dags/example_kubernetes_executor.py
[2026-05-09T09:27:20.905+0000] {logging_mixin.py:188} INFO - [2026-05-09T09:27:20.905+0000] {dag.py:3089} INFO - Sync 1 DAGs
[2026-05-09T09:27:20.916+0000] {logging_mixin.py:188} INFO - [2026-05-09T09:27:20.916+0000] {dag.py:3947} INFO - Setting next_dagrun for example_kubernetes_executor to None, run_after=None
[2026-05-09T09:27:20.929+0000] {processor.py:183} INFO - Processing /home/airflow/.local/lib/python3.12/site-packages/airflow/example_dags/example_kubernetes_executor.py took 0.078 seconds
[2026-05-09T09:27:51.537+0000] {processor.py:161} INFO - Started process (PID=1885) to work on /home/airflow/.local/lib/python3.12/site-packages/airflow/example_dags/example_kubernetes_executor.py
[2026-05-09T09:27:51.538+0000] {processor.py:830} INFO - Processing file /home/airflow/.local/lib/python3.12/site-packages/airflow/example_dags/example_kubernetes_executor.py for tasks to queue
[2026-05-09T09:27:51.540+0000] {logging_mixin.py:188} INFO - [2026-05-09T09:27:51.539+0000] {dagbag.py:545} INFO - Filling up the DagBag from /home/airflow/.local/lib/python3.12/site-packages/airflow/example_dags/example_kubernetes_executor.py
[2026-05-09T09:27:51.548+0000] {processor.py:840} INFO - DAG(s) 'example_kubernetes_executor' retrieved from /home/airflow/.local/lib/python3.12/site-packages/airflow/example_dags/example_kubernetes_executor.py
[2026-05-09T09:27:51.579+0000] {logging_mixin.py:188} INFO - [2026-05-09T09:27:51.579+0000] {dag.py:3089} INFO - Sync 1 DAGs
[2026-05-09T09:27:51.591+0000] {logging_mixin.py:188} INFO - [2026-05-09T09:27:51.590+0000] {dag.py:3947} INFO - Setting next_dagrun for example_kubernetes_executor to None, run_after=None
[2026-05-09T09:27:51.604+0000] {processor.py:183} INFO - Processing /home/airflow/.local/lib/python3.12/site-packages/airflow/example_dags/example_kubernetes_executor.py took 0.072 seconds
[2026-05-09T09:28:22.332+0000] {processor.py:161} INFO - Started process (PID=1944) to work on /home/airflow/.local/lib/python3.12/site-packages/airflow/example_dags/example_kubernetes_executor.py
[2026-05-09T09:28:22.333+0000] {processor.py:830} INFO - Processing file /home/airflow/.local/lib/python3.12/site-packages/airflow/example_dags/example_kubernetes_executor.py for tasks to queue
[2026-05-09T09:28:22.335+0000] {logging_mixin.py:188} INFO - [2026-05-09T09:28:22.334+0000] {dagbag.py:545} INFO - Filling up the DagBag from /home/airflow/.local/lib/python3.12/site-packages/airflow/example_dags/example_kubernetes_executor.py
[2026-05-09T09:28:22.343+0000] {processor.py:840} INFO - DAG(s) 'example_kubernetes_executor' retrieved from /home/airflow/.local/lib/python3.12/site-packages/airflow/example_dags/example_kubernetes_executor.py
[2026-05-09T09:28:22.375+0000] {logging_mixin.py:188} INFO - [2026-05-09T09:28:22.375+0000] {dag.py:3089} INFO - Sync 1 DAGs
[2026-05-09T09:28:22.384+0000] {logging_mixin.py:188} INFO - [2026-05-09T09:28:22.384+0000] {dag.py:3947} INFO - Setting next_dagrun for example_kubernetes_executor to None, run_after=None
[2026-05-09T09:28:22.398+0000] {processor.py:183} INFO - Processing /home/airflow/.local/lib/python3.12/site-packages/airflow/example_dags/example_kubernetes_executor.py took 0.072 seconds
[2026-05-09T09:45:01.084+0000] {processor.py:161} INFO - Started process (PID=51) to work on /home/airflow/.local/lib/python3.12/site-packages/airflow/example_dags/example_kubernetes_executor.py
[2026-05-09T09:45:01.085+0000] {processor.py:830} INFO - Processing file /home/airflow/.local/lib/python3.12/site-packages/airflow/example_dags/example_kubernetes_executor.py for tasks to queue
[2026-05-09T09:45:01.087+0000] {logging_mixin.py:188} INFO - [2026-05-09T09:45:01.087+0000] {dagbag.py:545} INFO - Filling up the DagBag from /home/airflow/.local/lib/python3.12/site-packages/airflow/example_dags/example_kubernetes_executor.py
[2026-05-09T09:45:01.102+0000] {processor.py:840} INFO - DAG(s) 'example_kubernetes_executor' retrieved from /home/airflow/.local/lib/python3.12/site-packages/airflow/example_dags/example_kubernetes_executor.py
[2026-05-09T09:45:01.115+0000] {logging_mixin.py:188} INFO - [2026-05-09T09:45:01.115+0000] {dag.py:3089} INFO - Sync 1 DAGs
[2026-05-09T09:45:01.128+0000] {logging_mixin.py:188} INFO - [2026-05-09T09:45:01.127+0000] {dag.py:3947} INFO - Setting next_dagrun for example_kubernetes_executor to None, run_after=None
[2026-05-09T09:45:01.147+0000] {processor.py:183} INFO - Processing /home/airflow/.local/lib/python3.12/site-packages/airflow/example_dags/example_kubernetes_executor.py took 0.069 seconds
[2026-05-09T09:45:31.511+0000] {processor.py:161} INFO - Started process (PID=109) to work on /home/airflow/.local/lib/python3.12/site-packages/airflow/example_dags/example_kubernetes_executor.py
[2026-05-09T09:45:31.512+0000] {processor.py:830} INFO - Processing file /home/airflow/.local/lib/python3.12/site-packages/airflow/example_dags/example_kubernetes_executor.py for tasks to queue
[2026-05-09T09:45:31.513+0000] {logging_mixin.py:188} INFO - [2026-05-09T09:45:31.513+0000] {dagbag.py:545} INFO - Filling up the DagBag from /home/airflow/.local/lib/python3.12/site-packages/airflow/example_dags/example_kubernetes_executor.py
[2026-05-09T09:45:31.524+0000] {processor.py:840} INFO - DAG(s) 'example_kubernetes_executor' retrieved from /home/airflow/.local/lib/python3.12/site-packages/airflow/example_dags/example_kubernetes_executor.py
[2026-05-09T09:45:31.608+0000] {logging_mixin.py:188} INFO - [2026-05-09T09:45:31.608+0000] {dag.py:3089} INFO - Sync 1 DAGs
[2026-05-09T09:45:31.614+0000] {logging_mixin.py:188} INFO - [2026-05-09T09:45:31.614+0000] {dag.py:3947} INFO - Setting next_dagrun for example_kubernetes_executor to None, run_after=None
[2026-05-09T09:45:31.627+0000] {processor.py:183} INFO - Processing /home/airflow/.local/lib/python3.12/site-packages/airflow/example_dags/example_kubernetes_executor.py took 0.121 seconds
[2026-05-09T09:46:02.551+0000] {processor.py:161} INFO - Started process (PID=174) to work on /home/airflow/.local/lib/python3.12/site-packages/airflow/example_dags/example_kubernetes_executor.py
[2026-05-09T09:46:02.552+0000] {processor.py:830} INFO - Processing file /home/airflow/.local/lib/python3.12/site-packages/airflow/example_dags/example_kubernetes_executor.py for tasks to queue
[2026-05-09T09:46:02.553+0000] {logging_mixin.py:188} INFO - [2026-05-09T09:46:02.553+0000] {dagbag.py:545} INFO - Filling up the DagBag from /home/airflow/.local/lib/python3.12/site-packages/airflow/example_dags/example_kubernetes_executor.py
[2026-05-09T09:46:02.562+0000] {processor.py:840} INFO - DAG(s) 'example_kubernetes_executor' retrieved from /home/airflow/.local/lib/python3.12/site-packages/airflow/example_dags/example_kubernetes_executor.py
[2026-05-09T09:46:02.596+0000] {logging_mixin.py:188} INFO - [2026-05-09T09:46:02.596+0000] {dag.py:3089} INFO - Sync 1 DAGs
[2026-05-09T09:46:02.605+0000] {logging_mixin.py:188} INFO - [2026-05-09T09:46:02.605+0000] {dag.py:3947} INFO - Setting next_dagrun for example_kubernetes_executor to None, run_after=None
[2026-05-09T09:46:02.621+0000] {processor.py:183} INFO - Processing /home/airflow/.local/lib/python3.12/site-packages/airflow/example_dags/example_kubernetes_executor.py took 0.076 seconds
[2026-05-09T09:46:32.793+0000] {processor.py:161} INFO - Started process (PID=233) to work on /home/airflow/.local/lib/python3.12/site-packages/airflow/example_dags/example_kubernetes_executor.py
[2026-05-09T09:46:32.794+0000] {processor.py:830} INFO - Processing file /home/airflow/.local/lib/python3.12/site-packages/airflow/example_dags/example_kubernetes_executor.py for tasks to queue
[2026-05-09T09:46:32.795+0000] {logging_mixin.py:188} INFO - [2026-05-09T09:46:32.795+0000] {dagbag.py:545} INFO - Filling up the DagBag from /home/airflow/.local/lib/python3.12/site-packages/airflow/example_dags/example_kubernetes_executor.py
[2026-05-09T09:46:32.803+0000] {processor.py:840} INFO - DAG(s) 'example_kubernetes_executor' retrieved from /home/airflow/.local/lib/python3.12/site-packages/airflow/example_dags/example_kubernetes_executor.py
[2026-05-09T09:46:32.834+0000] {logging_mixin.py:188} INFO - [2026-05-09T09:46:32.834+0000] {dag.py:3089} INFO - Sync 1 DAGs
[2026-05-09T09:46:32.844+0000] {logging_mixin.py:188} INFO - [2026-05-09T09:46:32.844+0000] {dag.py:3947} INFO - Setting next_dagrun for example_kubernetes_executor to None, run_after=None
[2026-05-09T09:46:32.857+0000] {processor.py:183} INFO - Processing /home/airflow/.local/lib/python3.12/site-packages/airflow/example_dags/example_kubernetes_executor.py took 0.069 seconds
[2026-05-09T09:47:02.970+0000] {processor.py:161} INFO - Started process (PID=292) to work on /home/airflow/.local/lib/python3.12/site-packages/airflow/example_dags/example_kubernetes_executor.py
[2026-05-09T09:47:02.971+0000] {processor.py:830} INFO - Processing file /home/airflow/.local/lib/python3.12/site-packages/airflow/example_dags/example_kubernetes_executor.py for tasks to queue
[2026-05-09T09:47:02.974+0000] {logging_mixin.py:188} INFO - [2026-05-09T09:47:02.973+0000] {dagbag.py:545} INFO - Filling up the DagBag from /home/airflow/.local/lib/python3.12/site-packages/airflow/example_dags/example_kubernetes_executor.py
[2026-05-09T09:47:02.986+0000] {processor.py:840} INFO - DAG(s) 'example_kubernetes_executor' retrieved from /home/airflow/.local/lib/python3.12/site-packages/airflow/example_dags/example_kubernetes_executor.py
[2026-05-09T09:47:03.020+0000] {logging_mixin.py:188} INFO - [2026-05-09T09:47:03.020+0000] {dag.py:3089} INFO - Sync 1 DAGs
[2026-05-09T09:47:03.031+0000] {logging_mixin.py:188} INFO - [2026-05-09T09:47:03.031+0000] {dag.py:3947} INFO - Setting next_dagrun for example_kubernetes_executor to None, run_after=None
[2026-05-09T09:47:03.047+0000] {processor.py:183} INFO - Processing /home/airflow/.local/lib/python3.12/site-packages/airflow/example_dags/example_kubernetes_executor.py took 0.083 seconds
[2026-05-09T09:47:33.247+0000] {processor.py:161} INFO - Started process (PID=351) to work on /home/airflow/.local/lib/python3.12/site-packages/airflow/example_dags/example_kubernetes_executor.py
[2026-05-09T09:47:33.248+0000] {processor.py:830} INFO - Processing file /home/airflow/.local/lib/python3.12/site-packages/airflow/example_dags/example_kubernetes_executor.py for tasks to queue
[2026-05-09T09:47:33.250+0000] {logging_mixin.py:188} INFO - [2026-05-09T09:47:33.249+0000] {dagbag.py:545} INFO - Filling up the DagBag from /home/airflow/.local/lib/python3.12/site-packages/airflow/example_dags/example_kubernetes_executor.py
[2026-05-09T09:47:33.260+0000] {processor.py:840} INFO - DAG(s) 'example_kubernetes_executor' retrieved from /home/airflow/.local/lib/python3.12/site-packages/airflow/example_dags/example_kubernetes_executor.py
[2026-05-09T09:47:33.298+0000] {logging_mixin.py:188} INFO - [2026-05-09T09:47:33.298+0000] {dag.py:3089} INFO - Sync 1 DAGs
[2026-05-09T09:47:33.310+0000] {logging_mixin.py:188} INFO - [2026-05-09T09:47:33.310+0000] {dag.py:3947} INFO - Setting next_dagrun for example_kubernetes_executor to None, run_after=None
[2026-05-09T09:47:33.328+0000] {processor.py:183} INFO - Processing /home/airflow/.local/lib/python3.12/site-packages/airflow/example_dags/example_kubernetes_executor.py took 0.086 seconds
[2026-05-09T09:48:03.362+0000] {processor.py:161} INFO - Started process (PID=410) to work on /home/airflow/.local/lib/python3.12/site-packages/airflow/example_dags/example_kubernetes_executor.py
[2026-05-09T09:48:03.363+0000] {processor.py:830} INFO - Processing file /home/airflow/.local/lib/python3.12/site-packages/airflow/example_dags/example_kubernetes_executor.py for tasks to queue
[2026-05-09T09:48:03.365+0000] {logging_mixin.py:188} INFO - [2026-05-09T09:48:03.365+0000] {dagbag.py:545} INFO - Filling up the DagBag from /home/airflow/.local/lib/python3.12/site-packages/airflow/example_dags/example_kubernetes_executor.py
[2026-05-09T09:48:03.376+0000] {processor.py:840} INFO - DAG(s) 'example_kubernetes_executor' retrieved from /home/airflow/.local/lib/python3.12/site-packages/airflow/example_dags/example_kubernetes_executor.py
[2026-05-09T09:48:03.411+0000] {logging_mixin.py:188} INFO - [2026-05-09T09:48:03.411+0000] {dag.py:3089} INFO - Sync 1 DAGs
[2026-05-09T09:48:03.421+0000] {logging_mixin.py:188} INFO - [2026-05-09T09:48:03.421+0000] {dag.py:3947} INFO - Setting next_dagrun for example_kubernetes_executor to None, run_after=None
[2026-05-09T09:48:03.434+0000] {processor.py:183} INFO - Processing /home/airflow/.local/lib/python3.12/site-packages/airflow/example_dags/example_kubernetes_executor.py took 0.077 seconds
[2026-05-09T09:48:33.816+0000] {processor.py:161} INFO - Started process (PID=469) to work on /home/airflow/.local/lib/python3.12/site-packages/airflow/example_dags/example_kubernetes_executor.py
[2026-05-09T09:48:33.817+0000] {processor.py:830} INFO - Processing file /home/airflow/.local/lib/python3.12/site-packages/airflow/example_dags/example_kubernetes_executor.py for tasks to queue
[2026-05-09T09:48:33.818+0000] {logging_mixin.py:188} INFO - [2026-05-09T09:48:33.818+0000] {dagbag.py:545} INFO - Filling up the DagBag from /home/airflow/.local/lib/python3.12/site-packages/airflow/example_dags/example_kubernetes_executor.py
[2026-05-09T09:48:33.827+0000] {processor.py:840} INFO - DAG(s) 'example_kubernetes_executor' retrieved from /home/airflow/.local/lib/python3.12/site-packages/airflow/example_dags/example_kubernetes_executor.py
[2026-05-09T09:48:33.860+0000] {logging_mixin.py:188} INFO - [2026-05-09T09:48:33.860+0000] {dag.py:3089} INFO - Sync 1 DAGs
[2026-05-09T09:48:33.869+0000] {logging_mixin.py:188} INFO - [2026-05-09T09:48:33.869+0000] {dag.py:3947} INFO - Setting next_dagrun for example_kubernetes_executor to None, run_after=None
[2026-05-09T09:48:33.882+0000] {processor.py:183} INFO - Processing /home/airflow/.local/lib/python3.12/site-packages/airflow/example_dags/example_kubernetes_executor.py took 0.071 seconds
[2026-05-09T10:24:19.578+0000] {processor.py:161} INFO - Started process (PID=57) to work on /home/airflow/.local/lib/python3.12/site-packages/airflow/example_dags/example_kubernetes_executor.py
[2026-05-09T10:24:19.579+0000] {processor.py:830} INFO - Processing file /home/airflow/.local/lib/python3.12/site-packages/airflow/example_dags/example_kubernetes_executor.py for tasks to queue
[2026-05-09T10:24:19.581+0000] {logging_mixin.py:188} INFO - [2026-05-09T10:24:19.581+0000] {dagbag.py:545} INFO - Filling up the DagBag from /home/airflow/.local/lib/python3.12/site-packages/airflow/example_dags/example_kubernetes_executor.py
[2026-05-09T10:24:19.594+0000] {processor.py:840} INFO - DAG(s) 'example_kubernetes_executor' retrieved from /home/airflow/.local/lib/python3.12/site-packages/airflow/example_dags/example_kubernetes_executor.py
[2026-05-09T10:24:19.696+0000] {logging_mixin.py:188} INFO - [2026-05-09T10:24:19.695+0000] {override.py:1858} INFO - Created Permission View: can delete on DAG:example_kubernetes_executor
[2026-05-09T10:24:19.705+0000] {logging_mixin.py:188} INFO - [2026-05-09T10:24:19.704+0000] {override.py:1858} INFO - Created Permission View: can read on DAG:example_kubernetes_executor
[2026-05-09T10:24:19.709+0000] {logging_mixin.py:188} INFO - [2026-05-09T10:24:19.709+0000] {override.py:1858} INFO - Created Permission View: can edit on DAG:example_kubernetes_executor
[2026-05-09T10:24:19.709+0000] {logging_mixin.py:188} INFO - [2026-05-09T10:24:19.709+0000] {dag.py:3089} INFO - Sync 1 DAGs
[2026-05-09T10:24:19.718+0000] {logging_mixin.py:188} INFO - [2026-05-09T10:24:19.718+0000] {dag.py:3111} INFO - Creating ORM DAG for example_kubernetes_executor
[2026-05-09T10:24:19.719+0000] {logging_mixin.py:188} INFO - [2026-05-09T10:24:19.718+0000] {dag.py:3947} INFO - Setting next_dagrun for example_kubernetes_executor to None, run_after=None
[2026-05-09T10:24:19.730+0000] {processor.py:183} INFO - Processing /home/airflow/.local/lib/python3.12/site-packages/airflow/example_dags/example_kubernetes_executor.py took 0.158 seconds
[2026-05-09T10:24:50.441+0000] {processor.py:161} INFO - Started process (PID=116) to work on /home/airflow/.local/lib/python3.12/site-packages/airflow/example_dags/example_kubernetes_executor.py
[2026-05-09T10:24:50.442+0000] {processor.py:830} INFO - Processing file /home/airflow/.local/lib/python3.12/site-packages/airflow/example_dags/example_kubernetes_executor.py for tasks to queue
[2026-05-09T10:24:50.444+0000] {logging_mixin.py:188} INFO - [2026-05-09T10:24:50.444+0000] {dagbag.py:545} INFO - Filling up the DagBag from /home/airflow/.local/lib/python3.12/site-packages/airflow/example_dags/example_kubernetes_executor.py
[2026-05-09T10:24:50.453+0000] {processor.py:840} INFO - DAG(s) 'example_kubernetes_executor' retrieved from /home/airflow/.local/lib/python3.12/site-packages/airflow/example_dags/example_kubernetes_executor.py
[2026-05-09T10:24:50.491+0000] {logging_mixin.py:188} INFO - [2026-05-09T10:24:50.490+0000] {dag.py:3089} INFO - Sync 1 DAGs
[2026-05-09T10:24:50.502+0000] {logging_mixin.py:188} INFO - [2026-05-09T10:24:50.501+0000] {dag.py:3947} INFO - Setting next_dagrun for example_kubernetes_executor to None, run_after=None
[2026-05-09T10:24:50.523+0000] {processor.py:183} INFO - Processing /home/airflow/.local/lib/python3.12/site-packages/airflow/example_dags/example_kubernetes_executor.py took 0.086 seconds
[2026-05-09T10:25:21.084+0000] {processor.py:161} INFO - Started process (PID=175) to work on /home/airflow/.local/lib/python3.12/site-packages/airflow/example_dags/example_kubernetes_executor.py
[2026-05-09T10:25:21.085+0000] {processor.py:830} INFO - Processing file /home/airflow/.local/lib/python3.12/site-packages/airflow/example_dags/example_kubernetes_executor.py for tasks to queue
[2026-05-09T10:25:21.087+0000] {logging_mixin.py:188} INFO - [2026-05-09T10:25:21.087+0000] {dagbag.py:545} INFO - Filling up the DagBag from /home/airflow/.local/lib/python3.12/site-packages/airflow/example_dags/example_kubernetes_executor.py
[2026-05-09T10:25:21.097+0000] {processor.py:840} INFO - DAG(s) 'example_kubernetes_executor' retrieved from /home/airflow/.local/lib/python3.12/site-packages/airflow/example_dags/example_kubernetes_executor.py
[2026-05-09T10:25:21.136+0000] {logging_mixin.py:188} INFO - [2026-05-09T10:25:21.136+0000] {dag.py:3089} INFO - Sync 1 DAGs
[2026-05-09T10:25:21.148+0000] {logging_mixin.py:188} INFO - [2026-05-09T10:25:21.148+0000] {dag.py:3947} INFO - Setting next_dagrun for example_kubernetes_executor to None, run_after=None
[2026-05-09T10:25:21.166+0000] {processor.py:183} INFO - Processing /home/airflow/.local/lib/python3.12/site-packages/airflow/example_dags/example_kubernetes_executor.py took 0.088 seconds
[2026-05-09T10:25:51.209+0000] {processor.py:161} INFO - Started process (PID=233) to work on /home/airflow/.local/lib/python3.12/site-packages/airflow/example_dags/example_kubernetes_executor.py
[2026-05-09T10:25:51.210+0000] {processor.py:830} INFO - Processing file /home/airflow/.local/lib/python3.12/site-packages/airflow/example_dags/example_kubernetes_executor.py for tasks to queue
[2026-05-09T10:25:51.213+0000] {logging_mixin.py:188} INFO - [2026-05-09T10:25:51.212+0000] {dagbag.py:545} INFO - Filling up the DagBag from /home/airflow/.local/lib/python3.12/site-packages/airflow/example_dags/example_kubernetes_executor.py
[2026-05-09T10:25:51.223+0000] {processor.py:840} INFO - DAG(s) 'example_kubernetes_executor' retrieved from /home/airflow/.local/lib/python3.12/site-packages/airflow/example_dags/example_kubernetes_executor.py
[2026-05-09T10:25:51.255+0000] {logging_mixin.py:188} INFO - [2026-05-09T10:25:51.255+0000] {dag.py:3089} INFO - Sync 1 DAGs
[2026-05-09T10:25:51.265+0000] {logging_mixin.py:188} INFO - [2026-05-09T10:25:51.265+0000] {dag.py:3947} INFO - Setting next_dagrun for example_kubernetes_executor to None, run_after=None
[2026-05-09T10:25:51.277+0000] {processor.py:183} INFO - Processing /home/airflow/.local/lib/python3.12/site-packages/airflow/example_dags/example_kubernetes_executor.py took 0.075 seconds
[2026-05-09T10:26:21.572+0000] {processor.py:161} INFO - Started process (PID=292) to work on /home/airflow/.local/lib/python3.12/site-packages/airflow/example_dags/example_kubernetes_executor.py
[2026-05-09T10:26:21.573+0000] {processor.py:830} INFO - Processing file /home/airflow/.local/lib/python3.12/site-packages/airflow/example_dags/example_kubernetes_executor.py for tasks to queue
[2026-05-09T10:26:21.576+0000] {logging_mixin.py:188} INFO - [2026-05-09T10:26:21.576+0000] {dagbag.py:545} INFO - Filling up the DagBag from /home/airflow/.local/lib/python3.12/site-packages/airflow/example_dags/example_kubernetes_executor.py
[2026-05-09T10:26:21.593+0000] {processor.py:840} INFO - DAG(s) 'example_kubernetes_executor' retrieved from /home/airflow/.local/lib/python3.12/site-packages/airflow/example_dags/example_kubernetes_executor.py
[2026-05-09T10:26:21.630+0000] {logging_mixin.py:188} INFO - [2026-05-09T10:26:21.630+0000] {dag.py:3089} INFO - Sync 1 DAGs
[2026-05-09T10:26:21.640+0000] {logging_mixin.py:188} INFO - [2026-05-09T10:26:21.640+0000] {dag.py:3947} INFO - Setting next_dagrun for example_kubernetes_executor to None, run_after=None
[2026-05-09T10:26:21.653+0000] {processor.py:183} INFO - Processing /home/airflow/.local/lib/python3.12/site-packages/airflow/example_dags/example_kubernetes_executor.py took 0.089 seconds
[2026-05-09T10:26:51.772+0000] {processor.py:161} INFO - Started process (PID=352) to work on /home/airflow/.local/lib/python3.12/site-packages/airflow/example_dags/example_kubernetes_executor.py
[2026-05-09T10:26:51.773+0000] {processor.py:830} INFO - Processing file /home/airflow/.local/lib/python3.12/site-packages/airflow/example_dags/example_kubernetes_executor.py for tasks to queue
[2026-05-09T10:26:51.774+0000] {logging_mixin.py:188} INFO - [2026-05-09T10:26:51.774+0000] {dagbag.py:545} INFO - Filling up the DagBag from /home/airflow/.local/lib/python3.12/site-packages/airflow/example_dags/example_kubernetes_executor.py
[2026-05-09T10:26:51.784+0000] {processor.py:840} INFO - DAG(s) 'example_kubernetes_executor' retrieved from /home/airflow/.local/lib/python3.12/site-packages/airflow/example_dags/example_kubernetes_executor.py
[2026-05-09T10:26:51.818+0000] {logging_mixin.py:188} INFO - [2026-05-09T10:26:51.817+0000] {dag.py:3089} INFO - Sync 1 DAGs
[2026-05-09T10:26:51.827+0000] {logging_mixin.py:188} INFO - [2026-05-09T10:26:51.826+0000] {dag.py:3947} INFO - Setting next_dagrun for example_kubernetes_executor to None, run_after=None
[2026-05-09T10:26:51.838+0000] {processor.py:183} INFO - Processing /home/airflow/.local/lib/python3.12/site-packages/airflow/example_dags/example_kubernetes_executor.py took 0.072 seconds
[2026-05-09T10:27:21.937+0000] {processor.py:161} INFO - Started process (PID=411) to work on /home/airflow/.local/lib/python3.12/site-packages/airflow/example_dags/example_kubernetes_executor.py
[2026-05-09T10:27:21.938+0000] {processor.py:830} INFO - Processing file /home/airflow/.local/lib/python3.12/site-packages/airflow/example_dags/example_kubernetes_executor.py for tasks to queue
[2026-05-09T10:27:21.939+0000] {logging_mixin.py:188} INFO - [2026-05-09T10:27:21.939+0000] {dagbag.py:545} INFO - Filling up the DagBag from /home/airflow/.local/lib/python3.12/site-packages/airflow/example_dags/example_kubernetes_executor.py
[2026-05-09T10:27:21.947+0000] {processor.py:840} INFO - DAG(s) 'example_kubernetes_executor' retrieved from /home/airflow/.local/lib/python3.12/site-packages/airflow/example_dags/example_kubernetes_executor.py
[2026-05-09T10:27:21.977+0000] {logging_mixin.py:188} INFO - [2026-05-09T10:27:21.977+0000] {dag.py:3089} INFO - Sync 1 DAGs
[2026-05-09T10:27:21.985+0000] {logging_mixin.py:188} INFO - [2026-05-09T10:27:21.985+0000] {dag.py:3947} INFO - Setting next_dagrun for example_kubernetes_executor to None, run_after=None
[2026-05-09T10:27:21.998+0000] {processor.py:183} INFO - Processing /home/airflow/.local/lib/python3.12/site-packages/airflow/example_dags/example_kubernetes_executor.py took 0.066 seconds
[2026-05-09T10:31:07.998+0000] {processor.py:161} INFO - Started process (PID=51) to work on /home/airflow/.local/lib/python3.12/site-packages/airflow/example_dags/example_kubernetes_executor.py
[2026-05-09T10:31:07.999+0000] {processor.py:830} INFO - Processing file /home/airflow/.local/lib/python3.12/site-packages/airflow/example_dags/example_kubernetes_executor.py for tasks to queue
[2026-05-09T10:31:08.000+0000] {logging_mixin.py:188} INFO - [2026-05-09T10:31:08.000+0000] {dagbag.py:545} INFO - Filling up the DagBag from /home/airflow/.local/lib/python3.12/site-packages/airflow/example_dags/example_kubernetes_executor.py
[2026-05-09T10:31:08.016+0000] {processor.py:840} INFO - DAG(s) 'example_kubernetes_executor' retrieved from /home/airflow/.local/lib/python3.12/site-packages/airflow/example_dags/example_kubernetes_executor.py
[2026-05-09T10:31:08.028+0000] {logging_mixin.py:188} INFO - [2026-05-09T10:31:08.027+0000] {dag.py:3089} INFO - Sync 1 DAGs
[2026-05-09T10:31:08.040+0000] {logging_mixin.py:188} INFO - [2026-05-09T10:31:08.040+0000] {dag.py:3947} INFO - Setting next_dagrun for example_kubernetes_executor to None, run_after=None
[2026-05-09T10:31:08.056+0000] {processor.py:183} INFO - Processing /home/airflow/.local/lib/python3.12/site-packages/airflow/example_dags/example_kubernetes_executor.py took 0.065 seconds
[2026-05-09T10:31:38.254+0000] {processor.py:161} INFO - Started process (PID=109) to work on /home/airflow/.local/lib/python3.12/site-packages/airflow/example_dags/example_kubernetes_executor.py
[2026-05-09T10:31:38.255+0000] {processor.py:830} INFO - Processing file /home/airflow/.local/lib/python3.12/site-packages/airflow/example_dags/example_kubernetes_executor.py for tasks to queue
[2026-05-09T10:31:38.257+0000] {logging_mixin.py:188} INFO - [2026-05-09T10:31:38.257+0000] {dagbag.py:545} INFO - Filling up the DagBag from /home/airflow/.local/lib/python3.12/site-packages/airflow/example_dags/example_kubernetes_executor.py
[2026-05-09T10:31:38.266+0000] {processor.py:840} INFO - DAG(s) 'example_kubernetes_executor' retrieved from /home/airflow/.local/lib/python3.12/site-packages/airflow/example_dags/example_kubernetes_executor.py
[2026-05-09T10:31:38.367+0000] {logging_mixin.py:188} INFO - [2026-05-09T10:31:38.367+0000] {dag.py:3089} INFO - Sync 1 DAGs
[2026-05-09T10:31:38.376+0000] {logging_mixin.py:188} INFO - [2026-05-09T10:31:38.375+0000] {dag.py:3947} INFO - Setting next_dagrun for example_kubernetes_executor to None, run_after=None
[2026-05-09T10:31:38.391+0000] {processor.py:183} INFO - Processing /home/airflow/.local/lib/python3.12/site-packages/airflow/example_dags/example_kubernetes_executor.py took 0.143 seconds
[2026-05-09T10:32:08.825+0000] {processor.py:161} INFO - Started process (PID=174) to work on /home/airflow/.local/lib/python3.12/site-packages/airflow/example_dags/example_kubernetes_executor.py
[2026-05-09T10:32:08.826+0000] {processor.py:830} INFO - Processing file /home/airflow/.local/lib/python3.12/site-packages/airflow/example_dags/example_kubernetes_executor.py for tasks to queue
[2026-05-09T10:32:08.827+0000] {logging_mixin.py:188} INFO - [2026-05-09T10:32:08.827+0000] {dagbag.py:545} INFO - Filling up the DagBag from /home/airflow/.local/lib/python3.12/site-packages/airflow/example_dags/example_kubernetes_executor.py
[2026-05-09T10:32:08.839+0000] {processor.py:840} INFO - DAG(s) 'example_kubernetes_executor' retrieved from /home/airflow/.local/lib/python3.12/site-packages/airflow/example_dags/example_kubernetes_executor.py
[2026-05-09T10:32:08.877+0000] {logging_mixin.py:188} INFO - [2026-05-09T10:32:08.877+0000] {dag.py:3089} INFO - Sync 1 DAGs
[2026-05-09T10:32:08.891+0000] {logging_mixin.py:188} INFO - [2026-05-09T10:32:08.890+0000] {dag.py:3947} INFO - Setting next_dagrun for example_kubernetes_executor to None, run_after=None
[2026-05-09T10:32:08.908+0000] {processor.py:183} INFO - Processing /home/airflow/.local/lib/python3.12/site-packages/airflow/example_dags/example_kubernetes_executor.py took 0.090 seconds
[2026-05-09T10:32:39.053+0000] {processor.py:161} INFO - Started process (PID=233) to work on /home/airflow/.local/lib/python3.12/site-packages/airflow/example_dags/example_kubernetes_executor.py
[2026-05-09T10:32:39.054+0000] {processor.py:830} INFO - Processing file /home/airflow/.local/lib/python3.12/site-packages/airflow/example_dags/example_kubernetes_executor.py for tasks to queue
[2026-05-09T10:32:39.055+0000] {logging_mixin.py:188} INFO - [2026-05-09T10:32:39.055+0000] {dagbag.py:545} INFO - Filling up the DagBag from /home/airflow/.local/lib/python3.12/site-packages/airflow/example_dags/example_kubernetes_executor.py
[2026-05-09T10:32:39.064+0000] {processor.py:840} INFO - DAG(s) 'example_kubernetes_executor' retrieved from /home/airflow/.local/lib/python3.12/site-packages/airflow/example_dags/example_kubernetes_executor.py
[2026-05-09T10:32:39.094+0000] {logging_mixin.py:188} INFO - [2026-05-09T10:32:39.094+0000] {dag.py:3089} INFO - Sync 1 DAGs
[2026-05-09T10:32:39.103+0000] {logging_mixin.py:188} INFO - [2026-05-09T10:32:39.103+0000] {dag.py:3947} INFO - Setting next_dagrun for example_kubernetes_executor to None, run_after=None
[2026-05-09T10:32:39.115+0000] {processor.py:183} INFO - Processing /home/airflow/.local/lib/python3.12/site-packages/airflow/example_dags/example_kubernetes_executor.py took 0.068 seconds
[2026-05-09T10:33:09.226+0000] {processor.py:161} INFO - Started process (PID=292) to work on /home/airflow/.local/lib/python3.12/site-packages/airflow/example_dags/example_kubernetes_executor.py
[2026-05-09T10:33:09.227+0000] {processor.py:830} INFO - Processing file /home/airflow/.local/lib/python3.12/site-packages/airflow/example_dags/example_kubernetes_executor.py for tasks to queue
[2026-05-09T10:33:09.229+0000] {logging_mixin.py:188} INFO - [2026-05-09T10:33:09.229+0000] {dagbag.py:545} INFO - Filling up the DagBag from /home/airflow/.local/lib/python3.12/site-packages/airflow/example_dags/example_kubernetes_executor.py
[2026-05-09T10:33:09.239+0000] {processor.py:840} INFO - DAG(s) 'example_kubernetes_executor' retrieved from /home/airflow/.local/lib/python3.12/site-packages/airflow/example_dags/example_kubernetes_executor.py
[2026-05-09T10:33:09.272+0000] {logging_mixin.py:188} INFO - [2026-05-09T10:33:09.272+0000] {dag.py:3089} INFO - Sync 1 DAGs
[2026-05-09T10:33:09.283+0000] {logging_mixin.py:188} INFO - [2026-05-09T10:33:09.283+0000] {dag.py:3947} INFO - Setting next_dagrun for example_kubernetes_executor to None, run_after=None
[2026-05-09T10:33:09.295+0000] {processor.py:183} INFO - Processing /home/airflow/.local/lib/python3.12/site-packages/airflow/example_dags/example_kubernetes_executor.py took 0.075 seconds
[2026-05-09T10:33:39.693+0000] {processor.py:161} INFO - Started process (PID=351) to work on /home/airflow/.local/lib/python3.12/site-packages/airflow/example_dags/example_kubernetes_executor.py
[2026-05-09T10:33:39.694+0000] {processor.py:830} INFO - Processing file /home/airflow/.local/lib/python3.12/site-packages/airflow/example_dags/example_kubernetes_executor.py for tasks to queue
[2026-05-09T10:33:39.696+0000] {logging_mixin.py:188} INFO - [2026-05-09T10:33:39.696+0000] {dagbag.py:545} INFO - Filling up the DagBag from /home/airflow/.local/lib/python3.12/site-packages/airflow/example_dags/example_kubernetes_executor.py
[2026-05-09T10:33:39.705+0000] {processor.py:840} INFO - DAG(s) 'example_kubernetes_executor' retrieved from /home/airflow/.local/lib/python3.12/site-packages/airflow/example_dags/example_kubernetes_executor.py
[2026-05-09T10:33:39.735+0000] {logging_mixin.py:188} INFO - [2026-05-09T10:33:39.735+0000] {dag.py:3089} INFO - Sync 1 DAGs
[2026-05-09T10:33:39.744+0000] {logging_mixin.py:188} INFO - [2026-05-09T10:33:39.744+0000] {dag.py:3947} INFO - Setting next_dagrun for example_kubernetes_executor to None, run_after=None
[2026-05-09T10:33:39.757+0000] {processor.py:183} INFO - Processing /home/airflow/.local/lib/python3.12/site-packages/airflow/example_dags/example_kubernetes_executor.py took 0.069 seconds
[2026-05-09T10:34:10.424+0000] {processor.py:161} INFO - Started process (PID=410) to work on /home/airflow/.local/lib/python3.12/site-packages/airflow/example_dags/example_kubernetes_executor.py
[2026-05-09T10:34:10.425+0000] {processor.py:830} INFO - Processing file /home/airflow/.local/lib/python3.12/site-packages/airflow/example_dags/example_kubernetes_executor.py for tasks to queue
[2026-05-09T10:34:10.427+0000] {logging_mixin.py:188} INFO - [2026-05-09T10:34:10.426+0000] {dagbag.py:545} INFO - Filling up the DagBag from /home/airflow/.local/lib/python3.12/site-packages/airflow/example_dags/example_kubernetes_executor.py
[2026-05-09T10:34:10.436+0000] {processor.py:840} INFO - DAG(s) 'example_kubernetes_executor' retrieved from /home/airflow/.local/lib/python3.12/site-packages/airflow/example_dags/example_kubernetes_executor.py
[2026-05-09T10:34:10.466+0000] {logging_mixin.py:188} INFO - [2026-05-09T10:34:10.466+0000] {dag.py:3089} INFO - Sync 1 DAGs
[2026-05-09T10:34:10.477+0000] {logging_mixin.py:188} INFO - [2026-05-09T10:34:10.477+0000] {dag.py:3947} INFO - Setting next_dagrun for example_kubernetes_executor to None, run_after=None
[2026-05-09T10:34:10.490+0000] {processor.py:183} INFO - Processing /home/airflow/.local/lib/python3.12/site-packages/airflow/example_dags/example_kubernetes_executor.py took 0.072 seconds
[2026-05-09T10:34:41.162+0000] {processor.py:161} INFO - Started process (PID=469) to work on /home/airflow/.local/lib/python3.12/site-packages/airflow/example_dags/example_kubernetes_executor.py
[2026-05-09T10:34:41.163+0000] {processor.py:830} INFO - Processing file /home/airflow/.local/lib/python3.12/site-packages/airflow/example_dags/example_kubernetes_executor.py for tasks to queue
[2026-05-09T10:34:41.164+0000] {logging_mixin.py:188} INFO - [2026-05-09T10:34:41.164+0000] {dagbag.py:545} INFO - Filling up the DagBag from /home/airflow/.local/lib/python3.12/site-packages/airflow/example_dags/example_kubernetes_executor.py
[2026-05-09T10:34:41.174+0000] {processor.py:840} INFO - DAG(s) 'example_kubernetes_executor' retrieved from /home/airflow/.local/lib/python3.12/site-packages/airflow/example_dags/example_kubernetes_executor.py
[2026-05-09T10:34:41.206+0000] {logging_mixin.py:188} INFO - [2026-05-09T10:34:41.206+0000] {dag.py:3089} INFO - Sync 1 DAGs
[2026-05-09T10:34:41.216+0000] {logging_mixin.py:188} INFO - [2026-05-09T10:34:41.216+0000] {dag.py:3947} INFO - Setting next_dagrun for example_kubernetes_executor to None, run_after=None
[2026-05-09T10:34:41.230+0000] {processor.py:183} INFO - Processing /home/airflow/.local/lib/python3.12/site-packages/airflow/example_dags/example_kubernetes_executor.py took 0.075 seconds
[2026-05-09T10:35:11.857+0000] {processor.py:161} INFO - Started process (PID=528) to work on /home/airflow/.local/lib/python3.12/site-packages/airflow/example_dags/example_kubernetes_executor.py
[2026-05-09T10:35:11.858+0000] {processor.py:830} INFO - Processing file /home/airflow/.local/lib/python3.12/site-packages/airflow/example_dags/example_kubernetes_executor.py for tasks to queue
[2026-05-09T10:35:11.860+0000] {logging_mixin.py:188} INFO - [2026-05-09T10:35:11.859+0000] {dagbag.py:545} INFO - Filling up the DagBag from /home/airflow/.local/lib/python3.12/site-packages/airflow/example_dags/example_kubernetes_executor.py
[2026-05-09T10:35:11.868+0000] {processor.py:840} INFO - DAG(s) 'example_kubernetes_executor' retrieved from /home/airflow/.local/lib/python3.12/site-packages/airflow/example_dags/example_kubernetes_executor.py
[2026-05-09T10:35:11.899+0000] {logging_mixin.py:188} INFO - [2026-05-09T10:35:11.899+0000] {dag.py:3089} INFO - Sync 1 DAGs
[2026-05-09T10:35:11.909+0000] {logging_mixin.py:188} INFO - [2026-05-09T10:35:11.909+0000] {dag.py:3947} INFO - Setting next_dagrun for example_kubernetes_executor to None, run_after=None
[2026-05-09T10:35:11.923+0000] {processor.py:183} INFO - Processing /home/airflow/.local/lib/python3.12/site-packages/airflow/example_dags/example_kubernetes_executor.py took 0.071 seconds
[2026-05-09T10:35:42.537+0000] {processor.py:161} INFO - Started process (PID=587) to work on /home/airflow/.local/lib/python3.12/site-packages/airflow/example_dags/example_kubernetes_executor.py
[2026-05-09T10:35:42.538+0000] {processor.py:830} INFO - Processing file /home/airflow/.local/lib/python3.12/site-packages/airflow/example_dags/example_kubernetes_executor.py for tasks to queue
[2026-05-09T10:35:42.540+0000] {logging_mixin.py:188} INFO - [2026-05-09T10:35:42.540+0000] {dagbag.py:545} INFO - Filling up the DagBag from /home/airflow/.local/lib/python3.12/site-packages/airflow/example_dags/example_kubernetes_executor.py
[2026-05-09T10:35:42.549+0000] {processor.py:840} INFO - DAG(s) 'example_kubernetes_executor' retrieved from /home/airflow/.local/lib/python3.12/site-packages/airflow/example_dags/example_kubernetes_executor.py
[2026-05-09T10:35:42.582+0000] {logging_mixin.py:188} INFO - [2026-05-09T10:35:42.581+0000] {dag.py:3089} INFO - Sync 1 DAGs
[2026-05-09T10:35:42.591+0000] {logging_mixin.py:188} INFO - [2026-05-09T10:35:42.591+0000] {dag.py:3947} INFO - Setting next_dagrun for example_kubernetes_executor to None, run_after=None
[2026-05-09T10:35:42.603+0000] {processor.py:183} INFO - Processing /home/airflow/.local/lib/python3.12/site-packages/airflow/example_dags/example_kubernetes_executor.py took 0.072 seconds
[2026-05-09T10:36:13.238+0000] {processor.py:161} INFO - Started process (PID=646) to work on /home/airflow/.local/lib/python3.12/site-packages/airflow/example_dags/example_kubernetes_executor.py
[2026-05-09T10:36:13.238+0000] {processor.py:830} INFO - Processing file /home/airflow/.local/lib/python3.12/site-packages/airflow/example_dags/example_kubernetes_executor.py for tasks to queue
[2026-05-09T10:36:13.240+0000] {logging_mixin.py:188} INFO - [2026-05-09T10:36:13.240+0000] {dagbag.py:545} INFO - Filling up the DagBag from /home/airflow/.local/lib/python3.12/site-packages/airflow/example_dags/example_kubernetes_executor.py
[2026-05-09T10:36:13.248+0000] {processor.py:840} INFO - DAG(s) 'example_kubernetes_executor' retrieved from /home/airflow/.local/lib/python3.12/site-packages/airflow/example_dags/example_kubernetes_executor.py
[2026-05-09T10:36:13.278+0000] {logging_mixin.py:188} INFO - [2026-05-09T10:36:13.278+0000] {dag.py:3089} INFO - Sync 1 DAGs
[2026-05-09T10:36:13.288+0000] {logging_mixin.py:188} INFO - [2026-05-09T10:36:13.287+0000] {dag.py:3947} INFO - Setting next_dagrun for example_kubernetes_executor to None, run_after=None
[2026-05-09T10:36:13.302+0000] {processor.py:183} INFO - Processing /home/airflow/.local/lib/python3.12/site-packages/airflow/example_dags/example_kubernetes_executor.py took 0.070 seconds
[2026-05-09T10:36:43.484+0000] {processor.py:161} INFO - Started process (PID=705) to work on /home/airflow/.local/lib/python3.12/site-packages/airflow/example_dags/example_kubernetes_executor.py
[2026-05-09T10:36:43.485+0000] {processor.py:830} INFO - Processing file /home/airflow/.local/lib/python3.12/site-packages/airflow/example_dags/example_kubernetes_executor.py for tasks to queue
[2026-05-09T10:36:43.486+0000] {logging_mixin.py:188} INFO - [2026-05-09T10:36:43.486+0000] {dagbag.py:545} INFO - Filling up the DagBag from /home/airflow/.local/lib/python3.12/site-packages/airflow/example_dags/example_kubernetes_executor.py
[2026-05-09T10:36:43.495+0000] {processor.py:840} INFO - DAG(s) 'example_kubernetes_executor' retrieved from /home/airflow/.local/lib/python3.12/site-packages/airflow/example_dags/example_kubernetes_executor.py
[2026-05-09T10:36:43.525+0000] {logging_mixin.py:188} INFO - [2026-05-09T10:36:43.525+0000] {dag.py:3089} INFO - Sync 1 DAGs
[2026-05-09T10:36:43.534+0000] {logging_mixin.py:188} INFO - [2026-05-09T10:36:43.534+0000] {dag.py:3947} INFO - Setting next_dagrun for example_kubernetes_executor to None, run_after=None
[2026-05-09T10:36:43.546+0000] {processor.py:183} INFO - Processing /home/airflow/.local/lib/python3.12/site-packages/airflow/example_dags/example_kubernetes_executor.py took 0.068 seconds
[2026-05-09T10:37:13.696+0000] {processor.py:161} INFO - Started process (PID=764) to work on /home/airflow/.local/lib/python3.12/site-packages/airflow/example_dags/example_kubernetes_executor.py
[2026-05-09T10:37:13.697+0000] {processor.py:830} INFO - Processing file /home/airflow/.local/lib/python3.12/site-packages/airflow/example_dags/example_kubernetes_executor.py for tasks to queue
[2026-05-09T10:37:13.698+0000] {logging_mixin.py:188} INFO - [2026-05-09T10:37:13.698+0000] {dagbag.py:545} INFO - Filling up the DagBag from /home/airflow/.local/lib/python3.12/site-packages/airflow/example_dags/example_kubernetes_executor.py
[2026-05-09T10:37:13.706+0000] {processor.py:840} INFO - DAG(s) 'example_kubernetes_executor' retrieved from /home/airflow/.local/lib/python3.12/site-packages/airflow/example_dags/example_kubernetes_executor.py
[2026-05-09T10:37:13.735+0000] {logging_mixin.py:188} INFO - [2026-05-09T10:37:13.735+0000] {dag.py:3089} INFO - Sync 1 DAGs
[2026-05-09T10:37:13.744+0000] {logging_mixin.py:188} INFO - [2026-05-09T10:37:13.744+0000] {dag.py:3947} INFO - Setting next_dagrun for example_kubernetes_executor to None, run_after=None
[2026-05-09T10:37:13.758+0000] {processor.py:183} INFO - Processing /home/airflow/.local/lib/python3.12/site-packages/airflow/example_dags/example_kubernetes_executor.py took 0.067 seconds
[2026-05-09T10:37:43.787+0000] {processor.py:161} INFO - Started process (PID=824) to work on /home/airflow/.local/lib/python3.12/site-packages/airflow/example_dags/example_kubernetes_executor.py
[2026-05-09T10:37:43.788+0000] {processor.py:830} INFO - Processing file /home/airflow/.local/lib/python3.12/site-packages/airflow/example_dags/example_kubernetes_executor.py for tasks to queue
[2026-05-09T10:37:43.790+0000] {logging_mixin.py:188} INFO - [2026-05-09T10:37:43.790+0000] {dagbag.py:545} INFO - Filling up the DagBag from /home/airflow/.local/lib/python3.12/site-packages/airflow/example_dags/example_kubernetes_executor.py
[2026-05-09T10:37:43.799+0000] {processor.py:840} INFO - DAG(s) 'example_kubernetes_executor' retrieved from /home/airflow/.local/lib/python3.12/site-packages/airflow/example_dags/example_kubernetes_executor.py
[2026-05-09T10:37:43.833+0000] {logging_mixin.py:188} INFO - [2026-05-09T10:37:43.833+0000] {dag.py:3089} INFO - Sync 1 DAGs
[2026-05-09T10:37:43.843+0000] {logging_mixin.py:188} INFO - [2026-05-09T10:37:43.843+0000] {dag.py:3947} INFO - Setting next_dagrun for example_kubernetes_executor to None, run_after=None
[2026-05-09T10:37:43.861+0000] {processor.py:183} INFO - Processing /home/airflow/.local/lib/python3.12/site-packages/airflow/example_dags/example_kubernetes_executor.py took 0.079 seconds
[2026-05-09T10:38:14.258+0000] {processor.py:161} INFO - Started process (PID=883) to work on /home/airflow/.local/lib/python3.12/site-packages/airflow/example_dags/example_kubernetes_executor.py
[2026-05-09T10:38:14.259+0000] {processor.py:830} INFO - Processing file /home/airflow/.local/lib/python3.12/site-packages/airflow/example_dags/example_kubernetes_executor.py for tasks to queue
[2026-05-09T10:38:14.261+0000] {logging_mixin.py:188} INFO - [2026-05-09T10:38:14.261+0000] {dagbag.py:545} INFO - Filling up the DagBag from /home/airflow/.local/lib/python3.12/site-packages/airflow/example_dags/example_kubernetes_executor.py
[2026-05-09T10:38:14.270+0000] {processor.py:840} INFO - DAG(s) 'example_kubernetes_executor' retrieved from /home/airflow/.local/lib/python3.12/site-packages/airflow/example_dags/example_kubernetes_executor.py
[2026-05-09T10:38:14.301+0000] {logging_mixin.py:188} INFO - [2026-05-09T10:38:14.301+0000] {dag.py:3089} INFO - Sync 1 DAGs
[2026-05-09T10:38:14.311+0000] {logging_mixin.py:188} INFO - [2026-05-09T10:38:14.311+0000] {dag.py:3947} INFO - Setting next_dagrun for example_kubernetes_executor to None, run_after=None
[2026-05-09T10:38:14.326+0000] {processor.py:183} INFO - Processing /home/airflow/.local/lib/python3.12/site-packages/airflow/example_dags/example_kubernetes_executor.py took 0.074 seconds
[2026-05-09T10:38:44.626+0000] {processor.py:161} INFO - Started process (PID=942) to work on /home/airflow/.local/lib/python3.12/site-packages/airflow/example_dags/example_kubernetes_executor.py
[2026-05-09T10:38:44.627+0000] {processor.py:830} INFO - Processing file /home/airflow/.local/lib/python3.12/site-packages/airflow/example_dags/example_kubernetes_executor.py for tasks to queue
[2026-05-09T10:38:44.629+0000] {logging_mixin.py:188} INFO - [2026-05-09T10:38:44.629+0000] {dagbag.py:545} INFO - Filling up the DagBag from /home/airflow/.local/lib/python3.12/site-packages/airflow/example_dags/example_kubernetes_executor.py
[2026-05-09T10:38:44.639+0000] {processor.py:840} INFO - DAG(s) 'example_kubernetes_executor' retrieved from /home/airflow/.local/lib/python3.12/site-packages/airflow/example_dags/example_kubernetes_executor.py
[2026-05-09T10:38:44.672+0000] {logging_mixin.py:188} INFO - [2026-05-09T10:38:44.672+0000] {dag.py:3089} INFO - Sync 1 DAGs
[2026-05-09T10:38:44.681+0000] {logging_mixin.py:188} INFO - [2026-05-09T10:38:44.680+0000] {dag.py:3947} INFO - Setting next_dagrun for example_kubernetes_executor to None, run_after=None
[2026-05-09T10:38:44.696+0000] {processor.py:183} INFO - Processing /home/airflow/.local/lib/python3.12/site-packages/airflow/example_dags/example_kubernetes_executor.py took 0.075 seconds
[2026-05-09T10:39:14.972+0000] {processor.py:161} INFO - Started process (PID=1001) to work on /home/airflow/.local/lib/python3.12/site-packages/airflow/example_dags/example_kubernetes_executor.py
[2026-05-09T10:39:14.973+0000] {processor.py:830} INFO - Processing file /home/airflow/.local/lib/python3.12/site-packages/airflow/example_dags/example_kubernetes_executor.py for tasks to queue
[2026-05-09T10:39:14.975+0000] {logging_mixin.py:188} INFO - [2026-05-09T10:39:14.975+0000] {dagbag.py:545} INFO - Filling up the DagBag from /home/airflow/.local/lib/python3.12/site-packages/airflow/example_dags/example_kubernetes_executor.py
[2026-05-09T10:39:14.984+0000] {processor.py:840} INFO - DAG(s) 'example_kubernetes_executor' retrieved from /home/airflow/.local/lib/python3.12/site-packages/airflow/example_dags/example_kubernetes_executor.py
[2026-05-09T10:39:15.015+0000] {logging_mixin.py:188} INFO - [2026-05-09T10:39:15.015+0000] {dag.py:3089} INFO - Sync 1 DAGs
[2026-05-09T10:39:15.024+0000] {logging_mixin.py:188} INFO - [2026-05-09T10:39:15.024+0000] {dag.py:3947} INFO - Setting next_dagrun for example_kubernetes_executor to None, run_after=None
[2026-05-09T10:39:15.038+0000] {processor.py:183} INFO - Processing /home/airflow/.local/lib/python3.12/site-packages/airflow/example_dags/example_kubernetes_executor.py took 0.071 seconds
[2026-05-09T10:39:45.252+0000] {processor.py:161} INFO - Started process (PID=1060) to work on /home/airflow/.local/lib/python3.12/site-packages/airflow/example_dags/example_kubernetes_executor.py
[2026-05-09T10:39:45.253+0000] {processor.py:830} INFO - Processing file /home/airflow/.local/lib/python3.12/site-packages/airflow/example_dags/example_kubernetes_executor.py for tasks to queue
[2026-05-09T10:39:45.255+0000] {logging_mixin.py:188} INFO - [2026-05-09T10:39:45.255+0000] {dagbag.py:545} INFO - Filling up the DagBag from /home/airflow/.local/lib/python3.12/site-packages/airflow/example_dags/example_kubernetes_executor.py
[2026-05-09T10:39:45.264+0000] {processor.py:840} INFO - DAG(s) 'example_kubernetes_executor' retrieved from /home/airflow/.local/lib/python3.12/site-packages/airflow/example_dags/example_kubernetes_executor.py
[2026-05-09T10:39:45.297+0000] {logging_mixin.py:188} INFO - [2026-05-09T10:39:45.297+0000] {dag.py:3089} INFO - Sync 1 DAGs
[2026-05-09T10:39:45.306+0000] {logging_mixin.py:188} INFO - [2026-05-09T10:39:45.306+0000] {dag.py:3947} INFO - Setting next_dagrun for example_kubernetes_executor to None, run_after=None
[2026-05-09T10:39:45.320+0000] {processor.py:183} INFO - Processing /home/airflow/.local/lib/python3.12/site-packages/airflow/example_dags/example_kubernetes_executor.py took 0.073 seconds
