[2026-05-09T08:08:22.369+0000] {processor.py:161} INFO - Started process (PID=96) to work on /home/airflow/.local/lib/python3.12/site-packages/airflow/example_dags/example_xcomargs.py
[2026-05-09T08:08:22.370+0000] {processor.py:830} INFO - Processing file /home/airflow/.local/lib/python3.12/site-packages/airflow/example_dags/example_xcomargs.py for tasks to queue
[2026-05-09T08:08:22.372+0000] {logging_mixin.py:188} INFO - [2026-05-09T08:08:22.372+0000] {dagbag.py:545} INFO - Filling up the DagBag from /home/airflow/.local/lib/python3.12/site-packages/airflow/example_dags/example_xcomargs.py
[2026-05-09T08:08:22.379+0000] {processor.py:840} INFO - DAG(s) 'example_xcom_args', 'example_xcom_args_with_operators' retrieved from /home/airflow/.local/lib/python3.12/site-packages/airflow/example_dags/example_xcomargs.py
[2026-05-09T08:08:22.391+0000] {logging_mixin.py:188} INFO - [2026-05-09T08:08:22.391+0000] {dag.py:3089} INFO - Sync 2 DAGs
[2026-05-09T08:08:22.405+0000] {logging_mixin.py:188} INFO - [2026-05-09T08:08:22.404+0000] {dag.py:3947} INFO - Setting next_dagrun for example_xcom_args to None, run_after=None
[2026-05-09T08:08:22.408+0000] {logging_mixin.py:188} INFO - [2026-05-09T08:08:22.408+0000] {dag.py:3947} INFO - Setting next_dagrun for example_xcom_args_with_operators to None, run_after=None
[2026-05-09T08:08:22.422+0000] {processor.py:183} INFO - Processing /home/airflow/.local/lib/python3.12/site-packages/airflow/example_dags/example_xcomargs.py took 0.059 seconds
[2026-05-09T08:08:53.425+0000] {processor.py:161} INFO - Started process (PID=161) to work on /home/airflow/.local/lib/python3.12/site-packages/airflow/example_dags/example_xcomargs.py
[2026-05-09T08:08:53.425+0000] {processor.py:830} INFO - Processing file /home/airflow/.local/lib/python3.12/site-packages/airflow/example_dags/example_xcomargs.py for tasks to queue
[2026-05-09T08:08:53.427+0000] {logging_mixin.py:188} INFO - [2026-05-09T08:08:53.427+0000] {dagbag.py:545} INFO - Filling up the DagBag from /home/airflow/.local/lib/python3.12/site-packages/airflow/example_dags/example_xcomargs.py
[2026-05-09T08:08:53.437+0000] {processor.py:840} INFO - DAG(s) 'example_xcom_args', 'example_xcom_args_with_operators' retrieved from /home/airflow/.local/lib/python3.12/site-packages/airflow/example_dags/example_xcomargs.py
[2026-05-09T08:08:53.529+0000] {logging_mixin.py:188} INFO - [2026-05-09T08:08:53.529+0000] {dag.py:3089} INFO - Sync 2 DAGs
[2026-05-09T08:08:53.539+0000] {logging_mixin.py:188} INFO - [2026-05-09T08:08:53.539+0000] {dag.py:3947} INFO - Setting next_dagrun for example_xcom_args to None, run_after=None
[2026-05-09T08:08:53.542+0000] {logging_mixin.py:188} INFO - [2026-05-09T08:08:53.542+0000] {dag.py:3947} INFO - Setting next_dagrun for example_xcom_args_with_operators to None, run_after=None
[2026-05-09T08:08:53.556+0000] {processor.py:183} INFO - Processing /home/airflow/.local/lib/python3.12/site-packages/airflow/example_dags/example_xcomargs.py took 0.137 seconds
[2026-05-09T08:09:23.641+0000] {processor.py:161} INFO - Started process (PID=220) to work on /home/airflow/.local/lib/python3.12/site-packages/airflow/example_dags/example_xcomargs.py
[2026-05-09T08:09:23.642+0000] {processor.py:830} INFO - Processing file /home/airflow/.local/lib/python3.12/site-packages/airflow/example_dags/example_xcomargs.py for tasks to queue
[2026-05-09T08:09:23.643+0000] {logging_mixin.py:188} INFO - [2026-05-09T08:09:23.643+0000] {dagbag.py:545} INFO - Filling up the DagBag from /home/airflow/.local/lib/python3.12/site-packages/airflow/example_dags/example_xcomargs.py
[2026-05-09T08:09:23.650+0000] {processor.py:840} INFO - DAG(s) 'example_xcom_args', 'example_xcom_args_with_operators' retrieved from /home/airflow/.local/lib/python3.12/site-packages/airflow/example_dags/example_xcomargs.py
[2026-05-09T08:09:23.667+0000] {logging_mixin.py:188} INFO - [2026-05-09T08:09:23.667+0000] {dag.py:3089} INFO - Sync 2 DAGs
[2026-05-09T08:09:23.676+0000] {logging_mixin.py:188} INFO - [2026-05-09T08:09:23.676+0000] {dag.py:3947} INFO - Setting next_dagrun for example_xcom_args to None, run_after=None
[2026-05-09T08:09:23.678+0000] {logging_mixin.py:188} INFO - [2026-05-09T08:09:23.678+0000] {dag.py:3947} INFO - Setting next_dagrun for example_xcom_args_with_operators to None, run_after=None
[2026-05-09T08:09:23.689+0000] {processor.py:183} INFO - Processing /home/airflow/.local/lib/python3.12/site-packages/airflow/example_dags/example_xcomargs.py took 0.053 seconds
[2026-05-09T08:09:54.137+0000] {processor.py:161} INFO - Started process (PID=279) to work on /home/airflow/.local/lib/python3.12/site-packages/airflow/example_dags/example_xcomargs.py
[2026-05-09T08:09:54.138+0000] {processor.py:830} INFO - Processing file /home/airflow/.local/lib/python3.12/site-packages/airflow/example_dags/example_xcomargs.py for tasks to queue
[2026-05-09T08:09:54.140+0000] {logging_mixin.py:188} INFO - [2026-05-09T08:09:54.139+0000] {dagbag.py:545} INFO - Filling up the DagBag from /home/airflow/.local/lib/python3.12/site-packages/airflow/example_dags/example_xcomargs.py
[2026-05-09T08:09:54.147+0000] {processor.py:840} INFO - DAG(s) 'example_xcom_args_with_operators', 'example_xcom_args' retrieved from /home/airflow/.local/lib/python3.12/site-packages/airflow/example_dags/example_xcomargs.py
[2026-05-09T08:09:54.166+0000] {logging_mixin.py:188} INFO - [2026-05-09T08:09:54.165+0000] {dag.py:3089} INFO - Sync 2 DAGs
[2026-05-09T08:09:54.175+0000] {logging_mixin.py:188} INFO - [2026-05-09T08:09:54.175+0000] {dag.py:3947} INFO - Setting next_dagrun for example_xcom_args to None, run_after=None
[2026-05-09T08:09:54.178+0000] {logging_mixin.py:188} INFO - [2026-05-09T08:09:54.178+0000] {dag.py:3947} INFO - Setting next_dagrun for example_xcom_args_with_operators to None, run_after=None
[2026-05-09T08:09:54.191+0000] {processor.py:183} INFO - Processing /home/airflow/.local/lib/python3.12/site-packages/airflow/example_dags/example_xcomargs.py took 0.060 seconds
[2026-05-09T08:10:24.566+0000] {processor.py:161} INFO - Started process (PID=338) to work on /home/airflow/.local/lib/python3.12/site-packages/airflow/example_dags/example_xcomargs.py
[2026-05-09T08:10:24.567+0000] {processor.py:830} INFO - Processing file /home/airflow/.local/lib/python3.12/site-packages/airflow/example_dags/example_xcomargs.py for tasks to queue
[2026-05-09T08:10:24.569+0000] {logging_mixin.py:188} INFO - [2026-05-09T08:10:24.569+0000] {dagbag.py:545} INFO - Filling up the DagBag from /home/airflow/.local/lib/python3.12/site-packages/airflow/example_dags/example_xcomargs.py
[2026-05-09T08:10:24.575+0000] {processor.py:840} INFO - DAG(s) 'example_xcom_args_with_operators', 'example_xcom_args' retrieved from /home/airflow/.local/lib/python3.12/site-packages/airflow/example_dags/example_xcomargs.py
[2026-05-09T08:10:24.595+0000] {logging_mixin.py:188} INFO - [2026-05-09T08:10:24.595+0000] {dag.py:3089} INFO - Sync 2 DAGs
[2026-05-09T08:10:24.604+0000] {logging_mixin.py:188} INFO - [2026-05-09T08:10:24.604+0000] {dag.py:3947} INFO - Setting next_dagrun for example_xcom_args to None, run_after=None
[2026-05-09T08:10:24.608+0000] {logging_mixin.py:188} INFO - [2026-05-09T08:10:24.608+0000] {dag.py:3947} INFO - Setting next_dagrun for example_xcom_args_with_operators to None, run_after=None
[2026-05-09T08:10:24.621+0000] {processor.py:183} INFO - Processing /home/airflow/.local/lib/python3.12/site-packages/airflow/example_dags/example_xcomargs.py took 0.061 seconds
[2026-05-09T08:10:55.006+0000] {processor.py:161} INFO - Started process (PID=396) to work on /home/airflow/.local/lib/python3.12/site-packages/airflow/example_dags/example_xcomargs.py
[2026-05-09T08:10:55.007+0000] {processor.py:830} INFO - Processing file /home/airflow/.local/lib/python3.12/site-packages/airflow/example_dags/example_xcomargs.py for tasks to queue
[2026-05-09T08:10:55.008+0000] {logging_mixin.py:188} INFO - [2026-05-09T08:10:55.008+0000] {dagbag.py:545} INFO - Filling up the DagBag from /home/airflow/.local/lib/python3.12/site-packages/airflow/example_dags/example_xcomargs.py
[2026-05-09T08:10:55.015+0000] {processor.py:840} INFO - DAG(s) 'example_xcom_args', 'example_xcom_args_with_operators' retrieved from /home/airflow/.local/lib/python3.12/site-packages/airflow/example_dags/example_xcomargs.py
[2026-05-09T08:10:55.037+0000] {logging_mixin.py:188} INFO - [2026-05-09T08:10:55.037+0000] {dag.py:3089} INFO - Sync 2 DAGs
[2026-05-09T08:10:55.048+0000] {logging_mixin.py:188} INFO - [2026-05-09T08:10:55.047+0000] {dag.py:3947} INFO - Setting next_dagrun for example_xcom_args to None, run_after=None
[2026-05-09T08:10:55.051+0000] {logging_mixin.py:188} INFO - [2026-05-09T08:10:55.051+0000] {dag.py:3947} INFO - Setting next_dagrun for example_xcom_args_with_operators to None, run_after=None
[2026-05-09T08:10:55.065+0000] {processor.py:183} INFO - Processing /home/airflow/.local/lib/python3.12/site-packages/airflow/example_dags/example_xcomargs.py took 0.065 seconds
[2026-05-09T08:11:25.484+0000] {processor.py:161} INFO - Started process (PID=456) to work on /home/airflow/.local/lib/python3.12/site-packages/airflow/example_dags/example_xcomargs.py
[2026-05-09T08:11:25.485+0000] {processor.py:830} INFO - Processing file /home/airflow/.local/lib/python3.12/site-packages/airflow/example_dags/example_xcomargs.py for tasks to queue
[2026-05-09T08:11:25.487+0000] {logging_mixin.py:188} INFO - [2026-05-09T08:11:25.487+0000] {dagbag.py:545} INFO - Filling up the DagBag from /home/airflow/.local/lib/python3.12/site-packages/airflow/example_dags/example_xcomargs.py
[2026-05-09T08:11:25.493+0000] {processor.py:840} INFO - DAG(s) 'example_xcom_args_with_operators', 'example_xcom_args' retrieved from /home/airflow/.local/lib/python3.12/site-packages/airflow/example_dags/example_xcomargs.py
[2026-05-09T08:11:25.513+0000] {logging_mixin.py:188} INFO - [2026-05-09T08:11:25.513+0000] {dag.py:3089} INFO - Sync 2 DAGs
[2026-05-09T08:11:25.523+0000] {logging_mixin.py:188} INFO - [2026-05-09T08:11:25.523+0000] {dag.py:3947} INFO - Setting next_dagrun for example_xcom_args to None, run_after=None
[2026-05-09T08:11:25.526+0000] {logging_mixin.py:188} INFO - [2026-05-09T08:11:25.526+0000] {dag.py:3947} INFO - Setting next_dagrun for example_xcom_args_with_operators to None, run_after=None
[2026-05-09T08:11:25.538+0000] {processor.py:183} INFO - Processing /home/airflow/.local/lib/python3.12/site-packages/airflow/example_dags/example_xcomargs.py took 0.059 seconds
[2026-05-09T08:11:55.775+0000] {processor.py:161} INFO - Started process (PID=515) to work on /home/airflow/.local/lib/python3.12/site-packages/airflow/example_dags/example_xcomargs.py
[2026-05-09T08:11:55.775+0000] {processor.py:830} INFO - Processing file /home/airflow/.local/lib/python3.12/site-packages/airflow/example_dags/example_xcomargs.py for tasks to queue
[2026-05-09T08:11:55.777+0000] {logging_mixin.py:188} INFO - [2026-05-09T08:11:55.777+0000] {dagbag.py:545} INFO - Filling up the DagBag from /home/airflow/.local/lib/python3.12/site-packages/airflow/example_dags/example_xcomargs.py
[2026-05-09T08:11:55.783+0000] {processor.py:840} INFO - DAG(s) 'example_xcom_args_with_operators', 'example_xcom_args' retrieved from /home/airflow/.local/lib/python3.12/site-packages/airflow/example_dags/example_xcomargs.py
[2026-05-09T08:11:55.801+0000] {logging_mixin.py:188} INFO - [2026-05-09T08:11:55.800+0000] {dag.py:3089} INFO - Sync 2 DAGs
[2026-05-09T08:11:55.809+0000] {logging_mixin.py:188} INFO - [2026-05-09T08:11:55.809+0000] {dag.py:3947} INFO - Setting next_dagrun for example_xcom_args to None, run_after=None
[2026-05-09T08:11:55.812+0000] {logging_mixin.py:188} INFO - [2026-05-09T08:11:55.812+0000] {dag.py:3947} INFO - Setting next_dagrun for example_xcom_args_with_operators to None, run_after=None
[2026-05-09T08:11:55.824+0000] {processor.py:183} INFO - Processing /home/airflow/.local/lib/python3.12/site-packages/airflow/example_dags/example_xcomargs.py took 0.055 seconds
[2026-05-09T08:12:26.805+0000] {processor.py:161} INFO - Started process (PID=574) to work on /home/airflow/.local/lib/python3.12/site-packages/airflow/example_dags/example_xcomargs.py
[2026-05-09T08:12:26.805+0000] {processor.py:830} INFO - Processing file /home/airflow/.local/lib/python3.12/site-packages/airflow/example_dags/example_xcomargs.py for tasks to queue
[2026-05-09T08:12:26.807+0000] {logging_mixin.py:188} INFO - [2026-05-09T08:12:26.807+0000] {dagbag.py:545} INFO - Filling up the DagBag from /home/airflow/.local/lib/python3.12/site-packages/airflow/example_dags/example_xcomargs.py
[2026-05-09T08:12:26.814+0000] {processor.py:840} INFO - DAG(s) 'example_xcom_args_with_operators', 'example_xcom_args' retrieved from /home/airflow/.local/lib/python3.12/site-packages/airflow/example_dags/example_xcomargs.py
[2026-05-09T08:12:26.832+0000] {logging_mixin.py:188} INFO - [2026-05-09T08:12:26.832+0000] {dag.py:3089} INFO - Sync 2 DAGs
[2026-05-09T08:12:26.842+0000] {logging_mixin.py:188} INFO - [2026-05-09T08:12:26.841+0000] {dag.py:3947} INFO - Setting next_dagrun for example_xcom_args to None, run_after=None
[2026-05-09T08:12:26.845+0000] {logging_mixin.py:188} INFO - [2026-05-09T08:12:26.844+0000] {dag.py:3947} INFO - Setting next_dagrun for example_xcom_args_with_operators to None, run_after=None
[2026-05-09T08:12:26.856+0000] {processor.py:183} INFO - Processing /home/airflow/.local/lib/python3.12/site-packages/airflow/example_dags/example_xcomargs.py took 0.057 seconds
[2026-05-09T08:14:00.972+0000] {processor.py:161} INFO - Started process (PID=96) to work on /home/airflow/.local/lib/python3.12/site-packages/airflow/example_dags/example_xcomargs.py
[2026-05-09T08:14:00.973+0000] {processor.py:830} INFO - Processing file /home/airflow/.local/lib/python3.12/site-packages/airflow/example_dags/example_xcomargs.py for tasks to queue
[2026-05-09T08:14:00.976+0000] {logging_mixin.py:188} INFO - [2026-05-09T08:14:00.975+0000] {dagbag.py:545} INFO - Filling up the DagBag from /home/airflow/.local/lib/python3.12/site-packages/airflow/example_dags/example_xcomargs.py
[2026-05-09T08:14:00.985+0000] {processor.py:840} INFO - DAG(s) 'example_xcom_args', 'example_xcom_args_with_operators' retrieved from /home/airflow/.local/lib/python3.12/site-packages/airflow/example_dags/example_xcomargs.py
[2026-05-09T08:14:00.997+0000] {logging_mixin.py:188} INFO - [2026-05-09T08:14:00.997+0000] {dag.py:3089} INFO - Sync 2 DAGs
[2026-05-09T08:14:01.008+0000] {logging_mixin.py:188} INFO - [2026-05-09T08:14:01.008+0000] {dag.py:3947} INFO - Setting next_dagrun for example_xcom_args to None, run_after=None
[2026-05-09T08:14:01.012+0000] {logging_mixin.py:188} INFO - [2026-05-09T08:14:01.011+0000] {dag.py:3947} INFO - Setting next_dagrun for example_xcom_args_with_operators to None, run_after=None
[2026-05-09T08:14:01.027+0000] {processor.py:183} INFO - Processing /home/airflow/.local/lib/python3.12/site-packages/airflow/example_dags/example_xcomargs.py took 0.062 seconds
[2026-05-09T08:14:33.696+0000] {processor.py:161} INFO - Started process (PID=155) to work on /home/airflow/.local/lib/python3.12/site-packages/airflow/example_dags/example_xcomargs.py
[2026-05-09T08:14:33.696+0000] {processor.py:830} INFO - Processing file /home/airflow/.local/lib/python3.12/site-packages/airflow/example_dags/example_xcomargs.py for tasks to queue
[2026-05-09T08:14:33.698+0000] {logging_mixin.py:188} INFO - [2026-05-09T08:14:33.698+0000] {dagbag.py:545} INFO - Filling up the DagBag from /home/airflow/.local/lib/python3.12/site-packages/airflow/example_dags/example_xcomargs.py
[2026-05-09T08:14:33.705+0000] {processor.py:840} INFO - DAG(s) 'example_xcom_args', 'example_xcom_args_with_operators' retrieved from /home/airflow/.local/lib/python3.12/site-packages/airflow/example_dags/example_xcomargs.py
[2026-05-09T08:14:33.810+0000] {logging_mixin.py:188} INFO - [2026-05-09T08:14:33.809+0000] {dag.py:3089} INFO - Sync 2 DAGs
[2026-05-09T08:14:33.820+0000] {logging_mixin.py:188} INFO - [2026-05-09T08:14:33.819+0000] {dag.py:3947} INFO - Setting next_dagrun for example_xcom_args to None, run_after=None
[2026-05-09T08:14:33.823+0000] {logging_mixin.py:188} INFO - [2026-05-09T08:14:33.823+0000] {dag.py:3947} INFO - Setting next_dagrun for example_xcom_args_with_operators to None, run_after=None
[2026-05-09T08:14:33.840+0000] {processor.py:183} INFO - Processing /home/airflow/.local/lib/python3.12/site-packages/airflow/example_dags/example_xcomargs.py took 0.151 seconds
[2026-05-09T08:15:04.171+0000] {processor.py:161} INFO - Started process (PID=215) to work on /home/airflow/.local/lib/python3.12/site-packages/airflow/example_dags/example_xcomargs.py
[2026-05-09T08:15:04.172+0000] {processor.py:830} INFO - Processing file /home/airflow/.local/lib/python3.12/site-packages/airflow/example_dags/example_xcomargs.py for tasks to queue
[2026-05-09T08:15:04.174+0000] {logging_mixin.py:188} INFO - [2026-05-09T08:15:04.174+0000] {dagbag.py:545} INFO - Filling up the DagBag from /home/airflow/.local/lib/python3.12/site-packages/airflow/example_dags/example_xcomargs.py
[2026-05-09T08:15:04.181+0000] {processor.py:840} INFO - DAG(s) 'example_xcom_args', 'example_xcom_args_with_operators' retrieved from /home/airflow/.local/lib/python3.12/site-packages/airflow/example_dags/example_xcomargs.py
[2026-05-09T08:15:04.200+0000] {logging_mixin.py:188} INFO - [2026-05-09T08:15:04.200+0000] {dag.py:3089} INFO - Sync 2 DAGs
[2026-05-09T08:15:04.210+0000] {logging_mixin.py:188} INFO - [2026-05-09T08:15:04.210+0000] {dag.py:3947} INFO - Setting next_dagrun for example_xcom_args to None, run_after=None
[2026-05-09T08:15:04.213+0000] {logging_mixin.py:188} INFO - [2026-05-09T08:15:04.212+0000] {dag.py:3947} INFO - Setting next_dagrun for example_xcom_args_with_operators to None, run_after=None
[2026-05-09T08:15:04.226+0000] {processor.py:183} INFO - Processing /home/airflow/.local/lib/python3.12/site-packages/airflow/example_dags/example_xcomargs.py took 0.060 seconds
[2026-05-09T08:15:34.395+0000] {processor.py:161} INFO - Started process (PID=274) to work on /home/airflow/.local/lib/python3.12/site-packages/airflow/example_dags/example_xcomargs.py
[2026-05-09T08:15:34.396+0000] {processor.py:830} INFO - Processing file /home/airflow/.local/lib/python3.12/site-packages/airflow/example_dags/example_xcomargs.py for tasks to queue
[2026-05-09T08:15:34.398+0000] {logging_mixin.py:188} INFO - [2026-05-09T08:15:34.398+0000] {dagbag.py:545} INFO - Filling up the DagBag from /home/airflow/.local/lib/python3.12/site-packages/airflow/example_dags/example_xcomargs.py
[2026-05-09T08:15:34.405+0000] {processor.py:840} INFO - DAG(s) 'example_xcom_args_with_operators', 'example_xcom_args' retrieved from /home/airflow/.local/lib/python3.12/site-packages/airflow/example_dags/example_xcomargs.py
[2026-05-09T08:15:34.425+0000] {logging_mixin.py:188} INFO - [2026-05-09T08:15:34.425+0000] {dag.py:3089} INFO - Sync 2 DAGs
[2026-05-09T08:15:34.436+0000] {logging_mixin.py:188} INFO - [2026-05-09T08:15:34.436+0000] {dag.py:3947} INFO - Setting next_dagrun for example_xcom_args to None, run_after=None
[2026-05-09T08:15:34.439+0000] {logging_mixin.py:188} INFO - [2026-05-09T08:15:34.439+0000] {dag.py:3947} INFO - Setting next_dagrun for example_xcom_args_with_operators to None, run_after=None
[2026-05-09T08:15:34.453+0000] {processor.py:183} INFO - Processing /home/airflow/.local/lib/python3.12/site-packages/airflow/example_dags/example_xcomargs.py took 0.064 seconds
[2026-05-09T08:16:04.697+0000] {processor.py:161} INFO - Started process (PID=333) to work on /home/airflow/.local/lib/python3.12/site-packages/airflow/example_dags/example_xcomargs.py
[2026-05-09T08:16:04.698+0000] {processor.py:830} INFO - Processing file /home/airflow/.local/lib/python3.12/site-packages/airflow/example_dags/example_xcomargs.py for tasks to queue
[2026-05-09T08:16:04.700+0000] {logging_mixin.py:188} INFO - [2026-05-09T08:16:04.700+0000] {dagbag.py:545} INFO - Filling up the DagBag from /home/airflow/.local/lib/python3.12/site-packages/airflow/example_dags/example_xcomargs.py
[2026-05-09T08:16:04.706+0000] {processor.py:840} INFO - DAG(s) 'example_xcom_args', 'example_xcom_args_with_operators' retrieved from /home/airflow/.local/lib/python3.12/site-packages/airflow/example_dags/example_xcomargs.py
[2026-05-09T08:16:04.727+0000] {logging_mixin.py:188} INFO - [2026-05-09T08:16:04.727+0000] {dag.py:3089} INFO - Sync 2 DAGs
[2026-05-09T08:16:04.739+0000] {logging_mixin.py:188} INFO - [2026-05-09T08:16:04.738+0000] {dag.py:3947} INFO - Setting next_dagrun for example_xcom_args to None, run_after=None
[2026-05-09T08:16:04.743+0000] {logging_mixin.py:188} INFO - [2026-05-09T08:16:04.743+0000] {dag.py:3947} INFO - Setting next_dagrun for example_xcom_args_with_operators to None, run_after=None
[2026-05-09T08:16:04.757+0000] {processor.py:183} INFO - Processing /home/airflow/.local/lib/python3.12/site-packages/airflow/example_dags/example_xcomargs.py took 0.066 seconds
[2026-05-09T08:17:08.750+0000] {processor.py:161} INFO - Started process (PID=96) to work on /home/airflow/.local/lib/python3.12/site-packages/airflow/example_dags/example_xcomargs.py
[2026-05-09T08:17:08.751+0000] {processor.py:830} INFO - Processing file /home/airflow/.local/lib/python3.12/site-packages/airflow/example_dags/example_xcomargs.py for tasks to queue
[2026-05-09T08:17:08.753+0000] {logging_mixin.py:188} INFO - [2026-05-09T08:17:08.753+0000] {dagbag.py:545} INFO - Filling up the DagBag from /home/airflow/.local/lib/python3.12/site-packages/airflow/example_dags/example_xcomargs.py
[2026-05-09T08:17:08.762+0000] {processor.py:840} INFO - DAG(s) 'example_xcom_args', 'example_xcom_args_with_operators' retrieved from /home/airflow/.local/lib/python3.12/site-packages/airflow/example_dags/example_xcomargs.py
[2026-05-09T08:17:08.774+0000] {logging_mixin.py:188} INFO - [2026-05-09T08:17:08.774+0000] {dag.py:3089} INFO - Sync 2 DAGs
[2026-05-09T08:17:08.787+0000] {logging_mixin.py:188} INFO - [2026-05-09T08:17:08.786+0000] {dag.py:3947} INFO - Setting next_dagrun for example_xcom_args to None, run_after=None
[2026-05-09T08:17:08.790+0000] {logging_mixin.py:188} INFO - [2026-05-09T08:17:08.790+0000] {dag.py:3947} INFO - Setting next_dagrun for example_xcom_args_with_operators to None, run_after=None
[2026-05-09T08:17:08.803+0000] {processor.py:183} INFO - Processing /home/airflow/.local/lib/python3.12/site-packages/airflow/example_dags/example_xcomargs.py took 0.060 seconds
[2026-05-09T08:17:41.123+0000] {processor.py:161} INFO - Started process (PID=155) to work on /home/airflow/.local/lib/python3.12/site-packages/airflow/example_dags/example_xcomargs.py
[2026-05-09T08:17:41.125+0000] {processor.py:830} INFO - Processing file /home/airflow/.local/lib/python3.12/site-packages/airflow/example_dags/example_xcomargs.py for tasks to queue
[2026-05-09T08:17:41.127+0000] {logging_mixin.py:188} INFO - [2026-05-09T08:17:41.126+0000] {dagbag.py:545} INFO - Filling up the DagBag from /home/airflow/.local/lib/python3.12/site-packages/airflow/example_dags/example_xcomargs.py
[2026-05-09T08:17:41.137+0000] {processor.py:840} INFO - DAG(s) 'example_xcom_args_with_operators', 'example_xcom_args' retrieved from /home/airflow/.local/lib/python3.12/site-packages/airflow/example_dags/example_xcomargs.py
[2026-05-09T08:17:41.241+0000] {logging_mixin.py:188} INFO - [2026-05-09T08:17:41.240+0000] {dag.py:3089} INFO - Sync 2 DAGs
[2026-05-09T08:17:41.251+0000] {logging_mixin.py:188} INFO - [2026-05-09T08:17:41.251+0000] {dag.py:3947} INFO - Setting next_dagrun for example_xcom_args to None, run_after=None
[2026-05-09T08:17:41.254+0000] {logging_mixin.py:188} INFO - [2026-05-09T08:17:41.253+0000] {dag.py:3947} INFO - Setting next_dagrun for example_xcom_args_with_operators to None, run_after=None
[2026-05-09T08:17:41.269+0000] {processor.py:183} INFO - Processing /home/airflow/.local/lib/python3.12/site-packages/airflow/example_dags/example_xcomargs.py took 0.154 seconds
[2026-05-09T08:18:11.820+0000] {processor.py:161} INFO - Started process (PID=214) to work on /home/airflow/.local/lib/python3.12/site-packages/airflow/example_dags/example_xcomargs.py
[2026-05-09T08:18:11.821+0000] {processor.py:830} INFO - Processing file /home/airflow/.local/lib/python3.12/site-packages/airflow/example_dags/example_xcomargs.py for tasks to queue
[2026-05-09T08:18:11.823+0000] {logging_mixin.py:188} INFO - [2026-05-09T08:18:11.822+0000] {dagbag.py:545} INFO - Filling up the DagBag from /home/airflow/.local/lib/python3.12/site-packages/airflow/example_dags/example_xcomargs.py
[2026-05-09T08:18:11.828+0000] {processor.py:840} INFO - DAG(s) 'example_xcom_args', 'example_xcom_args_with_operators' retrieved from /home/airflow/.local/lib/python3.12/site-packages/airflow/example_dags/example_xcomargs.py
[2026-05-09T08:18:11.844+0000] {logging_mixin.py:188} INFO - [2026-05-09T08:18:11.844+0000] {dag.py:3089} INFO - Sync 2 DAGs
[2026-05-09T08:18:11.852+0000] {logging_mixin.py:188} INFO - [2026-05-09T08:18:11.852+0000] {dag.py:3947} INFO - Setting next_dagrun for example_xcom_args to None, run_after=None
[2026-05-09T08:18:11.855+0000] {logging_mixin.py:188} INFO - [2026-05-09T08:18:11.855+0000] {dag.py:3947} INFO - Setting next_dagrun for example_xcom_args_with_operators to None, run_after=None
[2026-05-09T08:18:11.865+0000] {processor.py:183} INFO - Processing /home/airflow/.local/lib/python3.12/site-packages/airflow/example_dags/example_xcomargs.py took 0.050 seconds
[2026-05-09T08:18:42.141+0000] {processor.py:161} INFO - Started process (PID=273) to work on /home/airflow/.local/lib/python3.12/site-packages/airflow/example_dags/example_xcomargs.py
[2026-05-09T08:18:42.142+0000] {processor.py:830} INFO - Processing file /home/airflow/.local/lib/python3.12/site-packages/airflow/example_dags/example_xcomargs.py for tasks to queue
[2026-05-09T08:18:42.144+0000] {logging_mixin.py:188} INFO - [2026-05-09T08:18:42.143+0000] {dagbag.py:545} INFO - Filling up the DagBag from /home/airflow/.local/lib/python3.12/site-packages/airflow/example_dags/example_xcomargs.py
[2026-05-09T08:18:42.150+0000] {processor.py:840} INFO - DAG(s) 'example_xcom_args', 'example_xcom_args_with_operators' retrieved from /home/airflow/.local/lib/python3.12/site-packages/airflow/example_dags/example_xcomargs.py
[2026-05-09T08:18:42.169+0000] {logging_mixin.py:188} INFO - [2026-05-09T08:18:42.169+0000] {dag.py:3089} INFO - Sync 2 DAGs
[2026-05-09T08:18:42.179+0000] {logging_mixin.py:188} INFO - [2026-05-09T08:18:42.178+0000] {dag.py:3947} INFO - Setting next_dagrun for example_xcom_args to None, run_after=None
[2026-05-09T08:18:42.181+0000] {logging_mixin.py:188} INFO - [2026-05-09T08:18:42.181+0000] {dag.py:3947} INFO - Setting next_dagrun for example_xcom_args_with_operators to None, run_after=None
[2026-05-09T08:18:42.193+0000] {processor.py:183} INFO - Processing /home/airflow/.local/lib/python3.12/site-packages/airflow/example_dags/example_xcomargs.py took 0.057 seconds
[2026-05-09T08:19:13.376+0000] {processor.py:161} INFO - Started process (PID=333) to work on /home/airflow/.local/lib/python3.12/site-packages/airflow/example_dags/example_xcomargs.py
[2026-05-09T08:19:13.377+0000] {processor.py:830} INFO - Processing file /home/airflow/.local/lib/python3.12/site-packages/airflow/example_dags/example_xcomargs.py for tasks to queue
[2026-05-09T08:19:13.379+0000] {logging_mixin.py:188} INFO - [2026-05-09T08:19:13.378+0000] {dagbag.py:545} INFO - Filling up the DagBag from /home/airflow/.local/lib/python3.12/site-packages/airflow/example_dags/example_xcomargs.py
[2026-05-09T08:19:13.384+0000] {processor.py:840} INFO - DAG(s) 'example_xcom_args', 'example_xcom_args_with_operators' retrieved from /home/airflow/.local/lib/python3.12/site-packages/airflow/example_dags/example_xcomargs.py
[2026-05-09T08:19:13.400+0000] {logging_mixin.py:188} INFO - [2026-05-09T08:19:13.399+0000] {dag.py:3089} INFO - Sync 2 DAGs
[2026-05-09T08:19:13.408+0000] {logging_mixin.py:188} INFO - [2026-05-09T08:19:13.408+0000] {dag.py:3947} INFO - Setting next_dagrun for example_xcom_args to None, run_after=None
[2026-05-09T08:19:13.410+0000] {logging_mixin.py:188} INFO - [2026-05-09T08:19:13.410+0000] {dag.py:3947} INFO - Setting next_dagrun for example_xcom_args_with_operators to None, run_after=None
[2026-05-09T08:19:13.421+0000] {processor.py:183} INFO - Processing /home/airflow/.local/lib/python3.12/site-packages/airflow/example_dags/example_xcomargs.py took 0.049 seconds
[2026-05-09T08:19:43.791+0000] {processor.py:161} INFO - Started process (PID=392) to work on /home/airflow/.local/lib/python3.12/site-packages/airflow/example_dags/example_xcomargs.py
[2026-05-09T08:19:43.792+0000] {processor.py:830} INFO - Processing file /home/airflow/.local/lib/python3.12/site-packages/airflow/example_dags/example_xcomargs.py for tasks to queue
[2026-05-09T08:19:43.794+0000] {logging_mixin.py:188} INFO - [2026-05-09T08:19:43.794+0000] {dagbag.py:545} INFO - Filling up the DagBag from /home/airflow/.local/lib/python3.12/site-packages/airflow/example_dags/example_xcomargs.py
[2026-05-09T08:19:43.802+0000] {processor.py:840} INFO - DAG(s) 'example_xcom_args_with_operators', 'example_xcom_args' retrieved from /home/airflow/.local/lib/python3.12/site-packages/airflow/example_dags/example_xcomargs.py
[2026-05-09T08:19:43.828+0000] {logging_mixin.py:188} INFO - [2026-05-09T08:19:43.828+0000] {dag.py:3089} INFO - Sync 2 DAGs
[2026-05-09T08:19:43.839+0000] {logging_mixin.py:188} INFO - [2026-05-09T08:19:43.838+0000] {dag.py:3947} INFO - Setting next_dagrun for example_xcom_args to None, run_after=None
[2026-05-09T08:19:43.842+0000] {logging_mixin.py:188} INFO - [2026-05-09T08:19:43.842+0000] {dag.py:3947} INFO - Setting next_dagrun for example_xcom_args_with_operators to None, run_after=None
[2026-05-09T08:19:43.855+0000] {processor.py:183} INFO - Processing /home/airflow/.local/lib/python3.12/site-packages/airflow/example_dags/example_xcomargs.py took 0.071 seconds
[2026-05-09T08:20:14.250+0000] {processor.py:161} INFO - Started process (PID=451) to work on /home/airflow/.local/lib/python3.12/site-packages/airflow/example_dags/example_xcomargs.py
[2026-05-09T08:20:14.251+0000] {processor.py:830} INFO - Processing file /home/airflow/.local/lib/python3.12/site-packages/airflow/example_dags/example_xcomargs.py for tasks to queue
[2026-05-09T08:20:14.252+0000] {logging_mixin.py:188} INFO - [2026-05-09T08:20:14.252+0000] {dagbag.py:545} INFO - Filling up the DagBag from /home/airflow/.local/lib/python3.12/site-packages/airflow/example_dags/example_xcomargs.py
[2026-05-09T08:20:14.259+0000] {processor.py:840} INFO - DAG(s) 'example_xcom_args_with_operators', 'example_xcom_args' retrieved from /home/airflow/.local/lib/python3.12/site-packages/airflow/example_dags/example_xcomargs.py
[2026-05-09T08:20:14.275+0000] {logging_mixin.py:188} INFO - [2026-05-09T08:20:14.275+0000] {dag.py:3089} INFO - Sync 2 DAGs
[2026-05-09T08:20:14.284+0000] {logging_mixin.py:188} INFO - [2026-05-09T08:20:14.284+0000] {dag.py:3947} INFO - Setting next_dagrun for example_xcom_args to None, run_after=None
[2026-05-09T08:20:14.286+0000] {logging_mixin.py:188} INFO - [2026-05-09T08:20:14.286+0000] {dag.py:3947} INFO - Setting next_dagrun for example_xcom_args_with_operators to None, run_after=None
[2026-05-09T08:20:14.296+0000] {processor.py:183} INFO - Processing /home/airflow/.local/lib/python3.12/site-packages/airflow/example_dags/example_xcomargs.py took 0.051 seconds
[2026-05-09T08:21:03.262+0000] {processor.py:161} INFO - Started process (PID=96) to work on /home/airflow/.local/lib/python3.12/site-packages/airflow/example_dags/example_xcomargs.py
[2026-05-09T08:21:03.263+0000] {processor.py:830} INFO - Processing file /home/airflow/.local/lib/python3.12/site-packages/airflow/example_dags/example_xcomargs.py for tasks to queue
[2026-05-09T08:21:03.265+0000] {logging_mixin.py:188} INFO - [2026-05-09T08:21:03.265+0000] {dagbag.py:545} INFO - Filling up the DagBag from /home/airflow/.local/lib/python3.12/site-packages/airflow/example_dags/example_xcomargs.py
[2026-05-09T08:21:03.273+0000] {processor.py:840} INFO - DAG(s) 'example_xcom_args_with_operators', 'example_xcom_args' retrieved from /home/airflow/.local/lib/python3.12/site-packages/airflow/example_dags/example_xcomargs.py
[2026-05-09T08:21:03.284+0000] {logging_mixin.py:188} INFO - [2026-05-09T08:21:03.284+0000] {dag.py:3089} INFO - Sync 2 DAGs
[2026-05-09T08:21:03.296+0000] {logging_mixin.py:188} INFO - [2026-05-09T08:21:03.296+0000] {dag.py:3947} INFO - Setting next_dagrun for example_xcom_args to None, run_after=None
[2026-05-09T08:21:03.299+0000] {logging_mixin.py:188} INFO - [2026-05-09T08:21:03.299+0000] {dag.py:3947} INFO - Setting next_dagrun for example_xcom_args_with_operators to None, run_after=None
[2026-05-09T08:21:03.311+0000] {processor.py:183} INFO - Processing /home/airflow/.local/lib/python3.12/site-packages/airflow/example_dags/example_xcomargs.py took 0.055 seconds
[2026-05-09T08:21:35.984+0000] {processor.py:161} INFO - Started process (PID=155) to work on /home/airflow/.local/lib/python3.12/site-packages/airflow/example_dags/example_xcomargs.py
[2026-05-09T08:21:35.985+0000] {processor.py:830} INFO - Processing file /home/airflow/.local/lib/python3.12/site-packages/airflow/example_dags/example_xcomargs.py for tasks to queue
[2026-05-09T08:21:35.986+0000] {logging_mixin.py:188} INFO - [2026-05-09T08:21:35.986+0000] {dagbag.py:545} INFO - Filling up the DagBag from /home/airflow/.local/lib/python3.12/site-packages/airflow/example_dags/example_xcomargs.py
[2026-05-09T08:21:35.993+0000] {processor.py:840} INFO - DAG(s) 'example_xcom_args', 'example_xcom_args_with_operators' retrieved from /home/airflow/.local/lib/python3.12/site-packages/airflow/example_dags/example_xcomargs.py
[2026-05-09T08:21:36.079+0000] {logging_mixin.py:188} INFO - [2026-05-09T08:21:36.079+0000] {dag.py:3089} INFO - Sync 2 DAGs
[2026-05-09T08:21:36.088+0000] {logging_mixin.py:188} INFO - [2026-05-09T08:21:36.088+0000] {dag.py:3947} INFO - Setting next_dagrun for example_xcom_args to None, run_after=None
[2026-05-09T08:21:36.092+0000] {logging_mixin.py:188} INFO - [2026-05-09T08:21:36.091+0000] {dag.py:3947} INFO - Setting next_dagrun for example_xcom_args_with_operators to None, run_after=None
[2026-05-09T08:21:36.106+0000] {processor.py:183} INFO - Processing /home/airflow/.local/lib/python3.12/site-packages/airflow/example_dags/example_xcomargs.py took 0.128 seconds
[2026-05-09T08:22:07.004+0000] {processor.py:161} INFO - Started process (PID=214) to work on /home/airflow/.local/lib/python3.12/site-packages/airflow/example_dags/example_xcomargs.py
[2026-05-09T08:22:07.005+0000] {processor.py:830} INFO - Processing file /home/airflow/.local/lib/python3.12/site-packages/airflow/example_dags/example_xcomargs.py for tasks to queue
[2026-05-09T08:22:07.007+0000] {logging_mixin.py:188} INFO - [2026-05-09T08:22:07.006+0000] {dagbag.py:545} INFO - Filling up the DagBag from /home/airflow/.local/lib/python3.12/site-packages/airflow/example_dags/example_xcomargs.py
[2026-05-09T08:22:07.013+0000] {processor.py:840} INFO - DAG(s) 'example_xcom_args', 'example_xcom_args_with_operators' retrieved from /home/airflow/.local/lib/python3.12/site-packages/airflow/example_dags/example_xcomargs.py
[2026-05-09T08:22:07.031+0000] {logging_mixin.py:188} INFO - [2026-05-09T08:22:07.031+0000] {dag.py:3089} INFO - Sync 2 DAGs
[2026-05-09T08:22:07.039+0000] {logging_mixin.py:188} INFO - [2026-05-09T08:22:07.039+0000] {dag.py:3947} INFO - Setting next_dagrun for example_xcom_args to None, run_after=None
[2026-05-09T08:22:07.041+0000] {logging_mixin.py:188} INFO - [2026-05-09T08:22:07.041+0000] {dag.py:3947} INFO - Setting next_dagrun for example_xcom_args_with_operators to None, run_after=None
[2026-05-09T08:22:07.052+0000] {processor.py:183} INFO - Processing /home/airflow/.local/lib/python3.12/site-packages/airflow/example_dags/example_xcomargs.py took 0.053 seconds
[2026-05-09T08:22:37.906+0000] {processor.py:161} INFO - Started process (PID=273) to work on /home/airflow/.local/lib/python3.12/site-packages/airflow/example_dags/example_xcomargs.py
[2026-05-09T08:22:37.908+0000] {processor.py:830} INFO - Processing file /home/airflow/.local/lib/python3.12/site-packages/airflow/example_dags/example_xcomargs.py for tasks to queue
[2026-05-09T08:22:37.910+0000] {logging_mixin.py:188} INFO - [2026-05-09T08:22:37.910+0000] {dagbag.py:545} INFO - Filling up the DagBag from /home/airflow/.local/lib/python3.12/site-packages/airflow/example_dags/example_xcomargs.py
[2026-05-09T08:22:37.922+0000] {processor.py:840} INFO - DAG(s) 'example_xcom_args_with_operators', 'example_xcom_args' retrieved from /home/airflow/.local/lib/python3.12/site-packages/airflow/example_dags/example_xcomargs.py
[2026-05-09T08:22:37.946+0000] {logging_mixin.py:188} INFO - [2026-05-09T08:22:37.946+0000] {dag.py:3089} INFO - Sync 2 DAGs
[2026-05-09T08:22:37.959+0000] {logging_mixin.py:188} INFO - [2026-05-09T08:22:37.959+0000] {dag.py:3947} INFO - Setting next_dagrun for example_xcom_args to None, run_after=None
[2026-05-09T08:22:37.962+0000] {logging_mixin.py:188} INFO - [2026-05-09T08:22:37.962+0000] {dag.py:3947} INFO - Setting next_dagrun for example_xcom_args_with_operators to None, run_after=None
[2026-05-09T08:22:37.977+0000] {processor.py:183} INFO - Processing /home/airflow/.local/lib/python3.12/site-packages/airflow/example_dags/example_xcomargs.py took 0.082 seconds
[2026-05-09T08:23:08.743+0000] {processor.py:161} INFO - Started process (PID=332) to work on /home/airflow/.local/lib/python3.12/site-packages/airflow/example_dags/example_xcomargs.py
[2026-05-09T08:23:08.743+0000] {processor.py:830} INFO - Processing file /home/airflow/.local/lib/python3.12/site-packages/airflow/example_dags/example_xcomargs.py for tasks to queue
[2026-05-09T08:23:08.745+0000] {logging_mixin.py:188} INFO - [2026-05-09T08:23:08.745+0000] {dagbag.py:545} INFO - Filling up the DagBag from /home/airflow/.local/lib/python3.12/site-packages/airflow/example_dags/example_xcomargs.py
[2026-05-09T08:23:08.752+0000] {processor.py:840} INFO - DAG(s) 'example_xcom_args', 'example_xcom_args_with_operators' retrieved from /home/airflow/.local/lib/python3.12/site-packages/airflow/example_dags/example_xcomargs.py
[2026-05-09T08:23:08.770+0000] {logging_mixin.py:188} INFO - [2026-05-09T08:23:08.770+0000] {dag.py:3089} INFO - Sync 2 DAGs
[2026-05-09T08:23:08.779+0000] {logging_mixin.py:188} INFO - [2026-05-09T08:23:08.779+0000] {dag.py:3947} INFO - Setting next_dagrun for example_xcom_args to None, run_after=None
[2026-05-09T08:23:08.781+0000] {logging_mixin.py:188} INFO - [2026-05-09T08:23:08.781+0000] {dag.py:3947} INFO - Setting next_dagrun for example_xcom_args_with_operators to None, run_after=None
[2026-05-09T08:23:08.794+0000] {processor.py:183} INFO - Processing /home/airflow/.local/lib/python3.12/site-packages/airflow/example_dags/example_xcomargs.py took 0.057 seconds
[2026-05-09T08:23:38.904+0000] {processor.py:161} INFO - Started process (PID=392) to work on /home/airflow/.local/lib/python3.12/site-packages/airflow/example_dags/example_xcomargs.py
[2026-05-09T08:23:38.905+0000] {processor.py:830} INFO - Processing file /home/airflow/.local/lib/python3.12/site-packages/airflow/example_dags/example_xcomargs.py for tasks to queue
[2026-05-09T08:23:38.906+0000] {logging_mixin.py:188} INFO - [2026-05-09T08:23:38.906+0000] {dagbag.py:545} INFO - Filling up the DagBag from /home/airflow/.local/lib/python3.12/site-packages/airflow/example_dags/example_xcomargs.py
[2026-05-09T08:23:38.914+0000] {processor.py:840} INFO - DAG(s) 'example_xcom_args', 'example_xcom_args_with_operators' retrieved from /home/airflow/.local/lib/python3.12/site-packages/airflow/example_dags/example_xcomargs.py
[2026-05-09T08:23:38.934+0000] {logging_mixin.py:188} INFO - [2026-05-09T08:23:38.934+0000] {dag.py:3089} INFO - Sync 2 DAGs
[2026-05-09T08:23:38.944+0000] {logging_mixin.py:188} INFO - [2026-05-09T08:23:38.944+0000] {dag.py:3947} INFO - Setting next_dagrun for example_xcom_args to None, run_after=None
[2026-05-09T08:23:38.947+0000] {logging_mixin.py:188} INFO - [2026-05-09T08:23:38.947+0000] {dag.py:3947} INFO - Setting next_dagrun for example_xcom_args_with_operators to None, run_after=None
[2026-05-09T08:23:38.960+0000] {processor.py:183} INFO - Processing /home/airflow/.local/lib/python3.12/site-packages/airflow/example_dags/example_xcomargs.py took 0.065 seconds
[2026-05-09T08:24:09.023+0000] {processor.py:161} INFO - Started process (PID=451) to work on /home/airflow/.local/lib/python3.12/site-packages/airflow/example_dags/example_xcomargs.py
[2026-05-09T08:24:09.024+0000] {processor.py:830} INFO - Processing file /home/airflow/.local/lib/python3.12/site-packages/airflow/example_dags/example_xcomargs.py for tasks to queue
[2026-05-09T08:24:09.025+0000] {logging_mixin.py:188} INFO - [2026-05-09T08:24:09.025+0000] {dagbag.py:545} INFO - Filling up the DagBag from /home/airflow/.local/lib/python3.12/site-packages/airflow/example_dags/example_xcomargs.py
[2026-05-09T08:24:09.032+0000] {processor.py:840} INFO - DAG(s) 'example_xcom_args_with_operators', 'example_xcom_args' retrieved from /home/airflow/.local/lib/python3.12/site-packages/airflow/example_dags/example_xcomargs.py
[2026-05-09T08:24:09.050+0000] {logging_mixin.py:188} INFO - [2026-05-09T08:24:09.050+0000] {dag.py:3089} INFO - Sync 2 DAGs
[2026-05-09T08:24:09.059+0000] {logging_mixin.py:188} INFO - [2026-05-09T08:24:09.058+0000] {dag.py:3947} INFO - Setting next_dagrun for example_xcom_args to None, run_after=None
[2026-05-09T08:24:09.061+0000] {logging_mixin.py:188} INFO - [2026-05-09T08:24:09.061+0000] {dag.py:3947} INFO - Setting next_dagrun for example_xcom_args_with_operators to None, run_after=None
[2026-05-09T08:24:09.071+0000] {processor.py:183} INFO - Processing /home/airflow/.local/lib/python3.12/site-packages/airflow/example_dags/example_xcomargs.py took 0.055 seconds
[2026-05-09T08:24:39.673+0000] {processor.py:161} INFO - Started process (PID=509) to work on /home/airflow/.local/lib/python3.12/site-packages/airflow/example_dags/example_xcomargs.py
[2026-05-09T08:24:39.674+0000] {processor.py:830} INFO - Processing file /home/airflow/.local/lib/python3.12/site-packages/airflow/example_dags/example_xcomargs.py for tasks to queue
[2026-05-09T08:24:39.676+0000] {logging_mixin.py:188} INFO - [2026-05-09T08:24:39.675+0000] {dagbag.py:545} INFO - Filling up the DagBag from /home/airflow/.local/lib/python3.12/site-packages/airflow/example_dags/example_xcomargs.py
[2026-05-09T08:24:39.682+0000] {processor.py:840} INFO - DAG(s) 'example_xcom_args', 'example_xcom_args_with_operators' retrieved from /home/airflow/.local/lib/python3.12/site-packages/airflow/example_dags/example_xcomargs.py
[2026-05-09T08:24:39.702+0000] {logging_mixin.py:188} INFO - [2026-05-09T08:24:39.701+0000] {dag.py:3089} INFO - Sync 2 DAGs
[2026-05-09T08:24:39.711+0000] {logging_mixin.py:188} INFO - [2026-05-09T08:24:39.711+0000] {dag.py:3947} INFO - Setting next_dagrun for example_xcom_args to None, run_after=None
[2026-05-09T08:24:39.714+0000] {logging_mixin.py:188} INFO - [2026-05-09T08:24:39.714+0000] {dag.py:3947} INFO - Setting next_dagrun for example_xcom_args_with_operators to None, run_after=None
[2026-05-09T08:24:39.726+0000] {processor.py:183} INFO - Processing /home/airflow/.local/lib/python3.12/site-packages/airflow/example_dags/example_xcomargs.py took 0.060 seconds
[2026-05-09T08:25:44.291+0000] {processor.py:161} INFO - Started process (PID=96) to work on /home/airflow/.local/lib/python3.12/site-packages/airflow/example_dags/example_xcomargs.py
[2026-05-09T08:25:44.292+0000] {processor.py:830} INFO - Processing file /home/airflow/.local/lib/python3.12/site-packages/airflow/example_dags/example_xcomargs.py for tasks to queue
[2026-05-09T08:25:44.294+0000] {logging_mixin.py:188} INFO - [2026-05-09T08:25:44.294+0000] {dagbag.py:545} INFO - Filling up the DagBag from /home/airflow/.local/lib/python3.12/site-packages/airflow/example_dags/example_xcomargs.py
[2026-05-09T08:25:44.301+0000] {processor.py:840} INFO - DAG(s) 'example_xcom_args', 'example_xcom_args_with_operators' retrieved from /home/airflow/.local/lib/python3.12/site-packages/airflow/example_dags/example_xcomargs.py
[2026-05-09T08:25:44.312+0000] {logging_mixin.py:188} INFO - [2026-05-09T08:25:44.312+0000] {dag.py:3089} INFO - Sync 2 DAGs
[2026-05-09T08:25:44.324+0000] {logging_mixin.py:188} INFO - [2026-05-09T08:25:44.324+0000] {dag.py:3947} INFO - Setting next_dagrun for example_xcom_args to None, run_after=None
[2026-05-09T08:25:44.328+0000] {logging_mixin.py:188} INFO - [2026-05-09T08:25:44.327+0000] {dag.py:3947} INFO - Setting next_dagrun for example_xcom_args_with_operators to None, run_after=None
[2026-05-09T08:25:44.341+0000] {processor.py:183} INFO - Processing /home/airflow/.local/lib/python3.12/site-packages/airflow/example_dags/example_xcomargs.py took 0.057 seconds
[2026-05-09T08:26:16.113+0000] {processor.py:161} INFO - Started process (PID=155) to work on /home/airflow/.local/lib/python3.12/site-packages/airflow/example_dags/example_xcomargs.py
[2026-05-09T08:26:16.114+0000] {processor.py:830} INFO - Processing file /home/airflow/.local/lib/python3.12/site-packages/airflow/example_dags/example_xcomargs.py for tasks to queue
[2026-05-09T08:26:16.116+0000] {logging_mixin.py:188} INFO - [2026-05-09T08:26:16.116+0000] {dagbag.py:545} INFO - Filling up the DagBag from /home/airflow/.local/lib/python3.12/site-packages/airflow/example_dags/example_xcomargs.py
[2026-05-09T08:26:16.124+0000] {processor.py:840} INFO - DAG(s) 'example_xcom_args', 'example_xcom_args_with_operators' retrieved from /home/airflow/.local/lib/python3.12/site-packages/airflow/example_dags/example_xcomargs.py
[2026-05-09T08:26:16.227+0000] {logging_mixin.py:188} INFO - [2026-05-09T08:26:16.226+0000] {dag.py:3089} INFO - Sync 2 DAGs
[2026-05-09T08:26:16.239+0000] {logging_mixin.py:188} INFO - [2026-05-09T08:26:16.238+0000] {dag.py:3947} INFO - Setting next_dagrun for example_xcom_args to None, run_after=None
[2026-05-09T08:26:16.241+0000] {logging_mixin.py:188} INFO - [2026-05-09T08:26:16.241+0000] {dag.py:3947} INFO - Setting next_dagrun for example_xcom_args_with_operators to None, run_after=None
[2026-05-09T08:26:16.257+0000] {processor.py:183} INFO - Processing /home/airflow/.local/lib/python3.12/site-packages/airflow/example_dags/example_xcomargs.py took 0.152 seconds
[2026-05-09T08:26:46.671+0000] {processor.py:161} INFO - Started process (PID=214) to work on /home/airflow/.local/lib/python3.12/site-packages/airflow/example_dags/example_xcomargs.py
[2026-05-09T08:26:46.672+0000] {processor.py:830} INFO - Processing file /home/airflow/.local/lib/python3.12/site-packages/airflow/example_dags/example_xcomargs.py for tasks to queue
[2026-05-09T08:26:46.674+0000] {logging_mixin.py:188} INFO - [2026-05-09T08:26:46.674+0000] {dagbag.py:545} INFO - Filling up the DagBag from /home/airflow/.local/lib/python3.12/site-packages/airflow/example_dags/example_xcomargs.py
[2026-05-09T08:26:46.680+0000] {processor.py:840} INFO - DAG(s) 'example_xcom_args', 'example_xcom_args_with_operators' retrieved from /home/airflow/.local/lib/python3.12/site-packages/airflow/example_dags/example_xcomargs.py
[2026-05-09T08:26:46.698+0000] {logging_mixin.py:188} INFO - [2026-05-09T08:26:46.698+0000] {dag.py:3089} INFO - Sync 2 DAGs
[2026-05-09T08:26:46.707+0000] {logging_mixin.py:188} INFO - [2026-05-09T08:26:46.707+0000] {dag.py:3947} INFO - Setting next_dagrun for example_xcom_args to None, run_after=None
[2026-05-09T08:26:46.710+0000] {logging_mixin.py:188} INFO - [2026-05-09T08:26:46.710+0000] {dag.py:3947} INFO - Setting next_dagrun for example_xcom_args_with_operators to None, run_after=None
[2026-05-09T08:26:46.721+0000] {processor.py:183} INFO - Processing /home/airflow/.local/lib/python3.12/site-packages/airflow/example_dags/example_xcomargs.py took 0.056 seconds
[2026-05-09T08:27:17.667+0000] {processor.py:161} INFO - Started process (PID=273) to work on /home/airflow/.local/lib/python3.12/site-packages/airflow/example_dags/example_xcomargs.py
[2026-05-09T08:27:17.668+0000] {processor.py:830} INFO - Processing file /home/airflow/.local/lib/python3.12/site-packages/airflow/example_dags/example_xcomargs.py for tasks to queue
[2026-05-09T08:27:17.670+0000] {logging_mixin.py:188} INFO - [2026-05-09T08:27:17.669+0000] {dagbag.py:545} INFO - Filling up the DagBag from /home/airflow/.local/lib/python3.12/site-packages/airflow/example_dags/example_xcomargs.py
[2026-05-09T08:27:17.676+0000] {processor.py:840} INFO - DAG(s) 'example_xcom_args', 'example_xcom_args_with_operators' retrieved from /home/airflow/.local/lib/python3.12/site-packages/airflow/example_dags/example_xcomargs.py
[2026-05-09T08:27:17.694+0000] {logging_mixin.py:188} INFO - [2026-05-09T08:27:17.694+0000] {dag.py:3089} INFO - Sync 2 DAGs
[2026-05-09T08:27:17.704+0000] {logging_mixin.py:188} INFO - [2026-05-09T08:27:17.704+0000] {dag.py:3947} INFO - Setting next_dagrun for example_xcom_args to None, run_after=None
[2026-05-09T08:27:17.707+0000] {logging_mixin.py:188} INFO - [2026-05-09T08:27:17.707+0000] {dag.py:3947} INFO - Setting next_dagrun for example_xcom_args_with_operators to None, run_after=None
[2026-05-09T08:27:17.718+0000] {processor.py:183} INFO - Processing /home/airflow/.local/lib/python3.12/site-packages/airflow/example_dags/example_xcomargs.py took 0.056 seconds
[2026-05-09T08:27:48.172+0000] {processor.py:161} INFO - Started process (PID=332) to work on /home/airflow/.local/lib/python3.12/site-packages/airflow/example_dags/example_xcomargs.py
[2026-05-09T08:27:48.173+0000] {processor.py:830} INFO - Processing file /home/airflow/.local/lib/python3.12/site-packages/airflow/example_dags/example_xcomargs.py for tasks to queue
[2026-05-09T08:27:48.175+0000] {logging_mixin.py:188} INFO - [2026-05-09T08:27:48.175+0000] {dagbag.py:545} INFO - Filling up the DagBag from /home/airflow/.local/lib/python3.12/site-packages/airflow/example_dags/example_xcomargs.py
[2026-05-09T08:27:48.183+0000] {processor.py:840} INFO - DAG(s) 'example_xcom_args_with_operators', 'example_xcom_args' retrieved from /home/airflow/.local/lib/python3.12/site-packages/airflow/example_dags/example_xcomargs.py
[2026-05-09T08:27:48.206+0000] {logging_mixin.py:188} INFO - [2026-05-09T08:27:48.206+0000] {dag.py:3089} INFO - Sync 2 DAGs
[2026-05-09T08:27:48.217+0000] {logging_mixin.py:188} INFO - [2026-05-09T08:27:48.216+0000] {dag.py:3947} INFO - Setting next_dagrun for example_xcom_args to None, run_after=None
[2026-05-09T08:27:48.220+0000] {logging_mixin.py:188} INFO - [2026-05-09T08:27:48.219+0000] {dag.py:3947} INFO - Setting next_dagrun for example_xcom_args_with_operators to None, run_after=None
[2026-05-09T08:27:48.232+0000] {processor.py:183} INFO - Processing /home/airflow/.local/lib/python3.12/site-packages/airflow/example_dags/example_xcomargs.py took 0.067 seconds
[2026-05-09T08:28:19.014+0000] {processor.py:161} INFO - Started process (PID=391) to work on /home/airflow/.local/lib/python3.12/site-packages/airflow/example_dags/example_xcomargs.py
[2026-05-09T08:28:19.015+0000] {processor.py:830} INFO - Processing file /home/airflow/.local/lib/python3.12/site-packages/airflow/example_dags/example_xcomargs.py for tasks to queue
[2026-05-09T08:28:19.017+0000] {logging_mixin.py:188} INFO - [2026-05-09T08:28:19.017+0000] {dagbag.py:545} INFO - Filling up the DagBag from /home/airflow/.local/lib/python3.12/site-packages/airflow/example_dags/example_xcomargs.py
[2026-05-09T08:28:19.024+0000] {processor.py:840} INFO - DAG(s) 'example_xcom_args', 'example_xcom_args_with_operators' retrieved from /home/airflow/.local/lib/python3.12/site-packages/airflow/example_dags/example_xcomargs.py
[2026-05-09T08:28:19.042+0000] {logging_mixin.py:188} INFO - [2026-05-09T08:28:19.042+0000] {dag.py:3089} INFO - Sync 2 DAGs
[2026-05-09T08:28:19.053+0000] {logging_mixin.py:188} INFO - [2026-05-09T08:28:19.053+0000] {dag.py:3947} INFO - Setting next_dagrun for example_xcom_args to None, run_after=None
[2026-05-09T08:28:19.058+0000] {logging_mixin.py:188} INFO - [2026-05-09T08:28:19.058+0000] {dag.py:3947} INFO - Setting next_dagrun for example_xcom_args_with_operators to None, run_after=None
[2026-05-09T08:28:19.075+0000] {processor.py:183} INFO - Processing /home/airflow/.local/lib/python3.12/site-packages/airflow/example_dags/example_xcomargs.py took 0.067 seconds
[2026-05-09T08:28:49.306+0000] {processor.py:161} INFO - Started process (PID=450) to work on /home/airflow/.local/lib/python3.12/site-packages/airflow/example_dags/example_xcomargs.py
[2026-05-09T08:28:49.307+0000] {processor.py:830} INFO - Processing file /home/airflow/.local/lib/python3.12/site-packages/airflow/example_dags/example_xcomargs.py for tasks to queue
[2026-05-09T08:28:49.308+0000] {logging_mixin.py:188} INFO - [2026-05-09T08:28:49.308+0000] {dagbag.py:545} INFO - Filling up the DagBag from /home/airflow/.local/lib/python3.12/site-packages/airflow/example_dags/example_xcomargs.py
[2026-05-09T08:28:49.315+0000] {processor.py:840} INFO - DAG(s) 'example_xcom_args', 'example_xcom_args_with_operators' retrieved from /home/airflow/.local/lib/python3.12/site-packages/airflow/example_dags/example_xcomargs.py
[2026-05-09T08:28:49.333+0000] {logging_mixin.py:188} INFO - [2026-05-09T08:28:49.333+0000] {dag.py:3089} INFO - Sync 2 DAGs
[2026-05-09T08:28:49.342+0000] {logging_mixin.py:188} INFO - [2026-05-09T08:28:49.342+0000] {dag.py:3947} INFO - Setting next_dagrun for example_xcom_args to None, run_after=None
[2026-05-09T08:28:49.345+0000] {logging_mixin.py:188} INFO - [2026-05-09T08:28:49.345+0000] {dag.py:3947} INFO - Setting next_dagrun for example_xcom_args_with_operators to None, run_after=None
[2026-05-09T08:28:49.355+0000] {processor.py:183} INFO - Processing /home/airflow/.local/lib/python3.12/site-packages/airflow/example_dags/example_xcomargs.py took 0.055 seconds
[2026-05-09T08:29:20.269+0000] {processor.py:161} INFO - Started process (PID=509) to work on /home/airflow/.local/lib/python3.12/site-packages/airflow/example_dags/example_xcomargs.py
[2026-05-09T08:29:20.270+0000] {processor.py:830} INFO - Processing file /home/airflow/.local/lib/python3.12/site-packages/airflow/example_dags/example_xcomargs.py for tasks to queue
[2026-05-09T08:29:20.271+0000] {logging_mixin.py:188} INFO - [2026-05-09T08:29:20.271+0000] {dagbag.py:545} INFO - Filling up the DagBag from /home/airflow/.local/lib/python3.12/site-packages/airflow/example_dags/example_xcomargs.py
[2026-05-09T08:29:20.278+0000] {processor.py:840} INFO - DAG(s) 'example_xcom_args_with_operators', 'example_xcom_args' retrieved from /home/airflow/.local/lib/python3.12/site-packages/airflow/example_dags/example_xcomargs.py
[2026-05-09T08:29:20.297+0000] {logging_mixin.py:188} INFO - [2026-05-09T08:29:20.296+0000] {dag.py:3089} INFO - Sync 2 DAGs
[2026-05-09T08:29:20.309+0000] {logging_mixin.py:188} INFO - [2026-05-09T08:29:20.309+0000] {dag.py:3947} INFO - Setting next_dagrun for example_xcom_args to None, run_after=None
[2026-05-09T08:29:20.312+0000] {logging_mixin.py:188} INFO - [2026-05-09T08:29:20.312+0000] {dag.py:3947} INFO - Setting next_dagrun for example_xcom_args_with_operators to None, run_after=None
[2026-05-09T08:29:20.326+0000] {processor.py:183} INFO - Processing /home/airflow/.local/lib/python3.12/site-packages/airflow/example_dags/example_xcomargs.py took 0.064 seconds
[2026-05-09T08:29:50.908+0000] {processor.py:161} INFO - Started process (PID=568) to work on /home/airflow/.local/lib/python3.12/site-packages/airflow/example_dags/example_xcomargs.py
[2026-05-09T08:29:50.909+0000] {processor.py:830} INFO - Processing file /home/airflow/.local/lib/python3.12/site-packages/airflow/example_dags/example_xcomargs.py for tasks to queue
[2026-05-09T08:29:50.911+0000] {logging_mixin.py:188} INFO - [2026-05-09T08:29:50.910+0000] {dagbag.py:545} INFO - Filling up the DagBag from /home/airflow/.local/lib/python3.12/site-packages/airflow/example_dags/example_xcomargs.py
[2026-05-09T08:29:50.918+0000] {processor.py:840} INFO - DAG(s) 'example_xcom_args', 'example_xcom_args_with_operators' retrieved from /home/airflow/.local/lib/python3.12/site-packages/airflow/example_dags/example_xcomargs.py
[2026-05-09T08:29:50.937+0000] {logging_mixin.py:188} INFO - [2026-05-09T08:29:50.937+0000] {dag.py:3089} INFO - Sync 2 DAGs
[2026-05-09T08:29:50.947+0000] {logging_mixin.py:188} INFO - [2026-05-09T08:29:50.947+0000] {dag.py:3947} INFO - Setting next_dagrun for example_xcom_args to None, run_after=None
[2026-05-09T08:29:50.950+0000] {logging_mixin.py:188} INFO - [2026-05-09T08:29:50.950+0000] {dag.py:3947} INFO - Setting next_dagrun for example_xcom_args_with_operators to None, run_after=None
[2026-05-09T08:29:50.962+0000] {processor.py:183} INFO - Processing /home/airflow/.local/lib/python3.12/site-packages/airflow/example_dags/example_xcomargs.py took 0.059 seconds
[2026-05-09T08:30:21.617+0000] {processor.py:161} INFO - Started process (PID=627) to work on /home/airflow/.local/lib/python3.12/site-packages/airflow/example_dags/example_xcomargs.py
[2026-05-09T08:30:21.618+0000] {processor.py:830} INFO - Processing file /home/airflow/.local/lib/python3.12/site-packages/airflow/example_dags/example_xcomargs.py for tasks to queue
[2026-05-09T08:30:21.619+0000] {logging_mixin.py:188} INFO - [2026-05-09T08:30:21.619+0000] {dagbag.py:545} INFO - Filling up the DagBag from /home/airflow/.local/lib/python3.12/site-packages/airflow/example_dags/example_xcomargs.py
[2026-05-09T08:30:21.625+0000] {processor.py:840} INFO - DAG(s) 'example_xcom_args', 'example_xcom_args_with_operators' retrieved from /home/airflow/.local/lib/python3.12/site-packages/airflow/example_dags/example_xcomargs.py
[2026-05-09T08:30:21.642+0000] {logging_mixin.py:188} INFO - [2026-05-09T08:30:21.642+0000] {dag.py:3089} INFO - Sync 2 DAGs
[2026-05-09T08:30:21.650+0000] {logging_mixin.py:188} INFO - [2026-05-09T08:30:21.650+0000] {dag.py:3947} INFO - Setting next_dagrun for example_xcom_args to None, run_after=None
[2026-05-09T08:30:21.653+0000] {logging_mixin.py:188} INFO - [2026-05-09T08:30:21.653+0000] {dag.py:3947} INFO - Setting next_dagrun for example_xcom_args_with_operators to None, run_after=None
[2026-05-09T08:30:21.663+0000] {processor.py:183} INFO - Processing /home/airflow/.local/lib/python3.12/site-packages/airflow/example_dags/example_xcomargs.py took 0.051 seconds
[2026-05-09T08:30:51.854+0000] {processor.py:161} INFO - Started process (PID=686) to work on /home/airflow/.local/lib/python3.12/site-packages/airflow/example_dags/example_xcomargs.py
[2026-05-09T08:30:51.855+0000] {processor.py:830} INFO - Processing file /home/airflow/.local/lib/python3.12/site-packages/airflow/example_dags/example_xcomargs.py for tasks to queue
[2026-05-09T08:30:51.856+0000] {logging_mixin.py:188} INFO - [2026-05-09T08:30:51.856+0000] {dagbag.py:545} INFO - Filling up the DagBag from /home/airflow/.local/lib/python3.12/site-packages/airflow/example_dags/example_xcomargs.py
[2026-05-09T08:30:51.863+0000] {processor.py:840} INFO - DAG(s) 'example_xcom_args', 'example_xcom_args_with_operators' retrieved from /home/airflow/.local/lib/python3.12/site-packages/airflow/example_dags/example_xcomargs.py
[2026-05-09T08:30:51.881+0000] {logging_mixin.py:188} INFO - [2026-05-09T08:30:51.881+0000] {dag.py:3089} INFO - Sync 2 DAGs
[2026-05-09T08:30:51.891+0000] {logging_mixin.py:188} INFO - [2026-05-09T08:30:51.891+0000] {dag.py:3947} INFO - Setting next_dagrun for example_xcom_args to None, run_after=None
[2026-05-09T08:30:51.893+0000] {logging_mixin.py:188} INFO - [2026-05-09T08:30:51.893+0000] {dag.py:3947} INFO - Setting next_dagrun for example_xcom_args_with_operators to None, run_after=None
[2026-05-09T08:30:51.905+0000] {processor.py:183} INFO - Processing /home/airflow/.local/lib/python3.12/site-packages/airflow/example_dags/example_xcomargs.py took 0.058 seconds
[2026-05-09T08:31:21.974+0000] {processor.py:161} INFO - Started process (PID=745) to work on /home/airflow/.local/lib/python3.12/site-packages/airflow/example_dags/example_xcomargs.py
[2026-05-09T08:31:21.974+0000] {processor.py:830} INFO - Processing file /home/airflow/.local/lib/python3.12/site-packages/airflow/example_dags/example_xcomargs.py for tasks to queue
[2026-05-09T08:31:21.976+0000] {logging_mixin.py:188} INFO - [2026-05-09T08:31:21.976+0000] {dagbag.py:545} INFO - Filling up the DagBag from /home/airflow/.local/lib/python3.12/site-packages/airflow/example_dags/example_xcomargs.py
[2026-05-09T08:31:21.982+0000] {processor.py:840} INFO - DAG(s) 'example_xcom_args', 'example_xcom_args_with_operators' retrieved from /home/airflow/.local/lib/python3.12/site-packages/airflow/example_dags/example_xcomargs.py
[2026-05-09T08:31:21.998+0000] {logging_mixin.py:188} INFO - [2026-05-09T08:31:21.998+0000] {dag.py:3089} INFO - Sync 2 DAGs
[2026-05-09T08:31:22.007+0000] {logging_mixin.py:188} INFO - [2026-05-09T08:31:22.007+0000] {dag.py:3947} INFO - Setting next_dagrun for example_xcom_args to None, run_after=None
[2026-05-09T08:31:22.010+0000] {logging_mixin.py:188} INFO - [2026-05-09T08:31:22.010+0000] {dag.py:3947} INFO - Setting next_dagrun for example_xcom_args_with_operators to None, run_after=None
[2026-05-09T08:31:22.021+0000] {processor.py:183} INFO - Processing /home/airflow/.local/lib/python3.12/site-packages/airflow/example_dags/example_xcomargs.py took 0.052 seconds
[2026-05-09T08:31:52.177+0000] {processor.py:161} INFO - Started process (PID=804) to work on /home/airflow/.local/lib/python3.12/site-packages/airflow/example_dags/example_xcomargs.py
[2026-05-09T08:31:52.178+0000] {processor.py:830} INFO - Processing file /home/airflow/.local/lib/python3.12/site-packages/airflow/example_dags/example_xcomargs.py for tasks to queue
[2026-05-09T08:31:52.180+0000] {logging_mixin.py:188} INFO - [2026-05-09T08:31:52.180+0000] {dagbag.py:545} INFO - Filling up the DagBag from /home/airflow/.local/lib/python3.12/site-packages/airflow/example_dags/example_xcomargs.py
[2026-05-09T08:31:52.186+0000] {processor.py:840} INFO - DAG(s) 'example_xcom_args_with_operators', 'example_xcom_args' retrieved from /home/airflow/.local/lib/python3.12/site-packages/airflow/example_dags/example_xcomargs.py
[2026-05-09T08:31:52.202+0000] {logging_mixin.py:188} INFO - [2026-05-09T08:31:52.202+0000] {dag.py:3089} INFO - Sync 2 DAGs
[2026-05-09T08:31:52.213+0000] {logging_mixin.py:188} INFO - [2026-05-09T08:31:52.212+0000] {dag.py:3947} INFO - Setting next_dagrun for example_xcom_args to None, run_after=None
[2026-05-09T08:31:52.215+0000] {logging_mixin.py:188} INFO - [2026-05-09T08:31:52.215+0000] {dag.py:3947} INFO - Setting next_dagrun for example_xcom_args_with_operators to None, run_after=None
[2026-05-09T08:31:52.226+0000] {processor.py:183} INFO - Processing /home/airflow/.local/lib/python3.12/site-packages/airflow/example_dags/example_xcomargs.py took 0.055 seconds
[2026-05-09T08:32:23.078+0000] {processor.py:161} INFO - Started process (PID=863) to work on /home/airflow/.local/lib/python3.12/site-packages/airflow/example_dags/example_xcomargs.py
[2026-05-09T08:32:23.079+0000] {processor.py:830} INFO - Processing file /home/airflow/.local/lib/python3.12/site-packages/airflow/example_dags/example_xcomargs.py for tasks to queue
[2026-05-09T08:32:23.080+0000] {logging_mixin.py:188} INFO - [2026-05-09T08:32:23.080+0000] {dagbag.py:545} INFO - Filling up the DagBag from /home/airflow/.local/lib/python3.12/site-packages/airflow/example_dags/example_xcomargs.py
[2026-05-09T08:32:23.086+0000] {processor.py:840} INFO - DAG(s) 'example_xcom_args', 'example_xcom_args_with_operators' retrieved from /home/airflow/.local/lib/python3.12/site-packages/airflow/example_dags/example_xcomargs.py
[2026-05-09T08:32:23.103+0000] {logging_mixin.py:188} INFO - [2026-05-09T08:32:23.103+0000] {dag.py:3089} INFO - Sync 2 DAGs
[2026-05-09T08:32:23.112+0000] {logging_mixin.py:188} INFO - [2026-05-09T08:32:23.112+0000] {dag.py:3947} INFO - Setting next_dagrun for example_xcom_args to None, run_after=None
[2026-05-09T08:32:23.115+0000] {logging_mixin.py:188} INFO - [2026-05-09T08:32:23.115+0000] {dag.py:3947} INFO - Setting next_dagrun for example_xcom_args_with_operators to None, run_after=None
[2026-05-09T08:32:23.127+0000] {processor.py:183} INFO - Processing /home/airflow/.local/lib/python3.12/site-packages/airflow/example_dags/example_xcomargs.py took 0.054 seconds
[2026-05-09T09:12:12.135+0000] {processor.py:161} INFO - Started process (PID=96) to work on /home/airflow/.local/lib/python3.12/site-packages/airflow/example_dags/example_xcomargs.py
[2026-05-09T09:12:12.136+0000] {processor.py:830} INFO - Processing file /home/airflow/.local/lib/python3.12/site-packages/airflow/example_dags/example_xcomargs.py for tasks to queue
[2026-05-09T09:12:12.138+0000] {logging_mixin.py:188} INFO - [2026-05-09T09:12:12.137+0000] {dagbag.py:545} INFO - Filling up the DagBag from /home/airflow/.local/lib/python3.12/site-packages/airflow/example_dags/example_xcomargs.py
[2026-05-09T09:12:12.144+0000] {processor.py:840} INFO - DAG(s) 'example_xcom_args_with_operators', 'example_xcom_args' retrieved from /home/airflow/.local/lib/python3.12/site-packages/airflow/example_dags/example_xcomargs.py
[2026-05-09T09:12:12.153+0000] {logging_mixin.py:188} INFO - [2026-05-09T09:12:12.153+0000] {dag.py:3089} INFO - Sync 2 DAGs
[2026-05-09T09:12:12.164+0000] {logging_mixin.py:188} INFO - [2026-05-09T09:12:12.163+0000] {dag.py:3947} INFO - Setting next_dagrun for example_xcom_args to None, run_after=None
[2026-05-09T09:12:12.167+0000] {logging_mixin.py:188} INFO - [2026-05-09T09:12:12.166+0000] {dag.py:3947} INFO - Setting next_dagrun for example_xcom_args_with_operators to None, run_after=None
[2026-05-09T09:12:12.178+0000] {processor.py:183} INFO - Processing /home/airflow/.local/lib/python3.12/site-packages/airflow/example_dags/example_xcomargs.py took 0.047 seconds
[2026-05-09T09:12:43.631+0000] {processor.py:161} INFO - Started process (PID=155) to work on /home/airflow/.local/lib/python3.12/site-packages/airflow/example_dags/example_xcomargs.py
[2026-05-09T09:12:43.632+0000] {processor.py:830} INFO - Processing file /home/airflow/.local/lib/python3.12/site-packages/airflow/example_dags/example_xcomargs.py for tasks to queue
[2026-05-09T09:12:43.634+0000] {logging_mixin.py:188} INFO - [2026-05-09T09:12:43.633+0000] {dagbag.py:545} INFO - Filling up the DagBag from /home/airflow/.local/lib/python3.12/site-packages/airflow/example_dags/example_xcomargs.py
[2026-05-09T09:12:43.641+0000] {processor.py:840} INFO - DAG(s) 'example_xcom_args', 'example_xcom_args_with_operators' retrieved from /home/airflow/.local/lib/python3.12/site-packages/airflow/example_dags/example_xcomargs.py
[2026-05-09T09:12:43.723+0000] {logging_mixin.py:188} INFO - [2026-05-09T09:12:43.723+0000] {dag.py:3089} INFO - Sync 2 DAGs
[2026-05-09T09:12:43.731+0000] {logging_mixin.py:188} INFO - [2026-05-09T09:12:43.730+0000] {dag.py:3947} INFO - Setting next_dagrun for example_xcom_args to None, run_after=None
[2026-05-09T09:12:43.733+0000] {logging_mixin.py:188} INFO - [2026-05-09T09:12:43.733+0000] {dag.py:3947} INFO - Setting next_dagrun for example_xcom_args_with_operators to None, run_after=None
[2026-05-09T09:12:43.745+0000] {processor.py:183} INFO - Processing /home/airflow/.local/lib/python3.12/site-packages/airflow/example_dags/example_xcomargs.py took 0.119 seconds
[2026-05-09T09:13:13.815+0000] {processor.py:161} INFO - Started process (PID=214) to work on /home/airflow/.local/lib/python3.12/site-packages/airflow/example_dags/example_xcomargs.py
[2026-05-09T09:13:13.815+0000] {processor.py:830} INFO - Processing file /home/airflow/.local/lib/python3.12/site-packages/airflow/example_dags/example_xcomargs.py for tasks to queue
[2026-05-09T09:13:13.817+0000] {logging_mixin.py:188} INFO - [2026-05-09T09:13:13.817+0000] {dagbag.py:545} INFO - Filling up the DagBag from /home/airflow/.local/lib/python3.12/site-packages/airflow/example_dags/example_xcomargs.py
[2026-05-09T09:13:13.823+0000] {processor.py:840} INFO - DAG(s) 'example_xcom_args', 'example_xcom_args_with_operators' retrieved from /home/airflow/.local/lib/python3.12/site-packages/airflow/example_dags/example_xcomargs.py
[2026-05-09T09:13:13.841+0000] {logging_mixin.py:188} INFO - [2026-05-09T09:13:13.841+0000] {dag.py:3089} INFO - Sync 2 DAGs
[2026-05-09T09:13:13.850+0000] {logging_mixin.py:188} INFO - [2026-05-09T09:13:13.850+0000] {dag.py:3947} INFO - Setting next_dagrun for example_xcom_args to None, run_after=None
[2026-05-09T09:13:13.852+0000] {logging_mixin.py:188} INFO - [2026-05-09T09:13:13.852+0000] {dag.py:3947} INFO - Setting next_dagrun for example_xcom_args_with_operators to None, run_after=None
[2026-05-09T09:13:13.862+0000] {processor.py:183} INFO - Processing /home/airflow/.local/lib/python3.12/site-packages/airflow/example_dags/example_xcomargs.py took 0.053 seconds
[2026-05-09T09:13:43.933+0000] {processor.py:161} INFO - Started process (PID=273) to work on /home/airflow/.local/lib/python3.12/site-packages/airflow/example_dags/example_xcomargs.py
[2026-05-09T09:13:43.934+0000] {processor.py:830} INFO - Processing file /home/airflow/.local/lib/python3.12/site-packages/airflow/example_dags/example_xcomargs.py for tasks to queue
[2026-05-09T09:13:43.935+0000] {logging_mixin.py:188} INFO - [2026-05-09T09:13:43.935+0000] {dagbag.py:545} INFO - Filling up the DagBag from /home/airflow/.local/lib/python3.12/site-packages/airflow/example_dags/example_xcomargs.py
[2026-05-09T09:13:43.941+0000] {processor.py:840} INFO - DAG(s) 'example_xcom_args', 'example_xcom_args_with_operators' retrieved from /home/airflow/.local/lib/python3.12/site-packages/airflow/example_dags/example_xcomargs.py
[2026-05-09T09:13:43.958+0000] {logging_mixin.py:188} INFO - [2026-05-09T09:13:43.958+0000] {dag.py:3089} INFO - Sync 2 DAGs
[2026-05-09T09:13:43.967+0000] {logging_mixin.py:188} INFO - [2026-05-09T09:13:43.967+0000] {dag.py:3947} INFO - Setting next_dagrun for example_xcom_args to None, run_after=None
[2026-05-09T09:13:43.969+0000] {logging_mixin.py:188} INFO - [2026-05-09T09:13:43.969+0000] {dag.py:3947} INFO - Setting next_dagrun for example_xcom_args_with_operators to None, run_after=None
[2026-05-09T09:13:43.979+0000] {processor.py:183} INFO - Processing /home/airflow/.local/lib/python3.12/site-packages/airflow/example_dags/example_xcomargs.py took 0.051 seconds
[2026-05-09T09:14:15.132+0000] {processor.py:161} INFO - Started process (PID=332) to work on /home/airflow/.local/lib/python3.12/site-packages/airflow/example_dags/example_xcomargs.py
[2026-05-09T09:14:15.133+0000] {processor.py:830} INFO - Processing file /home/airflow/.local/lib/python3.12/site-packages/airflow/example_dags/example_xcomargs.py for tasks to queue
[2026-05-09T09:14:15.135+0000] {logging_mixin.py:188} INFO - [2026-05-09T09:14:15.135+0000] {dagbag.py:545} INFO - Filling up the DagBag from /home/airflow/.local/lib/python3.12/site-packages/airflow/example_dags/example_xcomargs.py
[2026-05-09T09:14:15.142+0000] {processor.py:840} INFO - DAG(s) 'example_xcom_args_with_operators', 'example_xcom_args' retrieved from /home/airflow/.local/lib/python3.12/site-packages/airflow/example_dags/example_xcomargs.py
[2026-05-09T09:14:15.167+0000] {logging_mixin.py:188} INFO - [2026-05-09T09:14:15.167+0000] {dag.py:3089} INFO - Sync 2 DAGs
[2026-05-09T09:14:15.180+0000] {logging_mixin.py:188} INFO - [2026-05-09T09:14:15.180+0000] {dag.py:3947} INFO - Setting next_dagrun for example_xcom_args to None, run_after=None
[2026-05-09T09:14:15.185+0000] {logging_mixin.py:188} INFO - [2026-05-09T09:14:15.185+0000] {dag.py:3947} INFO - Setting next_dagrun for example_xcom_args_with_operators to None, run_after=None
[2026-05-09T09:14:15.206+0000] {processor.py:183} INFO - Processing /home/airflow/.local/lib/python3.12/site-packages/airflow/example_dags/example_xcomargs.py took 0.078 seconds
[2026-05-09T09:14:46.356+0000] {processor.py:161} INFO - Started process (PID=391) to work on /home/airflow/.local/lib/python3.12/site-packages/airflow/example_dags/example_xcomargs.py
[2026-05-09T09:14:46.357+0000] {processor.py:830} INFO - Processing file /home/airflow/.local/lib/python3.12/site-packages/airflow/example_dags/example_xcomargs.py for tasks to queue
[2026-05-09T09:14:46.359+0000] {logging_mixin.py:188} INFO - [2026-05-09T09:14:46.358+0000] {dagbag.py:545} INFO - Filling up the DagBag from /home/airflow/.local/lib/python3.12/site-packages/airflow/example_dags/example_xcomargs.py
[2026-05-09T09:14:46.364+0000] {processor.py:840} INFO - DAG(s) 'example_xcom_args_with_operators', 'example_xcom_args' retrieved from /home/airflow/.local/lib/python3.12/site-packages/airflow/example_dags/example_xcomargs.py
[2026-05-09T09:14:46.381+0000] {logging_mixin.py:188} INFO - [2026-05-09T09:14:46.381+0000] {dag.py:3089} INFO - Sync 2 DAGs
[2026-05-09T09:14:46.391+0000] {logging_mixin.py:188} INFO - [2026-05-09T09:14:46.391+0000] {dag.py:3947} INFO - Setting next_dagrun for example_xcom_args to None, run_after=None
[2026-05-09T09:14:46.394+0000] {logging_mixin.py:188} INFO - [2026-05-09T09:14:46.394+0000] {dag.py:3947} INFO - Setting next_dagrun for example_xcom_args_with_operators to None, run_after=None
[2026-05-09T09:14:46.404+0000] {processor.py:183} INFO - Processing /home/airflow/.local/lib/python3.12/site-packages/airflow/example_dags/example_xcomargs.py took 0.053 seconds
[2026-05-09T09:15:17.279+0000] {processor.py:161} INFO - Started process (PID=450) to work on /home/airflow/.local/lib/python3.12/site-packages/airflow/example_dags/example_xcomargs.py
[2026-05-09T09:15:17.280+0000] {processor.py:830} INFO - Processing file /home/airflow/.local/lib/python3.12/site-packages/airflow/example_dags/example_xcomargs.py for tasks to queue
[2026-05-09T09:15:17.282+0000] {logging_mixin.py:188} INFO - [2026-05-09T09:15:17.282+0000] {dagbag.py:545} INFO - Filling up the DagBag from /home/airflow/.local/lib/python3.12/site-packages/airflow/example_dags/example_xcomargs.py
[2026-05-09T09:15:17.290+0000] {processor.py:840} INFO - DAG(s) 'example_xcom_args_with_operators', 'example_xcom_args' retrieved from /home/airflow/.local/lib/python3.12/site-packages/airflow/example_dags/example_xcomargs.py
[2026-05-09T09:15:17.313+0000] {logging_mixin.py:188} INFO - [2026-05-09T09:15:17.313+0000] {dag.py:3089} INFO - Sync 2 DAGs
[2026-05-09T09:15:17.324+0000] {logging_mixin.py:188} INFO - [2026-05-09T09:15:17.323+0000] {dag.py:3947} INFO - Setting next_dagrun for example_xcom_args to None, run_after=None
[2026-05-09T09:15:17.327+0000] {logging_mixin.py:188} INFO - [2026-05-09T09:15:17.327+0000] {dag.py:3947} INFO - Setting next_dagrun for example_xcom_args_with_operators to None, run_after=None
[2026-05-09T09:15:17.346+0000] {processor.py:183} INFO - Processing /home/airflow/.local/lib/python3.12/site-packages/airflow/example_dags/example_xcomargs.py took 0.074 seconds
[2026-05-09T09:15:47.428+0000] {processor.py:161} INFO - Started process (PID=509) to work on /home/airflow/.local/lib/python3.12/site-packages/airflow/example_dags/example_xcomargs.py
[2026-05-09T09:15:47.429+0000] {processor.py:830} INFO - Processing file /home/airflow/.local/lib/python3.12/site-packages/airflow/example_dags/example_xcomargs.py for tasks to queue
[2026-05-09T09:15:47.432+0000] {logging_mixin.py:188} INFO - [2026-05-09T09:15:47.431+0000] {dagbag.py:545} INFO - Filling up the DagBag from /home/airflow/.local/lib/python3.12/site-packages/airflow/example_dags/example_xcomargs.py
[2026-05-09T09:15:47.441+0000] {processor.py:840} INFO - DAG(s) 'example_xcom_args', 'example_xcom_args_with_operators' retrieved from /home/airflow/.local/lib/python3.12/site-packages/airflow/example_dags/example_xcomargs.py
[2026-05-09T09:15:47.462+0000] {logging_mixin.py:188} INFO - [2026-05-09T09:15:47.462+0000] {dag.py:3089} INFO - Sync 2 DAGs
[2026-05-09T09:15:47.473+0000] {logging_mixin.py:188} INFO - [2026-05-09T09:15:47.473+0000] {dag.py:3947} INFO - Setting next_dagrun for example_xcom_args to None, run_after=None
[2026-05-09T09:15:47.476+0000] {logging_mixin.py:188} INFO - [2026-05-09T09:15:47.476+0000] {dag.py:3947} INFO - Setting next_dagrun for example_xcom_args_with_operators to None, run_after=None
[2026-05-09T09:15:47.492+0000] {processor.py:183} INFO - Processing /home/airflow/.local/lib/python3.12/site-packages/airflow/example_dags/example_xcomargs.py took 0.071 seconds
[2026-05-09T09:16:18.343+0000] {processor.py:161} INFO - Started process (PID=568) to work on /home/airflow/.local/lib/python3.12/site-packages/airflow/example_dags/example_xcomargs.py
[2026-05-09T09:16:18.345+0000] {processor.py:830} INFO - Processing file /home/airflow/.local/lib/python3.12/site-packages/airflow/example_dags/example_xcomargs.py for tasks to queue
[2026-05-09T09:16:18.346+0000] {logging_mixin.py:188} INFO - [2026-05-09T09:16:18.346+0000] {dagbag.py:545} INFO - Filling up the DagBag from /home/airflow/.local/lib/python3.12/site-packages/airflow/example_dags/example_xcomargs.py
[2026-05-09T09:16:18.353+0000] {processor.py:840} INFO - DAG(s) 'example_xcom_args', 'example_xcom_args_with_operators' retrieved from /home/airflow/.local/lib/python3.12/site-packages/airflow/example_dags/example_xcomargs.py
[2026-05-09T09:16:18.372+0000] {logging_mixin.py:188} INFO - [2026-05-09T09:16:18.372+0000] {dag.py:3089} INFO - Sync 2 DAGs
[2026-05-09T09:16:18.383+0000] {logging_mixin.py:188} INFO - [2026-05-09T09:16:18.383+0000] {dag.py:3947} INFO - Setting next_dagrun for example_xcom_args to None, run_after=None
[2026-05-09T09:16:18.386+0000] {logging_mixin.py:188} INFO - [2026-05-09T09:16:18.386+0000] {dag.py:3947} INFO - Setting next_dagrun for example_xcom_args_with_operators to None, run_after=None
[2026-05-09T09:16:18.399+0000] {processor.py:183} INFO - Processing /home/airflow/.local/lib/python3.12/site-packages/airflow/example_dags/example_xcomargs.py took 0.061 seconds
[2026-05-09T09:16:49.673+0000] {processor.py:161} INFO - Started process (PID=627) to work on /home/airflow/.local/lib/python3.12/site-packages/airflow/example_dags/example_xcomargs.py
[2026-05-09T09:16:49.674+0000] {processor.py:830} INFO - Processing file /home/airflow/.local/lib/python3.12/site-packages/airflow/example_dags/example_xcomargs.py for tasks to queue
[2026-05-09T09:16:49.675+0000] {logging_mixin.py:188} INFO - [2026-05-09T09:16:49.675+0000] {dagbag.py:545} INFO - Filling up the DagBag from /home/airflow/.local/lib/python3.12/site-packages/airflow/example_dags/example_xcomargs.py
[2026-05-09T09:16:49.682+0000] {processor.py:840} INFO - DAG(s) 'example_xcom_args_with_operators', 'example_xcom_args' retrieved from /home/airflow/.local/lib/python3.12/site-packages/airflow/example_dags/example_xcomargs.py
[2026-05-09T09:16:49.701+0000] {logging_mixin.py:188} INFO - [2026-05-09T09:16:49.701+0000] {dag.py:3089} INFO - Sync 2 DAGs
[2026-05-09T09:16:49.711+0000] {logging_mixin.py:188} INFO - [2026-05-09T09:16:49.711+0000] {dag.py:3947} INFO - Setting next_dagrun for example_xcom_args to None, run_after=None
[2026-05-09T09:16:49.715+0000] {logging_mixin.py:188} INFO - [2026-05-09T09:16:49.715+0000] {dag.py:3947} INFO - Setting next_dagrun for example_xcom_args_with_operators to None, run_after=None
[2026-05-09T09:16:49.727+0000] {processor.py:183} INFO - Processing /home/airflow/.local/lib/python3.12/site-packages/airflow/example_dags/example_xcomargs.py took 0.060 seconds
[2026-05-09T09:17:21.098+0000] {processor.py:161} INFO - Started process (PID=686) to work on /home/airflow/.local/lib/python3.12/site-packages/airflow/example_dags/example_xcomargs.py
[2026-05-09T09:17:21.099+0000] {processor.py:830} INFO - Processing file /home/airflow/.local/lib/python3.12/site-packages/airflow/example_dags/example_xcomargs.py for tasks to queue
[2026-05-09T09:17:21.101+0000] {logging_mixin.py:188} INFO - [2026-05-09T09:17:21.101+0000] {dagbag.py:545} INFO - Filling up the DagBag from /home/airflow/.local/lib/python3.12/site-packages/airflow/example_dags/example_xcomargs.py
[2026-05-09T09:17:21.107+0000] {processor.py:840} INFO - DAG(s) 'example_xcom_args_with_operators', 'example_xcom_args' retrieved from /home/airflow/.local/lib/python3.12/site-packages/airflow/example_dags/example_xcomargs.py
[2026-05-09T09:17:21.126+0000] {logging_mixin.py:188} INFO - [2026-05-09T09:17:21.126+0000] {dag.py:3089} INFO - Sync 2 DAGs
[2026-05-09T09:17:21.136+0000] {logging_mixin.py:188} INFO - [2026-05-09T09:17:21.136+0000] {dag.py:3947} INFO - Setting next_dagrun for example_xcom_args to None, run_after=None
[2026-05-09T09:17:21.138+0000] {logging_mixin.py:188} INFO - [2026-05-09T09:17:21.138+0000] {dag.py:3947} INFO - Setting next_dagrun for example_xcom_args_with_operators to None, run_after=None
[2026-05-09T09:17:21.149+0000] {processor.py:183} INFO - Processing /home/airflow/.local/lib/python3.12/site-packages/airflow/example_dags/example_xcomargs.py took 0.057 seconds
[2026-05-09T09:17:52.067+0000] {processor.py:161} INFO - Started process (PID=745) to work on /home/airflow/.local/lib/python3.12/site-packages/airflow/example_dags/example_xcomargs.py
[2026-05-09T09:17:52.068+0000] {processor.py:830} INFO - Processing file /home/airflow/.local/lib/python3.12/site-packages/airflow/example_dags/example_xcomargs.py for tasks to queue
[2026-05-09T09:17:52.069+0000] {logging_mixin.py:188} INFO - [2026-05-09T09:17:52.069+0000] {dagbag.py:545} INFO - Filling up the DagBag from /home/airflow/.local/lib/python3.12/site-packages/airflow/example_dags/example_xcomargs.py
[2026-05-09T09:17:52.076+0000] {processor.py:840} INFO - DAG(s) 'example_xcom_args_with_operators', 'example_xcom_args' retrieved from /home/airflow/.local/lib/python3.12/site-packages/airflow/example_dags/example_xcomargs.py
[2026-05-09T09:17:52.094+0000] {logging_mixin.py:188} INFO - [2026-05-09T09:17:52.093+0000] {dag.py:3089} INFO - Sync 2 DAGs
[2026-05-09T09:17:52.103+0000] {logging_mixin.py:188} INFO - [2026-05-09T09:17:52.103+0000] {dag.py:3947} INFO - Setting next_dagrun for example_xcom_args to None, run_after=None
[2026-05-09T09:17:52.106+0000] {logging_mixin.py:188} INFO - [2026-05-09T09:17:52.106+0000] {dag.py:3947} INFO - Setting next_dagrun for example_xcom_args_with_operators to None, run_after=None
[2026-05-09T09:17:52.119+0000] {processor.py:183} INFO - Processing /home/airflow/.local/lib/python3.12/site-packages/airflow/example_dags/example_xcomargs.py took 0.057 seconds
[2026-05-09T09:18:22.948+0000] {processor.py:161} INFO - Started process (PID=804) to work on /home/airflow/.local/lib/python3.12/site-packages/airflow/example_dags/example_xcomargs.py
[2026-05-09T09:18:22.949+0000] {processor.py:830} INFO - Processing file /home/airflow/.local/lib/python3.12/site-packages/airflow/example_dags/example_xcomargs.py for tasks to queue
[2026-05-09T09:18:22.950+0000] {logging_mixin.py:188} INFO - [2026-05-09T09:18:22.950+0000] {dagbag.py:545} INFO - Filling up the DagBag from /home/airflow/.local/lib/python3.12/site-packages/airflow/example_dags/example_xcomargs.py
[2026-05-09T09:18:22.956+0000] {processor.py:840} INFO - DAG(s) 'example_xcom_args', 'example_xcom_args_with_operators' retrieved from /home/airflow/.local/lib/python3.12/site-packages/airflow/example_dags/example_xcomargs.py
[2026-05-09T09:18:22.973+0000] {logging_mixin.py:188} INFO - [2026-05-09T09:18:22.972+0000] {dag.py:3089} INFO - Sync 2 DAGs
[2026-05-09T09:18:22.982+0000] {logging_mixin.py:188} INFO - [2026-05-09T09:18:22.981+0000] {dag.py:3947} INFO - Setting next_dagrun for example_xcom_args to None, run_after=None
[2026-05-09T09:18:22.985+0000] {logging_mixin.py:188} INFO - [2026-05-09T09:18:22.985+0000] {dag.py:3947} INFO - Setting next_dagrun for example_xcom_args_with_operators to None, run_after=None
[2026-05-09T09:18:22.995+0000] {processor.py:183} INFO - Processing /home/airflow/.local/lib/python3.12/site-packages/airflow/example_dags/example_xcomargs.py took 0.052 seconds
[2026-05-09T09:18:54.231+0000] {processor.py:161} INFO - Started process (PID=863) to work on /home/airflow/.local/lib/python3.12/site-packages/airflow/example_dags/example_xcomargs.py
[2026-05-09T09:18:54.231+0000] {processor.py:830} INFO - Processing file /home/airflow/.local/lib/python3.12/site-packages/airflow/example_dags/example_xcomargs.py for tasks to queue
[2026-05-09T09:18:54.233+0000] {logging_mixin.py:188} INFO - [2026-05-09T09:18:54.232+0000] {dagbag.py:545} INFO - Filling up the DagBag from /home/airflow/.local/lib/python3.12/site-packages/airflow/example_dags/example_xcomargs.py
[2026-05-09T09:18:54.239+0000] {processor.py:840} INFO - DAG(s) 'example_xcom_args', 'example_xcom_args_with_operators' retrieved from /home/airflow/.local/lib/python3.12/site-packages/airflow/example_dags/example_xcomargs.py
[2026-05-09T09:18:54.254+0000] {logging_mixin.py:188} INFO - [2026-05-09T09:18:54.254+0000] {dag.py:3089} INFO - Sync 2 DAGs
[2026-05-09T09:18:54.264+0000] {logging_mixin.py:188} INFO - [2026-05-09T09:18:54.263+0000] {dag.py:3947} INFO - Setting next_dagrun for example_xcom_args to None, run_after=None
[2026-05-09T09:18:54.266+0000] {logging_mixin.py:188} INFO - [2026-05-09T09:18:54.266+0000] {dag.py:3947} INFO - Setting next_dagrun for example_xcom_args_with_operators to None, run_after=None
[2026-05-09T09:18:54.277+0000] {processor.py:183} INFO - Processing /home/airflow/.local/lib/python3.12/site-packages/airflow/example_dags/example_xcomargs.py took 0.051 seconds
[2026-05-09T09:19:25.381+0000] {processor.py:161} INFO - Started process (PID=922) to work on /home/airflow/.local/lib/python3.12/site-packages/airflow/example_dags/example_xcomargs.py
[2026-05-09T09:19:25.382+0000] {processor.py:830} INFO - Processing file /home/airflow/.local/lib/python3.12/site-packages/airflow/example_dags/example_xcomargs.py for tasks to queue
[2026-05-09T09:19:25.384+0000] {logging_mixin.py:188} INFO - [2026-05-09T09:19:25.384+0000] {dagbag.py:545} INFO - Filling up the DagBag from /home/airflow/.local/lib/python3.12/site-packages/airflow/example_dags/example_xcomargs.py
[2026-05-09T09:19:25.392+0000] {processor.py:840} INFO - DAG(s) 'example_xcom_args', 'example_xcom_args_with_operators' retrieved from /home/airflow/.local/lib/python3.12/site-packages/airflow/example_dags/example_xcomargs.py
[2026-05-09T09:19:25.417+0000] {logging_mixin.py:188} INFO - [2026-05-09T09:19:25.417+0000] {dag.py:3089} INFO - Sync 2 DAGs
[2026-05-09T09:19:25.433+0000] {logging_mixin.py:188} INFO - [2026-05-09T09:19:25.433+0000] {dag.py:3947} INFO - Setting next_dagrun for example_xcom_args to None, run_after=None
[2026-05-09T09:19:25.438+0000] {logging_mixin.py:188} INFO - [2026-05-09T09:19:25.438+0000] {dag.py:3947} INFO - Setting next_dagrun for example_xcom_args_with_operators to None, run_after=None
[2026-05-09T09:19:25.457+0000] {processor.py:183} INFO - Processing /home/airflow/.local/lib/python3.12/site-packages/airflow/example_dags/example_xcomargs.py took 0.082 seconds
[2026-05-09T09:19:56.688+0000] {processor.py:161} INFO - Started process (PID=981) to work on /home/airflow/.local/lib/python3.12/site-packages/airflow/example_dags/example_xcomargs.py
[2026-05-09T09:19:56.689+0000] {processor.py:830} INFO - Processing file /home/airflow/.local/lib/python3.12/site-packages/airflow/example_dags/example_xcomargs.py for tasks to queue
[2026-05-09T09:19:56.691+0000] {logging_mixin.py:188} INFO - [2026-05-09T09:19:56.691+0000] {dagbag.py:545} INFO - Filling up the DagBag from /home/airflow/.local/lib/python3.12/site-packages/airflow/example_dags/example_xcomargs.py
[2026-05-09T09:19:56.697+0000] {processor.py:840} INFO - DAG(s) 'example_xcom_args_with_operators', 'example_xcom_args' retrieved from /home/airflow/.local/lib/python3.12/site-packages/airflow/example_dags/example_xcomargs.py
[2026-05-09T09:19:56.716+0000] {logging_mixin.py:188} INFO - [2026-05-09T09:19:56.715+0000] {dag.py:3089} INFO - Sync 2 DAGs
[2026-05-09T09:19:56.726+0000] {logging_mixin.py:188} INFO - [2026-05-09T09:19:56.725+0000] {dag.py:3947} INFO - Setting next_dagrun for example_xcom_args to None, run_after=None
[2026-05-09T09:19:56.728+0000] {logging_mixin.py:188} INFO - [2026-05-09T09:19:56.728+0000] {dag.py:3947} INFO - Setting next_dagrun for example_xcom_args_with_operators to None, run_after=None
[2026-05-09T09:19:56.740+0000] {processor.py:183} INFO - Processing /home/airflow/.local/lib/python3.12/site-packages/airflow/example_dags/example_xcomargs.py took 0.057 seconds
[2026-05-09T09:20:27.625+0000] {processor.py:161} INFO - Started process (PID=1040) to work on /home/airflow/.local/lib/python3.12/site-packages/airflow/example_dags/example_xcomargs.py
[2026-05-09T09:20:27.626+0000] {processor.py:830} INFO - Processing file /home/airflow/.local/lib/python3.12/site-packages/airflow/example_dags/example_xcomargs.py for tasks to queue
[2026-05-09T09:20:27.627+0000] {logging_mixin.py:188} INFO - [2026-05-09T09:20:27.627+0000] {dagbag.py:545} INFO - Filling up the DagBag from /home/airflow/.local/lib/python3.12/site-packages/airflow/example_dags/example_xcomargs.py
[2026-05-09T09:20:27.633+0000] {processor.py:840} INFO - DAG(s) 'example_xcom_args', 'example_xcom_args_with_operators' retrieved from /home/airflow/.local/lib/python3.12/site-packages/airflow/example_dags/example_xcomargs.py
[2026-05-09T09:20:27.651+0000] {logging_mixin.py:188} INFO - [2026-05-09T09:20:27.651+0000] {dag.py:3089} INFO - Sync 2 DAGs
[2026-05-09T09:20:27.660+0000] {logging_mixin.py:188} INFO - [2026-05-09T09:20:27.660+0000] {dag.py:3947} INFO - Setting next_dagrun for example_xcom_args to None, run_after=None
[2026-05-09T09:20:27.663+0000] {logging_mixin.py:188} INFO - [2026-05-09T09:20:27.663+0000] {dag.py:3947} INFO - Setting next_dagrun for example_xcom_args_with_operators to None, run_after=None
[2026-05-09T09:20:27.675+0000] {processor.py:183} INFO - Processing /home/airflow/.local/lib/python3.12/site-packages/airflow/example_dags/example_xcomargs.py took 0.055 seconds
[2026-05-09T09:20:58.633+0000] {processor.py:161} INFO - Started process (PID=1099) to work on /home/airflow/.local/lib/python3.12/site-packages/airflow/example_dags/example_xcomargs.py
[2026-05-09T09:20:58.634+0000] {processor.py:830} INFO - Processing file /home/airflow/.local/lib/python3.12/site-packages/airflow/example_dags/example_xcomargs.py for tasks to queue
[2026-05-09T09:20:58.635+0000] {logging_mixin.py:188} INFO - [2026-05-09T09:20:58.635+0000] {dagbag.py:545} INFO - Filling up the DagBag from /home/airflow/.local/lib/python3.12/site-packages/airflow/example_dags/example_xcomargs.py
[2026-05-09T09:20:58.642+0000] {processor.py:840} INFO - DAG(s) 'example_xcom_args_with_operators', 'example_xcom_args' retrieved from /home/airflow/.local/lib/python3.12/site-packages/airflow/example_dags/example_xcomargs.py
[2026-05-09T09:20:58.661+0000] {logging_mixin.py:188} INFO - [2026-05-09T09:20:58.660+0000] {dag.py:3089} INFO - Sync 2 DAGs
[2026-05-09T09:20:58.670+0000] {logging_mixin.py:188} INFO - [2026-05-09T09:20:58.670+0000] {dag.py:3947} INFO - Setting next_dagrun for example_xcom_args to None, run_after=None
[2026-05-09T09:20:58.673+0000] {logging_mixin.py:188} INFO - [2026-05-09T09:20:58.673+0000] {dag.py:3947} INFO - Setting next_dagrun for example_xcom_args_with_operators to None, run_after=None
[2026-05-09T09:20:58.684+0000] {processor.py:183} INFO - Processing /home/airflow/.local/lib/python3.12/site-packages/airflow/example_dags/example_xcomargs.py took 0.056 seconds
[2026-05-09T09:21:29.878+0000] {processor.py:161} INFO - Started process (PID=1158) to work on /home/airflow/.local/lib/python3.12/site-packages/airflow/example_dags/example_xcomargs.py
[2026-05-09T09:21:29.879+0000] {processor.py:830} INFO - Processing file /home/airflow/.local/lib/python3.12/site-packages/airflow/example_dags/example_xcomargs.py for tasks to queue
[2026-05-09T09:21:29.882+0000] {logging_mixin.py:188} INFO - [2026-05-09T09:21:29.881+0000] {dagbag.py:545} INFO - Filling up the DagBag from /home/airflow/.local/lib/python3.12/site-packages/airflow/example_dags/example_xcomargs.py
[2026-05-09T09:21:29.890+0000] {processor.py:840} INFO - DAG(s) 'example_xcom_args', 'example_xcom_args_with_operators' retrieved from /home/airflow/.local/lib/python3.12/site-packages/airflow/example_dags/example_xcomargs.py
[2026-05-09T09:21:29.911+0000] {logging_mixin.py:188} INFO - [2026-05-09T09:21:29.911+0000] {dag.py:3089} INFO - Sync 2 DAGs
[2026-05-09T09:21:29.924+0000] {logging_mixin.py:188} INFO - [2026-05-09T09:21:29.924+0000] {dag.py:3947} INFO - Setting next_dagrun for example_xcom_args to None, run_after=None
[2026-05-09T09:21:29.928+0000] {logging_mixin.py:188} INFO - [2026-05-09T09:21:29.928+0000] {dag.py:3947} INFO - Setting next_dagrun for example_xcom_args_with_operators to None, run_after=None
[2026-05-09T09:21:29.943+0000] {processor.py:183} INFO - Processing /home/airflow/.local/lib/python3.12/site-packages/airflow/example_dags/example_xcomargs.py took 0.073 seconds
[2026-05-09T09:22:01.029+0000] {processor.py:161} INFO - Started process (PID=1217) to work on /home/airflow/.local/lib/python3.12/site-packages/airflow/example_dags/example_xcomargs.py
[2026-05-09T09:22:01.030+0000] {processor.py:830} INFO - Processing file /home/airflow/.local/lib/python3.12/site-packages/airflow/example_dags/example_xcomargs.py for tasks to queue
[2026-05-09T09:22:01.031+0000] {logging_mixin.py:188} INFO - [2026-05-09T09:22:01.031+0000] {dagbag.py:545} INFO - Filling up the DagBag from /home/airflow/.local/lib/python3.12/site-packages/airflow/example_dags/example_xcomargs.py
[2026-05-09T09:22:01.037+0000] {processor.py:840} INFO - DAG(s) 'example_xcom_args_with_operators', 'example_xcom_args' retrieved from /home/airflow/.local/lib/python3.12/site-packages/airflow/example_dags/example_xcomargs.py
[2026-05-09T09:22:01.053+0000] {logging_mixin.py:188} INFO - [2026-05-09T09:22:01.053+0000] {dag.py:3089} INFO - Sync 2 DAGs
[2026-05-09T09:22:01.064+0000] {logging_mixin.py:188} INFO - [2026-05-09T09:22:01.063+0000] {dag.py:3947} INFO - Setting next_dagrun for example_xcom_args to None, run_after=None
[2026-05-09T09:22:01.066+0000] {logging_mixin.py:188} INFO - [2026-05-09T09:22:01.066+0000] {dag.py:3947} INFO - Setting next_dagrun for example_xcom_args_with_operators to None, run_after=None
[2026-05-09T09:22:01.078+0000] {processor.py:183} INFO - Processing /home/airflow/.local/lib/python3.12/site-packages/airflow/example_dags/example_xcomargs.py took 0.054 seconds
[2026-05-09T09:22:32.239+0000] {processor.py:161} INFO - Started process (PID=1276) to work on /home/airflow/.local/lib/python3.12/site-packages/airflow/example_dags/example_xcomargs.py
[2026-05-09T09:22:32.239+0000] {processor.py:830} INFO - Processing file /home/airflow/.local/lib/python3.12/site-packages/airflow/example_dags/example_xcomargs.py for tasks to queue
[2026-05-09T09:22:32.241+0000] {logging_mixin.py:188} INFO - [2026-05-09T09:22:32.240+0000] {dagbag.py:545} INFO - Filling up the DagBag from /home/airflow/.local/lib/python3.12/site-packages/airflow/example_dags/example_xcomargs.py
[2026-05-09T09:22:32.246+0000] {processor.py:840} INFO - DAG(s) 'example_xcom_args_with_operators', 'example_xcom_args' retrieved from /home/airflow/.local/lib/python3.12/site-packages/airflow/example_dags/example_xcomargs.py
[2026-05-09T09:22:32.264+0000] {logging_mixin.py:188} INFO - [2026-05-09T09:22:32.264+0000] {dag.py:3089} INFO - Sync 2 DAGs
[2026-05-09T09:22:32.275+0000] {logging_mixin.py:188} INFO - [2026-05-09T09:22:32.275+0000] {dag.py:3947} INFO - Setting next_dagrun for example_xcom_args to None, run_after=None
[2026-05-09T09:22:32.278+0000] {logging_mixin.py:188} INFO - [2026-05-09T09:22:32.278+0000] {dag.py:3947} INFO - Setting next_dagrun for example_xcom_args_with_operators to None, run_after=None
[2026-05-09T09:22:32.289+0000] {processor.py:183} INFO - Processing /home/airflow/.local/lib/python3.12/site-packages/airflow/example_dags/example_xcomargs.py took 0.056 seconds
[2026-05-09T09:23:03.983+0000] {processor.py:161} INFO - Started process (PID=1335) to work on /home/airflow/.local/lib/python3.12/site-packages/airflow/example_dags/example_xcomargs.py
[2026-05-09T09:23:03.984+0000] {processor.py:830} INFO - Processing file /home/airflow/.local/lib/python3.12/site-packages/airflow/example_dags/example_xcomargs.py for tasks to queue
[2026-05-09T09:23:03.985+0000] {logging_mixin.py:188} INFO - [2026-05-09T09:23:03.985+0000] {dagbag.py:545} INFO - Filling up the DagBag from /home/airflow/.local/lib/python3.12/site-packages/airflow/example_dags/example_xcomargs.py
[2026-05-09T09:23:03.992+0000] {processor.py:840} INFO - DAG(s) 'example_xcom_args', 'example_xcom_args_with_operators' retrieved from /home/airflow/.local/lib/python3.12/site-packages/airflow/example_dags/example_xcomargs.py
[2026-05-09T09:23:04.010+0000] {logging_mixin.py:188} INFO - [2026-05-09T09:23:04.010+0000] {dag.py:3089} INFO - Sync 2 DAGs
[2026-05-09T09:23:04.021+0000] {logging_mixin.py:188} INFO - [2026-05-09T09:23:04.021+0000] {dag.py:3947} INFO - Setting next_dagrun for example_xcom_args to None, run_after=None
[2026-05-09T09:23:04.027+0000] {logging_mixin.py:188} INFO - [2026-05-09T09:23:04.027+0000] {dag.py:3947} INFO - Setting next_dagrun for example_xcom_args_with_operators to None, run_after=None
[2026-05-09T09:23:04.042+0000] {processor.py:183} INFO - Processing /home/airflow/.local/lib/python3.12/site-packages/airflow/example_dags/example_xcomargs.py took 0.065 seconds
[2026-05-09T09:23:34.767+0000] {processor.py:161} INFO - Started process (PID=1394) to work on /home/airflow/.local/lib/python3.12/site-packages/airflow/example_dags/example_xcomargs.py
[2026-05-09T09:23:34.767+0000] {processor.py:830} INFO - Processing file /home/airflow/.local/lib/python3.12/site-packages/airflow/example_dags/example_xcomargs.py for tasks to queue
[2026-05-09T09:23:34.769+0000] {logging_mixin.py:188} INFO - [2026-05-09T09:23:34.769+0000] {dagbag.py:545} INFO - Filling up the DagBag from /home/airflow/.local/lib/python3.12/site-packages/airflow/example_dags/example_xcomargs.py
[2026-05-09T09:23:34.776+0000] {processor.py:840} INFO - DAG(s) 'example_xcom_args', 'example_xcom_args_with_operators' retrieved from /home/airflow/.local/lib/python3.12/site-packages/airflow/example_dags/example_xcomargs.py
[2026-05-09T09:23:34.796+0000] {logging_mixin.py:188} INFO - [2026-05-09T09:23:34.796+0000] {dag.py:3089} INFO - Sync 2 DAGs
[2026-05-09T09:23:34.806+0000] {logging_mixin.py:188} INFO - [2026-05-09T09:23:34.805+0000] {dag.py:3947} INFO - Setting next_dagrun for example_xcom_args to None, run_after=None
[2026-05-09T09:23:34.808+0000] {logging_mixin.py:188} INFO - [2026-05-09T09:23:34.808+0000] {dag.py:3947} INFO - Setting next_dagrun for example_xcom_args_with_operators to None, run_after=None
[2026-05-09T09:23:34.819+0000] {processor.py:183} INFO - Processing /home/airflow/.local/lib/python3.12/site-packages/airflow/example_dags/example_xcomargs.py took 0.059 seconds
[2026-05-09T09:24:05.927+0000] {processor.py:161} INFO - Started process (PID=1453) to work on /home/airflow/.local/lib/python3.12/site-packages/airflow/example_dags/example_xcomargs.py
[2026-05-09T09:24:05.927+0000] {processor.py:830} INFO - Processing file /home/airflow/.local/lib/python3.12/site-packages/airflow/example_dags/example_xcomargs.py for tasks to queue
[2026-05-09T09:24:05.929+0000] {logging_mixin.py:188} INFO - [2026-05-09T09:24:05.929+0000] {dagbag.py:545} INFO - Filling up the DagBag from /home/airflow/.local/lib/python3.12/site-packages/airflow/example_dags/example_xcomargs.py
[2026-05-09T09:24:05.935+0000] {processor.py:840} INFO - DAG(s) 'example_xcom_args_with_operators', 'example_xcom_args' retrieved from /home/airflow/.local/lib/python3.12/site-packages/airflow/example_dags/example_xcomargs.py
[2026-05-09T09:24:05.953+0000] {logging_mixin.py:188} INFO - [2026-05-09T09:24:05.953+0000] {dag.py:3089} INFO - Sync 2 DAGs
[2026-05-09T09:24:05.962+0000] {logging_mixin.py:188} INFO - [2026-05-09T09:24:05.962+0000] {dag.py:3947} INFO - Setting next_dagrun for example_xcom_args to None, run_after=None
[2026-05-09T09:24:05.965+0000] {logging_mixin.py:188} INFO - [2026-05-09T09:24:05.965+0000] {dag.py:3947} INFO - Setting next_dagrun for example_xcom_args_with_operators to None, run_after=None
[2026-05-09T09:24:05.976+0000] {processor.py:183} INFO - Processing /home/airflow/.local/lib/python3.12/site-packages/airflow/example_dags/example_xcomargs.py took 0.055 seconds
[2026-05-09T09:24:37.323+0000] {processor.py:161} INFO - Started process (PID=1512) to work on /home/airflow/.local/lib/python3.12/site-packages/airflow/example_dags/example_xcomargs.py
[2026-05-09T09:24:37.324+0000] {processor.py:830} INFO - Processing file /home/airflow/.local/lib/python3.12/site-packages/airflow/example_dags/example_xcomargs.py for tasks to queue
[2026-05-09T09:24:37.326+0000] {logging_mixin.py:188} INFO - [2026-05-09T09:24:37.325+0000] {dagbag.py:545} INFO - Filling up the DagBag from /home/airflow/.local/lib/python3.12/site-packages/airflow/example_dags/example_xcomargs.py
[2026-05-09T09:24:37.331+0000] {processor.py:840} INFO - DAG(s) 'example_xcom_args_with_operators', 'example_xcom_args' retrieved from /home/airflow/.local/lib/python3.12/site-packages/airflow/example_dags/example_xcomargs.py
[2026-05-09T09:24:37.347+0000] {logging_mixin.py:188} INFO - [2026-05-09T09:24:37.347+0000] {dag.py:3089} INFO - Sync 2 DAGs
[2026-05-09T09:24:37.356+0000] {logging_mixin.py:188} INFO - [2026-05-09T09:24:37.356+0000] {dag.py:3947} INFO - Setting next_dagrun for example_xcom_args to None, run_after=None
[2026-05-09T09:24:37.358+0000] {logging_mixin.py:188} INFO - [2026-05-09T09:24:37.358+0000] {dag.py:3947} INFO - Setting next_dagrun for example_xcom_args_with_operators to None, run_after=None
[2026-05-09T09:24:37.369+0000] {processor.py:183} INFO - Processing /home/airflow/.local/lib/python3.12/site-packages/airflow/example_dags/example_xcomargs.py took 0.051 seconds
[2026-05-09T09:25:09.135+0000] {processor.py:161} INFO - Started process (PID=1571) to work on /home/airflow/.local/lib/python3.12/site-packages/airflow/example_dags/example_xcomargs.py
[2026-05-09T09:25:09.136+0000] {processor.py:830} INFO - Processing file /home/airflow/.local/lib/python3.12/site-packages/airflow/example_dags/example_xcomargs.py for tasks to queue
[2026-05-09T09:25:09.138+0000] {logging_mixin.py:188} INFO - [2026-05-09T09:25:09.137+0000] {dagbag.py:545} INFO - Filling up the DagBag from /home/airflow/.local/lib/python3.12/site-packages/airflow/example_dags/example_xcomargs.py
[2026-05-09T09:25:09.144+0000] {processor.py:840} INFO - DAG(s) 'example_xcom_args', 'example_xcom_args_with_operators' retrieved from /home/airflow/.local/lib/python3.12/site-packages/airflow/example_dags/example_xcomargs.py
[2026-05-09T09:25:09.161+0000] {logging_mixin.py:188} INFO - [2026-05-09T09:25:09.160+0000] {dag.py:3089} INFO - Sync 2 DAGs
[2026-05-09T09:25:09.169+0000] {logging_mixin.py:188} INFO - [2026-05-09T09:25:09.169+0000] {dag.py:3947} INFO - Setting next_dagrun for example_xcom_args to None, run_after=None
[2026-05-09T09:25:09.172+0000] {logging_mixin.py:188} INFO - [2026-05-09T09:25:09.172+0000] {dag.py:3947} INFO - Setting next_dagrun for example_xcom_args_with_operators to None, run_after=None
[2026-05-09T09:25:09.182+0000] {processor.py:183} INFO - Processing /home/airflow/.local/lib/python3.12/site-packages/airflow/example_dags/example_xcomargs.py took 0.052 seconds
[2026-05-09T09:25:40.395+0000] {processor.py:161} INFO - Started process (PID=1630) to work on /home/airflow/.local/lib/python3.12/site-packages/airflow/example_dags/example_xcomargs.py
[2026-05-09T09:25:40.396+0000] {processor.py:830} INFO - Processing file /home/airflow/.local/lib/python3.12/site-packages/airflow/example_dags/example_xcomargs.py for tasks to queue
[2026-05-09T09:25:40.397+0000] {logging_mixin.py:188} INFO - [2026-05-09T09:25:40.397+0000] {dagbag.py:545} INFO - Filling up the DagBag from /home/airflow/.local/lib/python3.12/site-packages/airflow/example_dags/example_xcomargs.py
[2026-05-09T09:25:40.404+0000] {processor.py:840} INFO - DAG(s) 'example_xcom_args_with_operators', 'example_xcom_args' retrieved from /home/airflow/.local/lib/python3.12/site-packages/airflow/example_dags/example_xcomargs.py
[2026-05-09T09:25:40.423+0000] {logging_mixin.py:188} INFO - [2026-05-09T09:25:40.423+0000] {dag.py:3089} INFO - Sync 2 DAGs
[2026-05-09T09:25:40.432+0000] {logging_mixin.py:188} INFO - [2026-05-09T09:25:40.432+0000] {dag.py:3947} INFO - Setting next_dagrun for example_xcom_args to None, run_after=None
[2026-05-09T09:25:40.435+0000] {logging_mixin.py:188} INFO - [2026-05-09T09:25:40.435+0000] {dag.py:3947} INFO - Setting next_dagrun for example_xcom_args_with_operators to None, run_after=None
[2026-05-09T09:25:40.587+0000] {processor.py:183} INFO - Processing /home/airflow/.local/lib/python3.12/site-packages/airflow/example_dags/example_xcomargs.py took 0.199 seconds
[2026-05-09T09:26:11.562+0000] {processor.py:161} INFO - Started process (PID=1689) to work on /home/airflow/.local/lib/python3.12/site-packages/airflow/example_dags/example_xcomargs.py
[2026-05-09T09:26:11.563+0000] {processor.py:830} INFO - Processing file /home/airflow/.local/lib/python3.12/site-packages/airflow/example_dags/example_xcomargs.py for tasks to queue
[2026-05-09T09:26:11.564+0000] {logging_mixin.py:188} INFO - [2026-05-09T09:26:11.564+0000] {dagbag.py:545} INFO - Filling up the DagBag from /home/airflow/.local/lib/python3.12/site-packages/airflow/example_dags/example_xcomargs.py
[2026-05-09T09:26:11.570+0000] {processor.py:840} INFO - DAG(s) 'example_xcom_args_with_operators', 'example_xcom_args' retrieved from /home/airflow/.local/lib/python3.12/site-packages/airflow/example_dags/example_xcomargs.py
[2026-05-09T09:26:11.587+0000] {logging_mixin.py:188} INFO - [2026-05-09T09:26:11.586+0000] {dag.py:3089} INFO - Sync 2 DAGs
[2026-05-09T09:26:11.597+0000] {logging_mixin.py:188} INFO - [2026-05-09T09:26:11.596+0000] {dag.py:3947} INFO - Setting next_dagrun for example_xcom_args to None, run_after=None
[2026-05-09T09:26:11.600+0000] {logging_mixin.py:188} INFO - [2026-05-09T09:26:11.600+0000] {dag.py:3947} INFO - Setting next_dagrun for example_xcom_args_with_operators to None, run_after=None
[2026-05-09T09:26:11.610+0000] {processor.py:183} INFO - Processing /home/airflow/.local/lib/python3.12/site-packages/airflow/example_dags/example_xcomargs.py took 0.054 seconds
[2026-05-09T09:26:41.769+0000] {processor.py:161} INFO - Started process (PID=1748) to work on /home/airflow/.local/lib/python3.12/site-packages/airflow/example_dags/example_xcomargs.py
[2026-05-09T09:26:41.770+0000] {processor.py:830} INFO - Processing file /home/airflow/.local/lib/python3.12/site-packages/airflow/example_dags/example_xcomargs.py for tasks to queue
[2026-05-09T09:26:41.771+0000] {logging_mixin.py:188} INFO - [2026-05-09T09:26:41.771+0000] {dagbag.py:545} INFO - Filling up the DagBag from /home/airflow/.local/lib/python3.12/site-packages/airflow/example_dags/example_xcomargs.py
[2026-05-09T09:26:41.778+0000] {processor.py:840} INFO - DAG(s) 'example_xcom_args_with_operators', 'example_xcom_args' retrieved from /home/airflow/.local/lib/python3.12/site-packages/airflow/example_dags/example_xcomargs.py
[2026-05-09T09:26:41.795+0000] {logging_mixin.py:188} INFO - [2026-05-09T09:26:41.795+0000] {dag.py:3089} INFO - Sync 2 DAGs
[2026-05-09T09:26:41.803+0000] {logging_mixin.py:188} INFO - [2026-05-09T09:26:41.803+0000] {dag.py:3947} INFO - Setting next_dagrun for example_xcom_args to None, run_after=None
[2026-05-09T09:26:41.806+0000] {logging_mixin.py:188} INFO - [2026-05-09T09:26:41.805+0000] {dag.py:3947} INFO - Setting next_dagrun for example_xcom_args_with_operators to None, run_after=None
[2026-05-09T09:26:41.815+0000] {processor.py:183} INFO - Processing /home/airflow/.local/lib/python3.12/site-packages/airflow/example_dags/example_xcomargs.py took 0.051 seconds
[2026-05-09T09:27:12.315+0000] {processor.py:161} INFO - Started process (PID=1813) to work on /home/airflow/.local/lib/python3.12/site-packages/airflow/example_dags/example_xcomargs.py
[2026-05-09T09:27:12.315+0000] {processor.py:830} INFO - Processing file /home/airflow/.local/lib/python3.12/site-packages/airflow/example_dags/example_xcomargs.py for tasks to queue
[2026-05-09T09:27:12.317+0000] {logging_mixin.py:188} INFO - [2026-05-09T09:27:12.317+0000] {dagbag.py:545} INFO - Filling up the DagBag from /home/airflow/.local/lib/python3.12/site-packages/airflow/example_dags/example_xcomargs.py
[2026-05-09T09:27:12.324+0000] {processor.py:840} INFO - DAG(s) 'example_xcom_args_with_operators', 'example_xcom_args' retrieved from /home/airflow/.local/lib/python3.12/site-packages/airflow/example_dags/example_xcomargs.py
[2026-05-09T09:27:12.342+0000] {logging_mixin.py:188} INFO - [2026-05-09T09:27:12.341+0000] {dag.py:3089} INFO - Sync 2 DAGs
[2026-05-09T09:27:12.352+0000] {logging_mixin.py:188} INFO - [2026-05-09T09:27:12.351+0000] {dag.py:3947} INFO - Setting next_dagrun for example_xcom_args to None, run_after=None
[2026-05-09T09:27:12.354+0000] {logging_mixin.py:188} INFO - [2026-05-09T09:27:12.354+0000] {dag.py:3947} INFO - Setting next_dagrun for example_xcom_args_with_operators to None, run_after=None
[2026-05-09T09:27:12.364+0000] {processor.py:183} INFO - Processing /home/airflow/.local/lib/python3.12/site-packages/airflow/example_dags/example_xcomargs.py took 0.056 seconds
[2026-05-09T09:27:43.013+0000] {processor.py:161} INFO - Started process (PID=1872) to work on /home/airflow/.local/lib/python3.12/site-packages/airflow/example_dags/example_xcomargs.py
[2026-05-09T09:27:43.014+0000] {processor.py:830} INFO - Processing file /home/airflow/.local/lib/python3.12/site-packages/airflow/example_dags/example_xcomargs.py for tasks to queue
[2026-05-09T09:27:43.015+0000] {logging_mixin.py:188} INFO - [2026-05-09T09:27:43.015+0000] {dagbag.py:545} INFO - Filling up the DagBag from /home/airflow/.local/lib/python3.12/site-packages/airflow/example_dags/example_xcomargs.py
[2026-05-09T09:27:43.021+0000] {processor.py:840} INFO - DAG(s) 'example_xcom_args', 'example_xcom_args_with_operators' retrieved from /home/airflow/.local/lib/python3.12/site-packages/airflow/example_dags/example_xcomargs.py
[2026-05-09T09:27:43.038+0000] {logging_mixin.py:188} INFO - [2026-05-09T09:27:43.038+0000] {dag.py:3089} INFO - Sync 2 DAGs
[2026-05-09T09:27:43.051+0000] {logging_mixin.py:188} INFO - [2026-05-09T09:27:43.051+0000] {dag.py:3947} INFO - Setting next_dagrun for example_xcom_args to None, run_after=None
[2026-05-09T09:27:43.054+0000] {logging_mixin.py:188} INFO - [2026-05-09T09:27:43.054+0000] {dag.py:3947} INFO - Setting next_dagrun for example_xcom_args_with_operators to None, run_after=None
[2026-05-09T09:27:43.065+0000] {processor.py:183} INFO - Processing /home/airflow/.local/lib/python3.12/site-packages/airflow/example_dags/example_xcomargs.py took 0.057 seconds
[2026-05-09T09:28:13.736+0000] {processor.py:161} INFO - Started process (PID=1931) to work on /home/airflow/.local/lib/python3.12/site-packages/airflow/example_dags/example_xcomargs.py
[2026-05-09T09:28:13.737+0000] {processor.py:830} INFO - Processing file /home/airflow/.local/lib/python3.12/site-packages/airflow/example_dags/example_xcomargs.py for tasks to queue
[2026-05-09T09:28:13.738+0000] {logging_mixin.py:188} INFO - [2026-05-09T09:28:13.738+0000] {dagbag.py:545} INFO - Filling up the DagBag from /home/airflow/.local/lib/python3.12/site-packages/airflow/example_dags/example_xcomargs.py
[2026-05-09T09:28:13.744+0000] {processor.py:840} INFO - DAG(s) 'example_xcom_args_with_operators', 'example_xcom_args' retrieved from /home/airflow/.local/lib/python3.12/site-packages/airflow/example_dags/example_xcomargs.py
[2026-05-09T09:28:13.762+0000] {logging_mixin.py:188} INFO - [2026-05-09T09:28:13.761+0000] {dag.py:3089} INFO - Sync 2 DAGs
[2026-05-09T09:28:13.771+0000] {logging_mixin.py:188} INFO - [2026-05-09T09:28:13.771+0000] {dag.py:3947} INFO - Setting next_dagrun for example_xcom_args to None, run_after=None
[2026-05-09T09:28:13.774+0000] {logging_mixin.py:188} INFO - [2026-05-09T09:28:13.774+0000] {dag.py:3947} INFO - Setting next_dagrun for example_xcom_args_with_operators to None, run_after=None
[2026-05-09T09:28:13.785+0000] {processor.py:183} INFO - Processing /home/airflow/.local/lib/python3.12/site-packages/airflow/example_dags/example_xcomargs.py took 0.056 seconds
[2026-05-09T09:45:04.860+0000] {processor.py:161} INFO - Started process (PID=96) to work on /home/airflow/.local/lib/python3.12/site-packages/airflow/example_dags/example_xcomargs.py
[2026-05-09T09:45:04.860+0000] {processor.py:830} INFO - Processing file /home/airflow/.local/lib/python3.12/site-packages/airflow/example_dags/example_xcomargs.py for tasks to queue
[2026-05-09T09:45:04.862+0000] {logging_mixin.py:188} INFO - [2026-05-09T09:45:04.862+0000] {dagbag.py:545} INFO - Filling up the DagBag from /home/airflow/.local/lib/python3.12/site-packages/airflow/example_dags/example_xcomargs.py
[2026-05-09T09:45:04.871+0000] {processor.py:840} INFO - DAG(s) 'example_xcom_args_with_operators', 'example_xcom_args' retrieved from /home/airflow/.local/lib/python3.12/site-packages/airflow/example_dags/example_xcomargs.py
[2026-05-09T09:45:04.881+0000] {logging_mixin.py:188} INFO - [2026-05-09T09:45:04.881+0000] {dag.py:3089} INFO - Sync 2 DAGs
[2026-05-09T09:45:04.893+0000] {logging_mixin.py:188} INFO - [2026-05-09T09:45:04.893+0000] {dag.py:3947} INFO - Setting next_dagrun for example_xcom_args to None, run_after=None
[2026-05-09T09:45:04.897+0000] {logging_mixin.py:188} INFO - [2026-05-09T09:45:04.896+0000] {dag.py:3947} INFO - Setting next_dagrun for example_xcom_args_with_operators to None, run_after=None
[2026-05-09T09:45:04.909+0000] {processor.py:183} INFO - Processing /home/airflow/.local/lib/python3.12/site-packages/airflow/example_dags/example_xcomargs.py took 0.055 seconds
[2026-05-09T09:45:35.328+0000] {processor.py:161} INFO - Started process (PID=155) to work on /home/airflow/.local/lib/python3.12/site-packages/airflow/example_dags/example_xcomargs.py
[2026-05-09T09:45:35.328+0000] {processor.py:830} INFO - Processing file /home/airflow/.local/lib/python3.12/site-packages/airflow/example_dags/example_xcomargs.py for tasks to queue
[2026-05-09T09:45:35.330+0000] {logging_mixin.py:188} INFO - [2026-05-09T09:45:35.330+0000] {dagbag.py:545} INFO - Filling up the DagBag from /home/airflow/.local/lib/python3.12/site-packages/airflow/example_dags/example_xcomargs.py
[2026-05-09T09:45:35.336+0000] {processor.py:840} INFO - DAG(s) 'example_xcom_args_with_operators', 'example_xcom_args' retrieved from /home/airflow/.local/lib/python3.12/site-packages/airflow/example_dags/example_xcomargs.py
[2026-05-09T09:45:35.415+0000] {logging_mixin.py:188} INFO - [2026-05-09T09:45:35.415+0000] {dag.py:3089} INFO - Sync 2 DAGs
[2026-05-09T09:45:35.422+0000] {logging_mixin.py:188} INFO - [2026-05-09T09:45:35.422+0000] {dag.py:3947} INFO - Setting next_dagrun for example_xcom_args to None, run_after=None
[2026-05-09T09:45:35.424+0000] {logging_mixin.py:188} INFO - [2026-05-09T09:45:35.424+0000] {dag.py:3947} INFO - Setting next_dagrun for example_xcom_args_with_operators to None, run_after=None
[2026-05-09T09:45:35.434+0000] {processor.py:183} INFO - Processing /home/airflow/.local/lib/python3.12/site-packages/airflow/example_dags/example_xcomargs.py took 0.112 seconds
[2026-05-09T09:46:05.932+0000] {processor.py:161} INFO - Started process (PID=213) to work on /home/airflow/.local/lib/python3.12/site-packages/airflow/example_dags/example_xcomargs.py
[2026-05-09T09:46:05.933+0000] {processor.py:830} INFO - Processing file /home/airflow/.local/lib/python3.12/site-packages/airflow/example_dags/example_xcomargs.py for tasks to queue
[2026-05-09T09:46:05.934+0000] {logging_mixin.py:188} INFO - [2026-05-09T09:46:05.934+0000] {dagbag.py:545} INFO - Filling up the DagBag from /home/airflow/.local/lib/python3.12/site-packages/airflow/example_dags/example_xcomargs.py
[2026-05-09T09:46:05.941+0000] {processor.py:840} INFO - DAG(s) 'example_xcom_args_with_operators', 'example_xcom_args' retrieved from /home/airflow/.local/lib/python3.12/site-packages/airflow/example_dags/example_xcomargs.py
[2026-05-09T09:46:05.960+0000] {logging_mixin.py:188} INFO - [2026-05-09T09:46:05.960+0000] {dag.py:3089} INFO - Sync 2 DAGs
[2026-05-09T09:46:05.970+0000] {logging_mixin.py:188} INFO - [2026-05-09T09:46:05.969+0000] {dag.py:3947} INFO - Setting next_dagrun for example_xcom_args to None, run_after=None
[2026-05-09T09:46:05.973+0000] {logging_mixin.py:188} INFO - [2026-05-09T09:46:05.972+0000] {dag.py:3947} INFO - Setting next_dagrun for example_xcom_args_with_operators to None, run_after=None
[2026-05-09T09:46:05.985+0000] {processor.py:183} INFO - Processing /home/airflow/.local/lib/python3.12/site-packages/airflow/example_dags/example_xcomargs.py took 0.058 seconds
[2026-05-09T09:46:36.071+0000] {processor.py:161} INFO - Started process (PID=272) to work on /home/airflow/.local/lib/python3.12/site-packages/airflow/example_dags/example_xcomargs.py
[2026-05-09T09:46:36.072+0000] {processor.py:830} INFO - Processing file /home/airflow/.local/lib/python3.12/site-packages/airflow/example_dags/example_xcomargs.py for tasks to queue
[2026-05-09T09:46:36.074+0000] {logging_mixin.py:188} INFO - [2026-05-09T09:46:36.073+0000] {dagbag.py:545} INFO - Filling up the DagBag from /home/airflow/.local/lib/python3.12/site-packages/airflow/example_dags/example_xcomargs.py
[2026-05-09T09:46:36.080+0000] {processor.py:840} INFO - DAG(s) 'example_xcom_args', 'example_xcom_args_with_operators' retrieved from /home/airflow/.local/lib/python3.12/site-packages/airflow/example_dags/example_xcomargs.py
[2026-05-09T09:46:36.099+0000] {logging_mixin.py:188} INFO - [2026-05-09T09:46:36.098+0000] {dag.py:3089} INFO - Sync 2 DAGs
[2026-05-09T09:46:36.108+0000] {logging_mixin.py:188} INFO - [2026-05-09T09:46:36.108+0000] {dag.py:3947} INFO - Setting next_dagrun for example_xcom_args to None, run_after=None
[2026-05-09T09:46:36.111+0000] {logging_mixin.py:188} INFO - [2026-05-09T09:46:36.110+0000] {dag.py:3947} INFO - Setting next_dagrun for example_xcom_args_with_operators to None, run_after=None
[2026-05-09T09:46:36.123+0000] {processor.py:183} INFO - Processing /home/airflow/.local/lib/python3.12/site-packages/airflow/example_dags/example_xcomargs.py took 0.057 seconds
[2026-05-09T09:47:06.216+0000] {processor.py:161} INFO - Started process (PID=331) to work on /home/airflow/.local/lib/python3.12/site-packages/airflow/example_dags/example_xcomargs.py
[2026-05-09T09:47:06.217+0000] {processor.py:830} INFO - Processing file /home/airflow/.local/lib/python3.12/site-packages/airflow/example_dags/example_xcomargs.py for tasks to queue
[2026-05-09T09:47:06.219+0000] {logging_mixin.py:188} INFO - [2026-05-09T09:47:06.219+0000] {dagbag.py:545} INFO - Filling up the DagBag from /home/airflow/.local/lib/python3.12/site-packages/airflow/example_dags/example_xcomargs.py
[2026-05-09T09:47:06.228+0000] {processor.py:840} INFO - DAG(s) 'example_xcom_args', 'example_xcom_args_with_operators' retrieved from /home/airflow/.local/lib/python3.12/site-packages/airflow/example_dags/example_xcomargs.py
[2026-05-09T09:47:06.251+0000] {logging_mixin.py:188} INFO - [2026-05-09T09:47:06.250+0000] {dag.py:3089} INFO - Sync 2 DAGs
[2026-05-09T09:47:06.261+0000] {logging_mixin.py:188} INFO - [2026-05-09T09:47:06.261+0000] {dag.py:3947} INFO - Setting next_dagrun for example_xcom_args to None, run_after=None
[2026-05-09T09:47:06.265+0000] {logging_mixin.py:188} INFO - [2026-05-09T09:47:06.265+0000] {dag.py:3947} INFO - Setting next_dagrun for example_xcom_args_with_operators to None, run_after=None
[2026-05-09T09:47:06.280+0000] {processor.py:183} INFO - Processing /home/airflow/.local/lib/python3.12/site-packages/airflow/example_dags/example_xcomargs.py took 0.069 seconds
[2026-05-09T09:47:36.848+0000] {processor.py:161} INFO - Started process (PID=390) to work on /home/airflow/.local/lib/python3.12/site-packages/airflow/example_dags/example_xcomargs.py
[2026-05-09T09:47:36.849+0000] {processor.py:830} INFO - Processing file /home/airflow/.local/lib/python3.12/site-packages/airflow/example_dags/example_xcomargs.py for tasks to queue
[2026-05-09T09:47:36.851+0000] {logging_mixin.py:188} INFO - [2026-05-09T09:47:36.851+0000] {dagbag.py:545} INFO - Filling up the DagBag from /home/airflow/.local/lib/python3.12/site-packages/airflow/example_dags/example_xcomargs.py
[2026-05-09T09:47:36.859+0000] {processor.py:840} INFO - DAG(s) 'example_xcom_args', 'example_xcom_args_with_operators' retrieved from /home/airflow/.local/lib/python3.12/site-packages/airflow/example_dags/example_xcomargs.py
[2026-05-09T09:47:36.878+0000] {logging_mixin.py:188} INFO - [2026-05-09T09:47:36.878+0000] {dag.py:3089} INFO - Sync 2 DAGs
[2026-05-09T09:47:36.888+0000] {logging_mixin.py:188} INFO - [2026-05-09T09:47:36.887+0000] {dag.py:3947} INFO - Setting next_dagrun for example_xcom_args to None, run_after=None
[2026-05-09T09:47:36.890+0000] {logging_mixin.py:188} INFO - [2026-05-09T09:47:36.890+0000] {dag.py:3947} INFO - Setting next_dagrun for example_xcom_args_with_operators to None, run_after=None
[2026-05-09T09:47:36.901+0000] {processor.py:183} INFO - Processing /home/airflow/.local/lib/python3.12/site-packages/airflow/example_dags/example_xcomargs.py took 0.059 seconds
[2026-05-09T09:48:07.515+0000] {processor.py:161} INFO - Started process (PID=449) to work on /home/airflow/.local/lib/python3.12/site-packages/airflow/example_dags/example_xcomargs.py
[2026-05-09T09:48:07.516+0000] {processor.py:830} INFO - Processing file /home/airflow/.local/lib/python3.12/site-packages/airflow/example_dags/example_xcomargs.py for tasks to queue
[2026-05-09T09:48:07.518+0000] {logging_mixin.py:188} INFO - [2026-05-09T09:48:07.517+0000] {dagbag.py:545} INFO - Filling up the DagBag from /home/airflow/.local/lib/python3.12/site-packages/airflow/example_dags/example_xcomargs.py
[2026-05-09T09:48:07.525+0000] {processor.py:840} INFO - DAG(s) 'example_xcom_args_with_operators', 'example_xcom_args' retrieved from /home/airflow/.local/lib/python3.12/site-packages/airflow/example_dags/example_xcomargs.py
[2026-05-09T09:48:07.542+0000] {logging_mixin.py:188} INFO - [2026-05-09T09:48:07.542+0000] {dag.py:3089} INFO - Sync 2 DAGs
[2026-05-09T09:48:07.551+0000] {logging_mixin.py:188} INFO - [2026-05-09T09:48:07.551+0000] {dag.py:3947} INFO - Setting next_dagrun for example_xcom_args to None, run_after=None
[2026-05-09T09:48:07.554+0000] {logging_mixin.py:188} INFO - [2026-05-09T09:48:07.554+0000] {dag.py:3947} INFO - Setting next_dagrun for example_xcom_args_with_operators to None, run_after=None
[2026-05-09T09:48:07.567+0000] {processor.py:183} INFO - Processing /home/airflow/.local/lib/python3.12/site-packages/airflow/example_dags/example_xcomargs.py took 0.057 seconds
[2026-05-09T09:48:37.943+0000] {processor.py:161} INFO - Started process (PID=508) to work on /home/airflow/.local/lib/python3.12/site-packages/airflow/example_dags/example_xcomargs.py
[2026-05-09T09:48:37.943+0000] {processor.py:830} INFO - Processing file /home/airflow/.local/lib/python3.12/site-packages/airflow/example_dags/example_xcomargs.py for tasks to queue
[2026-05-09T09:48:37.945+0000] {logging_mixin.py:188} INFO - [2026-05-09T09:48:37.945+0000] {dagbag.py:545} INFO - Filling up the DagBag from /home/airflow/.local/lib/python3.12/site-packages/airflow/example_dags/example_xcomargs.py
[2026-05-09T09:48:37.952+0000] {processor.py:840} INFO - DAG(s) 'example_xcom_args', 'example_xcom_args_with_operators' retrieved from /home/airflow/.local/lib/python3.12/site-packages/airflow/example_dags/example_xcomargs.py
[2026-05-09T09:48:37.970+0000] {logging_mixin.py:188} INFO - [2026-05-09T09:48:37.970+0000] {dag.py:3089} INFO - Sync 2 DAGs
[2026-05-09T09:48:37.979+0000] {logging_mixin.py:188} INFO - [2026-05-09T09:48:37.979+0000] {dag.py:3947} INFO - Setting next_dagrun for example_xcom_args to None, run_after=None
[2026-05-09T09:48:37.981+0000] {logging_mixin.py:188} INFO - [2026-05-09T09:48:37.981+0000] {dag.py:3947} INFO - Setting next_dagrun for example_xcom_args_with_operators to None, run_after=None
[2026-05-09T09:48:37.992+0000] {processor.py:183} INFO - Processing /home/airflow/.local/lib/python3.12/site-packages/airflow/example_dags/example_xcomargs.py took 0.055 seconds
[2026-05-09T10:24:23.688+0000] {processor.py:161} INFO - Started process (PID=96) to work on /home/airflow/.local/lib/python3.12/site-packages/airflow/example_dags/example_xcomargs.py
[2026-05-09T10:24:23.689+0000] {processor.py:830} INFO - Processing file /home/airflow/.local/lib/python3.12/site-packages/airflow/example_dags/example_xcomargs.py for tasks to queue
[2026-05-09T10:24:23.691+0000] {logging_mixin.py:188} INFO - [2026-05-09T10:24:23.691+0000] {dagbag.py:545} INFO - Filling up the DagBag from /home/airflow/.local/lib/python3.12/site-packages/airflow/example_dags/example_xcomargs.py
[2026-05-09T10:24:23.698+0000] {processor.py:840} INFO - DAG(s) 'example_xcom_args_with_operators', 'example_xcom_args' retrieved from /home/airflow/.local/lib/python3.12/site-packages/airflow/example_dags/example_xcomargs.py
[2026-05-09T10:24:23.783+0000] {logging_mixin.py:188} INFO - [2026-05-09T10:24:23.783+0000] {override.py:1858} INFO - Created Permission View: can delete on DAG:example_xcom_args_with_operators
[2026-05-09T10:24:23.791+0000] {logging_mixin.py:188} INFO - [2026-05-09T10:24:23.791+0000] {override.py:1858} INFO - Created Permission View: can read on DAG:example_xcom_args_with_operators
[2026-05-09T10:24:23.796+0000] {logging_mixin.py:188} INFO - [2026-05-09T10:24:23.796+0000] {override.py:1858} INFO - Created Permission View: can edit on DAG:example_xcom_args_with_operators
[2026-05-09T10:24:23.806+0000] {logging_mixin.py:188} INFO - [2026-05-09T10:24:23.805+0000] {override.py:1858} INFO - Created Permission View: can delete on DAG:example_xcom_args
[2026-05-09T10:24:23.811+0000] {logging_mixin.py:188} INFO - [2026-05-09T10:24:23.810+0000] {override.py:1858} INFO - Created Permission View: can read on DAG:example_xcom_args
[2026-05-09T10:24:23.815+0000] {logging_mixin.py:188} INFO - [2026-05-09T10:24:23.815+0000] {override.py:1858} INFO - Created Permission View: can edit on DAG:example_xcom_args
[2026-05-09T10:24:23.816+0000] {logging_mixin.py:188} INFO - [2026-05-09T10:24:23.816+0000] {dag.py:3089} INFO - Sync 2 DAGs
[2026-05-09T10:24:23.827+0000] {logging_mixin.py:188} INFO - [2026-05-09T10:24:23.827+0000] {dag.py:3111} INFO - Creating ORM DAG for example_xcom_args
[2026-05-09T10:24:23.828+0000] {logging_mixin.py:188} INFO - [2026-05-09T10:24:23.828+0000] {dag.py:3111} INFO - Creating ORM DAG for example_xcom_args_with_operators
[2026-05-09T10:24:23.829+0000] {logging_mixin.py:188} INFO - [2026-05-09T10:24:23.829+0000] {dag.py:3947} INFO - Setting next_dagrun for example_xcom_args to None, run_after=None
[2026-05-09T10:24:23.829+0000] {logging_mixin.py:188} INFO - [2026-05-09T10:24:23.829+0000] {dag.py:3947} INFO - Setting next_dagrun for example_xcom_args_with_operators to None, run_after=None
[2026-05-09T10:24:23.843+0000] {processor.py:183} INFO - Processing /home/airflow/.local/lib/python3.12/site-packages/airflow/example_dags/example_xcomargs.py took 0.167 seconds
[2026-05-09T10:24:54.760+0000] {processor.py:161} INFO - Started process (PID=155) to work on /home/airflow/.local/lib/python3.12/site-packages/airflow/example_dags/example_xcomargs.py
[2026-05-09T10:24:54.761+0000] {processor.py:830} INFO - Processing file /home/airflow/.local/lib/python3.12/site-packages/airflow/example_dags/example_xcomargs.py for tasks to queue
[2026-05-09T10:24:54.763+0000] {logging_mixin.py:188} INFO - [2026-05-09T10:24:54.762+0000] {dagbag.py:545} INFO - Filling up the DagBag from /home/airflow/.local/lib/python3.12/site-packages/airflow/example_dags/example_xcomargs.py
[2026-05-09T10:24:54.769+0000] {processor.py:840} INFO - DAG(s) 'example_xcom_args_with_operators', 'example_xcom_args' retrieved from /home/airflow/.local/lib/python3.12/site-packages/airflow/example_dags/example_xcomargs.py
[2026-05-09T10:24:54.790+0000] {logging_mixin.py:188} INFO - [2026-05-09T10:24:54.790+0000] {dag.py:3089} INFO - Sync 2 DAGs
[2026-05-09T10:24:54.800+0000] {logging_mixin.py:188} INFO - [2026-05-09T10:24:54.800+0000] {dag.py:3947} INFO - Setting next_dagrun for example_xcom_args to None, run_after=None
[2026-05-09T10:24:54.802+0000] {logging_mixin.py:188} INFO - [2026-05-09T10:24:54.802+0000] {dag.py:3947} INFO - Setting next_dagrun for example_xcom_args_with_operators to None, run_after=None
[2026-05-09T10:24:54.813+0000] {processor.py:183} INFO - Processing /home/airflow/.local/lib/python3.12/site-packages/airflow/example_dags/example_xcomargs.py took 0.059 seconds
[2026-05-09T10:25:25.559+0000] {processor.py:161} INFO - Started process (PID=214) to work on /home/airflow/.local/lib/python3.12/site-packages/airflow/example_dags/example_xcomargs.py
[2026-05-09T10:25:25.560+0000] {processor.py:830} INFO - Processing file /home/airflow/.local/lib/python3.12/site-packages/airflow/example_dags/example_xcomargs.py for tasks to queue
[2026-05-09T10:25:25.562+0000] {logging_mixin.py:188} INFO - [2026-05-09T10:25:25.561+0000] {dagbag.py:545} INFO - Filling up the DagBag from /home/airflow/.local/lib/python3.12/site-packages/airflow/example_dags/example_xcomargs.py
[2026-05-09T10:25:25.568+0000] {processor.py:840} INFO - DAG(s) 'example_xcom_args', 'example_xcom_args_with_operators' retrieved from /home/airflow/.local/lib/python3.12/site-packages/airflow/example_dags/example_xcomargs.py
[2026-05-09T10:25:25.587+0000] {logging_mixin.py:188} INFO - [2026-05-09T10:25:25.587+0000] {dag.py:3089} INFO - Sync 2 DAGs
[2026-05-09T10:25:25.596+0000] {logging_mixin.py:188} INFO - [2026-05-09T10:25:25.596+0000] {dag.py:3947} INFO - Setting next_dagrun for example_xcom_args to None, run_after=None
[2026-05-09T10:25:25.599+0000] {logging_mixin.py:188} INFO - [2026-05-09T10:25:25.599+0000] {dag.py:3947} INFO - Setting next_dagrun for example_xcom_args_with_operators to None, run_after=None
[2026-05-09T10:25:25.610+0000] {processor.py:183} INFO - Processing /home/airflow/.local/lib/python3.12/site-packages/airflow/example_dags/example_xcomargs.py took 0.057 seconds
[2026-05-09T10:25:55.902+0000] {processor.py:161} INFO - Started process (PID=273) to work on /home/airflow/.local/lib/python3.12/site-packages/airflow/example_dags/example_xcomargs.py
[2026-05-09T10:25:55.903+0000] {processor.py:830} INFO - Processing file /home/airflow/.local/lib/python3.12/site-packages/airflow/example_dags/example_xcomargs.py for tasks to queue
[2026-05-09T10:25:55.905+0000] {logging_mixin.py:188} INFO - [2026-05-09T10:25:55.905+0000] {dagbag.py:545} INFO - Filling up the DagBag from /home/airflow/.local/lib/python3.12/site-packages/airflow/example_dags/example_xcomargs.py
[2026-05-09T10:25:55.912+0000] {processor.py:840} INFO - DAG(s) 'example_xcom_args', 'example_xcom_args_with_operators' retrieved from /home/airflow/.local/lib/python3.12/site-packages/airflow/example_dags/example_xcomargs.py
[2026-05-09T10:25:55.932+0000] {logging_mixin.py:188} INFO - [2026-05-09T10:25:55.932+0000] {dag.py:3089} INFO - Sync 2 DAGs
[2026-05-09T10:25:55.943+0000] {logging_mixin.py:188} INFO - [2026-05-09T10:25:55.942+0000] {dag.py:3947} INFO - Setting next_dagrun for example_xcom_args to None, run_after=None
[2026-05-09T10:25:55.946+0000] {logging_mixin.py:188} INFO - [2026-05-09T10:25:55.945+0000] {dag.py:3947} INFO - Setting next_dagrun for example_xcom_args_with_operators to None, run_after=None
[2026-05-09T10:25:55.958+0000] {processor.py:183} INFO - Processing /home/airflow/.local/lib/python3.12/site-packages/airflow/example_dags/example_xcomargs.py took 0.062 seconds
[2026-05-09T10:26:26.589+0000] {processor.py:161} INFO - Started process (PID=332) to work on /home/airflow/.local/lib/python3.12/site-packages/airflow/example_dags/example_xcomargs.py
[2026-05-09T10:26:26.590+0000] {processor.py:830} INFO - Processing file /home/airflow/.local/lib/python3.12/site-packages/airflow/example_dags/example_xcomargs.py for tasks to queue
[2026-05-09T10:26:26.592+0000] {logging_mixin.py:188} INFO - [2026-05-09T10:26:26.591+0000] {dagbag.py:545} INFO - Filling up the DagBag from /home/airflow/.local/lib/python3.12/site-packages/airflow/example_dags/example_xcomargs.py
[2026-05-09T10:26:26.598+0000] {processor.py:840} INFO - DAG(s) 'example_xcom_args_with_operators', 'example_xcom_args' retrieved from /home/airflow/.local/lib/python3.12/site-packages/airflow/example_dags/example_xcomargs.py
[2026-05-09T10:26:26.617+0000] {logging_mixin.py:188} INFO - [2026-05-09T10:26:26.617+0000] {dag.py:3089} INFO - Sync 2 DAGs
[2026-05-09T10:26:26.627+0000] {logging_mixin.py:188} INFO - [2026-05-09T10:26:26.627+0000] {dag.py:3947} INFO - Setting next_dagrun for example_xcom_args to None, run_after=None
[2026-05-09T10:26:26.630+0000] {logging_mixin.py:188} INFO - [2026-05-09T10:26:26.630+0000] {dag.py:3947} INFO - Setting next_dagrun for example_xcom_args_with_operators to None, run_after=None
[2026-05-09T10:26:26.642+0000] {processor.py:183} INFO - Processing /home/airflow/.local/lib/python3.12/site-packages/airflow/example_dags/example_xcomargs.py took 0.059 seconds
[2026-05-09T10:26:56.827+0000] {processor.py:161} INFO - Started process (PID=391) to work on /home/airflow/.local/lib/python3.12/site-packages/airflow/example_dags/example_xcomargs.py
[2026-05-09T10:26:56.827+0000] {processor.py:830} INFO - Processing file /home/airflow/.local/lib/python3.12/site-packages/airflow/example_dags/example_xcomargs.py for tasks to queue
[2026-05-09T10:26:56.829+0000] {logging_mixin.py:188} INFO - [2026-05-09T10:26:56.829+0000] {dagbag.py:545} INFO - Filling up the DagBag from /home/airflow/.local/lib/python3.12/site-packages/airflow/example_dags/example_xcomargs.py
[2026-05-09T10:26:56.835+0000] {processor.py:840} INFO - DAG(s) 'example_xcom_args_with_operators', 'example_xcom_args' retrieved from /home/airflow/.local/lib/python3.12/site-packages/airflow/example_dags/example_xcomargs.py
[2026-05-09T10:26:56.851+0000] {logging_mixin.py:188} INFO - [2026-05-09T10:26:56.851+0000] {dag.py:3089} INFO - Sync 2 DAGs
[2026-05-09T10:26:56.860+0000] {logging_mixin.py:188} INFO - [2026-05-09T10:26:56.860+0000] {dag.py:3947} INFO - Setting next_dagrun for example_xcom_args to None, run_after=None
[2026-05-09T10:26:56.863+0000] {logging_mixin.py:188} INFO - [2026-05-09T10:26:56.863+0000] {dag.py:3947} INFO - Setting next_dagrun for example_xcom_args_with_operators to None, run_after=None
[2026-05-09T10:26:56.874+0000] {processor.py:183} INFO - Processing /home/airflow/.local/lib/python3.12/site-packages/airflow/example_dags/example_xcomargs.py took 0.054 seconds
[2026-05-09T10:27:27.091+0000] {processor.py:161} INFO - Started process (PID=450) to work on /home/airflow/.local/lib/python3.12/site-packages/airflow/example_dags/example_xcomargs.py
[2026-05-09T10:27:27.092+0000] {processor.py:830} INFO - Processing file /home/airflow/.local/lib/python3.12/site-packages/airflow/example_dags/example_xcomargs.py for tasks to queue
[2026-05-09T10:27:27.093+0000] {logging_mixin.py:188} INFO - [2026-05-09T10:27:27.093+0000] {dagbag.py:545} INFO - Filling up the DagBag from /home/airflow/.local/lib/python3.12/site-packages/airflow/example_dags/example_xcomargs.py
[2026-05-09T10:27:27.100+0000] {processor.py:840} INFO - DAG(s) 'example_xcom_args', 'example_xcom_args_with_operators' retrieved from /home/airflow/.local/lib/python3.12/site-packages/airflow/example_dags/example_xcomargs.py
[2026-05-09T10:27:27.118+0000] {logging_mixin.py:188} INFO - [2026-05-09T10:27:27.117+0000] {dag.py:3089} INFO - Sync 2 DAGs
[2026-05-09T10:27:27.127+0000] {logging_mixin.py:188} INFO - [2026-05-09T10:27:27.127+0000] {dag.py:3947} INFO - Setting next_dagrun for example_xcom_args to None, run_after=None
[2026-05-09T10:27:27.130+0000] {logging_mixin.py:188} INFO - [2026-05-09T10:27:27.130+0000] {dag.py:3947} INFO - Setting next_dagrun for example_xcom_args_with_operators to None, run_after=None
[2026-05-09T10:27:27.143+0000] {processor.py:183} INFO - Processing /home/airflow/.local/lib/python3.12/site-packages/airflow/example_dags/example_xcomargs.py took 0.058 seconds
[2026-05-09T10:31:10.382+0000] {processor.py:161} INFO - Started process (PID=96) to work on /home/airflow/.local/lib/python3.12/site-packages/airflow/example_dags/example_xcomargs.py
[2026-05-09T10:31:10.383+0000] {processor.py:830} INFO - Processing file /home/airflow/.local/lib/python3.12/site-packages/airflow/example_dags/example_xcomargs.py for tasks to queue
[2026-05-09T10:31:10.385+0000] {logging_mixin.py:188} INFO - [2026-05-09T10:31:10.385+0000] {dagbag.py:545} INFO - Filling up the DagBag from /home/airflow/.local/lib/python3.12/site-packages/airflow/example_dags/example_xcomargs.py
[2026-05-09T10:31:10.394+0000] {processor.py:840} INFO - DAG(s) 'example_xcom_args', 'example_xcom_args_with_operators' retrieved from /home/airflow/.local/lib/python3.12/site-packages/airflow/example_dags/example_xcomargs.py
[2026-05-09T10:31:10.407+0000] {logging_mixin.py:188} INFO - [2026-05-09T10:31:10.407+0000] {dag.py:3089} INFO - Sync 2 DAGs
[2026-05-09T10:31:10.422+0000] {logging_mixin.py:188} INFO - [2026-05-09T10:31:10.422+0000] {dag.py:3947} INFO - Setting next_dagrun for example_xcom_args to None, run_after=None
[2026-05-09T10:31:10.426+0000] {logging_mixin.py:188} INFO - [2026-05-09T10:31:10.426+0000] {dag.py:3947} INFO - Setting next_dagrun for example_xcom_args_with_operators to None, run_after=None
[2026-05-09T10:31:10.441+0000] {processor.py:183} INFO - Processing /home/airflow/.local/lib/python3.12/site-packages/airflow/example_dags/example_xcomargs.py took 0.066 seconds
[2026-05-09T10:31:41.939+0000] {processor.py:161} INFO - Started process (PID=155) to work on /home/airflow/.local/lib/python3.12/site-packages/airflow/example_dags/example_xcomargs.py
[2026-05-09T10:31:41.939+0000] {processor.py:830} INFO - Processing file /home/airflow/.local/lib/python3.12/site-packages/airflow/example_dags/example_xcomargs.py for tasks to queue
[2026-05-09T10:31:41.941+0000] {logging_mixin.py:188} INFO - [2026-05-09T10:31:41.941+0000] {dagbag.py:545} INFO - Filling up the DagBag from /home/airflow/.local/lib/python3.12/site-packages/airflow/example_dags/example_xcomargs.py
[2026-05-09T10:31:41.947+0000] {processor.py:840} INFO - DAG(s) 'example_xcom_args', 'example_xcom_args_with_operators' retrieved from /home/airflow/.local/lib/python3.12/site-packages/airflow/example_dags/example_xcomargs.py
[2026-05-09T10:31:42.025+0000] {logging_mixin.py:188} INFO - [2026-05-09T10:31:42.025+0000] {dag.py:3089} INFO - Sync 2 DAGs
[2026-05-09T10:31:42.032+0000] {logging_mixin.py:188} INFO - [2026-05-09T10:31:42.032+0000] {dag.py:3947} INFO - Setting next_dagrun for example_xcom_args to None, run_after=None
[2026-05-09T10:31:42.034+0000] {logging_mixin.py:188} INFO - [2026-05-09T10:31:42.034+0000] {dag.py:3947} INFO - Setting next_dagrun for example_xcom_args_with_operators to None, run_after=None
[2026-05-09T10:31:42.046+0000] {processor.py:183} INFO - Processing /home/airflow/.local/lib/python3.12/site-packages/airflow/example_dags/example_xcomargs.py took 0.113 seconds
[2026-05-09T10:32:12.548+0000] {processor.py:161} INFO - Started process (PID=214) to work on /home/airflow/.local/lib/python3.12/site-packages/airflow/example_dags/example_xcomargs.py
[2026-05-09T10:32:12.549+0000] {processor.py:830} INFO - Processing file /home/airflow/.local/lib/python3.12/site-packages/airflow/example_dags/example_xcomargs.py for tasks to queue
[2026-05-09T10:32:12.551+0000] {logging_mixin.py:188} INFO - [2026-05-09T10:32:12.550+0000] {dagbag.py:545} INFO - Filling up the DagBag from /home/airflow/.local/lib/python3.12/site-packages/airflow/example_dags/example_xcomargs.py
[2026-05-09T10:32:12.557+0000] {processor.py:840} INFO - DAG(s) 'example_xcom_args_with_operators', 'example_xcom_args' retrieved from /home/airflow/.local/lib/python3.12/site-packages/airflow/example_dags/example_xcomargs.py
[2026-05-09T10:32:12.577+0000] {logging_mixin.py:188} INFO - [2026-05-09T10:32:12.577+0000] {dag.py:3089} INFO - Sync 2 DAGs
[2026-05-09T10:32:12.590+0000] {logging_mixin.py:188} INFO - [2026-05-09T10:32:12.590+0000] {dag.py:3947} INFO - Setting next_dagrun for example_xcom_args to None, run_after=None
[2026-05-09T10:32:12.594+0000] {logging_mixin.py:188} INFO - [2026-05-09T10:32:12.594+0000] {dag.py:3947} INFO - Setting next_dagrun for example_xcom_args_with_operators to None, run_after=None
[2026-05-09T10:32:12.608+0000] {processor.py:183} INFO - Processing /home/airflow/.local/lib/python3.12/site-packages/airflow/example_dags/example_xcomargs.py took 0.065 seconds
[2026-05-09T10:32:43.174+0000] {processor.py:161} INFO - Started process (PID=273) to work on /home/airflow/.local/lib/python3.12/site-packages/airflow/example_dags/example_xcomargs.py
[2026-05-09T10:32:43.174+0000] {processor.py:830} INFO - Processing file /home/airflow/.local/lib/python3.12/site-packages/airflow/example_dags/example_xcomargs.py for tasks to queue
[2026-05-09T10:32:43.176+0000] {logging_mixin.py:188} INFO - [2026-05-09T10:32:43.176+0000] {dagbag.py:545} INFO - Filling up the DagBag from /home/airflow/.local/lib/python3.12/site-packages/airflow/example_dags/example_xcomargs.py
[2026-05-09T10:32:43.182+0000] {processor.py:840} INFO - DAG(s) 'example_xcom_args_with_operators', 'example_xcom_args' retrieved from /home/airflow/.local/lib/python3.12/site-packages/airflow/example_dags/example_xcomargs.py
[2026-05-09T10:32:43.198+0000] {logging_mixin.py:188} INFO - [2026-05-09T10:32:43.198+0000] {dag.py:3089} INFO - Sync 2 DAGs
[2026-05-09T10:32:43.207+0000] {logging_mixin.py:188} INFO - [2026-05-09T10:32:43.206+0000] {dag.py:3947} INFO - Setting next_dagrun for example_xcom_args to None, run_after=None
[2026-05-09T10:32:43.209+0000] {logging_mixin.py:188} INFO - [2026-05-09T10:32:43.209+0000] {dag.py:3947} INFO - Setting next_dagrun for example_xcom_args_with_operators to None, run_after=None
[2026-05-09T10:32:43.220+0000] {processor.py:183} INFO - Processing /home/airflow/.local/lib/python3.12/site-packages/airflow/example_dags/example_xcomargs.py took 0.051 seconds
[2026-05-09T10:33:14.146+0000] {processor.py:161} INFO - Started process (PID=332) to work on /home/airflow/.local/lib/python3.12/site-packages/airflow/example_dags/example_xcomargs.py
[2026-05-09T10:33:14.147+0000] {processor.py:830} INFO - Processing file /home/airflow/.local/lib/python3.12/site-packages/airflow/example_dags/example_xcomargs.py for tasks to queue
[2026-05-09T10:33:14.149+0000] {logging_mixin.py:188} INFO - [2026-05-09T10:33:14.148+0000] {dagbag.py:545} INFO - Filling up the DagBag from /home/airflow/.local/lib/python3.12/site-packages/airflow/example_dags/example_xcomargs.py
[2026-05-09T10:33:14.155+0000] {processor.py:840} INFO - DAG(s) 'example_xcom_args_with_operators', 'example_xcom_args' retrieved from /home/airflow/.local/lib/python3.12/site-packages/airflow/example_dags/example_xcomargs.py
[2026-05-09T10:33:14.174+0000] {logging_mixin.py:188} INFO - [2026-05-09T10:33:14.173+0000] {dag.py:3089} INFO - Sync 2 DAGs
[2026-05-09T10:33:14.183+0000] {logging_mixin.py:188} INFO - [2026-05-09T10:33:14.183+0000] {dag.py:3947} INFO - Setting next_dagrun for example_xcom_args to None, run_after=None
[2026-05-09T10:33:14.186+0000] {logging_mixin.py:188} INFO - [2026-05-09T10:33:14.186+0000] {dag.py:3947} INFO - Setting next_dagrun for example_xcom_args_with_operators to None, run_after=None
[2026-05-09T10:33:14.196+0000] {processor.py:183} INFO - Processing /home/airflow/.local/lib/python3.12/site-packages/airflow/example_dags/example_xcomargs.py took 0.055 seconds
[2026-05-09T10:33:44.847+0000] {processor.py:161} INFO - Started process (PID=391) to work on /home/airflow/.local/lib/python3.12/site-packages/airflow/example_dags/example_xcomargs.py
[2026-05-09T10:33:44.848+0000] {processor.py:830} INFO - Processing file /home/airflow/.local/lib/python3.12/site-packages/airflow/example_dags/example_xcomargs.py for tasks to queue
[2026-05-09T10:33:44.850+0000] {logging_mixin.py:188} INFO - [2026-05-09T10:33:44.850+0000] {dagbag.py:545} INFO - Filling up the DagBag from /home/airflow/.local/lib/python3.12/site-packages/airflow/example_dags/example_xcomargs.py
[2026-05-09T10:33:44.857+0000] {processor.py:840} INFO - DAG(s) 'example_xcom_args_with_operators', 'example_xcom_args' retrieved from /home/airflow/.local/lib/python3.12/site-packages/airflow/example_dags/example_xcomargs.py
[2026-05-09T10:33:44.874+0000] {logging_mixin.py:188} INFO - [2026-05-09T10:33:44.874+0000] {dag.py:3089} INFO - Sync 2 DAGs
[2026-05-09T10:33:44.883+0000] {logging_mixin.py:188} INFO - [2026-05-09T10:33:44.883+0000] {dag.py:3947} INFO - Setting next_dagrun for example_xcom_args to None, run_after=None
[2026-05-09T10:33:44.886+0000] {logging_mixin.py:188} INFO - [2026-05-09T10:33:44.886+0000] {dag.py:3947} INFO - Setting next_dagrun for example_xcom_args_with_operators to None, run_after=None
[2026-05-09T10:33:44.896+0000] {processor.py:183} INFO - Processing /home/airflow/.local/lib/python3.12/site-packages/airflow/example_dags/example_xcomargs.py took 0.055 seconds
[2026-05-09T10:34:15.525+0000] {processor.py:161} INFO - Started process (PID=450) to work on /home/airflow/.local/lib/python3.12/site-packages/airflow/example_dags/example_xcomargs.py
[2026-05-09T10:34:15.526+0000] {processor.py:830} INFO - Processing file /home/airflow/.local/lib/python3.12/site-packages/airflow/example_dags/example_xcomargs.py for tasks to queue
[2026-05-09T10:34:15.527+0000] {logging_mixin.py:188} INFO - [2026-05-09T10:34:15.527+0000] {dagbag.py:545} INFO - Filling up the DagBag from /home/airflow/.local/lib/python3.12/site-packages/airflow/example_dags/example_xcomargs.py
[2026-05-09T10:34:15.533+0000] {processor.py:840} INFO - DAG(s) 'example_xcom_args', 'example_xcom_args_with_operators' retrieved from /home/airflow/.local/lib/python3.12/site-packages/airflow/example_dags/example_xcomargs.py
[2026-05-09T10:34:15.551+0000] {logging_mixin.py:188} INFO - [2026-05-09T10:34:15.551+0000] {dag.py:3089} INFO - Sync 2 DAGs
[2026-05-09T10:34:15.561+0000] {logging_mixin.py:188} INFO - [2026-05-09T10:34:15.561+0000] {dag.py:3947} INFO - Setting next_dagrun for example_xcom_args to None, run_after=None
[2026-05-09T10:34:15.566+0000] {logging_mixin.py:188} INFO - [2026-05-09T10:34:15.566+0000] {dag.py:3947} INFO - Setting next_dagrun for example_xcom_args_with_operators to None, run_after=None
[2026-05-09T10:34:15.578+0000] {processor.py:183} INFO - Processing /home/airflow/.local/lib/python3.12/site-packages/airflow/example_dags/example_xcomargs.py took 0.058 seconds
[2026-05-09T10:34:46.221+0000] {processor.py:161} INFO - Started process (PID=509) to work on /home/airflow/.local/lib/python3.12/site-packages/airflow/example_dags/example_xcomargs.py
[2026-05-09T10:34:46.222+0000] {processor.py:830} INFO - Processing file /home/airflow/.local/lib/python3.12/site-packages/airflow/example_dags/example_xcomargs.py for tasks to queue
[2026-05-09T10:34:46.223+0000] {logging_mixin.py:188} INFO - [2026-05-09T10:34:46.223+0000] {dagbag.py:545} INFO - Filling up the DagBag from /home/airflow/.local/lib/python3.12/site-packages/airflow/example_dags/example_xcomargs.py
[2026-05-09T10:34:46.230+0000] {processor.py:840} INFO - DAG(s) 'example_xcom_args_with_operators', 'example_xcom_args' retrieved from /home/airflow/.local/lib/python3.12/site-packages/airflow/example_dags/example_xcomargs.py
[2026-05-09T10:34:46.252+0000] {logging_mixin.py:188} INFO - [2026-05-09T10:34:46.252+0000] {dag.py:3089} INFO - Sync 2 DAGs
[2026-05-09T10:34:46.262+0000] {logging_mixin.py:188} INFO - [2026-05-09T10:34:46.261+0000] {dag.py:3947} INFO - Setting next_dagrun for example_xcom_args to None, run_after=None
[2026-05-09T10:34:46.264+0000] {logging_mixin.py:188} INFO - [2026-05-09T10:34:46.264+0000] {dag.py:3947} INFO - Setting next_dagrun for example_xcom_args_with_operators to None, run_after=None
[2026-05-09T10:34:46.275+0000] {processor.py:183} INFO - Processing /home/airflow/.local/lib/python3.12/site-packages/airflow/example_dags/example_xcomargs.py took 0.060 seconds
[2026-05-09T10:35:16.851+0000] {processor.py:161} INFO - Started process (PID=568) to work on /home/airflow/.local/lib/python3.12/site-packages/airflow/example_dags/example_xcomargs.py
[2026-05-09T10:35:16.852+0000] {processor.py:830} INFO - Processing file /home/airflow/.local/lib/python3.12/site-packages/airflow/example_dags/example_xcomargs.py for tasks to queue
[2026-05-09T10:35:16.853+0000] {logging_mixin.py:188} INFO - [2026-05-09T10:35:16.853+0000] {dagbag.py:545} INFO - Filling up the DagBag from /home/airflow/.local/lib/python3.12/site-packages/airflow/example_dags/example_xcomargs.py
[2026-05-09T10:35:16.860+0000] {processor.py:840} INFO - DAG(s) 'example_xcom_args_with_operators', 'example_xcom_args' retrieved from /home/airflow/.local/lib/python3.12/site-packages/airflow/example_dags/example_xcomargs.py
[2026-05-09T10:35:16.878+0000] {logging_mixin.py:188} INFO - [2026-05-09T10:35:16.878+0000] {dag.py:3089} INFO - Sync 2 DAGs
[2026-05-09T10:35:16.887+0000] {logging_mixin.py:188} INFO - [2026-05-09T10:35:16.887+0000] {dag.py:3947} INFO - Setting next_dagrun for example_xcom_args to None, run_after=None
[2026-05-09T10:35:16.890+0000] {logging_mixin.py:188} INFO - [2026-05-09T10:35:16.890+0000] {dag.py:3947} INFO - Setting next_dagrun for example_xcom_args_with_operators to None, run_after=None
[2026-05-09T10:35:16.901+0000] {processor.py:183} INFO - Processing /home/airflow/.local/lib/python3.12/site-packages/airflow/example_dags/example_xcomargs.py took 0.056 seconds
[2026-05-09T10:35:47.558+0000] {processor.py:161} INFO - Started process (PID=627) to work on /home/airflow/.local/lib/python3.12/site-packages/airflow/example_dags/example_xcomargs.py
[2026-05-09T10:35:47.559+0000] {processor.py:830} INFO - Processing file /home/airflow/.local/lib/python3.12/site-packages/airflow/example_dags/example_xcomargs.py for tasks to queue
[2026-05-09T10:35:47.560+0000] {logging_mixin.py:188} INFO - [2026-05-09T10:35:47.560+0000] {dagbag.py:545} INFO - Filling up the DagBag from /home/airflow/.local/lib/python3.12/site-packages/airflow/example_dags/example_xcomargs.py
[2026-05-09T10:35:47.567+0000] {processor.py:840} INFO - DAG(s) 'example_xcom_args', 'example_xcom_args_with_operators' retrieved from /home/airflow/.local/lib/python3.12/site-packages/airflow/example_dags/example_xcomargs.py
[2026-05-09T10:35:47.585+0000] {logging_mixin.py:188} INFO - [2026-05-09T10:35:47.585+0000] {dag.py:3089} INFO - Sync 2 DAGs
[2026-05-09T10:35:47.595+0000] {logging_mixin.py:188} INFO - [2026-05-09T10:35:47.595+0000] {dag.py:3947} INFO - Setting next_dagrun for example_xcom_args to None, run_after=None
[2026-05-09T10:35:47.598+0000] {logging_mixin.py:188} INFO - [2026-05-09T10:35:47.598+0000] {dag.py:3947} INFO - Setting next_dagrun for example_xcom_args_with_operators to None, run_after=None
[2026-05-09T10:35:47.609+0000] {processor.py:183} INFO - Processing /home/airflow/.local/lib/python3.12/site-packages/airflow/example_dags/example_xcomargs.py took 0.056 seconds
[2026-05-09T10:36:18.508+0000] {processor.py:161} INFO - Started process (PID=686) to work on /home/airflow/.local/lib/python3.12/site-packages/airflow/example_dags/example_xcomargs.py
[2026-05-09T10:36:18.509+0000] {processor.py:830} INFO - Processing file /home/airflow/.local/lib/python3.12/site-packages/airflow/example_dags/example_xcomargs.py for tasks to queue
[2026-05-09T10:36:18.511+0000] {logging_mixin.py:188} INFO - [2026-05-09T10:36:18.510+0000] {dagbag.py:545} INFO - Filling up the DagBag from /home/airflow/.local/lib/python3.12/site-packages/airflow/example_dags/example_xcomargs.py
[2026-05-09T10:36:18.517+0000] {processor.py:840} INFO - DAG(s) 'example_xcom_args', 'example_xcom_args_with_operators' retrieved from /home/airflow/.local/lib/python3.12/site-packages/airflow/example_dags/example_xcomargs.py
[2026-05-09T10:36:18.535+0000] {logging_mixin.py:188} INFO - [2026-05-09T10:36:18.535+0000] {dag.py:3089} INFO - Sync 2 DAGs
[2026-05-09T10:36:18.545+0000] {logging_mixin.py:188} INFO - [2026-05-09T10:36:18.545+0000] {dag.py:3947} INFO - Setting next_dagrun for example_xcom_args to None, run_after=None
[2026-05-09T10:36:18.548+0000] {logging_mixin.py:188} INFO - [2026-05-09T10:36:18.548+0000] {dag.py:3947} INFO - Setting next_dagrun for example_xcom_args_with_operators to None, run_after=None
[2026-05-09T10:36:18.560+0000] {processor.py:183} INFO - Processing /home/airflow/.local/lib/python3.12/site-packages/airflow/example_dags/example_xcomargs.py took 0.057 seconds
[2026-05-09T10:36:48.611+0000] {processor.py:161} INFO - Started process (PID=745) to work on /home/airflow/.local/lib/python3.12/site-packages/airflow/example_dags/example_xcomargs.py
[2026-05-09T10:36:48.612+0000] {processor.py:830} INFO - Processing file /home/airflow/.local/lib/python3.12/site-packages/airflow/example_dags/example_xcomargs.py for tasks to queue
[2026-05-09T10:36:48.614+0000] {logging_mixin.py:188} INFO - [2026-05-09T10:36:48.613+0000] {dagbag.py:545} INFO - Filling up the DagBag from /home/airflow/.local/lib/python3.12/site-packages/airflow/example_dags/example_xcomargs.py
[2026-05-09T10:36:48.620+0000] {processor.py:840} INFO - DAG(s) 'example_xcom_args', 'example_xcom_args_with_operators' retrieved from /home/airflow/.local/lib/python3.12/site-packages/airflow/example_dags/example_xcomargs.py
[2026-05-09T10:36:48.636+0000] {logging_mixin.py:188} INFO - [2026-05-09T10:36:48.636+0000] {dag.py:3089} INFO - Sync 2 DAGs
[2026-05-09T10:36:48.645+0000] {logging_mixin.py:188} INFO - [2026-05-09T10:36:48.645+0000] {dag.py:3947} INFO - Setting next_dagrun for example_xcom_args to None, run_after=None
[2026-05-09T10:36:48.648+0000] {logging_mixin.py:188} INFO - [2026-05-09T10:36:48.648+0000] {dag.py:3947} INFO - Setting next_dagrun for example_xcom_args_with_operators to None, run_after=None
[2026-05-09T10:36:48.659+0000] {processor.py:183} INFO - Processing /home/airflow/.local/lib/python3.12/site-packages/airflow/example_dags/example_xcomargs.py took 0.053 seconds
[2026-05-09T10:37:19.800+0000] {processor.py:161} INFO - Started process (PID=804) to work on /home/airflow/.local/lib/python3.12/site-packages/airflow/example_dags/example_xcomargs.py
[2026-05-09T10:37:19.801+0000] {processor.py:830} INFO - Processing file /home/airflow/.local/lib/python3.12/site-packages/airflow/example_dags/example_xcomargs.py for tasks to queue
[2026-05-09T10:37:19.802+0000] {logging_mixin.py:188} INFO - [2026-05-09T10:37:19.802+0000] {dagbag.py:545} INFO - Filling up the DagBag from /home/airflow/.local/lib/python3.12/site-packages/airflow/example_dags/example_xcomargs.py
[2026-05-09T10:37:19.810+0000] {processor.py:840} INFO - DAG(s) 'example_xcom_args_with_operators', 'example_xcom_args' retrieved from /home/airflow/.local/lib/python3.12/site-packages/airflow/example_dags/example_xcomargs.py
[2026-05-09T10:37:19.833+0000] {logging_mixin.py:188} INFO - [2026-05-09T10:37:19.833+0000] {dag.py:3089} INFO - Sync 2 DAGs
[2026-05-09T10:37:19.843+0000] {logging_mixin.py:188} INFO - [2026-05-09T10:37:19.843+0000] {dag.py:3947} INFO - Setting next_dagrun for example_xcom_args to None, run_after=None
[2026-05-09T10:37:19.847+0000] {logging_mixin.py:188} INFO - [2026-05-09T10:37:19.846+0000] {dag.py:3947} INFO - Setting next_dagrun for example_xcom_args_with_operators to None, run_after=None
[2026-05-09T10:37:19.860+0000] {processor.py:183} INFO - Processing /home/airflow/.local/lib/python3.12/site-packages/airflow/example_dags/example_xcomargs.py took 0.067 seconds
[2026-05-09T10:37:51.657+0000] {processor.py:161} INFO - Started process (PID=864) to work on /home/airflow/.local/lib/python3.12/site-packages/airflow/example_dags/example_xcomargs.py
[2026-05-09T10:37:51.658+0000] {processor.py:830} INFO - Processing file /home/airflow/.local/lib/python3.12/site-packages/airflow/example_dags/example_xcomargs.py for tasks to queue
[2026-05-09T10:37:51.660+0000] {logging_mixin.py:188} INFO - [2026-05-09T10:37:51.659+0000] {dagbag.py:545} INFO - Filling up the DagBag from /home/airflow/.local/lib/python3.12/site-packages/airflow/example_dags/example_xcomargs.py
[2026-05-09T10:37:51.667+0000] {processor.py:840} INFO - DAG(s) 'example_xcom_args', 'example_xcom_args_with_operators' retrieved from /home/airflow/.local/lib/python3.12/site-packages/airflow/example_dags/example_xcomargs.py
[2026-05-09T10:37:51.686+0000] {logging_mixin.py:188} INFO - [2026-05-09T10:37:51.686+0000] {dag.py:3089} INFO - Sync 2 DAGs
[2026-05-09T10:37:51.696+0000] {logging_mixin.py:188} INFO - [2026-05-09T10:37:51.696+0000] {dag.py:3947} INFO - Setting next_dagrun for example_xcom_args to None, run_after=None
[2026-05-09T10:37:51.698+0000] {logging_mixin.py:188} INFO - [2026-05-09T10:37:51.698+0000] {dag.py:3947} INFO - Setting next_dagrun for example_xcom_args_with_operators to None, run_after=None
[2026-05-09T10:37:51.711+0000] {processor.py:183} INFO - Processing /home/airflow/.local/lib/python3.12/site-packages/airflow/example_dags/example_xcomargs.py took 0.061 seconds
[2026-05-09T10:38:22.073+0000] {processor.py:161} INFO - Started process (PID=923) to work on /home/airflow/.local/lib/python3.12/site-packages/airflow/example_dags/example_xcomargs.py
[2026-05-09T10:38:22.074+0000] {processor.py:830} INFO - Processing file /home/airflow/.local/lib/python3.12/site-packages/airflow/example_dags/example_xcomargs.py for tasks to queue
[2026-05-09T10:38:22.076+0000] {logging_mixin.py:188} INFO - [2026-05-09T10:38:22.075+0000] {dagbag.py:545} INFO - Filling up the DagBag from /home/airflow/.local/lib/python3.12/site-packages/airflow/example_dags/example_xcomargs.py
[2026-05-09T10:38:22.084+0000] {processor.py:840} INFO - DAG(s) 'example_xcom_args', 'example_xcom_args_with_operators' retrieved from /home/airflow/.local/lib/python3.12/site-packages/airflow/example_dags/example_xcomargs.py
[2026-05-09T10:38:22.103+0000] {logging_mixin.py:188} INFO - [2026-05-09T10:38:22.102+0000] {dag.py:3089} INFO - Sync 2 DAGs
[2026-05-09T10:38:22.113+0000] {logging_mixin.py:188} INFO - [2026-05-09T10:38:22.113+0000] {dag.py:3947} INFO - Setting next_dagrun for example_xcom_args to None, run_after=None
[2026-05-09T10:38:22.116+0000] {logging_mixin.py:188} INFO - [2026-05-09T10:38:22.116+0000] {dag.py:3947} INFO - Setting next_dagrun for example_xcom_args_with_operators to None, run_after=None
[2026-05-09T10:38:22.128+0000] {processor.py:183} INFO - Processing /home/airflow/.local/lib/python3.12/site-packages/airflow/example_dags/example_xcomargs.py took 0.060 seconds
[2026-05-09T10:38:52.414+0000] {processor.py:161} INFO - Started process (PID=982) to work on /home/airflow/.local/lib/python3.12/site-packages/airflow/example_dags/example_xcomargs.py
[2026-05-09T10:38:52.415+0000] {processor.py:830} INFO - Processing file /home/airflow/.local/lib/python3.12/site-packages/airflow/example_dags/example_xcomargs.py for tasks to queue
[2026-05-09T10:38:52.416+0000] {logging_mixin.py:188} INFO - [2026-05-09T10:38:52.416+0000] {dagbag.py:545} INFO - Filling up the DagBag from /home/airflow/.local/lib/python3.12/site-packages/airflow/example_dags/example_xcomargs.py
[2026-05-09T10:38:52.423+0000] {processor.py:840} INFO - DAG(s) 'example_xcom_args_with_operators', 'example_xcom_args' retrieved from /home/airflow/.local/lib/python3.12/site-packages/airflow/example_dags/example_xcomargs.py
[2026-05-09T10:38:52.447+0000] {logging_mixin.py:188} INFO - [2026-05-09T10:38:52.447+0000] {dag.py:3089} INFO - Sync 2 DAGs
[2026-05-09T10:38:52.464+0000] {logging_mixin.py:188} INFO - [2026-05-09T10:38:52.464+0000] {dag.py:3947} INFO - Setting next_dagrun for example_xcom_args to None, run_after=None
[2026-05-09T10:38:52.469+0000] {logging_mixin.py:188} INFO - [2026-05-09T10:38:52.469+0000] {dag.py:3947} INFO - Setting next_dagrun for example_xcom_args_with_operators to None, run_after=None
[2026-05-09T10:38:52.484+0000] {processor.py:183} INFO - Processing /home/airflow/.local/lib/python3.12/site-packages/airflow/example_dags/example_xcomargs.py took 0.076 seconds
[2026-05-09T10:39:23.276+0000] {processor.py:161} INFO - Started process (PID=1041) to work on /home/airflow/.local/lib/python3.12/site-packages/airflow/example_dags/example_xcomargs.py
[2026-05-09T10:39:23.277+0000] {processor.py:830} INFO - Processing file /home/airflow/.local/lib/python3.12/site-packages/airflow/example_dags/example_xcomargs.py for tasks to queue
[2026-05-09T10:39:23.278+0000] {logging_mixin.py:188} INFO - [2026-05-09T10:39:23.278+0000] {dagbag.py:545} INFO - Filling up the DagBag from /home/airflow/.local/lib/python3.12/site-packages/airflow/example_dags/example_xcomargs.py
[2026-05-09T10:39:23.285+0000] {processor.py:840} INFO - DAG(s) 'example_xcom_args_with_operators', 'example_xcom_args' retrieved from /home/airflow/.local/lib/python3.12/site-packages/airflow/example_dags/example_xcomargs.py
[2026-05-09T10:39:23.304+0000] {logging_mixin.py:188} INFO - [2026-05-09T10:39:23.304+0000] {dag.py:3089} INFO - Sync 2 DAGs
[2026-05-09T10:39:23.314+0000] {logging_mixin.py:188} INFO - [2026-05-09T10:39:23.313+0000] {dag.py:3947} INFO - Setting next_dagrun for example_xcom_args to None, run_after=None
[2026-05-09T10:39:23.317+0000] {logging_mixin.py:188} INFO - [2026-05-09T10:39:23.316+0000] {dag.py:3947} INFO - Setting next_dagrun for example_xcom_args_with_operators to None, run_after=None
[2026-05-09T10:39:23.329+0000] {processor.py:183} INFO - Processing /home/airflow/.local/lib/python3.12/site-packages/airflow/example_dags/example_xcomargs.py took 0.059 seconds
[2026-05-09T10:39:54.522+0000] {processor.py:161} INFO - Started process (PID=1100) to work on /home/airflow/.local/lib/python3.12/site-packages/airflow/example_dags/example_xcomargs.py
[2026-05-09T10:39:54.523+0000] {processor.py:830} INFO - Processing file /home/airflow/.local/lib/python3.12/site-packages/airflow/example_dags/example_xcomargs.py for tasks to queue
[2026-05-09T10:39:54.524+0000] {logging_mixin.py:188} INFO - [2026-05-09T10:39:54.524+0000] {dagbag.py:545} INFO - Filling up the DagBag from /home/airflow/.local/lib/python3.12/site-packages/airflow/example_dags/example_xcomargs.py
[2026-05-09T10:39:54.531+0000] {processor.py:840} INFO - DAG(s) 'example_xcom_args_with_operators', 'example_xcom_args' retrieved from /home/airflow/.local/lib/python3.12/site-packages/airflow/example_dags/example_xcomargs.py
[2026-05-09T10:39:54.548+0000] {logging_mixin.py:188} INFO - [2026-05-09T10:39:54.547+0000] {dag.py:3089} INFO - Sync 2 DAGs
[2026-05-09T10:39:54.557+0000] {logging_mixin.py:188} INFO - [2026-05-09T10:39:54.556+0000] {dag.py:3947} INFO - Setting next_dagrun for example_xcom_args to None, run_after=None
[2026-05-09T10:39:54.560+0000] {logging_mixin.py:188} INFO - [2026-05-09T10:39:54.560+0000] {dag.py:3947} INFO - Setting next_dagrun for example_xcom_args_with_operators to None, run_after=None
[2026-05-09T10:39:54.571+0000] {processor.py:183} INFO - Processing /home/airflow/.local/lib/python3.12/site-packages/airflow/example_dags/example_xcomargs.py took 0.054 seconds
