[2026-05-09T08:08:21.494+0000] {processor.py:161} INFO - Started process (PID=84) to work on /home/airflow/.local/lib/python3.12/site-packages/airflow/example_dags/example_params_ui_tutorial.py
[2026-05-09T08:08:21.495+0000] {processor.py:830} INFO - Processing file /home/airflow/.local/lib/python3.12/site-packages/airflow/example_dags/example_params_ui_tutorial.py for tasks to queue
[2026-05-09T08:08:21.498+0000] {logging_mixin.py:188} INFO - [2026-05-09T08:08:21.497+0000] {dagbag.py:545} INFO - Filling up the DagBag from /home/airflow/.local/lib/python3.12/site-packages/airflow/example_dags/example_params_ui_tutorial.py
[2026-05-09T08:08:21.509+0000] {processor.py:840} INFO - DAG(s) 'example_params_ui_tutorial' retrieved from /home/airflow/.local/lib/python3.12/site-packages/airflow/example_dags/example_params_ui_tutorial.py
[2026-05-09T08:08:21.522+0000] {logging_mixin.py:188} INFO - [2026-05-09T08:08:21.521+0000] {dag.py:3089} INFO - Sync 1 DAGs
[2026-05-09T08:08:21.537+0000] {logging_mixin.py:188} INFO - [2026-05-09T08:08:21.537+0000] {dag.py:3947} INFO - Setting next_dagrun for example_params_ui_tutorial to None, run_after=None
[2026-05-09T08:08:21.556+0000] {processor.py:183} INFO - Processing /home/airflow/.local/lib/python3.12/site-packages/airflow/example_dags/example_params_ui_tutorial.py took 0.070 seconds
[2026-05-09T08:08:52.445+0000] {processor.py:161} INFO - Started process (PID=143) to work on /home/airflow/.local/lib/python3.12/site-packages/airflow/example_dags/example_params_ui_tutorial.py
[2026-05-09T08:08:52.446+0000] {processor.py:830} INFO - Processing file /home/airflow/.local/lib/python3.12/site-packages/airflow/example_dags/example_params_ui_tutorial.py for tasks to queue
[2026-05-09T08:08:52.447+0000] {logging_mixin.py:188} INFO - [2026-05-09T08:08:52.447+0000] {dagbag.py:545} INFO - Filling up the DagBag from /home/airflow/.local/lib/python3.12/site-packages/airflow/example_dags/example_params_ui_tutorial.py
[2026-05-09T08:08:52.453+0000] {processor.py:840} INFO - DAG(s) 'example_params_ui_tutorial' retrieved from /home/airflow/.local/lib/python3.12/site-packages/airflow/example_dags/example_params_ui_tutorial.py
[2026-05-09T08:08:52.558+0000] {logging_mixin.py:188} INFO - [2026-05-09T08:08:52.558+0000] {dag.py:3089} INFO - Sync 1 DAGs
[2026-05-09T08:08:52.567+0000] {logging_mixin.py:188} INFO - [2026-05-09T08:08:52.567+0000] {dag.py:3947} INFO - Setting next_dagrun for example_params_ui_tutorial to None, run_after=None
[2026-05-09T08:08:52.581+0000] {processor.py:183} INFO - Processing /home/airflow/.local/lib/python3.12/site-packages/airflow/example_dags/example_params_ui_tutorial.py took 0.142 seconds
[2026-05-09T08:09:22.959+0000] {processor.py:161} INFO - Started process (PID=208) to work on /home/airflow/.local/lib/python3.12/site-packages/airflow/example_dags/example_params_ui_tutorial.py
[2026-05-09T08:09:22.960+0000] {processor.py:830} INFO - Processing file /home/airflow/.local/lib/python3.12/site-packages/airflow/example_dags/example_params_ui_tutorial.py for tasks to queue
[2026-05-09T08:09:22.963+0000] {logging_mixin.py:188} INFO - [2026-05-09T08:09:22.962+0000] {dagbag.py:545} INFO - Filling up the DagBag from /home/airflow/.local/lib/python3.12/site-packages/airflow/example_dags/example_params_ui_tutorial.py
[2026-05-09T08:09:22.971+0000] {processor.py:840} INFO - DAG(s) 'example_params_ui_tutorial' retrieved from /home/airflow/.local/lib/python3.12/site-packages/airflow/example_dags/example_params_ui_tutorial.py
[2026-05-09T08:09:23.027+0000] {logging_mixin.py:188} INFO - [2026-05-09T08:09:23.027+0000] {dag.py:3089} INFO - Sync 1 DAGs
[2026-05-09T08:09:23.042+0000] {logging_mixin.py:188} INFO - [2026-05-09T08:09:23.042+0000] {dag.py:3947} INFO - Setting next_dagrun for example_params_ui_tutorial to None, run_after=None
[2026-05-09T08:09:23.066+0000] {processor.py:183} INFO - Processing /home/airflow/.local/lib/python3.12/site-packages/airflow/example_dags/example_params_ui_tutorial.py took 0.116 seconds
[2026-05-09T08:09:53.497+0000] {processor.py:161} INFO - Started process (PID=267) to work on /home/airflow/.local/lib/python3.12/site-packages/airflow/example_dags/example_params_ui_tutorial.py
[2026-05-09T08:09:53.500+0000] {processor.py:830} INFO - Processing file /home/airflow/.local/lib/python3.12/site-packages/airflow/example_dags/example_params_ui_tutorial.py for tasks to queue
[2026-05-09T08:09:53.501+0000] {logging_mixin.py:188} INFO - [2026-05-09T08:09:53.501+0000] {dagbag.py:545} INFO - Filling up the DagBag from /home/airflow/.local/lib/python3.12/site-packages/airflow/example_dags/example_params_ui_tutorial.py
[2026-05-09T08:09:53.507+0000] {processor.py:840} INFO - DAG(s) 'example_params_ui_tutorial' retrieved from /home/airflow/.local/lib/python3.12/site-packages/airflow/example_dags/example_params_ui_tutorial.py
[2026-05-09T08:09:53.545+0000] {logging_mixin.py:188} INFO - [2026-05-09T08:09:53.545+0000] {dag.py:3089} INFO - Sync 1 DAGs
[2026-05-09T08:09:53.554+0000] {logging_mixin.py:188} INFO - [2026-05-09T08:09:53.554+0000] {dag.py:3947} INFO - Setting next_dagrun for example_params_ui_tutorial to None, run_after=None
[2026-05-09T08:09:53.568+0000] {processor.py:183} INFO - Processing /home/airflow/.local/lib/python3.12/site-packages/airflow/example_dags/example_params_ui_tutorial.py took 0.077 seconds
[2026-05-09T08:10:23.936+0000] {processor.py:161} INFO - Started process (PID=326) to work on /home/airflow/.local/lib/python3.12/site-packages/airflow/example_dags/example_params_ui_tutorial.py
[2026-05-09T08:10:23.937+0000] {processor.py:830} INFO - Processing file /home/airflow/.local/lib/python3.12/site-packages/airflow/example_dags/example_params_ui_tutorial.py for tasks to queue
[2026-05-09T08:10:23.939+0000] {logging_mixin.py:188} INFO - [2026-05-09T08:10:23.939+0000] {dagbag.py:545} INFO - Filling up the DagBag from /home/airflow/.local/lib/python3.12/site-packages/airflow/example_dags/example_params_ui_tutorial.py
[2026-05-09T08:10:23.944+0000] {processor.py:840} INFO - DAG(s) 'example_params_ui_tutorial' retrieved from /home/airflow/.local/lib/python3.12/site-packages/airflow/example_dags/example_params_ui_tutorial.py
[2026-05-09T08:10:23.979+0000] {logging_mixin.py:188} INFO - [2026-05-09T08:10:23.979+0000] {dag.py:3089} INFO - Sync 1 DAGs
[2026-05-09T08:10:23.988+0000] {logging_mixin.py:188} INFO - [2026-05-09T08:10:23.987+0000] {dag.py:3947} INFO - Setting next_dagrun for example_params_ui_tutorial to None, run_after=None
[2026-05-09T08:10:24.000+0000] {processor.py:183} INFO - Processing /home/airflow/.local/lib/python3.12/site-packages/airflow/example_dags/example_params_ui_tutorial.py took 0.070 seconds
[2026-05-09T08:10:54.439+0000] {processor.py:161} INFO - Started process (PID=385) to work on /home/airflow/.local/lib/python3.12/site-packages/airflow/example_dags/example_params_ui_tutorial.py
[2026-05-09T08:10:54.440+0000] {processor.py:830} INFO - Processing file /home/airflow/.local/lib/python3.12/site-packages/airflow/example_dags/example_params_ui_tutorial.py for tasks to queue
[2026-05-09T08:10:54.442+0000] {logging_mixin.py:188} INFO - [2026-05-09T08:10:54.441+0000] {dagbag.py:545} INFO - Filling up the DagBag from /home/airflow/.local/lib/python3.12/site-packages/airflow/example_dags/example_params_ui_tutorial.py
[2026-05-09T08:10:54.447+0000] {processor.py:840} INFO - DAG(s) 'example_params_ui_tutorial' retrieved from /home/airflow/.local/lib/python3.12/site-packages/airflow/example_dags/example_params_ui_tutorial.py
[2026-05-09T08:10:54.484+0000] {logging_mixin.py:188} INFO - [2026-05-09T08:10:54.484+0000] {dag.py:3089} INFO - Sync 1 DAGs
[2026-05-09T08:10:54.495+0000] {logging_mixin.py:188} INFO - [2026-05-09T08:10:54.495+0000] {dag.py:3947} INFO - Setting next_dagrun for example_params_ui_tutorial to None, run_after=None
[2026-05-09T08:10:54.511+0000] {processor.py:183} INFO - Processing /home/airflow/.local/lib/python3.12/site-packages/airflow/example_dags/example_params_ui_tutorial.py took 0.077 seconds
[2026-05-09T08:11:24.935+0000] {processor.py:161} INFO - Started process (PID=444) to work on /home/airflow/.local/lib/python3.12/site-packages/airflow/example_dags/example_params_ui_tutorial.py
[2026-05-09T08:11:24.936+0000] {processor.py:830} INFO - Processing file /home/airflow/.local/lib/python3.12/site-packages/airflow/example_dags/example_params_ui_tutorial.py for tasks to queue
[2026-05-09T08:11:24.938+0000] {logging_mixin.py:188} INFO - [2026-05-09T08:11:24.937+0000] {dagbag.py:545} INFO - Filling up the DagBag from /home/airflow/.local/lib/python3.12/site-packages/airflow/example_dags/example_params_ui_tutorial.py
[2026-05-09T08:11:24.943+0000] {processor.py:840} INFO - DAG(s) 'example_params_ui_tutorial' retrieved from /home/airflow/.local/lib/python3.12/site-packages/airflow/example_dags/example_params_ui_tutorial.py
[2026-05-09T08:11:24.980+0000] {logging_mixin.py:188} INFO - [2026-05-09T08:11:24.979+0000] {dag.py:3089} INFO - Sync 1 DAGs
[2026-05-09T08:11:24.991+0000] {logging_mixin.py:188} INFO - [2026-05-09T08:11:24.991+0000] {dag.py:3947} INFO - Setting next_dagrun for example_params_ui_tutorial to None, run_after=None
[2026-05-09T08:11:25.006+0000] {processor.py:183} INFO - Processing /home/airflow/.local/lib/python3.12/site-packages/airflow/example_dags/example_params_ui_tutorial.py took 0.076 seconds
[2026-05-09T08:11:55.229+0000] {processor.py:161} INFO - Started process (PID=503) to work on /home/airflow/.local/lib/python3.12/site-packages/airflow/example_dags/example_params_ui_tutorial.py
[2026-05-09T08:11:55.230+0000] {processor.py:830} INFO - Processing file /home/airflow/.local/lib/python3.12/site-packages/airflow/example_dags/example_params_ui_tutorial.py for tasks to queue
[2026-05-09T08:11:55.232+0000] {logging_mixin.py:188} INFO - [2026-05-09T08:11:55.232+0000] {dagbag.py:545} INFO - Filling up the DagBag from /home/airflow/.local/lib/python3.12/site-packages/airflow/example_dags/example_params_ui_tutorial.py
[2026-05-09T08:11:55.239+0000] {processor.py:840} INFO - DAG(s) 'example_params_ui_tutorial' retrieved from /home/airflow/.local/lib/python3.12/site-packages/airflow/example_dags/example_params_ui_tutorial.py
[2026-05-09T08:11:55.277+0000] {logging_mixin.py:188} INFO - [2026-05-09T08:11:55.277+0000] {dag.py:3089} INFO - Sync 1 DAGs
[2026-05-09T08:11:55.288+0000] {logging_mixin.py:188} INFO - [2026-05-09T08:11:55.287+0000] {dag.py:3947} INFO - Setting next_dagrun for example_params_ui_tutorial to None, run_after=None
[2026-05-09T08:11:55.302+0000] {processor.py:183} INFO - Processing /home/airflow/.local/lib/python3.12/site-packages/airflow/example_dags/example_params_ui_tutorial.py took 0.080 seconds
[2026-05-09T08:12:26.275+0000] {processor.py:161} INFO - Started process (PID=562) to work on /home/airflow/.local/lib/python3.12/site-packages/airflow/example_dags/example_params_ui_tutorial.py
[2026-05-09T08:12:26.276+0000] {processor.py:830} INFO - Processing file /home/airflow/.local/lib/python3.12/site-packages/airflow/example_dags/example_params_ui_tutorial.py for tasks to queue
[2026-05-09T08:12:26.278+0000] {logging_mixin.py:188} INFO - [2026-05-09T08:12:26.277+0000] {dagbag.py:545} INFO - Filling up the DagBag from /home/airflow/.local/lib/python3.12/site-packages/airflow/example_dags/example_params_ui_tutorial.py
[2026-05-09T08:12:26.283+0000] {processor.py:840} INFO - DAG(s) 'example_params_ui_tutorial' retrieved from /home/airflow/.local/lib/python3.12/site-packages/airflow/example_dags/example_params_ui_tutorial.py
[2026-05-09T08:12:26.318+0000] {logging_mixin.py:188} INFO - [2026-05-09T08:12:26.318+0000] {dag.py:3089} INFO - Sync 1 DAGs
[2026-05-09T08:12:26.327+0000] {logging_mixin.py:188} INFO - [2026-05-09T08:12:26.327+0000] {dag.py:3947} INFO - Setting next_dagrun for example_params_ui_tutorial to None, run_after=None
[2026-05-09T08:12:26.339+0000] {processor.py:183} INFO - Processing /home/airflow/.local/lib/python3.12/site-packages/airflow/example_dags/example_params_ui_tutorial.py took 0.070 seconds
[2026-05-09T08:14:00.360+0000] {processor.py:161} INFO - Started process (PID=84) to work on /home/airflow/.local/lib/python3.12/site-packages/airflow/example_dags/example_params_ui_tutorial.py
[2026-05-09T08:14:00.361+0000] {processor.py:830} INFO - Processing file /home/airflow/.local/lib/python3.12/site-packages/airflow/example_dags/example_params_ui_tutorial.py for tasks to queue
[2026-05-09T08:14:00.363+0000] {logging_mixin.py:188} INFO - [2026-05-09T08:14:00.363+0000] {dagbag.py:545} INFO - Filling up the DagBag from /home/airflow/.local/lib/python3.12/site-packages/airflow/example_dags/example_params_ui_tutorial.py
[2026-05-09T08:14:00.372+0000] {processor.py:840} INFO - DAG(s) 'example_params_ui_tutorial' retrieved from /home/airflow/.local/lib/python3.12/site-packages/airflow/example_dags/example_params_ui_tutorial.py
[2026-05-09T08:14:00.385+0000] {logging_mixin.py:188} INFO - [2026-05-09T08:14:00.384+0000] {dag.py:3089} INFO - Sync 1 DAGs
[2026-05-09T08:14:00.400+0000] {logging_mixin.py:188} INFO - [2026-05-09T08:14:00.400+0000] {dag.py:3947} INFO - Setting next_dagrun for example_params_ui_tutorial to None, run_after=None
[2026-05-09T08:14:00.420+0000] {processor.py:183} INFO - Processing /home/airflow/.local/lib/python3.12/site-packages/airflow/example_dags/example_params_ui_tutorial.py took 0.066 seconds
[2026-05-09T08:14:32.446+0000] {processor.py:161} INFO - Started process (PID=143) to work on /home/airflow/.local/lib/python3.12/site-packages/airflow/example_dags/example_params_ui_tutorial.py
[2026-05-09T08:14:32.447+0000] {processor.py:830} INFO - Processing file /home/airflow/.local/lib/python3.12/site-packages/airflow/example_dags/example_params_ui_tutorial.py for tasks to queue
[2026-05-09T08:14:32.449+0000] {logging_mixin.py:188} INFO - [2026-05-09T08:14:32.448+0000] {dagbag.py:545} INFO - Filling up the DagBag from /home/airflow/.local/lib/python3.12/site-packages/airflow/example_dags/example_params_ui_tutorial.py
[2026-05-09T08:14:32.454+0000] {processor.py:840} INFO - DAG(s) 'example_params_ui_tutorial' retrieved from /home/airflow/.local/lib/python3.12/site-packages/airflow/example_dags/example_params_ui_tutorial.py
[2026-05-09T08:14:32.552+0000] {logging_mixin.py:188} INFO - [2026-05-09T08:14:32.552+0000] {dag.py:3089} INFO - Sync 1 DAGs
[2026-05-09T08:14:32.561+0000] {logging_mixin.py:188} INFO - [2026-05-09T08:14:32.561+0000] {dag.py:3947} INFO - Setting next_dagrun for example_params_ui_tutorial to None, run_after=None
[2026-05-09T08:14:32.578+0000] {processor.py:183} INFO - Processing /home/airflow/.local/lib/python3.12/site-packages/airflow/example_dags/example_params_ui_tutorial.py took 0.139 seconds
[2026-05-09T08:15:03.596+0000] {processor.py:161} INFO - Started process (PID=203) to work on /home/airflow/.local/lib/python3.12/site-packages/airflow/example_dags/example_params_ui_tutorial.py
[2026-05-09T08:15:03.597+0000] {processor.py:830} INFO - Processing file /home/airflow/.local/lib/python3.12/site-packages/airflow/example_dags/example_params_ui_tutorial.py for tasks to queue
[2026-05-09T08:15:03.599+0000] {logging_mixin.py:188} INFO - [2026-05-09T08:15:03.598+0000] {dagbag.py:545} INFO - Filling up the DagBag from /home/airflow/.local/lib/python3.12/site-packages/airflow/example_dags/example_params_ui_tutorial.py
[2026-05-09T08:15:03.606+0000] {processor.py:840} INFO - DAG(s) 'example_params_ui_tutorial' retrieved from /home/airflow/.local/lib/python3.12/site-packages/airflow/example_dags/example_params_ui_tutorial.py
[2026-05-09T08:15:03.650+0000] {logging_mixin.py:188} INFO - [2026-05-09T08:15:03.649+0000] {dag.py:3089} INFO - Sync 1 DAGs
[2026-05-09T08:15:03.661+0000] {logging_mixin.py:188} INFO - [2026-05-09T08:15:03.661+0000] {dag.py:3947} INFO - Setting next_dagrun for example_params_ui_tutorial to None, run_after=None
[2026-05-09T08:15:03.681+0000] {processor.py:183} INFO - Processing /home/airflow/.local/lib/python3.12/site-packages/airflow/example_dags/example_params_ui_tutorial.py took 0.093 seconds
[2026-05-09T08:15:33.778+0000] {processor.py:161} INFO - Started process (PID=262) to work on /home/airflow/.local/lib/python3.12/site-packages/airflow/example_dags/example_params_ui_tutorial.py
[2026-05-09T08:15:33.779+0000] {processor.py:830} INFO - Processing file /home/airflow/.local/lib/python3.12/site-packages/airflow/example_dags/example_params_ui_tutorial.py for tasks to queue
[2026-05-09T08:15:33.781+0000] {logging_mixin.py:188} INFO - [2026-05-09T08:15:33.781+0000] {dagbag.py:545} INFO - Filling up the DagBag from /home/airflow/.local/lib/python3.12/site-packages/airflow/example_dags/example_params_ui_tutorial.py
[2026-05-09T08:15:33.787+0000] {processor.py:840} INFO - DAG(s) 'example_params_ui_tutorial' retrieved from /home/airflow/.local/lib/python3.12/site-packages/airflow/example_dags/example_params_ui_tutorial.py
[2026-05-09T08:15:33.824+0000] {logging_mixin.py:188} INFO - [2026-05-09T08:15:33.824+0000] {dag.py:3089} INFO - Sync 1 DAGs
[2026-05-09T08:15:33.834+0000] {logging_mixin.py:188} INFO - [2026-05-09T08:15:33.833+0000] {dag.py:3947} INFO - Setting next_dagrun for example_params_ui_tutorial to None, run_after=None
[2026-05-09T08:15:33.853+0000] {processor.py:183} INFO - Processing /home/airflow/.local/lib/python3.12/site-packages/airflow/example_dags/example_params_ui_tutorial.py took 0.082 seconds
[2026-05-09T08:16:04.156+0000] {processor.py:161} INFO - Started process (PID=321) to work on /home/airflow/.local/lib/python3.12/site-packages/airflow/example_dags/example_params_ui_tutorial.py
[2026-05-09T08:16:04.157+0000] {processor.py:830} INFO - Processing file /home/airflow/.local/lib/python3.12/site-packages/airflow/example_dags/example_params_ui_tutorial.py for tasks to queue
[2026-05-09T08:16:04.159+0000] {logging_mixin.py:188} INFO - [2026-05-09T08:16:04.159+0000] {dagbag.py:545} INFO - Filling up the DagBag from /home/airflow/.local/lib/python3.12/site-packages/airflow/example_dags/example_params_ui_tutorial.py
[2026-05-09T08:16:04.164+0000] {processor.py:840} INFO - DAG(s) 'example_params_ui_tutorial' retrieved from /home/airflow/.local/lib/python3.12/site-packages/airflow/example_dags/example_params_ui_tutorial.py
[2026-05-09T08:16:04.198+0000] {logging_mixin.py:188} INFO - [2026-05-09T08:16:04.198+0000] {dag.py:3089} INFO - Sync 1 DAGs
[2026-05-09T08:16:04.207+0000] {logging_mixin.py:188} INFO - [2026-05-09T08:16:04.207+0000] {dag.py:3947} INFO - Setting next_dagrun for example_params_ui_tutorial to None, run_after=None
[2026-05-09T08:16:04.222+0000] {processor.py:183} INFO - Processing /home/airflow/.local/lib/python3.12/site-packages/airflow/example_dags/example_params_ui_tutorial.py took 0.072 seconds
[2026-05-09T08:17:08.210+0000] {processor.py:161} INFO - Started process (PID=84) to work on /home/airflow/.local/lib/python3.12/site-packages/airflow/example_dags/example_params_ui_tutorial.py
[2026-05-09T08:17:08.211+0000] {processor.py:830} INFO - Processing file /home/airflow/.local/lib/python3.12/site-packages/airflow/example_dags/example_params_ui_tutorial.py for tasks to queue
[2026-05-09T08:17:08.213+0000] {logging_mixin.py:188} INFO - [2026-05-09T08:17:08.213+0000] {dagbag.py:545} INFO - Filling up the DagBag from /home/airflow/.local/lib/python3.12/site-packages/airflow/example_dags/example_params_ui_tutorial.py
[2026-05-09T08:17:08.222+0000] {processor.py:840} INFO - DAG(s) 'example_params_ui_tutorial' retrieved from /home/airflow/.local/lib/python3.12/site-packages/airflow/example_dags/example_params_ui_tutorial.py
[2026-05-09T08:17:08.232+0000] {logging_mixin.py:188} INFO - [2026-05-09T08:17:08.231+0000] {dag.py:3089} INFO - Sync 1 DAGs
[2026-05-09T08:17:08.243+0000] {logging_mixin.py:188} INFO - [2026-05-09T08:17:08.243+0000] {dag.py:3947} INFO - Setting next_dagrun for example_params_ui_tutorial to None, run_after=None
[2026-05-09T08:17:08.258+0000] {processor.py:183} INFO - Processing /home/airflow/.local/lib/python3.12/site-packages/airflow/example_dags/example_params_ui_tutorial.py took 0.054 seconds
[2026-05-09T08:17:39.829+0000] {processor.py:161} INFO - Started process (PID=143) to work on /home/airflow/.local/lib/python3.12/site-packages/airflow/example_dags/example_params_ui_tutorial.py
[2026-05-09T08:17:39.830+0000] {processor.py:830} INFO - Processing file /home/airflow/.local/lib/python3.12/site-packages/airflow/example_dags/example_params_ui_tutorial.py for tasks to queue
[2026-05-09T08:17:39.832+0000] {logging_mixin.py:188} INFO - [2026-05-09T08:17:39.832+0000] {dagbag.py:545} INFO - Filling up the DagBag from /home/airflow/.local/lib/python3.12/site-packages/airflow/example_dags/example_params_ui_tutorial.py
[2026-05-09T08:17:39.837+0000] {processor.py:840} INFO - DAG(s) 'example_params_ui_tutorial' retrieved from /home/airflow/.local/lib/python3.12/site-packages/airflow/example_dags/example_params_ui_tutorial.py
[2026-05-09T08:17:39.939+0000] {logging_mixin.py:188} INFO - [2026-05-09T08:17:39.939+0000] {dag.py:3089} INFO - Sync 1 DAGs
[2026-05-09T08:17:39.948+0000] {logging_mixin.py:188} INFO - [2026-05-09T08:17:39.948+0000] {dag.py:3947} INFO - Setting next_dagrun for example_params_ui_tutorial to None, run_after=None
[2026-05-09T08:17:39.962+0000] {processor.py:183} INFO - Processing /home/airflow/.local/lib/python3.12/site-packages/airflow/example_dags/example_params_ui_tutorial.py took 0.139 seconds
[2026-05-09T08:18:10.259+0000] {processor.py:161} INFO - Started process (PID=202) to work on /home/airflow/.local/lib/python3.12/site-packages/airflow/example_dags/example_params_ui_tutorial.py
[2026-05-09T08:18:10.260+0000] {processor.py:830} INFO - Processing file /home/airflow/.local/lib/python3.12/site-packages/airflow/example_dags/example_params_ui_tutorial.py for tasks to queue
[2026-05-09T08:18:10.262+0000] {logging_mixin.py:188} INFO - [2026-05-09T08:18:10.261+0000] {dagbag.py:545} INFO - Filling up the DagBag from /home/airflow/.local/lib/python3.12/site-packages/airflow/example_dags/example_params_ui_tutorial.py
[2026-05-09T08:18:10.268+0000] {processor.py:840} INFO - DAG(s) 'example_params_ui_tutorial' retrieved from /home/airflow/.local/lib/python3.12/site-packages/airflow/example_dags/example_params_ui_tutorial.py
[2026-05-09T08:18:10.303+0000] {logging_mixin.py:188} INFO - [2026-05-09T08:18:10.303+0000] {dag.py:3089} INFO - Sync 1 DAGs
[2026-05-09T08:18:10.313+0000] {logging_mixin.py:188} INFO - [2026-05-09T08:18:10.313+0000] {dag.py:3947} INFO - Setting next_dagrun for example_params_ui_tutorial to None, run_after=None
[2026-05-09T08:18:10.328+0000] {processor.py:183} INFO - Processing /home/airflow/.local/lib/python3.12/site-packages/airflow/example_dags/example_params_ui_tutorial.py took 0.075 seconds
[2026-05-09T08:18:41.523+0000] {processor.py:161} INFO - Started process (PID=261) to work on /home/airflow/.local/lib/python3.12/site-packages/airflow/example_dags/example_params_ui_tutorial.py
[2026-05-09T08:18:41.524+0000] {processor.py:830} INFO - Processing file /home/airflow/.local/lib/python3.12/site-packages/airflow/example_dags/example_params_ui_tutorial.py for tasks to queue
[2026-05-09T08:18:41.525+0000] {logging_mixin.py:188} INFO - [2026-05-09T08:18:41.525+0000] {dagbag.py:545} INFO - Filling up the DagBag from /home/airflow/.local/lib/python3.12/site-packages/airflow/example_dags/example_params_ui_tutorial.py
[2026-05-09T08:18:41.533+0000] {processor.py:840} INFO - DAG(s) 'example_params_ui_tutorial' retrieved from /home/airflow/.local/lib/python3.12/site-packages/airflow/example_dags/example_params_ui_tutorial.py
[2026-05-09T08:18:41.566+0000] {logging_mixin.py:188} INFO - [2026-05-09T08:18:41.566+0000] {dag.py:3089} INFO - Sync 1 DAGs
[2026-05-09T08:18:41.578+0000] {logging_mixin.py:188} INFO - [2026-05-09T08:18:41.577+0000] {dag.py:3947} INFO - Setting next_dagrun for example_params_ui_tutorial to None, run_after=None
[2026-05-09T08:18:41.591+0000] {processor.py:183} INFO - Processing /home/airflow/.local/lib/python3.12/site-packages/airflow/example_dags/example_params_ui_tutorial.py took 0.074 seconds
[2026-05-09T08:19:12.518+0000] {processor.py:161} INFO - Started process (PID=321) to work on /home/airflow/.local/lib/python3.12/site-packages/airflow/example_dags/example_params_ui_tutorial.py
[2026-05-09T08:19:12.519+0000] {processor.py:830} INFO - Processing file /home/airflow/.local/lib/python3.12/site-packages/airflow/example_dags/example_params_ui_tutorial.py for tasks to queue
[2026-05-09T08:19:12.520+0000] {logging_mixin.py:188} INFO - [2026-05-09T08:19:12.520+0000] {dagbag.py:545} INFO - Filling up the DagBag from /home/airflow/.local/lib/python3.12/site-packages/airflow/example_dags/example_params_ui_tutorial.py
[2026-05-09T08:19:12.526+0000] {processor.py:840} INFO - DAG(s) 'example_params_ui_tutorial' retrieved from /home/airflow/.local/lib/python3.12/site-packages/airflow/example_dags/example_params_ui_tutorial.py
[2026-05-09T08:19:12.559+0000] {logging_mixin.py:188} INFO - [2026-05-09T08:19:12.559+0000] {dag.py:3089} INFO - Sync 1 DAGs
[2026-05-09T08:19:12.568+0000] {logging_mixin.py:188} INFO - [2026-05-09T08:19:12.567+0000] {dag.py:3947} INFO - Setting next_dagrun for example_params_ui_tutorial to None, run_after=None
[2026-05-09T08:19:12.579+0000] {processor.py:183} INFO - Processing /home/airflow/.local/lib/python3.12/site-packages/airflow/example_dags/example_params_ui_tutorial.py took 0.067 seconds
[2026-05-09T08:19:43.299+0000] {processor.py:161} INFO - Started process (PID=380) to work on /home/airflow/.local/lib/python3.12/site-packages/airflow/example_dags/example_params_ui_tutorial.py
[2026-05-09T08:19:43.299+0000] {processor.py:830} INFO - Processing file /home/airflow/.local/lib/python3.12/site-packages/airflow/example_dags/example_params_ui_tutorial.py for tasks to queue
[2026-05-09T08:19:43.301+0000] {logging_mixin.py:188} INFO - [2026-05-09T08:19:43.301+0000] {dagbag.py:545} INFO - Filling up the DagBag from /home/airflow/.local/lib/python3.12/site-packages/airflow/example_dags/example_params_ui_tutorial.py
[2026-05-09T08:19:43.306+0000] {processor.py:840} INFO - DAG(s) 'example_params_ui_tutorial' retrieved from /home/airflow/.local/lib/python3.12/site-packages/airflow/example_dags/example_params_ui_tutorial.py
[2026-05-09T08:19:43.341+0000] {logging_mixin.py:188} INFO - [2026-05-09T08:19:43.341+0000] {dag.py:3089} INFO - Sync 1 DAGs
[2026-05-09T08:19:43.350+0000] {logging_mixin.py:188} INFO - [2026-05-09T08:19:43.350+0000] {dag.py:3947} INFO - Setting next_dagrun for example_params_ui_tutorial to None, run_after=None
[2026-05-09T08:19:43.362+0000] {processor.py:183} INFO - Processing /home/airflow/.local/lib/python3.12/site-packages/airflow/example_dags/example_params_ui_tutorial.py took 0.069 seconds
[2026-05-09T08:20:13.548+0000] {processor.py:161} INFO - Started process (PID=439) to work on /home/airflow/.local/lib/python3.12/site-packages/airflow/example_dags/example_params_ui_tutorial.py
[2026-05-09T08:20:13.549+0000] {processor.py:830} INFO - Processing file /home/airflow/.local/lib/python3.12/site-packages/airflow/example_dags/example_params_ui_tutorial.py for tasks to queue
[2026-05-09T08:20:13.551+0000] {logging_mixin.py:188} INFO - [2026-05-09T08:20:13.550+0000] {dagbag.py:545} INFO - Filling up the DagBag from /home/airflow/.local/lib/python3.12/site-packages/airflow/example_dags/example_params_ui_tutorial.py
[2026-05-09T08:20:13.556+0000] {processor.py:840} INFO - DAG(s) 'example_params_ui_tutorial' retrieved from /home/airflow/.local/lib/python3.12/site-packages/airflow/example_dags/example_params_ui_tutorial.py
[2026-05-09T08:20:13.588+0000] {logging_mixin.py:188} INFO - [2026-05-09T08:20:13.588+0000] {dag.py:3089} INFO - Sync 1 DAGs
[2026-05-09T08:20:13.597+0000] {logging_mixin.py:188} INFO - [2026-05-09T08:20:13.597+0000] {dag.py:3947} INFO - Setting next_dagrun for example_params_ui_tutorial to None, run_after=None
[2026-05-09T08:20:13.608+0000] {processor.py:183} INFO - Processing /home/airflow/.local/lib/python3.12/site-packages/airflow/example_dags/example_params_ui_tutorial.py took 0.065 seconds
[2026-05-09T08:21:02.730+0000] {processor.py:161} INFO - Started process (PID=84) to work on /home/airflow/.local/lib/python3.12/site-packages/airflow/example_dags/example_params_ui_tutorial.py
[2026-05-09T08:21:02.731+0000] {processor.py:830} INFO - Processing file /home/airflow/.local/lib/python3.12/site-packages/airflow/example_dags/example_params_ui_tutorial.py for tasks to queue
[2026-05-09T08:21:02.733+0000] {logging_mixin.py:188} INFO - [2026-05-09T08:21:02.733+0000] {dagbag.py:545} INFO - Filling up the DagBag from /home/airflow/.local/lib/python3.12/site-packages/airflow/example_dags/example_params_ui_tutorial.py
[2026-05-09T08:21:02.743+0000] {processor.py:840} INFO - DAG(s) 'example_params_ui_tutorial' retrieved from /home/airflow/.local/lib/python3.12/site-packages/airflow/example_dags/example_params_ui_tutorial.py
[2026-05-09T08:21:02.755+0000] {logging_mixin.py:188} INFO - [2026-05-09T08:21:02.755+0000] {dag.py:3089} INFO - Sync 1 DAGs
[2026-05-09T08:21:02.769+0000] {logging_mixin.py:188} INFO - [2026-05-09T08:21:02.768+0000] {dag.py:3947} INFO - Setting next_dagrun for example_params_ui_tutorial to None, run_after=None
[2026-05-09T08:21:02.785+0000] {processor.py:183} INFO - Processing /home/airflow/.local/lib/python3.12/site-packages/airflow/example_dags/example_params_ui_tutorial.py took 0.062 seconds
[2026-05-09T08:21:34.416+0000] {processor.py:161} INFO - Started process (PID=143) to work on /home/airflow/.local/lib/python3.12/site-packages/airflow/example_dags/example_params_ui_tutorial.py
[2026-05-09T08:21:34.417+0000] {processor.py:830} INFO - Processing file /home/airflow/.local/lib/python3.12/site-packages/airflow/example_dags/example_params_ui_tutorial.py for tasks to queue
[2026-05-09T08:21:34.419+0000] {logging_mixin.py:188} INFO - [2026-05-09T08:21:34.419+0000] {dagbag.py:545} INFO - Filling up the DagBag from /home/airflow/.local/lib/python3.12/site-packages/airflow/example_dags/example_params_ui_tutorial.py
[2026-05-09T08:21:34.425+0000] {processor.py:840} INFO - DAG(s) 'example_params_ui_tutorial' retrieved from /home/airflow/.local/lib/python3.12/site-packages/airflow/example_dags/example_params_ui_tutorial.py
[2026-05-09T08:21:34.522+0000] {logging_mixin.py:188} INFO - [2026-05-09T08:21:34.521+0000] {dag.py:3089} INFO - Sync 1 DAGs
[2026-05-09T08:21:34.531+0000] {logging_mixin.py:188} INFO - [2026-05-09T08:21:34.531+0000] {dag.py:3947} INFO - Setting next_dagrun for example_params_ui_tutorial to None, run_after=None
[2026-05-09T08:21:34.546+0000] {processor.py:183} INFO - Processing /home/airflow/.local/lib/python3.12/site-packages/airflow/example_dags/example_params_ui_tutorial.py took 0.135 seconds
[2026-05-09T08:22:05.455+0000] {processor.py:161} INFO - Started process (PID=202) to work on /home/airflow/.local/lib/python3.12/site-packages/airflow/example_dags/example_params_ui_tutorial.py
[2026-05-09T08:22:05.456+0000] {processor.py:830} INFO - Processing file /home/airflow/.local/lib/python3.12/site-packages/airflow/example_dags/example_params_ui_tutorial.py for tasks to queue
[2026-05-09T08:22:05.458+0000] {logging_mixin.py:188} INFO - [2026-05-09T08:22:05.457+0000] {dagbag.py:545} INFO - Filling up the DagBag from /home/airflow/.local/lib/python3.12/site-packages/airflow/example_dags/example_params_ui_tutorial.py
[2026-05-09T08:22:05.463+0000] {processor.py:840} INFO - DAG(s) 'example_params_ui_tutorial' retrieved from /home/airflow/.local/lib/python3.12/site-packages/airflow/example_dags/example_params_ui_tutorial.py
[2026-05-09T08:22:05.497+0000] {logging_mixin.py:188} INFO - [2026-05-09T08:22:05.497+0000] {dag.py:3089} INFO - Sync 1 DAGs
[2026-05-09T08:22:05.506+0000] {logging_mixin.py:188} INFO - [2026-05-09T08:22:05.506+0000] {dag.py:3947} INFO - Setting next_dagrun for example_params_ui_tutorial to None, run_after=None
[2026-05-09T08:22:05.519+0000] {processor.py:183} INFO - Processing /home/airflow/.local/lib/python3.12/site-packages/airflow/example_dags/example_params_ui_tutorial.py took 0.070 seconds
[2026-05-09T08:22:36.175+0000] {processor.py:161} INFO - Started process (PID=261) to work on /home/airflow/.local/lib/python3.12/site-packages/airflow/example_dags/example_params_ui_tutorial.py
[2026-05-09T08:22:36.176+0000] {processor.py:830} INFO - Processing file /home/airflow/.local/lib/python3.12/site-packages/airflow/example_dags/example_params_ui_tutorial.py for tasks to queue
[2026-05-09T08:22:36.178+0000] {logging_mixin.py:188} INFO - [2026-05-09T08:22:36.178+0000] {dagbag.py:545} INFO - Filling up the DagBag from /home/airflow/.local/lib/python3.12/site-packages/airflow/example_dags/example_params_ui_tutorial.py
[2026-05-09T08:22:36.184+0000] {processor.py:840} INFO - DAG(s) 'example_params_ui_tutorial' retrieved from /home/airflow/.local/lib/python3.12/site-packages/airflow/example_dags/example_params_ui_tutorial.py
[2026-05-09T08:22:36.221+0000] {logging_mixin.py:188} INFO - [2026-05-09T08:22:36.221+0000] {dag.py:3089} INFO - Sync 1 DAGs
[2026-05-09T08:22:36.234+0000] {logging_mixin.py:188} INFO - [2026-05-09T08:22:36.233+0000] {dag.py:3947} INFO - Setting next_dagrun for example_params_ui_tutorial to None, run_after=None
[2026-05-09T08:22:36.251+0000] {processor.py:183} INFO - Processing /home/airflow/.local/lib/python3.12/site-packages/airflow/example_dags/example_params_ui_tutorial.py took 0.081 seconds
[2026-05-09T08:23:07.201+0000] {processor.py:161} INFO - Started process (PID=320) to work on /home/airflow/.local/lib/python3.12/site-packages/airflow/example_dags/example_params_ui_tutorial.py
[2026-05-09T08:23:07.202+0000] {processor.py:830} INFO - Processing file /home/airflow/.local/lib/python3.12/site-packages/airflow/example_dags/example_params_ui_tutorial.py for tasks to queue
[2026-05-09T08:23:07.204+0000] {logging_mixin.py:188} INFO - [2026-05-09T08:23:07.204+0000] {dagbag.py:545} INFO - Filling up the DagBag from /home/airflow/.local/lib/python3.12/site-packages/airflow/example_dags/example_params_ui_tutorial.py
[2026-05-09T08:23:07.209+0000] {processor.py:840} INFO - DAG(s) 'example_params_ui_tutorial' retrieved from /home/airflow/.local/lib/python3.12/site-packages/airflow/example_dags/example_params_ui_tutorial.py
[2026-05-09T08:23:07.245+0000] {logging_mixin.py:188} INFO - [2026-05-09T08:23:07.245+0000] {dag.py:3089} INFO - Sync 1 DAGs
[2026-05-09T08:23:07.255+0000] {logging_mixin.py:188} INFO - [2026-05-09T08:23:07.255+0000] {dag.py:3947} INFO - Setting next_dagrun for example_params_ui_tutorial to None, run_after=None
[2026-05-09T08:23:07.268+0000] {processor.py:183} INFO - Processing /home/airflow/.local/lib/python3.12/site-packages/airflow/example_dags/example_params_ui_tutorial.py took 0.072 seconds
[2026-05-09T08:23:38.106+0000] {processor.py:161} INFO - Started process (PID=379) to work on /home/airflow/.local/lib/python3.12/site-packages/airflow/example_dags/example_params_ui_tutorial.py
[2026-05-09T08:23:38.107+0000] {processor.py:830} INFO - Processing file /home/airflow/.local/lib/python3.12/site-packages/airflow/example_dags/example_params_ui_tutorial.py for tasks to queue
[2026-05-09T08:23:38.109+0000] {logging_mixin.py:188} INFO - [2026-05-09T08:23:38.108+0000] {dagbag.py:545} INFO - Filling up the DagBag from /home/airflow/.local/lib/python3.12/site-packages/airflow/example_dags/example_params_ui_tutorial.py
[2026-05-09T08:23:38.115+0000] {processor.py:840} INFO - DAG(s) 'example_params_ui_tutorial' retrieved from /home/airflow/.local/lib/python3.12/site-packages/airflow/example_dags/example_params_ui_tutorial.py
[2026-05-09T08:23:38.156+0000] {logging_mixin.py:188} INFO - [2026-05-09T08:23:38.156+0000] {dag.py:3089} INFO - Sync 1 DAGs
[2026-05-09T08:23:38.167+0000] {logging_mixin.py:188} INFO - [2026-05-09T08:23:38.166+0000] {dag.py:3947} INFO - Setting next_dagrun for example_params_ui_tutorial to None, run_after=None
[2026-05-09T08:23:38.182+0000] {processor.py:183} INFO - Processing /home/airflow/.local/lib/python3.12/site-packages/airflow/example_dags/example_params_ui_tutorial.py took 0.083 seconds
[2026-05-09T08:24:08.265+0000] {processor.py:161} INFO - Started process (PID=438) to work on /home/airflow/.local/lib/python3.12/site-packages/airflow/example_dags/example_params_ui_tutorial.py
[2026-05-09T08:24:08.265+0000] {processor.py:830} INFO - Processing file /home/airflow/.local/lib/python3.12/site-packages/airflow/example_dags/example_params_ui_tutorial.py for tasks to queue
[2026-05-09T08:24:08.267+0000] {logging_mixin.py:188} INFO - [2026-05-09T08:24:08.267+0000] {dagbag.py:545} INFO - Filling up the DagBag from /home/airflow/.local/lib/python3.12/site-packages/airflow/example_dags/example_params_ui_tutorial.py
[2026-05-09T08:24:08.272+0000] {processor.py:840} INFO - DAG(s) 'example_params_ui_tutorial' retrieved from /home/airflow/.local/lib/python3.12/site-packages/airflow/example_dags/example_params_ui_tutorial.py
[2026-05-09T08:24:08.305+0000] {logging_mixin.py:188} INFO - [2026-05-09T08:24:08.305+0000] {dag.py:3089} INFO - Sync 1 DAGs
[2026-05-09T08:24:08.313+0000] {logging_mixin.py:188} INFO - [2026-05-09T08:24:08.313+0000] {dag.py:3947} INFO - Setting next_dagrun for example_params_ui_tutorial to None, run_after=None
[2026-05-09T08:24:08.325+0000] {processor.py:183} INFO - Processing /home/airflow/.local/lib/python3.12/site-packages/airflow/example_dags/example_params_ui_tutorial.py took 0.066 seconds
[2026-05-09T08:24:39.150+0000] {processor.py:161} INFO - Started process (PID=497) to work on /home/airflow/.local/lib/python3.12/site-packages/airflow/example_dags/example_params_ui_tutorial.py
[2026-05-09T08:24:39.151+0000] {processor.py:830} INFO - Processing file /home/airflow/.local/lib/python3.12/site-packages/airflow/example_dags/example_params_ui_tutorial.py for tasks to queue
[2026-05-09T08:24:39.153+0000] {logging_mixin.py:188} INFO - [2026-05-09T08:24:39.152+0000] {dagbag.py:545} INFO - Filling up the DagBag from /home/airflow/.local/lib/python3.12/site-packages/airflow/example_dags/example_params_ui_tutorial.py
[2026-05-09T08:24:39.158+0000] {processor.py:840} INFO - DAG(s) 'example_params_ui_tutorial' retrieved from /home/airflow/.local/lib/python3.12/site-packages/airflow/example_dags/example_params_ui_tutorial.py
[2026-05-09T08:24:39.193+0000] {logging_mixin.py:188} INFO - [2026-05-09T08:24:39.192+0000] {dag.py:3089} INFO - Sync 1 DAGs
[2026-05-09T08:24:39.203+0000] {logging_mixin.py:188} INFO - [2026-05-09T08:24:39.203+0000] {dag.py:3947} INFO - Setting next_dagrun for example_params_ui_tutorial to None, run_after=None
[2026-05-09T08:24:39.217+0000] {processor.py:183} INFO - Processing /home/airflow/.local/lib/python3.12/site-packages/airflow/example_dags/example_params_ui_tutorial.py took 0.073 seconds
[2026-05-09T08:25:43.669+0000] {processor.py:161} INFO - Started process (PID=84) to work on /home/airflow/.local/lib/python3.12/site-packages/airflow/example_dags/example_params_ui_tutorial.py
[2026-05-09T08:25:43.671+0000] {processor.py:830} INFO - Processing file /home/airflow/.local/lib/python3.12/site-packages/airflow/example_dags/example_params_ui_tutorial.py for tasks to queue
[2026-05-09T08:25:43.673+0000] {logging_mixin.py:188} INFO - [2026-05-09T08:25:43.673+0000] {dagbag.py:545} INFO - Filling up the DagBag from /home/airflow/.local/lib/python3.12/site-packages/airflow/example_dags/example_params_ui_tutorial.py
[2026-05-09T08:25:43.684+0000] {processor.py:840} INFO - DAG(s) 'example_params_ui_tutorial' retrieved from /home/airflow/.local/lib/python3.12/site-packages/airflow/example_dags/example_params_ui_tutorial.py
[2026-05-09T08:25:43.700+0000] {logging_mixin.py:188} INFO - [2026-05-09T08:25:43.699+0000] {dag.py:3089} INFO - Sync 1 DAGs
[2026-05-09T08:25:43.717+0000] {logging_mixin.py:188} INFO - [2026-05-09T08:25:43.717+0000] {dag.py:3947} INFO - Setting next_dagrun for example_params_ui_tutorial to None, run_after=None
[2026-05-09T08:25:43.740+0000] {processor.py:183} INFO - Processing /home/airflow/.local/lib/python3.12/site-packages/airflow/example_dags/example_params_ui_tutorial.py took 0.081 seconds
[2026-05-09T08:26:14.747+0000] {processor.py:161} INFO - Started process (PID=143) to work on /home/airflow/.local/lib/python3.12/site-packages/airflow/example_dags/example_params_ui_tutorial.py
[2026-05-09T08:26:14.748+0000] {processor.py:830} INFO - Processing file /home/airflow/.local/lib/python3.12/site-packages/airflow/example_dags/example_params_ui_tutorial.py for tasks to queue
[2026-05-09T08:26:14.750+0000] {logging_mixin.py:188} INFO - [2026-05-09T08:26:14.749+0000] {dagbag.py:545} INFO - Filling up the DagBag from /home/airflow/.local/lib/python3.12/site-packages/airflow/example_dags/example_params_ui_tutorial.py
[2026-05-09T08:26:14.755+0000] {processor.py:840} INFO - DAG(s) 'example_params_ui_tutorial' retrieved from /home/airflow/.local/lib/python3.12/site-packages/airflow/example_dags/example_params_ui_tutorial.py
[2026-05-09T08:26:14.847+0000] {logging_mixin.py:188} INFO - [2026-05-09T08:26:14.847+0000] {dag.py:3089} INFO - Sync 1 DAGs
[2026-05-09T08:26:14.856+0000] {logging_mixin.py:188} INFO - [2026-05-09T08:26:14.855+0000] {dag.py:3947} INFO - Setting next_dagrun for example_params_ui_tutorial to None, run_after=None
[2026-05-09T08:26:14.870+0000] {processor.py:183} INFO - Processing /home/airflow/.local/lib/python3.12/site-packages/airflow/example_dags/example_params_ui_tutorial.py took 0.129 seconds
[2026-05-09T08:26:46.036+0000] {processor.py:161} INFO - Started process (PID=202) to work on /home/airflow/.local/lib/python3.12/site-packages/airflow/example_dags/example_params_ui_tutorial.py
[2026-05-09T08:26:46.037+0000] {processor.py:830} INFO - Processing file /home/airflow/.local/lib/python3.12/site-packages/airflow/example_dags/example_params_ui_tutorial.py for tasks to queue
[2026-05-09T08:26:46.040+0000] {logging_mixin.py:188} INFO - [2026-05-09T08:26:46.039+0000] {dagbag.py:545} INFO - Filling up the DagBag from /home/airflow/.local/lib/python3.12/site-packages/airflow/example_dags/example_params_ui_tutorial.py
[2026-05-09T08:26:46.047+0000] {processor.py:840} INFO - DAG(s) 'example_params_ui_tutorial' retrieved from /home/airflow/.local/lib/python3.12/site-packages/airflow/example_dags/example_params_ui_tutorial.py
[2026-05-09T08:26:46.099+0000] {logging_mixin.py:188} INFO - [2026-05-09T08:26:46.099+0000] {dag.py:3089} INFO - Sync 1 DAGs
[2026-05-09T08:26:46.113+0000] {logging_mixin.py:188} INFO - [2026-05-09T08:26:46.113+0000] {dag.py:3947} INFO - Setting next_dagrun for example_params_ui_tutorial to None, run_after=None
[2026-05-09T08:26:46.136+0000] {processor.py:183} INFO - Processing /home/airflow/.local/lib/python3.12/site-packages/airflow/example_dags/example_params_ui_tutorial.py took 0.110 seconds
[2026-05-09T08:27:17.050+0000] {processor.py:161} INFO - Started process (PID=261) to work on /home/airflow/.local/lib/python3.12/site-packages/airflow/example_dags/example_params_ui_tutorial.py
[2026-05-09T08:27:17.051+0000] {processor.py:830} INFO - Processing file /home/airflow/.local/lib/python3.12/site-packages/airflow/example_dags/example_params_ui_tutorial.py for tasks to queue
[2026-05-09T08:27:17.053+0000] {logging_mixin.py:188} INFO - [2026-05-09T08:27:17.052+0000] {dagbag.py:545} INFO - Filling up the DagBag from /home/airflow/.local/lib/python3.12/site-packages/airflow/example_dags/example_params_ui_tutorial.py
[2026-05-09T08:27:17.058+0000] {processor.py:840} INFO - DAG(s) 'example_params_ui_tutorial' retrieved from /home/airflow/.local/lib/python3.12/site-packages/airflow/example_dags/example_params_ui_tutorial.py
[2026-05-09T08:27:17.093+0000] {logging_mixin.py:188} INFO - [2026-05-09T08:27:17.092+0000] {dag.py:3089} INFO - Sync 1 DAGs
[2026-05-09T08:27:17.101+0000] {logging_mixin.py:188} INFO - [2026-05-09T08:27:17.101+0000] {dag.py:3947} INFO - Setting next_dagrun for example_params_ui_tutorial to None, run_after=None
[2026-05-09T08:27:17.112+0000] {processor.py:183} INFO - Processing /home/airflow/.local/lib/python3.12/site-packages/airflow/example_dags/example_params_ui_tutorial.py took 0.068 seconds
[2026-05-09T08:27:47.607+0000] {processor.py:161} INFO - Started process (PID=320) to work on /home/airflow/.local/lib/python3.12/site-packages/airflow/example_dags/example_params_ui_tutorial.py
[2026-05-09T08:27:47.608+0000] {processor.py:830} INFO - Processing file /home/airflow/.local/lib/python3.12/site-packages/airflow/example_dags/example_params_ui_tutorial.py for tasks to queue
[2026-05-09T08:27:47.610+0000] {logging_mixin.py:188} INFO - [2026-05-09T08:27:47.610+0000] {dagbag.py:545} INFO - Filling up the DagBag from /home/airflow/.local/lib/python3.12/site-packages/airflow/example_dags/example_params_ui_tutorial.py
[2026-05-09T08:27:47.615+0000] {processor.py:840} INFO - DAG(s) 'example_params_ui_tutorial' retrieved from /home/airflow/.local/lib/python3.12/site-packages/airflow/example_dags/example_params_ui_tutorial.py
[2026-05-09T08:27:47.649+0000] {logging_mixin.py:188} INFO - [2026-05-09T08:27:47.649+0000] {dag.py:3089} INFO - Sync 1 DAGs
[2026-05-09T08:27:47.658+0000] {logging_mixin.py:188} INFO - [2026-05-09T08:27:47.657+0000] {dag.py:3947} INFO - Setting next_dagrun for example_params_ui_tutorial to None, run_after=None
[2026-05-09T08:27:47.670+0000] {processor.py:183} INFO - Processing /home/airflow/.local/lib/python3.12/site-packages/airflow/example_dags/example_params_ui_tutorial.py took 0.068 seconds
[2026-05-09T08:28:18.366+0000] {processor.py:161} INFO - Started process (PID=379) to work on /home/airflow/.local/lib/python3.12/site-packages/airflow/example_dags/example_params_ui_tutorial.py
[2026-05-09T08:28:18.367+0000] {processor.py:830} INFO - Processing file /home/airflow/.local/lib/python3.12/site-packages/airflow/example_dags/example_params_ui_tutorial.py for tasks to queue
[2026-05-09T08:28:18.368+0000] {logging_mixin.py:188} INFO - [2026-05-09T08:28:18.368+0000] {dagbag.py:545} INFO - Filling up the DagBag from /home/airflow/.local/lib/python3.12/site-packages/airflow/example_dags/example_params_ui_tutorial.py
[2026-05-09T08:28:18.374+0000] {processor.py:840} INFO - DAG(s) 'example_params_ui_tutorial' retrieved from /home/airflow/.local/lib/python3.12/site-packages/airflow/example_dags/example_params_ui_tutorial.py
[2026-05-09T08:28:18.406+0000] {logging_mixin.py:188} INFO - [2026-05-09T08:28:18.406+0000] {dag.py:3089} INFO - Sync 1 DAGs
[2026-05-09T08:28:18.415+0000] {logging_mixin.py:188} INFO - [2026-05-09T08:28:18.415+0000] {dag.py:3947} INFO - Setting next_dagrun for example_params_ui_tutorial to None, run_after=None
[2026-05-09T08:28:18.428+0000] {processor.py:183} INFO - Processing /home/airflow/.local/lib/python3.12/site-packages/airflow/example_dags/example_params_ui_tutorial.py took 0.067 seconds
[2026-05-09T08:28:48.735+0000] {processor.py:161} INFO - Started process (PID=438) to work on /home/airflow/.local/lib/python3.12/site-packages/airflow/example_dags/example_params_ui_tutorial.py
[2026-05-09T08:28:48.736+0000] {processor.py:830} INFO - Processing file /home/airflow/.local/lib/python3.12/site-packages/airflow/example_dags/example_params_ui_tutorial.py for tasks to queue
[2026-05-09T08:28:48.738+0000] {logging_mixin.py:188} INFO - [2026-05-09T08:28:48.737+0000] {dagbag.py:545} INFO - Filling up the DagBag from /home/airflow/.local/lib/python3.12/site-packages/airflow/example_dags/example_params_ui_tutorial.py
[2026-05-09T08:28:48.743+0000] {processor.py:840} INFO - DAG(s) 'example_params_ui_tutorial' retrieved from /home/airflow/.local/lib/python3.12/site-packages/airflow/example_dags/example_params_ui_tutorial.py
[2026-05-09T08:28:48.775+0000] {logging_mixin.py:188} INFO - [2026-05-09T08:28:48.775+0000] {dag.py:3089} INFO - Sync 1 DAGs
[2026-05-09T08:28:48.783+0000] {logging_mixin.py:188} INFO - [2026-05-09T08:28:48.783+0000] {dag.py:3947} INFO - Setting next_dagrun for example_params_ui_tutorial to None, run_after=None
[2026-05-09T08:28:48.796+0000] {processor.py:183} INFO - Processing /home/airflow/.local/lib/python3.12/site-packages/airflow/example_dags/example_params_ui_tutorial.py took 0.067 seconds
[2026-05-09T08:29:19.689+0000] {processor.py:161} INFO - Started process (PID=497) to work on /home/airflow/.local/lib/python3.12/site-packages/airflow/example_dags/example_params_ui_tutorial.py
[2026-05-09T08:29:19.690+0000] {processor.py:830} INFO - Processing file /home/airflow/.local/lib/python3.12/site-packages/airflow/example_dags/example_params_ui_tutorial.py for tasks to queue
[2026-05-09T08:29:19.692+0000] {logging_mixin.py:188} INFO - [2026-05-09T08:29:19.692+0000] {dagbag.py:545} INFO - Filling up the DagBag from /home/airflow/.local/lib/python3.12/site-packages/airflow/example_dags/example_params_ui_tutorial.py
[2026-05-09T08:29:19.698+0000] {processor.py:840} INFO - DAG(s) 'example_params_ui_tutorial' retrieved from /home/airflow/.local/lib/python3.12/site-packages/airflow/example_dags/example_params_ui_tutorial.py
[2026-05-09T08:29:19.737+0000] {logging_mixin.py:188} INFO - [2026-05-09T08:29:19.737+0000] {dag.py:3089} INFO - Sync 1 DAGs
[2026-05-09T08:29:19.749+0000] {logging_mixin.py:188} INFO - [2026-05-09T08:29:19.749+0000] {dag.py:3947} INFO - Setting next_dagrun for example_params_ui_tutorial to None, run_after=None
[2026-05-09T08:29:19.765+0000] {processor.py:183} INFO - Processing /home/airflow/.local/lib/python3.12/site-packages/airflow/example_dags/example_params_ui_tutorial.py took 0.082 seconds
[2026-05-09T08:29:50.174+0000] {processor.py:161} INFO - Started process (PID=556) to work on /home/airflow/.local/lib/python3.12/site-packages/airflow/example_dags/example_params_ui_tutorial.py
[2026-05-09T08:29:50.175+0000] {processor.py:830} INFO - Processing file /home/airflow/.local/lib/python3.12/site-packages/airflow/example_dags/example_params_ui_tutorial.py for tasks to queue
[2026-05-09T08:29:50.177+0000] {logging_mixin.py:188} INFO - [2026-05-09T08:29:50.176+0000] {dagbag.py:545} INFO - Filling up the DagBag from /home/airflow/.local/lib/python3.12/site-packages/airflow/example_dags/example_params_ui_tutorial.py
[2026-05-09T08:29:50.183+0000] {processor.py:840} INFO - DAG(s) 'example_params_ui_tutorial' retrieved from /home/airflow/.local/lib/python3.12/site-packages/airflow/example_dags/example_params_ui_tutorial.py
[2026-05-09T08:29:50.222+0000] {logging_mixin.py:188} INFO - [2026-05-09T08:29:50.222+0000] {dag.py:3089} INFO - Sync 1 DAGs
[2026-05-09T08:29:50.234+0000] {logging_mixin.py:188} INFO - [2026-05-09T08:29:50.234+0000] {dag.py:3947} INFO - Setting next_dagrun for example_params_ui_tutorial to None, run_after=None
[2026-05-09T08:29:50.251+0000] {processor.py:183} INFO - Processing /home/airflow/.local/lib/python3.12/site-packages/airflow/example_dags/example_params_ui_tutorial.py took 0.082 seconds
[2026-05-09T08:30:20.976+0000] {processor.py:161} INFO - Started process (PID=615) to work on /home/airflow/.local/lib/python3.12/site-packages/airflow/example_dags/example_params_ui_tutorial.py
[2026-05-09T08:30:20.976+0000] {processor.py:830} INFO - Processing file /home/airflow/.local/lib/python3.12/site-packages/airflow/example_dags/example_params_ui_tutorial.py for tasks to queue
[2026-05-09T08:30:20.978+0000] {logging_mixin.py:188} INFO - [2026-05-09T08:30:20.978+0000] {dagbag.py:545} INFO - Filling up the DagBag from /home/airflow/.local/lib/python3.12/site-packages/airflow/example_dags/example_params_ui_tutorial.py
[2026-05-09T08:30:20.984+0000] {processor.py:840} INFO - DAG(s) 'example_params_ui_tutorial' retrieved from /home/airflow/.local/lib/python3.12/site-packages/airflow/example_dags/example_params_ui_tutorial.py
[2026-05-09T08:30:21.016+0000] {logging_mixin.py:188} INFO - [2026-05-09T08:30:21.016+0000] {dag.py:3089} INFO - Sync 1 DAGs
[2026-05-09T08:30:21.024+0000] {logging_mixin.py:188} INFO - [2026-05-09T08:30:21.024+0000] {dag.py:3947} INFO - Setting next_dagrun for example_params_ui_tutorial to None, run_after=None
[2026-05-09T08:30:21.037+0000] {processor.py:183} INFO - Processing /home/airflow/.local/lib/python3.12/site-packages/airflow/example_dags/example_params_ui_tutorial.py took 0.066 seconds
[2026-05-09T08:30:51.200+0000] {processor.py:161} INFO - Started process (PID=674) to work on /home/airflow/.local/lib/python3.12/site-packages/airflow/example_dags/example_params_ui_tutorial.py
[2026-05-09T08:30:51.201+0000] {processor.py:830} INFO - Processing file /home/airflow/.local/lib/python3.12/site-packages/airflow/example_dags/example_params_ui_tutorial.py for tasks to queue
[2026-05-09T08:30:51.203+0000] {logging_mixin.py:188} INFO - [2026-05-09T08:30:51.203+0000] {dagbag.py:545} INFO - Filling up the DagBag from /home/airflow/.local/lib/python3.12/site-packages/airflow/example_dags/example_params_ui_tutorial.py
[2026-05-09T08:30:51.209+0000] {processor.py:840} INFO - DAG(s) 'example_params_ui_tutorial' retrieved from /home/airflow/.local/lib/python3.12/site-packages/airflow/example_dags/example_params_ui_tutorial.py
[2026-05-09T08:30:51.248+0000] {logging_mixin.py:188} INFO - [2026-05-09T08:30:51.248+0000] {dag.py:3089} INFO - Sync 1 DAGs
[2026-05-09T08:30:51.258+0000] {logging_mixin.py:188} INFO - [2026-05-09T08:30:51.258+0000] {dag.py:3947} INFO - Setting next_dagrun for example_params_ui_tutorial to None, run_after=None
[2026-05-09T08:30:51.272+0000] {processor.py:183} INFO - Processing /home/airflow/.local/lib/python3.12/site-packages/airflow/example_dags/example_params_ui_tutorial.py took 0.078 seconds
[2026-05-09T08:31:21.377+0000] {processor.py:161} INFO - Started process (PID=733) to work on /home/airflow/.local/lib/python3.12/site-packages/airflow/example_dags/example_params_ui_tutorial.py
[2026-05-09T08:31:21.378+0000] {processor.py:830} INFO - Processing file /home/airflow/.local/lib/python3.12/site-packages/airflow/example_dags/example_params_ui_tutorial.py for tasks to queue
[2026-05-09T08:31:21.380+0000] {logging_mixin.py:188} INFO - [2026-05-09T08:31:21.379+0000] {dagbag.py:545} INFO - Filling up the DagBag from /home/airflow/.local/lib/python3.12/site-packages/airflow/example_dags/example_params_ui_tutorial.py
[2026-05-09T08:31:21.385+0000] {processor.py:840} INFO - DAG(s) 'example_params_ui_tutorial' retrieved from /home/airflow/.local/lib/python3.12/site-packages/airflow/example_dags/example_params_ui_tutorial.py
[2026-05-09T08:31:21.417+0000] {logging_mixin.py:188} INFO - [2026-05-09T08:31:21.416+0000] {dag.py:3089} INFO - Sync 1 DAGs
[2026-05-09T08:31:21.425+0000] {logging_mixin.py:188} INFO - [2026-05-09T08:31:21.425+0000] {dag.py:3947} INFO - Setting next_dagrun for example_params_ui_tutorial to None, run_after=None
[2026-05-09T08:31:21.439+0000] {processor.py:183} INFO - Processing /home/airflow/.local/lib/python3.12/site-packages/airflow/example_dags/example_params_ui_tutorial.py took 0.068 seconds
[2026-05-09T08:31:51.583+0000] {processor.py:161} INFO - Started process (PID=792) to work on /home/airflow/.local/lib/python3.12/site-packages/airflow/example_dags/example_params_ui_tutorial.py
[2026-05-09T08:31:51.584+0000] {processor.py:830} INFO - Processing file /home/airflow/.local/lib/python3.12/site-packages/airflow/example_dags/example_params_ui_tutorial.py for tasks to queue
[2026-05-09T08:31:51.586+0000] {logging_mixin.py:188} INFO - [2026-05-09T08:31:51.586+0000] {dagbag.py:545} INFO - Filling up the DagBag from /home/airflow/.local/lib/python3.12/site-packages/airflow/example_dags/example_params_ui_tutorial.py
[2026-05-09T08:31:51.591+0000] {processor.py:840} INFO - DAG(s) 'example_params_ui_tutorial' retrieved from /home/airflow/.local/lib/python3.12/site-packages/airflow/example_dags/example_params_ui_tutorial.py
[2026-05-09T08:31:51.624+0000] {logging_mixin.py:188} INFO - [2026-05-09T08:31:51.624+0000] {dag.py:3089} INFO - Sync 1 DAGs
[2026-05-09T08:31:51.632+0000] {logging_mixin.py:188} INFO - [2026-05-09T08:31:51.632+0000] {dag.py:3947} INFO - Setting next_dagrun for example_params_ui_tutorial to None, run_after=None
[2026-05-09T08:31:51.643+0000] {processor.py:183} INFO - Processing /home/airflow/.local/lib/python3.12/site-packages/airflow/example_dags/example_params_ui_tutorial.py took 0.065 seconds
[2026-05-09T08:32:22.488+0000] {processor.py:161} INFO - Started process (PID=851) to work on /home/airflow/.local/lib/python3.12/site-packages/airflow/example_dags/example_params_ui_tutorial.py
[2026-05-09T08:32:22.489+0000] {processor.py:830} INFO - Processing file /home/airflow/.local/lib/python3.12/site-packages/airflow/example_dags/example_params_ui_tutorial.py for tasks to queue
[2026-05-09T08:32:22.491+0000] {logging_mixin.py:188} INFO - [2026-05-09T08:32:22.491+0000] {dagbag.py:545} INFO - Filling up the DagBag from /home/airflow/.local/lib/python3.12/site-packages/airflow/example_dags/example_params_ui_tutorial.py
[2026-05-09T08:32:22.497+0000] {processor.py:840} INFO - DAG(s) 'example_params_ui_tutorial' retrieved from /home/airflow/.local/lib/python3.12/site-packages/airflow/example_dags/example_params_ui_tutorial.py
[2026-05-09T08:32:22.535+0000] {logging_mixin.py:188} INFO - [2026-05-09T08:32:22.534+0000] {dag.py:3089} INFO - Sync 1 DAGs
[2026-05-09T08:32:22.545+0000] {logging_mixin.py:188} INFO - [2026-05-09T08:32:22.545+0000] {dag.py:3947} INFO - Setting next_dagrun for example_params_ui_tutorial to None, run_after=None
[2026-05-09T08:32:22.558+0000] {processor.py:183} INFO - Processing /home/airflow/.local/lib/python3.12/site-packages/airflow/example_dags/example_params_ui_tutorial.py took 0.077 seconds
[2026-05-09T09:12:11.545+0000] {processor.py:161} INFO - Started process (PID=84) to work on /home/airflow/.local/lib/python3.12/site-packages/airflow/example_dags/example_params_ui_tutorial.py
[2026-05-09T09:12:11.546+0000] {processor.py:830} INFO - Processing file /home/airflow/.local/lib/python3.12/site-packages/airflow/example_dags/example_params_ui_tutorial.py for tasks to queue
[2026-05-09T09:12:11.547+0000] {logging_mixin.py:188} INFO - [2026-05-09T09:12:11.547+0000] {dagbag.py:545} INFO - Filling up the DagBag from /home/airflow/.local/lib/python3.12/site-packages/airflow/example_dags/example_params_ui_tutorial.py
[2026-05-09T09:12:11.556+0000] {processor.py:840} INFO - DAG(s) 'example_params_ui_tutorial' retrieved from /home/airflow/.local/lib/python3.12/site-packages/airflow/example_dags/example_params_ui_tutorial.py
[2026-05-09T09:12:11.567+0000] {logging_mixin.py:188} INFO - [2026-05-09T09:12:11.567+0000] {dag.py:3089} INFO - Sync 1 DAGs
[2026-05-09T09:12:11.578+0000] {logging_mixin.py:188} INFO - [2026-05-09T09:12:11.578+0000] {dag.py:3947} INFO - Setting next_dagrun for example_params_ui_tutorial to None, run_after=None
[2026-05-09T09:12:11.593+0000] {processor.py:183} INFO - Processing /home/airflow/.local/lib/python3.12/site-packages/airflow/example_dags/example_params_ui_tutorial.py took 0.055 seconds
[2026-05-09T09:12:42.730+0000] {processor.py:161} INFO - Started process (PID=143) to work on /home/airflow/.local/lib/python3.12/site-packages/airflow/example_dags/example_params_ui_tutorial.py
[2026-05-09T09:12:42.731+0000] {processor.py:830} INFO - Processing file /home/airflow/.local/lib/python3.12/site-packages/airflow/example_dags/example_params_ui_tutorial.py for tasks to queue
[2026-05-09T09:12:42.733+0000] {logging_mixin.py:188} INFO - [2026-05-09T09:12:42.733+0000] {dagbag.py:545} INFO - Filling up the DagBag from /home/airflow/.local/lib/python3.12/site-packages/airflow/example_dags/example_params_ui_tutorial.py
[2026-05-09T09:12:42.738+0000] {processor.py:840} INFO - DAG(s) 'example_params_ui_tutorial' retrieved from /home/airflow/.local/lib/python3.12/site-packages/airflow/example_dags/example_params_ui_tutorial.py
[2026-05-09T09:12:42.832+0000] {logging_mixin.py:188} INFO - [2026-05-09T09:12:42.832+0000] {dag.py:3089} INFO - Sync 1 DAGs
[2026-05-09T09:12:42.841+0000] {logging_mixin.py:188} INFO - [2026-05-09T09:12:42.841+0000] {dag.py:3947} INFO - Setting next_dagrun for example_params_ui_tutorial to None, run_after=None
[2026-05-09T09:12:42.855+0000] {processor.py:183} INFO - Processing /home/airflow/.local/lib/python3.12/site-packages/airflow/example_dags/example_params_ui_tutorial.py took 0.131 seconds
[2026-05-09T09:13:12.899+0000] {processor.py:161} INFO - Started process (PID=202) to work on /home/airflow/.local/lib/python3.12/site-packages/airflow/example_dags/example_params_ui_tutorial.py
[2026-05-09T09:13:12.899+0000] {processor.py:830} INFO - Processing file /home/airflow/.local/lib/python3.12/site-packages/airflow/example_dags/example_params_ui_tutorial.py for tasks to queue
[2026-05-09T09:13:12.901+0000] {logging_mixin.py:188} INFO - [2026-05-09T09:13:12.900+0000] {dagbag.py:545} INFO - Filling up the DagBag from /home/airflow/.local/lib/python3.12/site-packages/airflow/example_dags/example_params_ui_tutorial.py
[2026-05-09T09:13:12.906+0000] {processor.py:840} INFO - DAG(s) 'example_params_ui_tutorial' retrieved from /home/airflow/.local/lib/python3.12/site-packages/airflow/example_dags/example_params_ui_tutorial.py
[2026-05-09T09:13:12.940+0000] {logging_mixin.py:188} INFO - [2026-05-09T09:13:12.940+0000] {dag.py:3089} INFO - Sync 1 DAGs
[2026-05-09T09:13:12.950+0000] {logging_mixin.py:188} INFO - [2026-05-09T09:13:12.950+0000] {dag.py:3947} INFO - Setting next_dagrun for example_params_ui_tutorial to None, run_after=None
[2026-05-09T09:13:12.963+0000] {processor.py:183} INFO - Processing /home/airflow/.local/lib/python3.12/site-packages/airflow/example_dags/example_params_ui_tutorial.py took 0.070 seconds
[2026-05-09T09:13:43.299+0000] {processor.py:161} INFO - Started process (PID=261) to work on /home/airflow/.local/lib/python3.12/site-packages/airflow/example_dags/example_params_ui_tutorial.py
[2026-05-09T09:13:43.299+0000] {processor.py:830} INFO - Processing file /home/airflow/.local/lib/python3.12/site-packages/airflow/example_dags/example_params_ui_tutorial.py for tasks to queue
[2026-05-09T09:13:43.301+0000] {logging_mixin.py:188} INFO - [2026-05-09T09:13:43.301+0000] {dagbag.py:545} INFO - Filling up the DagBag from /home/airflow/.local/lib/python3.12/site-packages/airflow/example_dags/example_params_ui_tutorial.py
[2026-05-09T09:13:43.306+0000] {processor.py:840} INFO - DAG(s) 'example_params_ui_tutorial' retrieved from /home/airflow/.local/lib/python3.12/site-packages/airflow/example_dags/example_params_ui_tutorial.py
[2026-05-09T09:13:43.340+0000] {logging_mixin.py:188} INFO - [2026-05-09T09:13:43.340+0000] {dag.py:3089} INFO - Sync 1 DAGs
[2026-05-09T09:13:43.349+0000] {logging_mixin.py:188} INFO - [2026-05-09T09:13:43.349+0000] {dag.py:3947} INFO - Setting next_dagrun for example_params_ui_tutorial to None, run_after=None
[2026-05-09T09:13:43.363+0000] {processor.py:183} INFO - Processing /home/airflow/.local/lib/python3.12/site-packages/airflow/example_dags/example_params_ui_tutorial.py took 0.069 seconds
[2026-05-09T09:14:14.603+0000] {processor.py:161} INFO - Started process (PID=320) to work on /home/airflow/.local/lib/python3.12/site-packages/airflow/example_dags/example_params_ui_tutorial.py
[2026-05-09T09:14:14.603+0000] {processor.py:830} INFO - Processing file /home/airflow/.local/lib/python3.12/site-packages/airflow/example_dags/example_params_ui_tutorial.py for tasks to queue
[2026-05-09T09:14:14.605+0000] {logging_mixin.py:188} INFO - [2026-05-09T09:14:14.605+0000] {dagbag.py:545} INFO - Filling up the DagBag from /home/airflow/.local/lib/python3.12/site-packages/airflow/example_dags/example_params_ui_tutorial.py
[2026-05-09T09:14:14.611+0000] {processor.py:840} INFO - DAG(s) 'example_params_ui_tutorial' retrieved from /home/airflow/.local/lib/python3.12/site-packages/airflow/example_dags/example_params_ui_tutorial.py
[2026-05-09T09:14:14.646+0000] {logging_mixin.py:188} INFO - [2026-05-09T09:14:14.646+0000] {dag.py:3089} INFO - Sync 1 DAGs
[2026-05-09T09:14:14.655+0000] {logging_mixin.py:188} INFO - [2026-05-09T09:14:14.655+0000] {dag.py:3947} INFO - Setting next_dagrun for example_params_ui_tutorial to None, run_after=None
[2026-05-09T09:14:14.669+0000] {processor.py:183} INFO - Processing /home/airflow/.local/lib/python3.12/site-packages/airflow/example_dags/example_params_ui_tutorial.py took 0.072 seconds
[2026-05-09T09:14:45.737+0000] {processor.py:161} INFO - Started process (PID=379) to work on /home/airflow/.local/lib/python3.12/site-packages/airflow/example_dags/example_params_ui_tutorial.py
[2026-05-09T09:14:45.738+0000] {processor.py:830} INFO - Processing file /home/airflow/.local/lib/python3.12/site-packages/airflow/example_dags/example_params_ui_tutorial.py for tasks to queue
[2026-05-09T09:14:45.740+0000] {logging_mixin.py:188} INFO - [2026-05-09T09:14:45.739+0000] {dagbag.py:545} INFO - Filling up the DagBag from /home/airflow/.local/lib/python3.12/site-packages/airflow/example_dags/example_params_ui_tutorial.py
[2026-05-09T09:14:45.746+0000] {processor.py:840} INFO - DAG(s) 'example_params_ui_tutorial' retrieved from /home/airflow/.local/lib/python3.12/site-packages/airflow/example_dags/example_params_ui_tutorial.py
[2026-05-09T09:14:45.781+0000] {logging_mixin.py:188} INFO - [2026-05-09T09:14:45.781+0000] {dag.py:3089} INFO - Sync 1 DAGs
[2026-05-09T09:14:45.789+0000] {logging_mixin.py:188} INFO - [2026-05-09T09:14:45.789+0000] {dag.py:3947} INFO - Setting next_dagrun for example_params_ui_tutorial to None, run_after=None
[2026-05-09T09:14:45.803+0000] {processor.py:183} INFO - Processing /home/airflow/.local/lib/python3.12/site-packages/airflow/example_dags/example_params_ui_tutorial.py took 0.072 seconds
[2026-05-09T09:15:16.689+0000] {processor.py:161} INFO - Started process (PID=438) to work on /home/airflow/.local/lib/python3.12/site-packages/airflow/example_dags/example_params_ui_tutorial.py
[2026-05-09T09:15:16.690+0000] {processor.py:830} INFO - Processing file /home/airflow/.local/lib/python3.12/site-packages/airflow/example_dags/example_params_ui_tutorial.py for tasks to queue
[2026-05-09T09:15:16.691+0000] {logging_mixin.py:188} INFO - [2026-05-09T09:15:16.691+0000] {dagbag.py:545} INFO - Filling up the DagBag from /home/airflow/.local/lib/python3.12/site-packages/airflow/example_dags/example_params_ui_tutorial.py
[2026-05-09T09:15:16.698+0000] {processor.py:840} INFO - DAG(s) 'example_params_ui_tutorial' retrieved from /home/airflow/.local/lib/python3.12/site-packages/airflow/example_dags/example_params_ui_tutorial.py
[2026-05-09T09:15:16.740+0000] {logging_mixin.py:188} INFO - [2026-05-09T09:15:16.740+0000] {dag.py:3089} INFO - Sync 1 DAGs
[2026-05-09T09:15:16.751+0000] {logging_mixin.py:188} INFO - [2026-05-09T09:15:16.751+0000] {dag.py:3947} INFO - Setting next_dagrun for example_params_ui_tutorial to None, run_after=None
[2026-05-09T09:15:16.767+0000] {processor.py:183} INFO - Processing /home/airflow/.local/lib/python3.12/site-packages/airflow/example_dags/example_params_ui_tutorial.py took 0.085 seconds
[2026-05-09T09:15:46.806+0000] {processor.py:161} INFO - Started process (PID=497) to work on /home/airflow/.local/lib/python3.12/site-packages/airflow/example_dags/example_params_ui_tutorial.py
[2026-05-09T09:15:46.807+0000] {processor.py:830} INFO - Processing file /home/airflow/.local/lib/python3.12/site-packages/airflow/example_dags/example_params_ui_tutorial.py for tasks to queue
[2026-05-09T09:15:46.808+0000] {logging_mixin.py:188} INFO - [2026-05-09T09:15:46.808+0000] {dagbag.py:545} INFO - Filling up the DagBag from /home/airflow/.local/lib/python3.12/site-packages/airflow/example_dags/example_params_ui_tutorial.py
[2026-05-09T09:15:46.814+0000] {processor.py:840} INFO - DAG(s) 'example_params_ui_tutorial' retrieved from /home/airflow/.local/lib/python3.12/site-packages/airflow/example_dags/example_params_ui_tutorial.py
[2026-05-09T09:15:46.848+0000] {logging_mixin.py:188} INFO - [2026-05-09T09:15:46.848+0000] {dag.py:3089} INFO - Sync 1 DAGs
[2026-05-09T09:15:46.859+0000] {logging_mixin.py:188} INFO - [2026-05-09T09:15:46.859+0000] {dag.py:3947} INFO - Setting next_dagrun for example_params_ui_tutorial to None, run_after=None
[2026-05-09T09:15:46.873+0000] {processor.py:183} INFO - Processing /home/airflow/.local/lib/python3.12/site-packages/airflow/example_dags/example_params_ui_tutorial.py took 0.072 seconds
[2026-05-09T09:16:17.795+0000] {processor.py:161} INFO - Started process (PID=556) to work on /home/airflow/.local/lib/python3.12/site-packages/airflow/example_dags/example_params_ui_tutorial.py
[2026-05-09T09:16:17.796+0000] {processor.py:830} INFO - Processing file /home/airflow/.local/lib/python3.12/site-packages/airflow/example_dags/example_params_ui_tutorial.py for tasks to queue
[2026-05-09T09:16:17.798+0000] {logging_mixin.py:188} INFO - [2026-05-09T09:16:17.798+0000] {dagbag.py:545} INFO - Filling up the DagBag from /home/airflow/.local/lib/python3.12/site-packages/airflow/example_dags/example_params_ui_tutorial.py
[2026-05-09T09:16:17.803+0000] {processor.py:840} INFO - DAG(s) 'example_params_ui_tutorial' retrieved from /home/airflow/.local/lib/python3.12/site-packages/airflow/example_dags/example_params_ui_tutorial.py
[2026-05-09T09:16:17.837+0000] {logging_mixin.py:188} INFO - [2026-05-09T09:16:17.837+0000] {dag.py:3089} INFO - Sync 1 DAGs
[2026-05-09T09:16:17.846+0000] {logging_mixin.py:188} INFO - [2026-05-09T09:16:17.846+0000] {dag.py:3947} INFO - Setting next_dagrun for example_params_ui_tutorial to None, run_after=None
[2026-05-09T09:16:17.859+0000] {processor.py:183} INFO - Processing /home/airflow/.local/lib/python3.12/site-packages/airflow/example_dags/example_params_ui_tutorial.py took 0.070 seconds
[2026-05-09T09:16:49.151+0000] {processor.py:161} INFO - Started process (PID=615) to work on /home/airflow/.local/lib/python3.12/site-packages/airflow/example_dags/example_params_ui_tutorial.py
[2026-05-09T09:16:49.152+0000] {processor.py:830} INFO - Processing file /home/airflow/.local/lib/python3.12/site-packages/airflow/example_dags/example_params_ui_tutorial.py for tasks to queue
[2026-05-09T09:16:49.154+0000] {logging_mixin.py:188} INFO - [2026-05-09T09:16:49.153+0000] {dagbag.py:545} INFO - Filling up the DagBag from /home/airflow/.local/lib/python3.12/site-packages/airflow/example_dags/example_params_ui_tutorial.py
[2026-05-09T09:16:49.159+0000] {processor.py:840} INFO - DAG(s) 'example_params_ui_tutorial' retrieved from /home/airflow/.local/lib/python3.12/site-packages/airflow/example_dags/example_params_ui_tutorial.py
[2026-05-09T09:16:49.193+0000] {logging_mixin.py:188} INFO - [2026-05-09T09:16:49.193+0000] {dag.py:3089} INFO - Sync 1 DAGs
[2026-05-09T09:16:49.202+0000] {logging_mixin.py:188} INFO - [2026-05-09T09:16:49.202+0000] {dag.py:3947} INFO - Setting next_dagrun for example_params_ui_tutorial to None, run_after=None
[2026-05-09T09:16:49.215+0000] {processor.py:183} INFO - Processing /home/airflow/.local/lib/python3.12/site-packages/airflow/example_dags/example_params_ui_tutorial.py took 0.070 seconds
[2026-05-09T09:17:20.367+0000] {processor.py:161} INFO - Started process (PID=674) to work on /home/airflow/.local/lib/python3.12/site-packages/airflow/example_dags/example_params_ui_tutorial.py
[2026-05-09T09:17:20.368+0000] {processor.py:830} INFO - Processing file /home/airflow/.local/lib/python3.12/site-packages/airflow/example_dags/example_params_ui_tutorial.py for tasks to queue
[2026-05-09T09:17:20.369+0000] {logging_mixin.py:188} INFO - [2026-05-09T09:17:20.369+0000] {dagbag.py:545} INFO - Filling up the DagBag from /home/airflow/.local/lib/python3.12/site-packages/airflow/example_dags/example_params_ui_tutorial.py
[2026-05-09T09:17:20.375+0000] {processor.py:840} INFO - DAG(s) 'example_params_ui_tutorial' retrieved from /home/airflow/.local/lib/python3.12/site-packages/airflow/example_dags/example_params_ui_tutorial.py
[2026-05-09T09:17:20.409+0000] {logging_mixin.py:188} INFO - [2026-05-09T09:17:20.409+0000] {dag.py:3089} INFO - Sync 1 DAGs
[2026-05-09T09:17:20.419+0000] {logging_mixin.py:188} INFO - [2026-05-09T09:17:20.418+0000] {dag.py:3947} INFO - Setting next_dagrun for example_params_ui_tutorial to None, run_after=None
[2026-05-09T09:17:20.432+0000] {processor.py:183} INFO - Processing /home/airflow/.local/lib/python3.12/site-packages/airflow/example_dags/example_params_ui_tutorial.py took 0.071 seconds
[2026-05-09T09:17:51.562+0000] {processor.py:161} INFO - Started process (PID=733) to work on /home/airflow/.local/lib/python3.12/site-packages/airflow/example_dags/example_params_ui_tutorial.py
[2026-05-09T09:17:51.563+0000] {processor.py:830} INFO - Processing file /home/airflow/.local/lib/python3.12/site-packages/airflow/example_dags/example_params_ui_tutorial.py for tasks to queue
[2026-05-09T09:17:51.564+0000] {logging_mixin.py:188} INFO - [2026-05-09T09:17:51.564+0000] {dagbag.py:545} INFO - Filling up the DagBag from /home/airflow/.local/lib/python3.12/site-packages/airflow/example_dags/example_params_ui_tutorial.py
[2026-05-09T09:17:51.569+0000] {processor.py:840} INFO - DAG(s) 'example_params_ui_tutorial' retrieved from /home/airflow/.local/lib/python3.12/site-packages/airflow/example_dags/example_params_ui_tutorial.py
[2026-05-09T09:17:51.605+0000] {logging_mixin.py:188} INFO - [2026-05-09T09:17:51.604+0000] {dag.py:3089} INFO - Sync 1 DAGs
[2026-05-09T09:17:51.613+0000] {logging_mixin.py:188} INFO - [2026-05-09T09:17:51.613+0000] {dag.py:3947} INFO - Setting next_dagrun for example_params_ui_tutorial to None, run_after=None
[2026-05-09T09:17:51.625+0000] {processor.py:183} INFO - Processing /home/airflow/.local/lib/python3.12/site-packages/airflow/example_dags/example_params_ui_tutorial.py took 0.068 seconds
[2026-05-09T09:18:22.348+0000] {processor.py:161} INFO - Started process (PID=792) to work on /home/airflow/.local/lib/python3.12/site-packages/airflow/example_dags/example_params_ui_tutorial.py
[2026-05-09T09:18:22.350+0000] {processor.py:830} INFO - Processing file /home/airflow/.local/lib/python3.12/site-packages/airflow/example_dags/example_params_ui_tutorial.py for tasks to queue
[2026-05-09T09:18:22.351+0000] {logging_mixin.py:188} INFO - [2026-05-09T09:18:22.351+0000] {dagbag.py:545} INFO - Filling up the DagBag from /home/airflow/.local/lib/python3.12/site-packages/airflow/example_dags/example_params_ui_tutorial.py
[2026-05-09T09:18:22.357+0000] {processor.py:840} INFO - DAG(s) 'example_params_ui_tutorial' retrieved from /home/airflow/.local/lib/python3.12/site-packages/airflow/example_dags/example_params_ui_tutorial.py
[2026-05-09T09:18:22.393+0000] {logging_mixin.py:188} INFO - [2026-05-09T09:18:22.392+0000] {dag.py:3089} INFO - Sync 1 DAGs
[2026-05-09T09:18:22.401+0000] {logging_mixin.py:188} INFO - [2026-05-09T09:18:22.401+0000] {dag.py:3947} INFO - Setting next_dagrun for example_params_ui_tutorial to None, run_after=None
[2026-05-09T09:18:22.413+0000] {processor.py:183} INFO - Processing /home/airflow/.local/lib/python3.12/site-packages/airflow/example_dags/example_params_ui_tutorial.py took 0.071 seconds
[2026-05-09T09:18:53.720+0000] {processor.py:161} INFO - Started process (PID=851) to work on /home/airflow/.local/lib/python3.12/site-packages/airflow/example_dags/example_params_ui_tutorial.py
[2026-05-09T09:18:53.721+0000] {processor.py:830} INFO - Processing file /home/airflow/.local/lib/python3.12/site-packages/airflow/example_dags/example_params_ui_tutorial.py for tasks to queue
[2026-05-09T09:18:53.722+0000] {logging_mixin.py:188} INFO - [2026-05-09T09:18:53.722+0000] {dagbag.py:545} INFO - Filling up the DagBag from /home/airflow/.local/lib/python3.12/site-packages/airflow/example_dags/example_params_ui_tutorial.py
[2026-05-09T09:18:53.728+0000] {processor.py:840} INFO - DAG(s) 'example_params_ui_tutorial' retrieved from /home/airflow/.local/lib/python3.12/site-packages/airflow/example_dags/example_params_ui_tutorial.py
[2026-05-09T09:18:53.761+0000] {logging_mixin.py:188} INFO - [2026-05-09T09:18:53.760+0000] {dag.py:3089} INFO - Sync 1 DAGs
[2026-05-09T09:18:53.770+0000] {logging_mixin.py:188} INFO - [2026-05-09T09:18:53.770+0000] {dag.py:3947} INFO - Setting next_dagrun for example_params_ui_tutorial to None, run_after=None
[2026-05-09T09:18:53.786+0000] {processor.py:183} INFO - Processing /home/airflow/.local/lib/python3.12/site-packages/airflow/example_dags/example_params_ui_tutorial.py took 0.071 seconds
[2026-05-09T09:19:24.786+0000] {processor.py:161} INFO - Started process (PID=910) to work on /home/airflow/.local/lib/python3.12/site-packages/airflow/example_dags/example_params_ui_tutorial.py
[2026-05-09T09:19:24.787+0000] {processor.py:830} INFO - Processing file /home/airflow/.local/lib/python3.12/site-packages/airflow/example_dags/example_params_ui_tutorial.py for tasks to queue
[2026-05-09T09:19:24.789+0000] {logging_mixin.py:188} INFO - [2026-05-09T09:19:24.789+0000] {dagbag.py:545} INFO - Filling up the DagBag from /home/airflow/.local/lib/python3.12/site-packages/airflow/example_dags/example_params_ui_tutorial.py
[2026-05-09T09:19:24.794+0000] {processor.py:840} INFO - DAG(s) 'example_params_ui_tutorial' retrieved from /home/airflow/.local/lib/python3.12/site-packages/airflow/example_dags/example_params_ui_tutorial.py
[2026-05-09T09:19:24.829+0000] {logging_mixin.py:188} INFO - [2026-05-09T09:19:24.829+0000] {dag.py:3089} INFO - Sync 1 DAGs
[2026-05-09T09:19:24.838+0000] {logging_mixin.py:188} INFO - [2026-05-09T09:19:24.837+0000] {dag.py:3947} INFO - Setting next_dagrun for example_params_ui_tutorial to None, run_after=None
[2026-05-09T09:19:24.849+0000] {processor.py:183} INFO - Processing /home/airflow/.local/lib/python3.12/site-packages/airflow/example_dags/example_params_ui_tutorial.py took 0.068 seconds
[2026-05-09T09:19:56.169+0000] {processor.py:161} INFO - Started process (PID=969) to work on /home/airflow/.local/lib/python3.12/site-packages/airflow/example_dags/example_params_ui_tutorial.py
[2026-05-09T09:19:56.170+0000] {processor.py:830} INFO - Processing file /home/airflow/.local/lib/python3.12/site-packages/airflow/example_dags/example_params_ui_tutorial.py for tasks to queue
[2026-05-09T09:19:56.172+0000] {logging_mixin.py:188} INFO - [2026-05-09T09:19:56.172+0000] {dagbag.py:545} INFO - Filling up the DagBag from /home/airflow/.local/lib/python3.12/site-packages/airflow/example_dags/example_params_ui_tutorial.py
[2026-05-09T09:19:56.178+0000] {processor.py:840} INFO - DAG(s) 'example_params_ui_tutorial' retrieved from /home/airflow/.local/lib/python3.12/site-packages/airflow/example_dags/example_params_ui_tutorial.py
[2026-05-09T09:19:56.211+0000] {logging_mixin.py:188} INFO - [2026-05-09T09:19:56.210+0000] {dag.py:3089} INFO - Sync 1 DAGs
[2026-05-09T09:19:56.220+0000] {logging_mixin.py:188} INFO - [2026-05-09T09:19:56.220+0000] {dag.py:3947} INFO - Setting next_dagrun for example_params_ui_tutorial to None, run_after=None
[2026-05-09T09:19:56.232+0000] {processor.py:183} INFO - Processing /home/airflow/.local/lib/python3.12/site-packages/airflow/example_dags/example_params_ui_tutorial.py took 0.070 seconds
[2026-05-09T09:20:27.112+0000] {processor.py:161} INFO - Started process (PID=1028) to work on /home/airflow/.local/lib/python3.12/site-packages/airflow/example_dags/example_params_ui_tutorial.py
[2026-05-09T09:20:27.113+0000] {processor.py:830} INFO - Processing file /home/airflow/.local/lib/python3.12/site-packages/airflow/example_dags/example_params_ui_tutorial.py for tasks to queue
[2026-05-09T09:20:27.115+0000] {logging_mixin.py:188} INFO - [2026-05-09T09:20:27.115+0000] {dagbag.py:545} INFO - Filling up the DagBag from /home/airflow/.local/lib/python3.12/site-packages/airflow/example_dags/example_params_ui_tutorial.py
[2026-05-09T09:20:27.122+0000] {processor.py:840} INFO - DAG(s) 'example_params_ui_tutorial' retrieved from /home/airflow/.local/lib/python3.12/site-packages/airflow/example_dags/example_params_ui_tutorial.py
[2026-05-09T09:20:27.159+0000] {logging_mixin.py:188} INFO - [2026-05-09T09:20:27.158+0000] {dag.py:3089} INFO - Sync 1 DAGs
[2026-05-09T09:20:27.167+0000] {logging_mixin.py:188} INFO - [2026-05-09T09:20:27.167+0000] {dag.py:3947} INFO - Setting next_dagrun for example_params_ui_tutorial to None, run_after=None
[2026-05-09T09:20:27.179+0000] {processor.py:183} INFO - Processing /home/airflow/.local/lib/python3.12/site-packages/airflow/example_dags/example_params_ui_tutorial.py took 0.073 seconds
[2026-05-09T09:20:58.109+0000] {processor.py:161} INFO - Started process (PID=1087) to work on /home/airflow/.local/lib/python3.12/site-packages/airflow/example_dags/example_params_ui_tutorial.py
[2026-05-09T09:20:58.110+0000] {processor.py:830} INFO - Processing file /home/airflow/.local/lib/python3.12/site-packages/airflow/example_dags/example_params_ui_tutorial.py for tasks to queue
[2026-05-09T09:20:58.112+0000] {logging_mixin.py:188} INFO - [2026-05-09T09:20:58.111+0000] {dagbag.py:545} INFO - Filling up the DagBag from /home/airflow/.local/lib/python3.12/site-packages/airflow/example_dags/example_params_ui_tutorial.py
[2026-05-09T09:20:58.118+0000] {processor.py:840} INFO - DAG(s) 'example_params_ui_tutorial' retrieved from /home/airflow/.local/lib/python3.12/site-packages/airflow/example_dags/example_params_ui_tutorial.py
[2026-05-09T09:20:58.151+0000] {logging_mixin.py:188} INFO - [2026-05-09T09:20:58.151+0000] {dag.py:3089} INFO - Sync 1 DAGs
[2026-05-09T09:20:58.160+0000] {logging_mixin.py:188} INFO - [2026-05-09T09:20:58.160+0000] {dag.py:3947} INFO - Setting next_dagrun for example_params_ui_tutorial to None, run_after=None
[2026-05-09T09:20:58.173+0000] {processor.py:183} INFO - Processing /home/airflow/.local/lib/python3.12/site-packages/airflow/example_dags/example_params_ui_tutorial.py took 0.069 seconds
[2026-05-09T09:21:29.292+0000] {processor.py:161} INFO - Started process (PID=1146) to work on /home/airflow/.local/lib/python3.12/site-packages/airflow/example_dags/example_params_ui_tutorial.py
[2026-05-09T09:21:29.292+0000] {processor.py:830} INFO - Processing file /home/airflow/.local/lib/python3.12/site-packages/airflow/example_dags/example_params_ui_tutorial.py for tasks to queue
[2026-05-09T09:21:29.294+0000] {logging_mixin.py:188} INFO - [2026-05-09T09:21:29.294+0000] {dagbag.py:545} INFO - Filling up the DagBag from /home/airflow/.local/lib/python3.12/site-packages/airflow/example_dags/example_params_ui_tutorial.py
[2026-05-09T09:21:29.300+0000] {processor.py:840} INFO - DAG(s) 'example_params_ui_tutorial' retrieved from /home/airflow/.local/lib/python3.12/site-packages/airflow/example_dags/example_params_ui_tutorial.py
[2026-05-09T09:21:29.337+0000] {logging_mixin.py:188} INFO - [2026-05-09T09:21:29.337+0000] {dag.py:3089} INFO - Sync 1 DAGs
[2026-05-09T09:21:29.347+0000] {logging_mixin.py:188} INFO - [2026-05-09T09:21:29.346+0000] {dag.py:3947} INFO - Setting next_dagrun for example_params_ui_tutorial to None, run_after=None
[2026-05-09T09:21:29.362+0000] {processor.py:183} INFO - Processing /home/airflow/.local/lib/python3.12/site-packages/airflow/example_dags/example_params_ui_tutorial.py took 0.076 seconds
[2026-05-09T09:22:00.439+0000] {processor.py:161} INFO - Started process (PID=1205) to work on /home/airflow/.local/lib/python3.12/site-packages/airflow/example_dags/example_params_ui_tutorial.py
[2026-05-09T09:22:00.440+0000] {processor.py:830} INFO - Processing file /home/airflow/.local/lib/python3.12/site-packages/airflow/example_dags/example_params_ui_tutorial.py for tasks to queue
[2026-05-09T09:22:00.442+0000] {logging_mixin.py:188} INFO - [2026-05-09T09:22:00.441+0000] {dagbag.py:545} INFO - Filling up the DagBag from /home/airflow/.local/lib/python3.12/site-packages/airflow/example_dags/example_params_ui_tutorial.py
[2026-05-09T09:22:00.447+0000] {processor.py:840} INFO - DAG(s) 'example_params_ui_tutorial' retrieved from /home/airflow/.local/lib/python3.12/site-packages/airflow/example_dags/example_params_ui_tutorial.py
[2026-05-09T09:22:00.480+0000] {logging_mixin.py:188} INFO - [2026-05-09T09:22:00.479+0000] {dag.py:3089} INFO - Sync 1 DAGs
[2026-05-09T09:22:00.488+0000] {logging_mixin.py:188} INFO - [2026-05-09T09:22:00.488+0000] {dag.py:3947} INFO - Setting next_dagrun for example_params_ui_tutorial to None, run_after=None
[2026-05-09T09:22:00.499+0000] {processor.py:183} INFO - Processing /home/airflow/.local/lib/python3.12/site-packages/airflow/example_dags/example_params_ui_tutorial.py took 0.065 seconds
[2026-05-09T09:22:31.654+0000] {processor.py:161} INFO - Started process (PID=1264) to work on /home/airflow/.local/lib/python3.12/site-packages/airflow/example_dags/example_params_ui_tutorial.py
[2026-05-09T09:22:31.655+0000] {processor.py:830} INFO - Processing file /home/airflow/.local/lib/python3.12/site-packages/airflow/example_dags/example_params_ui_tutorial.py for tasks to queue
[2026-05-09T09:22:31.657+0000] {logging_mixin.py:188} INFO - [2026-05-09T09:22:31.656+0000] {dagbag.py:545} INFO - Filling up the DagBag from /home/airflow/.local/lib/python3.12/site-packages/airflow/example_dags/example_params_ui_tutorial.py
[2026-05-09T09:22:31.662+0000] {processor.py:840} INFO - DAG(s) 'example_params_ui_tutorial' retrieved from /home/airflow/.local/lib/python3.12/site-packages/airflow/example_dags/example_params_ui_tutorial.py
[2026-05-09T09:22:31.695+0000] {logging_mixin.py:188} INFO - [2026-05-09T09:22:31.695+0000] {dag.py:3089} INFO - Sync 1 DAGs
[2026-05-09T09:22:31.704+0000] {logging_mixin.py:188} INFO - [2026-05-09T09:22:31.703+0000] {dag.py:3947} INFO - Setting next_dagrun for example_params_ui_tutorial to None, run_after=None
[2026-05-09T09:22:31.715+0000] {processor.py:183} INFO - Processing /home/airflow/.local/lib/python3.12/site-packages/airflow/example_dags/example_params_ui_tutorial.py took 0.067 seconds
[2026-05-09T09:23:03.032+0000] {processor.py:161} INFO - Started process (PID=1323) to work on /home/airflow/.local/lib/python3.12/site-packages/airflow/example_dags/example_params_ui_tutorial.py
[2026-05-09T09:23:03.033+0000] {processor.py:830} INFO - Processing file /home/airflow/.local/lib/python3.12/site-packages/airflow/example_dags/example_params_ui_tutorial.py for tasks to queue
[2026-05-09T09:23:03.034+0000] {logging_mixin.py:188} INFO - [2026-05-09T09:23:03.034+0000] {dagbag.py:545} INFO - Filling up the DagBag from /home/airflow/.local/lib/python3.12/site-packages/airflow/example_dags/example_params_ui_tutorial.py
[2026-05-09T09:23:03.040+0000] {processor.py:840} INFO - DAG(s) 'example_params_ui_tutorial' retrieved from /home/airflow/.local/lib/python3.12/site-packages/airflow/example_dags/example_params_ui_tutorial.py
[2026-05-09T09:23:03.075+0000] {logging_mixin.py:188} INFO - [2026-05-09T09:23:03.075+0000] {dag.py:3089} INFO - Sync 1 DAGs
[2026-05-09T09:23:03.084+0000] {logging_mixin.py:188} INFO - [2026-05-09T09:23:03.083+0000] {dag.py:3947} INFO - Setting next_dagrun for example_params_ui_tutorial to None, run_after=None
[2026-05-09T09:23:03.096+0000] {processor.py:183} INFO - Processing /home/airflow/.local/lib/python3.12/site-packages/airflow/example_dags/example_params_ui_tutorial.py took 0.070 seconds
[2026-05-09T09:23:34.260+0000] {processor.py:161} INFO - Started process (PID=1382) to work on /home/airflow/.local/lib/python3.12/site-packages/airflow/example_dags/example_params_ui_tutorial.py
[2026-05-09T09:23:34.261+0000] {processor.py:830} INFO - Processing file /home/airflow/.local/lib/python3.12/site-packages/airflow/example_dags/example_params_ui_tutorial.py for tasks to queue
[2026-05-09T09:23:34.263+0000] {logging_mixin.py:188} INFO - [2026-05-09T09:23:34.262+0000] {dagbag.py:545} INFO - Filling up the DagBag from /home/airflow/.local/lib/python3.12/site-packages/airflow/example_dags/example_params_ui_tutorial.py
[2026-05-09T09:23:34.268+0000] {processor.py:840} INFO - DAG(s) 'example_params_ui_tutorial' retrieved from /home/airflow/.local/lib/python3.12/site-packages/airflow/example_dags/example_params_ui_tutorial.py
[2026-05-09T09:23:34.302+0000] {logging_mixin.py:188} INFO - [2026-05-09T09:23:34.301+0000] {dag.py:3089} INFO - Sync 1 DAGs
[2026-05-09T09:23:34.310+0000] {logging_mixin.py:188} INFO - [2026-05-09T09:23:34.310+0000] {dag.py:3947} INFO - Setting next_dagrun for example_params_ui_tutorial to None, run_after=None
[2026-05-09T09:23:34.322+0000] {processor.py:183} INFO - Processing /home/airflow/.local/lib/python3.12/site-packages/airflow/example_dags/example_params_ui_tutorial.py took 0.068 seconds
[2026-05-09T09:24:05.362+0000] {processor.py:161} INFO - Started process (PID=1441) to work on /home/airflow/.local/lib/python3.12/site-packages/airflow/example_dags/example_params_ui_tutorial.py
[2026-05-09T09:24:05.363+0000] {processor.py:830} INFO - Processing file /home/airflow/.local/lib/python3.12/site-packages/airflow/example_dags/example_params_ui_tutorial.py for tasks to queue
[2026-05-09T09:24:05.364+0000] {logging_mixin.py:188} INFO - [2026-05-09T09:24:05.364+0000] {dagbag.py:545} INFO - Filling up the DagBag from /home/airflow/.local/lib/python3.12/site-packages/airflow/example_dags/example_params_ui_tutorial.py
[2026-05-09T09:24:05.369+0000] {processor.py:840} INFO - DAG(s) 'example_params_ui_tutorial' retrieved from /home/airflow/.local/lib/python3.12/site-packages/airflow/example_dags/example_params_ui_tutorial.py
[2026-05-09T09:24:05.402+0000] {logging_mixin.py:188} INFO - [2026-05-09T09:24:05.402+0000] {dag.py:3089} INFO - Sync 1 DAGs
[2026-05-09T09:24:05.411+0000] {logging_mixin.py:188} INFO - [2026-05-09T09:24:05.411+0000] {dag.py:3947} INFO - Setting next_dagrun for example_params_ui_tutorial to None, run_after=None
[2026-05-09T09:24:05.423+0000] {processor.py:183} INFO - Processing /home/airflow/.local/lib/python3.12/site-packages/airflow/example_dags/example_params_ui_tutorial.py took 0.066 seconds
[2026-05-09T09:24:36.744+0000] {processor.py:161} INFO - Started process (PID=1500) to work on /home/airflow/.local/lib/python3.12/site-packages/airflow/example_dags/example_params_ui_tutorial.py
[2026-05-09T09:24:36.745+0000] {processor.py:830} INFO - Processing file /home/airflow/.local/lib/python3.12/site-packages/airflow/example_dags/example_params_ui_tutorial.py for tasks to queue
[2026-05-09T09:24:36.746+0000] {logging_mixin.py:188} INFO - [2026-05-09T09:24:36.746+0000] {dagbag.py:545} INFO - Filling up the DagBag from /home/airflow/.local/lib/python3.12/site-packages/airflow/example_dags/example_params_ui_tutorial.py
[2026-05-09T09:24:36.751+0000] {processor.py:840} INFO - DAG(s) 'example_params_ui_tutorial' retrieved from /home/airflow/.local/lib/python3.12/site-packages/airflow/example_dags/example_params_ui_tutorial.py
[2026-05-09T09:24:36.784+0000] {logging_mixin.py:188} INFO - [2026-05-09T09:24:36.783+0000] {dag.py:3089} INFO - Sync 1 DAGs
[2026-05-09T09:24:36.793+0000] {logging_mixin.py:188} INFO - [2026-05-09T09:24:36.792+0000] {dag.py:3947} INFO - Setting next_dagrun for example_params_ui_tutorial to None, run_after=None
[2026-05-09T09:24:36.805+0000] {processor.py:183} INFO - Processing /home/airflow/.local/lib/python3.12/site-packages/airflow/example_dags/example_params_ui_tutorial.py took 0.067 seconds
[2026-05-09T09:25:08.547+0000] {processor.py:161} INFO - Started process (PID=1559) to work on /home/airflow/.local/lib/python3.12/site-packages/airflow/example_dags/example_params_ui_tutorial.py
[2026-05-09T09:25:08.548+0000] {processor.py:830} INFO - Processing file /home/airflow/.local/lib/python3.12/site-packages/airflow/example_dags/example_params_ui_tutorial.py for tasks to queue
[2026-05-09T09:25:08.550+0000] {logging_mixin.py:188} INFO - [2026-05-09T09:25:08.550+0000] {dagbag.py:545} INFO - Filling up the DagBag from /home/airflow/.local/lib/python3.12/site-packages/airflow/example_dags/example_params_ui_tutorial.py
[2026-05-09T09:25:08.556+0000] {processor.py:840} INFO - DAG(s) 'example_params_ui_tutorial' retrieved from /home/airflow/.local/lib/python3.12/site-packages/airflow/example_dags/example_params_ui_tutorial.py
[2026-05-09T09:25:08.605+0000] {logging_mixin.py:188} INFO - [2026-05-09T09:25:08.604+0000] {dag.py:3089} INFO - Sync 1 DAGs
[2026-05-09T09:25:08.616+0000] {logging_mixin.py:188} INFO - [2026-05-09T09:25:08.616+0000] {dag.py:3947} INFO - Setting next_dagrun for example_params_ui_tutorial to None, run_after=None
[2026-05-09T09:25:08.635+0000] {processor.py:183} INFO - Processing /home/airflow/.local/lib/python3.12/site-packages/airflow/example_dags/example_params_ui_tutorial.py took 0.094 seconds
[2026-05-09T09:25:38.881+0000] {processor.py:161} INFO - Started process (PID=1617) to work on /home/airflow/.local/lib/python3.12/site-packages/airflow/example_dags/example_params_ui_tutorial.py
[2026-05-09T09:25:38.882+0000] {processor.py:830} INFO - Processing file /home/airflow/.local/lib/python3.12/site-packages/airflow/example_dags/example_params_ui_tutorial.py for tasks to queue
[2026-05-09T09:25:38.884+0000] {logging_mixin.py:188} INFO - [2026-05-09T09:25:38.883+0000] {dagbag.py:545} INFO - Filling up the DagBag from /home/airflow/.local/lib/python3.12/site-packages/airflow/example_dags/example_params_ui_tutorial.py
[2026-05-09T09:25:38.889+0000] {processor.py:840} INFO - DAG(s) 'example_params_ui_tutorial' retrieved from /home/airflow/.local/lib/python3.12/site-packages/airflow/example_dags/example_params_ui_tutorial.py
[2026-05-09T09:25:38.925+0000] {logging_mixin.py:188} INFO - [2026-05-09T09:25:38.925+0000] {dag.py:3089} INFO - Sync 1 DAGs
[2026-05-09T09:25:38.935+0000] {logging_mixin.py:188} INFO - [2026-05-09T09:25:38.935+0000] {dag.py:3947} INFO - Setting next_dagrun for example_params_ui_tutorial to None, run_after=None
[2026-05-09T09:25:39.110+0000] {processor.py:183} INFO - Processing /home/airflow/.local/lib/python3.12/site-packages/airflow/example_dags/example_params_ui_tutorial.py took 0.235 seconds
[2026-05-09T09:26:10.032+0000] {processor.py:161} INFO - Started process (PID=1677) to work on /home/airflow/.local/lib/python3.12/site-packages/airflow/example_dags/example_params_ui_tutorial.py
[2026-05-09T09:26:10.033+0000] {processor.py:830} INFO - Processing file /home/airflow/.local/lib/python3.12/site-packages/airflow/example_dags/example_params_ui_tutorial.py for tasks to queue
[2026-05-09T09:26:10.035+0000] {logging_mixin.py:188} INFO - [2026-05-09T09:26:10.034+0000] {dagbag.py:545} INFO - Filling up the DagBag from /home/airflow/.local/lib/python3.12/site-packages/airflow/example_dags/example_params_ui_tutorial.py
[2026-05-09T09:26:10.040+0000] {processor.py:840} INFO - DAG(s) 'example_params_ui_tutorial' retrieved from /home/airflow/.local/lib/python3.12/site-packages/airflow/example_dags/example_params_ui_tutorial.py
[2026-05-09T09:26:10.073+0000] {logging_mixin.py:188} INFO - [2026-05-09T09:26:10.072+0000] {dag.py:3089} INFO - Sync 1 DAGs
[2026-05-09T09:26:10.082+0000] {logging_mixin.py:188} INFO - [2026-05-09T09:26:10.081+0000] {dag.py:3947} INFO - Setting next_dagrun for example_params_ui_tutorial to None, run_after=None
[2026-05-09T09:26:10.094+0000] {processor.py:183} INFO - Processing /home/airflow/.local/lib/python3.12/site-packages/airflow/example_dags/example_params_ui_tutorial.py took 0.067 seconds
[2026-05-09T09:26:40.284+0000] {processor.py:161} INFO - Started process (PID=1736) to work on /home/airflow/.local/lib/python3.12/site-packages/airflow/example_dags/example_params_ui_tutorial.py
[2026-05-09T09:26:40.284+0000] {processor.py:830} INFO - Processing file /home/airflow/.local/lib/python3.12/site-packages/airflow/example_dags/example_params_ui_tutorial.py for tasks to queue
[2026-05-09T09:26:40.286+0000] {logging_mixin.py:188} INFO - [2026-05-09T09:26:40.286+0000] {dagbag.py:545} INFO - Filling up the DagBag from /home/airflow/.local/lib/python3.12/site-packages/airflow/example_dags/example_params_ui_tutorial.py
[2026-05-09T09:26:40.291+0000] {processor.py:840} INFO - DAG(s) 'example_params_ui_tutorial' retrieved from /home/airflow/.local/lib/python3.12/site-packages/airflow/example_dags/example_params_ui_tutorial.py
[2026-05-09T09:26:40.323+0000] {logging_mixin.py:188} INFO - [2026-05-09T09:26:40.323+0000] {dag.py:3089} INFO - Sync 1 DAGs
[2026-05-09T09:26:40.332+0000] {logging_mixin.py:188} INFO - [2026-05-09T09:26:40.332+0000] {dag.py:3947} INFO - Setting next_dagrun for example_params_ui_tutorial to None, run_after=None
[2026-05-09T09:26:40.344+0000] {processor.py:183} INFO - Processing /home/airflow/.local/lib/python3.12/site-packages/airflow/example_dags/example_params_ui_tutorial.py took 0.066 seconds
[2026-05-09T09:27:11.789+0000] {processor.py:161} INFO - Started process (PID=1795) to work on /home/airflow/.local/lib/python3.12/site-packages/airflow/example_dags/example_params_ui_tutorial.py
[2026-05-09T09:27:11.790+0000] {processor.py:830} INFO - Processing file /home/airflow/.local/lib/python3.12/site-packages/airflow/example_dags/example_params_ui_tutorial.py for tasks to queue
[2026-05-09T09:27:11.791+0000] {logging_mixin.py:188} INFO - [2026-05-09T09:27:11.791+0000] {dagbag.py:545} INFO - Filling up the DagBag from /home/airflow/.local/lib/python3.12/site-packages/airflow/example_dags/example_params_ui_tutorial.py
[2026-05-09T09:27:11.797+0000] {processor.py:840} INFO - DAG(s) 'example_params_ui_tutorial' retrieved from /home/airflow/.local/lib/python3.12/site-packages/airflow/example_dags/example_params_ui_tutorial.py
[2026-05-09T09:27:11.831+0000] {logging_mixin.py:188} INFO - [2026-05-09T09:27:11.831+0000] {dag.py:3089} INFO - Sync 1 DAGs
[2026-05-09T09:27:11.840+0000] {logging_mixin.py:188} INFO - [2026-05-09T09:27:11.840+0000] {dag.py:3947} INFO - Setting next_dagrun for example_params_ui_tutorial to None, run_after=None
[2026-05-09T09:27:11.854+0000] {processor.py:183} INFO - Processing /home/airflow/.local/lib/python3.12/site-packages/airflow/example_dags/example_params_ui_tutorial.py took 0.070 seconds
[2026-05-09T09:27:42.377+0000] {processor.py:161} INFO - Started process (PID=1860) to work on /home/airflow/.local/lib/python3.12/site-packages/airflow/example_dags/example_params_ui_tutorial.py
[2026-05-09T09:27:42.378+0000] {processor.py:830} INFO - Processing file /home/airflow/.local/lib/python3.12/site-packages/airflow/example_dags/example_params_ui_tutorial.py for tasks to queue
[2026-05-09T09:27:42.380+0000] {logging_mixin.py:188} INFO - [2026-05-09T09:27:42.379+0000] {dagbag.py:545} INFO - Filling up the DagBag from /home/airflow/.local/lib/python3.12/site-packages/airflow/example_dags/example_params_ui_tutorial.py
[2026-05-09T09:27:42.385+0000] {processor.py:840} INFO - DAG(s) 'example_params_ui_tutorial' retrieved from /home/airflow/.local/lib/python3.12/site-packages/airflow/example_dags/example_params_ui_tutorial.py
[2026-05-09T09:27:42.421+0000] {logging_mixin.py:188} INFO - [2026-05-09T09:27:42.420+0000] {dag.py:3089} INFO - Sync 1 DAGs
[2026-05-09T09:27:42.429+0000] {logging_mixin.py:188} INFO - [2026-05-09T09:27:42.429+0000] {dag.py:3947} INFO - Setting next_dagrun for example_params_ui_tutorial to None, run_after=None
[2026-05-09T09:27:42.444+0000] {processor.py:183} INFO - Processing /home/airflow/.local/lib/python3.12/site-packages/airflow/example_dags/example_params_ui_tutorial.py took 0.073 seconds
[2026-05-09T09:28:13.106+0000] {processor.py:161} INFO - Started process (PID=1919) to work on /home/airflow/.local/lib/python3.12/site-packages/airflow/example_dags/example_params_ui_tutorial.py
[2026-05-09T09:28:13.106+0000] {processor.py:830} INFO - Processing file /home/airflow/.local/lib/python3.12/site-packages/airflow/example_dags/example_params_ui_tutorial.py for tasks to queue
[2026-05-09T09:28:13.108+0000] {logging_mixin.py:188} INFO - [2026-05-09T09:28:13.108+0000] {dagbag.py:545} INFO - Filling up the DagBag from /home/airflow/.local/lib/python3.12/site-packages/airflow/example_dags/example_params_ui_tutorial.py
[2026-05-09T09:28:13.113+0000] {processor.py:840} INFO - DAG(s) 'example_params_ui_tutorial' retrieved from /home/airflow/.local/lib/python3.12/site-packages/airflow/example_dags/example_params_ui_tutorial.py
[2026-05-09T09:28:13.147+0000] {logging_mixin.py:188} INFO - [2026-05-09T09:28:13.147+0000] {dag.py:3089} INFO - Sync 1 DAGs
[2026-05-09T09:28:13.156+0000] {logging_mixin.py:188} INFO - [2026-05-09T09:28:13.156+0000] {dag.py:3947} INFO - Setting next_dagrun for example_params_ui_tutorial to None, run_after=None
[2026-05-09T09:28:13.170+0000] {processor.py:183} INFO - Processing /home/airflow/.local/lib/python3.12/site-packages/airflow/example_dags/example_params_ui_tutorial.py took 0.070 seconds
[2026-05-09T09:45:03.863+0000] {processor.py:161} INFO - Started process (PID=84) to work on /home/airflow/.local/lib/python3.12/site-packages/airflow/example_dags/example_params_ui_tutorial.py
[2026-05-09T09:45:03.864+0000] {processor.py:830} INFO - Processing file /home/airflow/.local/lib/python3.12/site-packages/airflow/example_dags/example_params_ui_tutorial.py for tasks to queue
[2026-05-09T09:45:03.866+0000] {logging_mixin.py:188} INFO - [2026-05-09T09:45:03.866+0000] {dagbag.py:545} INFO - Filling up the DagBag from /home/airflow/.local/lib/python3.12/site-packages/airflow/example_dags/example_params_ui_tutorial.py
[2026-05-09T09:45:03.875+0000] {processor.py:840} INFO - DAG(s) 'example_params_ui_tutorial' retrieved from /home/airflow/.local/lib/python3.12/site-packages/airflow/example_dags/example_params_ui_tutorial.py
[2026-05-09T09:45:03.887+0000] {logging_mixin.py:188} INFO - [2026-05-09T09:45:03.886+0000] {dag.py:3089} INFO - Sync 1 DAGs
[2026-05-09T09:45:03.899+0000] {logging_mixin.py:188} INFO - [2026-05-09T09:45:03.899+0000] {dag.py:3947} INFO - Setting next_dagrun for example_params_ui_tutorial to None, run_after=None
[2026-05-09T09:45:03.915+0000] {processor.py:183} INFO - Processing /home/airflow/.local/lib/python3.12/site-packages/airflow/example_dags/example_params_ui_tutorial.py took 0.059 seconds
[2026-05-09T09:45:34.083+0000] {processor.py:161} INFO - Started process (PID=142) to work on /home/airflow/.local/lib/python3.12/site-packages/airflow/example_dags/example_params_ui_tutorial.py
[2026-05-09T09:45:34.084+0000] {processor.py:830} INFO - Processing file /home/airflow/.local/lib/python3.12/site-packages/airflow/example_dags/example_params_ui_tutorial.py for tasks to queue
[2026-05-09T09:45:34.086+0000] {logging_mixin.py:188} INFO - [2026-05-09T09:45:34.086+0000] {dagbag.py:545} INFO - Filling up the DagBag from /home/airflow/.local/lib/python3.12/site-packages/airflow/example_dags/example_params_ui_tutorial.py
[2026-05-09T09:45:34.092+0000] {processor.py:840} INFO - DAG(s) 'example_params_ui_tutorial' retrieved from /home/airflow/.local/lib/python3.12/site-packages/airflow/example_dags/example_params_ui_tutorial.py
[2026-05-09T09:45:34.186+0000] {logging_mixin.py:188} INFO - [2026-05-09T09:45:34.185+0000] {dag.py:3089} INFO - Sync 1 DAGs
[2026-05-09T09:45:34.194+0000] {logging_mixin.py:188} INFO - [2026-05-09T09:45:34.193+0000] {dag.py:3947} INFO - Setting next_dagrun for example_params_ui_tutorial to None, run_after=None
[2026-05-09T09:45:34.206+0000] {processor.py:183} INFO - Processing /home/airflow/.local/lib/python3.12/site-packages/airflow/example_dags/example_params_ui_tutorial.py took 0.128 seconds
[2026-05-09T09:46:04.251+0000] {processor.py:161} INFO - Started process (PID=201) to work on /home/airflow/.local/lib/python3.12/site-packages/airflow/example_dags/example_params_ui_tutorial.py
[2026-05-09T09:46:04.252+0000] {processor.py:830} INFO - Processing file /home/airflow/.local/lib/python3.12/site-packages/airflow/example_dags/example_params_ui_tutorial.py for tasks to queue
[2026-05-09T09:46:04.253+0000] {logging_mixin.py:188} INFO - [2026-05-09T09:46:04.253+0000] {dagbag.py:545} INFO - Filling up the DagBag from /home/airflow/.local/lib/python3.12/site-packages/airflow/example_dags/example_params_ui_tutorial.py
[2026-05-09T09:46:04.259+0000] {processor.py:840} INFO - DAG(s) 'example_params_ui_tutorial' retrieved from /home/airflow/.local/lib/python3.12/site-packages/airflow/example_dags/example_params_ui_tutorial.py
[2026-05-09T09:46:04.292+0000] {logging_mixin.py:188} INFO - [2026-05-09T09:46:04.292+0000] {dag.py:3089} INFO - Sync 1 DAGs
[2026-05-09T09:46:04.300+0000] {logging_mixin.py:188} INFO - [2026-05-09T09:46:04.300+0000] {dag.py:3947} INFO - Setting next_dagrun for example_params_ui_tutorial to None, run_after=None
[2026-05-09T09:46:04.312+0000] {processor.py:183} INFO - Processing /home/airflow/.local/lib/python3.12/site-packages/airflow/example_dags/example_params_ui_tutorial.py took 0.067 seconds
[2026-05-09T09:46:34.383+0000] {processor.py:161} INFO - Started process (PID=260) to work on /home/airflow/.local/lib/python3.12/site-packages/airflow/example_dags/example_params_ui_tutorial.py
[2026-05-09T09:46:34.383+0000] {processor.py:830} INFO - Processing file /home/airflow/.local/lib/python3.12/site-packages/airflow/example_dags/example_params_ui_tutorial.py for tasks to queue
[2026-05-09T09:46:34.385+0000] {logging_mixin.py:188} INFO - [2026-05-09T09:46:34.385+0000] {dagbag.py:545} INFO - Filling up the DagBag from /home/airflow/.local/lib/python3.12/site-packages/airflow/example_dags/example_params_ui_tutorial.py
[2026-05-09T09:46:34.392+0000] {processor.py:840} INFO - DAG(s) 'example_params_ui_tutorial' retrieved from /home/airflow/.local/lib/python3.12/site-packages/airflow/example_dags/example_params_ui_tutorial.py
[2026-05-09T09:46:34.426+0000] {logging_mixin.py:188} INFO - [2026-05-09T09:46:34.426+0000] {dag.py:3089} INFO - Sync 1 DAGs
[2026-05-09T09:46:34.435+0000] {logging_mixin.py:188} INFO - [2026-05-09T09:46:34.435+0000] {dag.py:3947} INFO - Setting next_dagrun for example_params_ui_tutorial to None, run_after=None
[2026-05-09T09:46:34.447+0000] {processor.py:183} INFO - Processing /home/airflow/.local/lib/python3.12/site-packages/airflow/example_dags/example_params_ui_tutorial.py took 0.070 seconds
[2026-05-09T09:47:04.655+0000] {processor.py:161} INFO - Started process (PID=319) to work on /home/airflow/.local/lib/python3.12/site-packages/airflow/example_dags/example_params_ui_tutorial.py
[2026-05-09T09:47:04.656+0000] {processor.py:830} INFO - Processing file /home/airflow/.local/lib/python3.12/site-packages/airflow/example_dags/example_params_ui_tutorial.py for tasks to queue
[2026-05-09T09:47:04.658+0000] {logging_mixin.py:188} INFO - [2026-05-09T09:47:04.657+0000] {dagbag.py:545} INFO - Filling up the DagBag from /home/airflow/.local/lib/python3.12/site-packages/airflow/example_dags/example_params_ui_tutorial.py
[2026-05-09T09:47:04.663+0000] {processor.py:840} INFO - DAG(s) 'example_params_ui_tutorial' retrieved from /home/airflow/.local/lib/python3.12/site-packages/airflow/example_dags/example_params_ui_tutorial.py
[2026-05-09T09:47:04.696+0000] {logging_mixin.py:188} INFO - [2026-05-09T09:47:04.696+0000] {dag.py:3089} INFO - Sync 1 DAGs
[2026-05-09T09:47:04.705+0000] {logging_mixin.py:188} INFO - [2026-05-09T09:47:04.705+0000] {dag.py:3947} INFO - Setting next_dagrun for example_params_ui_tutorial to None, run_after=None
[2026-05-09T09:47:04.717+0000] {processor.py:183} INFO - Processing /home/airflow/.local/lib/python3.12/site-packages/airflow/example_dags/example_params_ui_tutorial.py took 0.067 seconds
[2026-05-09T09:47:35.151+0000] {processor.py:161} INFO - Started process (PID=378) to work on /home/airflow/.local/lib/python3.12/site-packages/airflow/example_dags/example_params_ui_tutorial.py
[2026-05-09T09:47:35.153+0000] {processor.py:830} INFO - Processing file /home/airflow/.local/lib/python3.12/site-packages/airflow/example_dags/example_params_ui_tutorial.py for tasks to queue
[2026-05-09T09:47:35.155+0000] {logging_mixin.py:188} INFO - [2026-05-09T09:47:35.155+0000] {dagbag.py:545} INFO - Filling up the DagBag from /home/airflow/.local/lib/python3.12/site-packages/airflow/example_dags/example_params_ui_tutorial.py
[2026-05-09T09:47:35.161+0000] {processor.py:840} INFO - DAG(s) 'example_params_ui_tutorial' retrieved from /home/airflow/.local/lib/python3.12/site-packages/airflow/example_dags/example_params_ui_tutorial.py
[2026-05-09T09:47:35.208+0000] {logging_mixin.py:188} INFO - [2026-05-09T09:47:35.208+0000] {dag.py:3089} INFO - Sync 1 DAGs
[2026-05-09T09:47:35.220+0000] {logging_mixin.py:188} INFO - [2026-05-09T09:47:35.220+0000] {dag.py:3947} INFO - Setting next_dagrun for example_params_ui_tutorial to None, run_after=None
[2026-05-09T09:47:35.238+0000] {processor.py:183} INFO - Processing /home/airflow/.local/lib/python3.12/site-packages/airflow/example_dags/example_params_ui_tutorial.py took 0.092 seconds
[2026-05-09T09:48:05.852+0000] {processor.py:161} INFO - Started process (PID=437) to work on /home/airflow/.local/lib/python3.12/site-packages/airflow/example_dags/example_params_ui_tutorial.py
[2026-05-09T09:48:05.853+0000] {processor.py:830} INFO - Processing file /home/airflow/.local/lib/python3.12/site-packages/airflow/example_dags/example_params_ui_tutorial.py for tasks to queue
[2026-05-09T09:48:05.855+0000] {logging_mixin.py:188} INFO - [2026-05-09T09:48:05.854+0000] {dagbag.py:545} INFO - Filling up the DagBag from /home/airflow/.local/lib/python3.12/site-packages/airflow/example_dags/example_params_ui_tutorial.py
[2026-05-09T09:48:05.861+0000] {processor.py:840} INFO - DAG(s) 'example_params_ui_tutorial' retrieved from /home/airflow/.local/lib/python3.12/site-packages/airflow/example_dags/example_params_ui_tutorial.py
[2026-05-09T09:48:05.897+0000] {logging_mixin.py:188} INFO - [2026-05-09T09:48:05.897+0000] {dag.py:3089} INFO - Sync 1 DAGs
[2026-05-09T09:48:05.907+0000] {logging_mixin.py:188} INFO - [2026-05-09T09:48:05.906+0000] {dag.py:3947} INFO - Setting next_dagrun for example_params_ui_tutorial to None, run_after=None
[2026-05-09T09:48:05.921+0000] {processor.py:183} INFO - Processing /home/airflow/.local/lib/python3.12/site-packages/airflow/example_dags/example_params_ui_tutorial.py took 0.075 seconds
[2026-05-09T09:48:36.286+0000] {processor.py:161} INFO - Started process (PID=496) to work on /home/airflow/.local/lib/python3.12/site-packages/airflow/example_dags/example_params_ui_tutorial.py
[2026-05-09T09:48:36.287+0000] {processor.py:830} INFO - Processing file /home/airflow/.local/lib/python3.12/site-packages/airflow/example_dags/example_params_ui_tutorial.py for tasks to queue
[2026-05-09T09:48:36.289+0000] {logging_mixin.py:188} INFO - [2026-05-09T09:48:36.289+0000] {dagbag.py:545} INFO - Filling up the DagBag from /home/airflow/.local/lib/python3.12/site-packages/airflow/example_dags/example_params_ui_tutorial.py
[2026-05-09T09:48:36.295+0000] {processor.py:840} INFO - DAG(s) 'example_params_ui_tutorial' retrieved from /home/airflow/.local/lib/python3.12/site-packages/airflow/example_dags/example_params_ui_tutorial.py
[2026-05-09T09:48:36.332+0000] {logging_mixin.py:188} INFO - [2026-05-09T09:48:36.332+0000] {dag.py:3089} INFO - Sync 1 DAGs
[2026-05-09T09:48:36.343+0000] {logging_mixin.py:188} INFO - [2026-05-09T09:48:36.342+0000] {dag.py:3947} INFO - Setting next_dagrun for example_params_ui_tutorial to None, run_after=None
[2026-05-09T09:48:36.356+0000] {processor.py:183} INFO - Processing /home/airflow/.local/lib/python3.12/site-packages/airflow/example_dags/example_params_ui_tutorial.py took 0.076 seconds
[2026-05-09T10:24:22.596+0000] {processor.py:161} INFO - Started process (PID=84) to work on /home/airflow/.local/lib/python3.12/site-packages/airflow/example_dags/example_params_ui_tutorial.py
[2026-05-09T10:24:22.597+0000] {processor.py:830} INFO - Processing file /home/airflow/.local/lib/python3.12/site-packages/airflow/example_dags/example_params_ui_tutorial.py for tasks to queue
[2026-05-09T10:24:22.599+0000] {logging_mixin.py:188} INFO - [2026-05-09T10:24:22.599+0000] {dagbag.py:545} INFO - Filling up the DagBag from /home/airflow/.local/lib/python3.12/site-packages/airflow/example_dags/example_params_ui_tutorial.py
[2026-05-09T10:24:22.608+0000] {processor.py:840} INFO - DAG(s) 'example_params_ui_tutorial' retrieved from /home/airflow/.local/lib/python3.12/site-packages/airflow/example_dags/example_params_ui_tutorial.py
[2026-05-09T10:24:22.715+0000] {logging_mixin.py:188} INFO - [2026-05-09T10:24:22.715+0000] {override.py:1858} INFO - Created Permission View: can delete on DAG:example_params_ui_tutorial
[2026-05-09T10:24:22.723+0000] {logging_mixin.py:188} INFO - [2026-05-09T10:24:22.723+0000] {override.py:1858} INFO - Created Permission View: can read on DAG:example_params_ui_tutorial
[2026-05-09T10:24:22.727+0000] {logging_mixin.py:188} INFO - [2026-05-09T10:24:22.727+0000] {override.py:1858} INFO - Created Permission View: can edit on DAG:example_params_ui_tutorial
[2026-05-09T10:24:22.728+0000] {logging_mixin.py:188} INFO - [2026-05-09T10:24:22.728+0000] {dag.py:3089} INFO - Sync 1 DAGs
[2026-05-09T10:24:22.737+0000] {logging_mixin.py:188} INFO - [2026-05-09T10:24:22.737+0000] {dag.py:3111} INFO - Creating ORM DAG for example_params_ui_tutorial
[2026-05-09T10:24:22.738+0000] {logging_mixin.py:188} INFO - [2026-05-09T10:24:22.738+0000] {dag.py:3947} INFO - Setting next_dagrun for example_params_ui_tutorial to None, run_after=None
[2026-05-09T10:24:22.750+0000] {processor.py:183} INFO - Processing /home/airflow/.local/lib/python3.12/site-packages/airflow/example_dags/example_params_ui_tutorial.py took 0.160 seconds
[2026-05-09T10:24:53.247+0000] {processor.py:161} INFO - Started process (PID=143) to work on /home/airflow/.local/lib/python3.12/site-packages/airflow/example_dags/example_params_ui_tutorial.py
[2026-05-09T10:24:53.248+0000] {processor.py:830} INFO - Processing file /home/airflow/.local/lib/python3.12/site-packages/airflow/example_dags/example_params_ui_tutorial.py for tasks to queue
[2026-05-09T10:24:53.250+0000] {logging_mixin.py:188} INFO - [2026-05-09T10:24:53.249+0000] {dagbag.py:545} INFO - Filling up the DagBag from /home/airflow/.local/lib/python3.12/site-packages/airflow/example_dags/example_params_ui_tutorial.py
[2026-05-09T10:24:53.255+0000] {processor.py:840} INFO - DAG(s) 'example_params_ui_tutorial' retrieved from /home/airflow/.local/lib/python3.12/site-packages/airflow/example_dags/example_params_ui_tutorial.py
[2026-05-09T10:24:53.291+0000] {logging_mixin.py:188} INFO - [2026-05-09T10:24:53.291+0000] {dag.py:3089} INFO - Sync 1 DAGs
[2026-05-09T10:24:53.300+0000] {logging_mixin.py:188} INFO - [2026-05-09T10:24:53.299+0000] {dag.py:3947} INFO - Setting next_dagrun for example_params_ui_tutorial to None, run_after=None
[2026-05-09T10:24:53.312+0000] {processor.py:183} INFO - Processing /home/airflow/.local/lib/python3.12/site-packages/airflow/example_dags/example_params_ui_tutorial.py took 0.071 seconds
[2026-05-09T10:25:23.904+0000] {processor.py:161} INFO - Started process (PID=202) to work on /home/airflow/.local/lib/python3.12/site-packages/airflow/example_dags/example_params_ui_tutorial.py
[2026-05-09T10:25:23.907+0000] {processor.py:830} INFO - Processing file /home/airflow/.local/lib/python3.12/site-packages/airflow/example_dags/example_params_ui_tutorial.py for tasks to queue
[2026-05-09T10:25:23.909+0000] {logging_mixin.py:188} INFO - [2026-05-09T10:25:23.909+0000] {dagbag.py:545} INFO - Filling up the DagBag from /home/airflow/.local/lib/python3.12/site-packages/airflow/example_dags/example_params_ui_tutorial.py
[2026-05-09T10:25:23.916+0000] {processor.py:840} INFO - DAG(s) 'example_params_ui_tutorial' retrieved from /home/airflow/.local/lib/python3.12/site-packages/airflow/example_dags/example_params_ui_tutorial.py
[2026-05-09T10:25:23.958+0000] {logging_mixin.py:188} INFO - [2026-05-09T10:25:23.958+0000] {dag.py:3089} INFO - Sync 1 DAGs
[2026-05-09T10:25:23.972+0000] {logging_mixin.py:188} INFO - [2026-05-09T10:25:23.971+0000] {dag.py:3947} INFO - Setting next_dagrun for example_params_ui_tutorial to None, run_after=None
[2026-05-09T10:25:23.992+0000] {processor.py:183} INFO - Processing /home/airflow/.local/lib/python3.12/site-packages/airflow/example_dags/example_params_ui_tutorial.py took 0.097 seconds
[2026-05-09T10:25:54.346+0000] {processor.py:161} INFO - Started process (PID=261) to work on /home/airflow/.local/lib/python3.12/site-packages/airflow/example_dags/example_params_ui_tutorial.py
[2026-05-09T10:25:54.347+0000] {processor.py:830} INFO - Processing file /home/airflow/.local/lib/python3.12/site-packages/airflow/example_dags/example_params_ui_tutorial.py for tasks to queue
[2026-05-09T10:25:54.349+0000] {logging_mixin.py:188} INFO - [2026-05-09T10:25:54.349+0000] {dagbag.py:545} INFO - Filling up the DagBag from /home/airflow/.local/lib/python3.12/site-packages/airflow/example_dags/example_params_ui_tutorial.py
[2026-05-09T10:25:54.355+0000] {processor.py:840} INFO - DAG(s) 'example_params_ui_tutorial' retrieved from /home/airflow/.local/lib/python3.12/site-packages/airflow/example_dags/example_params_ui_tutorial.py
[2026-05-09T10:25:54.390+0000] {logging_mixin.py:188} INFO - [2026-05-09T10:25:54.390+0000] {dag.py:3089} INFO - Sync 1 DAGs
[2026-05-09T10:25:54.400+0000] {logging_mixin.py:188} INFO - [2026-05-09T10:25:54.400+0000] {dag.py:3947} INFO - Setting next_dagrun for example_params_ui_tutorial to None, run_after=None
[2026-05-09T10:25:54.415+0000] {processor.py:183} INFO - Processing /home/airflow/.local/lib/python3.12/site-packages/airflow/example_dags/example_params_ui_tutorial.py took 0.075 seconds
[2026-05-09T10:26:25.037+0000] {processor.py:161} INFO - Started process (PID=320) to work on /home/airflow/.local/lib/python3.12/site-packages/airflow/example_dags/example_params_ui_tutorial.py
[2026-05-09T10:26:25.038+0000] {processor.py:830} INFO - Processing file /home/airflow/.local/lib/python3.12/site-packages/airflow/example_dags/example_params_ui_tutorial.py for tasks to queue
[2026-05-09T10:26:25.039+0000] {logging_mixin.py:188} INFO - [2026-05-09T10:26:25.039+0000] {dagbag.py:545} INFO - Filling up the DagBag from /home/airflow/.local/lib/python3.12/site-packages/airflow/example_dags/example_params_ui_tutorial.py
[2026-05-09T10:26:25.047+0000] {processor.py:840} INFO - DAG(s) 'example_params_ui_tutorial' retrieved from /home/airflow/.local/lib/python3.12/site-packages/airflow/example_dags/example_params_ui_tutorial.py
[2026-05-09T10:26:25.081+0000] {logging_mixin.py:188} INFO - [2026-05-09T10:26:25.081+0000] {dag.py:3089} INFO - Sync 1 DAGs
[2026-05-09T10:26:25.090+0000] {logging_mixin.py:188} INFO - [2026-05-09T10:26:25.090+0000] {dag.py:3947} INFO - Setting next_dagrun for example_params_ui_tutorial to None, run_after=None
[2026-05-09T10:26:25.103+0000] {processor.py:183} INFO - Processing /home/airflow/.local/lib/python3.12/site-packages/airflow/example_dags/example_params_ui_tutorial.py took 0.071 seconds
[2026-05-09T10:26:55.370+0000] {processor.py:161} INFO - Started process (PID=379) to work on /home/airflow/.local/lib/python3.12/site-packages/airflow/example_dags/example_params_ui_tutorial.py
[2026-05-09T10:26:55.371+0000] {processor.py:830} INFO - Processing file /home/airflow/.local/lib/python3.12/site-packages/airflow/example_dags/example_params_ui_tutorial.py for tasks to queue
[2026-05-09T10:26:55.373+0000] {logging_mixin.py:188} INFO - [2026-05-09T10:26:55.373+0000] {dagbag.py:545} INFO - Filling up the DagBag from /home/airflow/.local/lib/python3.12/site-packages/airflow/example_dags/example_params_ui_tutorial.py
[2026-05-09T10:26:55.380+0000] {processor.py:840} INFO - DAG(s) 'example_params_ui_tutorial' retrieved from /home/airflow/.local/lib/python3.12/site-packages/airflow/example_dags/example_params_ui_tutorial.py
[2026-05-09T10:26:55.413+0000] {logging_mixin.py:188} INFO - [2026-05-09T10:26:55.413+0000] {dag.py:3089} INFO - Sync 1 DAGs
[2026-05-09T10:26:55.423+0000] {logging_mixin.py:188} INFO - [2026-05-09T10:26:55.422+0000] {dag.py:3947} INFO - Setting next_dagrun for example_params_ui_tutorial to None, run_after=None
[2026-05-09T10:26:55.436+0000] {processor.py:183} INFO - Processing /home/airflow/.local/lib/python3.12/site-packages/airflow/example_dags/example_params_ui_tutorial.py took 0.072 seconds
[2026-05-09T10:27:26.509+0000] {processor.py:161} INFO - Started process (PID=438) to work on /home/airflow/.local/lib/python3.12/site-packages/airflow/example_dags/example_params_ui_tutorial.py
[2026-05-09T10:27:26.510+0000] {processor.py:830} INFO - Processing file /home/airflow/.local/lib/python3.12/site-packages/airflow/example_dags/example_params_ui_tutorial.py for tasks to queue
[2026-05-09T10:27:26.511+0000] {logging_mixin.py:188} INFO - [2026-05-09T10:27:26.511+0000] {dagbag.py:545} INFO - Filling up the DagBag from /home/airflow/.local/lib/python3.12/site-packages/airflow/example_dags/example_params_ui_tutorial.py
[2026-05-09T10:27:26.516+0000] {processor.py:840} INFO - DAG(s) 'example_params_ui_tutorial' retrieved from /home/airflow/.local/lib/python3.12/site-packages/airflow/example_dags/example_params_ui_tutorial.py
[2026-05-09T10:27:26.548+0000] {logging_mixin.py:188} INFO - [2026-05-09T10:27:26.548+0000] {dag.py:3089} INFO - Sync 1 DAGs
[2026-05-09T10:27:26.556+0000] {logging_mixin.py:188} INFO - [2026-05-09T10:27:26.556+0000] {dag.py:3947} INFO - Setting next_dagrun for example_params_ui_tutorial to None, run_after=None
[2026-05-09T10:27:26.568+0000] {processor.py:183} INFO - Processing /home/airflow/.local/lib/python3.12/site-packages/airflow/example_dags/example_params_ui_tutorial.py took 0.064 seconds
[2026-05-09T10:31:09.715+0000] {processor.py:161} INFO - Started process (PID=84) to work on /home/airflow/.local/lib/python3.12/site-packages/airflow/example_dags/example_params_ui_tutorial.py
[2026-05-09T10:31:09.716+0000] {processor.py:830} INFO - Processing file /home/airflow/.local/lib/python3.12/site-packages/airflow/example_dags/example_params_ui_tutorial.py for tasks to queue
[2026-05-09T10:31:09.717+0000] {logging_mixin.py:188} INFO - [2026-05-09T10:31:09.717+0000] {dagbag.py:545} INFO - Filling up the DagBag from /home/airflow/.local/lib/python3.12/site-packages/airflow/example_dags/example_params_ui_tutorial.py
[2026-05-09T10:31:09.728+0000] {processor.py:840} INFO - DAG(s) 'example_params_ui_tutorial' retrieved from /home/airflow/.local/lib/python3.12/site-packages/airflow/example_dags/example_params_ui_tutorial.py
[2026-05-09T10:31:09.740+0000] {logging_mixin.py:188} INFO - [2026-05-09T10:31:09.740+0000] {dag.py:3089} INFO - Sync 1 DAGs
[2026-05-09T10:31:09.754+0000] {logging_mixin.py:188} INFO - [2026-05-09T10:31:09.754+0000] {dag.py:3947} INFO - Setting next_dagrun for example_params_ui_tutorial to None, run_after=None
[2026-05-09T10:31:09.772+0000] {processor.py:183} INFO - Processing /home/airflow/.local/lib/python3.12/site-packages/airflow/example_dags/example_params_ui_tutorial.py took 0.063 seconds
[2026-05-09T10:31:40.904+0000] {processor.py:161} INFO - Started process (PID=143) to work on /home/airflow/.local/lib/python3.12/site-packages/airflow/example_dags/example_params_ui_tutorial.py
[2026-05-09T10:31:40.905+0000] {processor.py:830} INFO - Processing file /home/airflow/.local/lib/python3.12/site-packages/airflow/example_dags/example_params_ui_tutorial.py for tasks to queue
[2026-05-09T10:31:40.907+0000] {logging_mixin.py:188} INFO - [2026-05-09T10:31:40.907+0000] {dagbag.py:545} INFO - Filling up the DagBag from /home/airflow/.local/lib/python3.12/site-packages/airflow/example_dags/example_params_ui_tutorial.py
[2026-05-09T10:31:40.913+0000] {processor.py:840} INFO - DAG(s) 'example_params_ui_tutorial' retrieved from /home/airflow/.local/lib/python3.12/site-packages/airflow/example_dags/example_params_ui_tutorial.py
[2026-05-09T10:31:41.014+0000] {logging_mixin.py:188} INFO - [2026-05-09T10:31:41.014+0000] {dag.py:3089} INFO - Sync 1 DAGs
[2026-05-09T10:31:41.023+0000] {logging_mixin.py:188} INFO - [2026-05-09T10:31:41.023+0000] {dag.py:3947} INFO - Setting next_dagrun for example_params_ui_tutorial to None, run_after=None
[2026-05-09T10:31:41.040+0000] {processor.py:183} INFO - Processing /home/airflow/.local/lib/python3.12/site-packages/airflow/example_dags/example_params_ui_tutorial.py took 0.142 seconds
[2026-05-09T10:32:12.007+0000] {processor.py:161} INFO - Started process (PID=202) to work on /home/airflow/.local/lib/python3.12/site-packages/airflow/example_dags/example_params_ui_tutorial.py
[2026-05-09T10:32:12.008+0000] {processor.py:830} INFO - Processing file /home/airflow/.local/lib/python3.12/site-packages/airflow/example_dags/example_params_ui_tutorial.py for tasks to queue
[2026-05-09T10:32:12.010+0000] {logging_mixin.py:188} INFO - [2026-05-09T10:32:12.010+0000] {dagbag.py:545} INFO - Filling up the DagBag from /home/airflow/.local/lib/python3.12/site-packages/airflow/example_dags/example_params_ui_tutorial.py
[2026-05-09T10:32:12.016+0000] {processor.py:840} INFO - DAG(s) 'example_params_ui_tutorial' retrieved from /home/airflow/.local/lib/python3.12/site-packages/airflow/example_dags/example_params_ui_tutorial.py
[2026-05-09T10:32:12.063+0000] {logging_mixin.py:188} INFO - [2026-05-09T10:32:12.062+0000] {dag.py:3089} INFO - Sync 1 DAGs
[2026-05-09T10:32:12.076+0000] {logging_mixin.py:188} INFO - [2026-05-09T10:32:12.076+0000] {dag.py:3947} INFO - Setting next_dagrun for example_params_ui_tutorial to None, run_after=None
[2026-05-09T10:32:12.095+0000] {processor.py:183} INFO - Processing /home/airflow/.local/lib/python3.12/site-packages/airflow/example_dags/example_params_ui_tutorial.py took 0.095 seconds
[2026-05-09T10:32:42.649+0000] {processor.py:161} INFO - Started process (PID=261) to work on /home/airflow/.local/lib/python3.12/site-packages/airflow/example_dags/example_params_ui_tutorial.py
[2026-05-09T10:32:42.650+0000] {processor.py:830} INFO - Processing file /home/airflow/.local/lib/python3.12/site-packages/airflow/example_dags/example_params_ui_tutorial.py for tasks to queue
[2026-05-09T10:32:42.652+0000] {logging_mixin.py:188} INFO - [2026-05-09T10:32:42.652+0000] {dagbag.py:545} INFO - Filling up the DagBag from /home/airflow/.local/lib/python3.12/site-packages/airflow/example_dags/example_params_ui_tutorial.py
[2026-05-09T10:32:42.658+0000] {processor.py:840} INFO - DAG(s) 'example_params_ui_tutorial' retrieved from /home/airflow/.local/lib/python3.12/site-packages/airflow/example_dags/example_params_ui_tutorial.py
[2026-05-09T10:32:42.696+0000] {logging_mixin.py:188} INFO - [2026-05-09T10:32:42.696+0000] {dag.py:3089} INFO - Sync 1 DAGs
[2026-05-09T10:32:42.705+0000] {logging_mixin.py:188} INFO - [2026-05-09T10:32:42.705+0000] {dag.py:3947} INFO - Setting next_dagrun for example_params_ui_tutorial to None, run_after=None
[2026-05-09T10:32:42.721+0000] {processor.py:183} INFO - Processing /home/airflow/.local/lib/python3.12/site-packages/airflow/example_dags/example_params_ui_tutorial.py took 0.078 seconds
[2026-05-09T10:33:13.651+0000] {processor.py:161} INFO - Started process (PID=320) to work on /home/airflow/.local/lib/python3.12/site-packages/airflow/example_dags/example_params_ui_tutorial.py
[2026-05-09T10:33:13.652+0000] {processor.py:830} INFO - Processing file /home/airflow/.local/lib/python3.12/site-packages/airflow/example_dags/example_params_ui_tutorial.py for tasks to queue
[2026-05-09T10:33:13.655+0000] {logging_mixin.py:188} INFO - [2026-05-09T10:33:13.654+0000] {dagbag.py:545} INFO - Filling up the DagBag from /home/airflow/.local/lib/python3.12/site-packages/airflow/example_dags/example_params_ui_tutorial.py
[2026-05-09T10:33:13.663+0000] {processor.py:840} INFO - DAG(s) 'example_params_ui_tutorial' retrieved from /home/airflow/.local/lib/python3.12/site-packages/airflow/example_dags/example_params_ui_tutorial.py
[2026-05-09T10:33:13.703+0000] {logging_mixin.py:188} INFO - [2026-05-09T10:33:13.702+0000] {dag.py:3089} INFO - Sync 1 DAGs
[2026-05-09T10:33:13.712+0000] {logging_mixin.py:188} INFO - [2026-05-09T10:33:13.712+0000] {dag.py:3947} INFO - Setting next_dagrun for example_params_ui_tutorial to None, run_after=None
[2026-05-09T10:33:13.726+0000] {processor.py:183} INFO - Processing /home/airflow/.local/lib/python3.12/site-packages/airflow/example_dags/example_params_ui_tutorial.py took 0.080 seconds
[2026-05-09T10:33:44.346+0000] {processor.py:161} INFO - Started process (PID=379) to work on /home/airflow/.local/lib/python3.12/site-packages/airflow/example_dags/example_params_ui_tutorial.py
[2026-05-09T10:33:44.347+0000] {processor.py:830} INFO - Processing file /home/airflow/.local/lib/python3.12/site-packages/airflow/example_dags/example_params_ui_tutorial.py for tasks to queue
[2026-05-09T10:33:44.349+0000] {logging_mixin.py:188} INFO - [2026-05-09T10:33:44.348+0000] {dagbag.py:545} INFO - Filling up the DagBag from /home/airflow/.local/lib/python3.12/site-packages/airflow/example_dags/example_params_ui_tutorial.py
[2026-05-09T10:33:44.354+0000] {processor.py:840} INFO - DAG(s) 'example_params_ui_tutorial' retrieved from /home/airflow/.local/lib/python3.12/site-packages/airflow/example_dags/example_params_ui_tutorial.py
[2026-05-09T10:33:44.386+0000] {logging_mixin.py:188} INFO - [2026-05-09T10:33:44.386+0000] {dag.py:3089} INFO - Sync 1 DAGs
[2026-05-09T10:33:44.395+0000] {logging_mixin.py:188} INFO - [2026-05-09T10:33:44.395+0000] {dag.py:3947} INFO - Setting next_dagrun for example_params_ui_tutorial to None, run_after=None
[2026-05-09T10:33:44.408+0000] {processor.py:183} INFO - Processing /home/airflow/.local/lib/python3.12/site-packages/airflow/example_dags/example_params_ui_tutorial.py took 0.066 seconds
[2026-05-09T10:34:15.031+0000] {processor.py:161} INFO - Started process (PID=438) to work on /home/airflow/.local/lib/python3.12/site-packages/airflow/example_dags/example_params_ui_tutorial.py
[2026-05-09T10:34:15.033+0000] {processor.py:830} INFO - Processing file /home/airflow/.local/lib/python3.12/site-packages/airflow/example_dags/example_params_ui_tutorial.py for tasks to queue
[2026-05-09T10:34:15.035+0000] {logging_mixin.py:188} INFO - [2026-05-09T10:34:15.035+0000] {dagbag.py:545} INFO - Filling up the DagBag from /home/airflow/.local/lib/python3.12/site-packages/airflow/example_dags/example_params_ui_tutorial.py
[2026-05-09T10:34:15.040+0000] {processor.py:840} INFO - DAG(s) 'example_params_ui_tutorial' retrieved from /home/airflow/.local/lib/python3.12/site-packages/airflow/example_dags/example_params_ui_tutorial.py
[2026-05-09T10:34:15.073+0000] {logging_mixin.py:188} INFO - [2026-05-09T10:34:15.073+0000] {dag.py:3089} INFO - Sync 1 DAGs
[2026-05-09T10:34:15.082+0000] {logging_mixin.py:188} INFO - [2026-05-09T10:34:15.082+0000] {dag.py:3947} INFO - Setting next_dagrun for example_params_ui_tutorial to None, run_after=None
[2026-05-09T10:34:15.096+0000] {processor.py:183} INFO - Processing /home/airflow/.local/lib/python3.12/site-packages/airflow/example_dags/example_params_ui_tutorial.py took 0.071 seconds
[2026-05-09T10:34:45.717+0000] {processor.py:161} INFO - Started process (PID=497) to work on /home/airflow/.local/lib/python3.12/site-packages/airflow/example_dags/example_params_ui_tutorial.py
[2026-05-09T10:34:45.718+0000] {processor.py:830} INFO - Processing file /home/airflow/.local/lib/python3.12/site-packages/airflow/example_dags/example_params_ui_tutorial.py for tasks to queue
[2026-05-09T10:34:45.720+0000] {logging_mixin.py:188} INFO - [2026-05-09T10:34:45.720+0000] {dagbag.py:545} INFO - Filling up the DagBag from /home/airflow/.local/lib/python3.12/site-packages/airflow/example_dags/example_params_ui_tutorial.py
[2026-05-09T10:34:45.725+0000] {processor.py:840} INFO - DAG(s) 'example_params_ui_tutorial' retrieved from /home/airflow/.local/lib/python3.12/site-packages/airflow/example_dags/example_params_ui_tutorial.py
[2026-05-09T10:34:45.759+0000] {logging_mixin.py:188} INFO - [2026-05-09T10:34:45.758+0000] {dag.py:3089} INFO - Sync 1 DAGs
[2026-05-09T10:34:45.768+0000] {logging_mixin.py:188} INFO - [2026-05-09T10:34:45.768+0000] {dag.py:3947} INFO - Setting next_dagrun for example_params_ui_tutorial to None, run_after=None
[2026-05-09T10:34:45.783+0000] {processor.py:183} INFO - Processing /home/airflow/.local/lib/python3.12/site-packages/airflow/example_dags/example_params_ui_tutorial.py took 0.072 seconds
[2026-05-09T10:35:16.317+0000] {processor.py:161} INFO - Started process (PID=556) to work on /home/airflow/.local/lib/python3.12/site-packages/airflow/example_dags/example_params_ui_tutorial.py
[2026-05-09T10:35:16.318+0000] {processor.py:830} INFO - Processing file /home/airflow/.local/lib/python3.12/site-packages/airflow/example_dags/example_params_ui_tutorial.py for tasks to queue
[2026-05-09T10:35:16.320+0000] {logging_mixin.py:188} INFO - [2026-05-09T10:35:16.320+0000] {dagbag.py:545} INFO - Filling up the DagBag from /home/airflow/.local/lib/python3.12/site-packages/airflow/example_dags/example_params_ui_tutorial.py
[2026-05-09T10:35:16.326+0000] {processor.py:840} INFO - DAG(s) 'example_params_ui_tutorial' retrieved from /home/airflow/.local/lib/python3.12/site-packages/airflow/example_dags/example_params_ui_tutorial.py
[2026-05-09T10:35:16.365+0000] {logging_mixin.py:188} INFO - [2026-05-09T10:35:16.365+0000] {dag.py:3089} INFO - Sync 1 DAGs
[2026-05-09T10:35:16.376+0000] {logging_mixin.py:188} INFO - [2026-05-09T10:35:16.376+0000] {dag.py:3947} INFO - Setting next_dagrun for example_params_ui_tutorial to None, run_after=None
[2026-05-09T10:35:16.390+0000] {processor.py:183} INFO - Processing /home/airflow/.local/lib/python3.12/site-packages/airflow/example_dags/example_params_ui_tutorial.py took 0.079 seconds
[2026-05-09T10:35:47.053+0000] {processor.py:161} INFO - Started process (PID=615) to work on /home/airflow/.local/lib/python3.12/site-packages/airflow/example_dags/example_params_ui_tutorial.py
[2026-05-09T10:35:47.054+0000] {processor.py:830} INFO - Processing file /home/airflow/.local/lib/python3.12/site-packages/airflow/example_dags/example_params_ui_tutorial.py for tasks to queue
[2026-05-09T10:35:47.056+0000] {logging_mixin.py:188} INFO - [2026-05-09T10:35:47.055+0000] {dagbag.py:545} INFO - Filling up the DagBag from /home/airflow/.local/lib/python3.12/site-packages/airflow/example_dags/example_params_ui_tutorial.py
[2026-05-09T10:35:47.061+0000] {processor.py:840} INFO - DAG(s) 'example_params_ui_tutorial' retrieved from /home/airflow/.local/lib/python3.12/site-packages/airflow/example_dags/example_params_ui_tutorial.py
[2026-05-09T10:35:47.094+0000] {logging_mixin.py:188} INFO - [2026-05-09T10:35:47.094+0000] {dag.py:3089} INFO - Sync 1 DAGs
[2026-05-09T10:35:47.103+0000] {logging_mixin.py:188} INFO - [2026-05-09T10:35:47.103+0000] {dag.py:3947} INFO - Setting next_dagrun for example_params_ui_tutorial to None, run_after=None
[2026-05-09T10:35:47.115+0000] {processor.py:183} INFO - Processing /home/airflow/.local/lib/python3.12/site-packages/airflow/example_dags/example_params_ui_tutorial.py took 0.067 seconds
[2026-05-09T10:36:17.916+0000] {processor.py:161} INFO - Started process (PID=674) to work on /home/airflow/.local/lib/python3.12/site-packages/airflow/example_dags/example_params_ui_tutorial.py
[2026-05-09T10:36:17.917+0000] {processor.py:830} INFO - Processing file /home/airflow/.local/lib/python3.12/site-packages/airflow/example_dags/example_params_ui_tutorial.py for tasks to queue
[2026-05-09T10:36:17.919+0000] {logging_mixin.py:188} INFO - [2026-05-09T10:36:17.918+0000] {dagbag.py:545} INFO - Filling up the DagBag from /home/airflow/.local/lib/python3.12/site-packages/airflow/example_dags/example_params_ui_tutorial.py
[2026-05-09T10:36:17.924+0000] {processor.py:840} INFO - DAG(s) 'example_params_ui_tutorial' retrieved from /home/airflow/.local/lib/python3.12/site-packages/airflow/example_dags/example_params_ui_tutorial.py
[2026-05-09T10:36:17.957+0000] {logging_mixin.py:188} INFO - [2026-05-09T10:36:17.956+0000] {dag.py:3089} INFO - Sync 1 DAGs
[2026-05-09T10:36:17.966+0000] {logging_mixin.py:188} INFO - [2026-05-09T10:36:17.966+0000] {dag.py:3947} INFO - Setting next_dagrun for example_params_ui_tutorial to None, run_after=None
[2026-05-09T10:36:17.978+0000] {processor.py:183} INFO - Processing /home/airflow/.local/lib/python3.12/site-packages/airflow/example_dags/example_params_ui_tutorial.py took 0.067 seconds
[2026-05-09T10:36:48.024+0000] {processor.py:161} INFO - Started process (PID=733) to work on /home/airflow/.local/lib/python3.12/site-packages/airflow/example_dags/example_params_ui_tutorial.py
[2026-05-09T10:36:48.025+0000] {processor.py:830} INFO - Processing file /home/airflow/.local/lib/python3.12/site-packages/airflow/example_dags/example_params_ui_tutorial.py for tasks to queue
[2026-05-09T10:36:48.027+0000] {logging_mixin.py:188} INFO - [2026-05-09T10:36:48.026+0000] {dagbag.py:545} INFO - Filling up the DagBag from /home/airflow/.local/lib/python3.12/site-packages/airflow/example_dags/example_params_ui_tutorial.py
[2026-05-09T10:36:48.032+0000] {processor.py:840} INFO - DAG(s) 'example_params_ui_tutorial' retrieved from /home/airflow/.local/lib/python3.12/site-packages/airflow/example_dags/example_params_ui_tutorial.py
[2026-05-09T10:36:48.067+0000] {logging_mixin.py:188} INFO - [2026-05-09T10:36:48.067+0000] {dag.py:3089} INFO - Sync 1 DAGs
[2026-05-09T10:36:48.077+0000] {logging_mixin.py:188} INFO - [2026-05-09T10:36:48.077+0000] {dag.py:3947} INFO - Setting next_dagrun for example_params_ui_tutorial to None, run_after=None
[2026-05-09T10:36:48.089+0000] {processor.py:183} INFO - Processing /home/airflow/.local/lib/python3.12/site-packages/airflow/example_dags/example_params_ui_tutorial.py took 0.071 seconds
[2026-05-09T10:37:19.148+0000] {processor.py:161} INFO - Started process (PID=792) to work on /home/airflow/.local/lib/python3.12/site-packages/airflow/example_dags/example_params_ui_tutorial.py
[2026-05-09T10:37:19.148+0000] {processor.py:830} INFO - Processing file /home/airflow/.local/lib/python3.12/site-packages/airflow/example_dags/example_params_ui_tutorial.py for tasks to queue
[2026-05-09T10:37:19.150+0000] {logging_mixin.py:188} INFO - [2026-05-09T10:37:19.150+0000] {dagbag.py:545} INFO - Filling up the DagBag from /home/airflow/.local/lib/python3.12/site-packages/airflow/example_dags/example_params_ui_tutorial.py
[2026-05-09T10:37:19.155+0000] {processor.py:840} INFO - DAG(s) 'example_params_ui_tutorial' retrieved from /home/airflow/.local/lib/python3.12/site-packages/airflow/example_dags/example_params_ui_tutorial.py
[2026-05-09T10:37:19.187+0000] {logging_mixin.py:188} INFO - [2026-05-09T10:37:19.187+0000] {dag.py:3089} INFO - Sync 1 DAGs
[2026-05-09T10:37:19.195+0000] {logging_mixin.py:188} INFO - [2026-05-09T10:37:19.195+0000] {dag.py:3947} INFO - Setting next_dagrun for example_params_ui_tutorial to None, run_after=None
[2026-05-09T10:37:19.208+0000] {processor.py:183} INFO - Processing /home/airflow/.local/lib/python3.12/site-packages/airflow/example_dags/example_params_ui_tutorial.py took 0.065 seconds
[2026-05-09T10:37:50.868+0000] {processor.py:161} INFO - Started process (PID=852) to work on /home/airflow/.local/lib/python3.12/site-packages/airflow/example_dags/example_params_ui_tutorial.py
[2026-05-09T10:37:50.869+0000] {processor.py:830} INFO - Processing file /home/airflow/.local/lib/python3.12/site-packages/airflow/example_dags/example_params_ui_tutorial.py for tasks to queue
[2026-05-09T10:37:50.870+0000] {logging_mixin.py:188} INFO - [2026-05-09T10:37:50.870+0000] {dagbag.py:545} INFO - Filling up the DagBag from /home/airflow/.local/lib/python3.12/site-packages/airflow/example_dags/example_params_ui_tutorial.py
[2026-05-09T10:37:50.876+0000] {processor.py:840} INFO - DAG(s) 'example_params_ui_tutorial' retrieved from /home/airflow/.local/lib/python3.12/site-packages/airflow/example_dags/example_params_ui_tutorial.py
[2026-05-09T10:37:50.910+0000] {logging_mixin.py:188} INFO - [2026-05-09T10:37:50.909+0000] {dag.py:3089} INFO - Sync 1 DAGs
[2026-05-09T10:37:50.918+0000] {logging_mixin.py:188} INFO - [2026-05-09T10:37:50.918+0000] {dag.py:3947} INFO - Setting next_dagrun for example_params_ui_tutorial to None, run_after=None
[2026-05-09T10:37:50.932+0000] {processor.py:183} INFO - Processing /home/airflow/.local/lib/python3.12/site-packages/airflow/example_dags/example_params_ui_tutorial.py took 0.069 seconds
[2026-05-09T10:38:21.535+0000] {processor.py:161} INFO - Started process (PID=911) to work on /home/airflow/.local/lib/python3.12/site-packages/airflow/example_dags/example_params_ui_tutorial.py
[2026-05-09T10:38:21.536+0000] {processor.py:830} INFO - Processing file /home/airflow/.local/lib/python3.12/site-packages/airflow/example_dags/example_params_ui_tutorial.py for tasks to queue
[2026-05-09T10:38:21.538+0000] {logging_mixin.py:188} INFO - [2026-05-09T10:38:21.538+0000] {dagbag.py:545} INFO - Filling up the DagBag from /home/airflow/.local/lib/python3.12/site-packages/airflow/example_dags/example_params_ui_tutorial.py
[2026-05-09T10:38:21.544+0000] {processor.py:840} INFO - DAG(s) 'example_params_ui_tutorial' retrieved from /home/airflow/.local/lib/python3.12/site-packages/airflow/example_dags/example_params_ui_tutorial.py
[2026-05-09T10:38:21.581+0000] {logging_mixin.py:188} INFO - [2026-05-09T10:38:21.580+0000] {dag.py:3089} INFO - Sync 1 DAGs
[2026-05-09T10:38:21.591+0000] {logging_mixin.py:188} INFO - [2026-05-09T10:38:21.591+0000] {dag.py:3947} INFO - Setting next_dagrun for example_params_ui_tutorial to None, run_after=None
[2026-05-09T10:38:21.605+0000] {processor.py:183} INFO - Processing /home/airflow/.local/lib/python3.12/site-packages/airflow/example_dags/example_params_ui_tutorial.py took 0.075 seconds
[2026-05-09T10:38:51.895+0000] {processor.py:161} INFO - Started process (PID=970) to work on /home/airflow/.local/lib/python3.12/site-packages/airflow/example_dags/example_params_ui_tutorial.py
[2026-05-09T10:38:51.896+0000] {processor.py:830} INFO - Processing file /home/airflow/.local/lib/python3.12/site-packages/airflow/example_dags/example_params_ui_tutorial.py for tasks to queue
[2026-05-09T10:38:51.898+0000] {logging_mixin.py:188} INFO - [2026-05-09T10:38:51.897+0000] {dagbag.py:545} INFO - Filling up the DagBag from /home/airflow/.local/lib/python3.12/site-packages/airflow/example_dags/example_params_ui_tutorial.py
[2026-05-09T10:38:51.903+0000] {processor.py:840} INFO - DAG(s) 'example_params_ui_tutorial' retrieved from /home/airflow/.local/lib/python3.12/site-packages/airflow/example_dags/example_params_ui_tutorial.py
[2026-05-09T10:38:51.937+0000] {logging_mixin.py:188} INFO - [2026-05-09T10:38:51.936+0000] {dag.py:3089} INFO - Sync 1 DAGs
[2026-05-09T10:38:51.946+0000] {logging_mixin.py:188} INFO - [2026-05-09T10:38:51.946+0000] {dag.py:3947} INFO - Setting next_dagrun for example_params_ui_tutorial to None, run_after=None
[2026-05-09T10:38:51.959+0000] {processor.py:183} INFO - Processing /home/airflow/.local/lib/python3.12/site-packages/airflow/example_dags/example_params_ui_tutorial.py took 0.069 seconds
[2026-05-09T10:39:22.731+0000] {processor.py:161} INFO - Started process (PID=1029) to work on /home/airflow/.local/lib/python3.12/site-packages/airflow/example_dags/example_params_ui_tutorial.py
[2026-05-09T10:39:22.732+0000] {processor.py:830} INFO - Processing file /home/airflow/.local/lib/python3.12/site-packages/airflow/example_dags/example_params_ui_tutorial.py for tasks to queue
[2026-05-09T10:39:22.734+0000] {logging_mixin.py:188} INFO - [2026-05-09T10:39:22.734+0000] {dagbag.py:545} INFO - Filling up the DagBag from /home/airflow/.local/lib/python3.12/site-packages/airflow/example_dags/example_params_ui_tutorial.py
[2026-05-09T10:39:22.740+0000] {processor.py:840} INFO - DAG(s) 'example_params_ui_tutorial' retrieved from /home/airflow/.local/lib/python3.12/site-packages/airflow/example_dags/example_params_ui_tutorial.py
[2026-05-09T10:39:22.774+0000] {logging_mixin.py:188} INFO - [2026-05-09T10:39:22.774+0000] {dag.py:3089} INFO - Sync 1 DAGs
[2026-05-09T10:39:22.785+0000] {logging_mixin.py:188} INFO - [2026-05-09T10:39:22.784+0000] {dag.py:3947} INFO - Setting next_dagrun for example_params_ui_tutorial to None, run_after=None
[2026-05-09T10:39:22.802+0000] {processor.py:183} INFO - Processing /home/airflow/.local/lib/python3.12/site-packages/airflow/example_dags/example_params_ui_tutorial.py took 0.078 seconds
[2026-05-09T10:39:53.930+0000] {processor.py:161} INFO - Started process (PID=1088) to work on /home/airflow/.local/lib/python3.12/site-packages/airflow/example_dags/example_params_ui_tutorial.py
[2026-05-09T10:39:53.931+0000] {processor.py:830} INFO - Processing file /home/airflow/.local/lib/python3.12/site-packages/airflow/example_dags/example_params_ui_tutorial.py for tasks to queue
[2026-05-09T10:39:53.933+0000] {logging_mixin.py:188} INFO - [2026-05-09T10:39:53.932+0000] {dagbag.py:545} INFO - Filling up the DagBag from /home/airflow/.local/lib/python3.12/site-packages/airflow/example_dags/example_params_ui_tutorial.py
[2026-05-09T10:39:53.938+0000] {processor.py:840} INFO - DAG(s) 'example_params_ui_tutorial' retrieved from /home/airflow/.local/lib/python3.12/site-packages/airflow/example_dags/example_params_ui_tutorial.py
[2026-05-09T10:39:53.972+0000] {logging_mixin.py:188} INFO - [2026-05-09T10:39:53.972+0000] {dag.py:3089} INFO - Sync 1 DAGs
[2026-05-09T10:39:53.981+0000] {logging_mixin.py:188} INFO - [2026-05-09T10:39:53.980+0000] {dag.py:3947} INFO - Setting next_dagrun for example_params_ui_tutorial to None, run_after=None
[2026-05-09T10:39:53.992+0000] {processor.py:183} INFO - Processing /home/airflow/.local/lib/python3.12/site-packages/airflow/example_dags/example_params_ui_tutorial.py took 0.068 seconds
[2026-05-09T15:29:38.960+0000] {processor.py:161} INFO - Started process (PID=85) to work on /home/airflow/.local/lib/python3.12/site-packages/airflow/example_dags/example_params_ui_tutorial.py
[2026-05-09T15:29:38.962+0000] {processor.py:830} INFO - Processing file /home/airflow/.local/lib/python3.12/site-packages/airflow/example_dags/example_params_ui_tutorial.py for tasks to queue
[2026-05-09T15:29:38.964+0000] {logging_mixin.py:188} INFO - [2026-05-09T15:29:38.964+0000] {dagbag.py:545} INFO - Filling up the DagBag from /home/airflow/.local/lib/python3.12/site-packages/airflow/example_dags/example_params_ui_tutorial.py
[2026-05-09T15:29:38.978+0000] {processor.py:840} INFO - DAG(s) 'example_params_ui_tutorial' retrieved from /home/airflow/.local/lib/python3.12/site-packages/airflow/example_dags/example_params_ui_tutorial.py
[2026-05-09T15:29:38.991+0000] {logging_mixin.py:188} INFO - [2026-05-09T15:29:38.990+0000] {dag.py:3089} INFO - Sync 1 DAGs
[2026-05-09T15:29:39.004+0000] {logging_mixin.py:188} INFO - [2026-05-09T15:29:39.003+0000] {dag.py:3947} INFO - Setting next_dagrun for example_params_ui_tutorial to None, run_after=None
[2026-05-09T15:29:39.032+0000] {processor.py:183} INFO - Processing /home/airflow/.local/lib/python3.12/site-packages/airflow/example_dags/example_params_ui_tutorial.py took 0.082 seconds
[2026-05-09T15:30:09.510+0000] {processor.py:161} INFO - Started process (PID=145) to work on /home/airflow/.local/lib/python3.12/site-packages/airflow/example_dags/example_params_ui_tutorial.py
[2026-05-09T15:30:09.511+0000] {processor.py:830} INFO - Processing file /home/airflow/.local/lib/python3.12/site-packages/airflow/example_dags/example_params_ui_tutorial.py for tasks to queue
[2026-05-09T15:30:09.512+0000] {logging_mixin.py:188} INFO - [2026-05-09T15:30:09.512+0000] {dagbag.py:545} INFO - Filling up the DagBag from /home/airflow/.local/lib/python3.12/site-packages/airflow/example_dags/example_params_ui_tutorial.py
[2026-05-09T15:30:09.521+0000] {processor.py:840} INFO - DAG(s) 'example_params_ui_tutorial' retrieved from /home/airflow/.local/lib/python3.12/site-packages/airflow/example_dags/example_params_ui_tutorial.py
[2026-05-09T15:30:09.612+0000] {logging_mixin.py:188} INFO - [2026-05-09T15:30:09.612+0000] {dag.py:3089} INFO - Sync 1 DAGs
[2026-05-09T15:30:09.619+0000] {logging_mixin.py:188} INFO - [2026-05-09T15:30:09.619+0000] {dag.py:3947} INFO - Setting next_dagrun for example_params_ui_tutorial to None, run_after=None
[2026-05-09T15:30:09.632+0000] {processor.py:183} INFO - Processing /home/airflow/.local/lib/python3.12/site-packages/airflow/example_dags/example_params_ui_tutorial.py took 0.127 seconds
[2026-05-09T15:49:26.480+0000] {processor.py:161} INFO - Started process (PID=85) to work on /home/airflow/.local/lib/python3.12/site-packages/airflow/example_dags/example_params_ui_tutorial.py
[2026-05-09T15:49:26.481+0000] {processor.py:830} INFO - Processing file /home/airflow/.local/lib/python3.12/site-packages/airflow/example_dags/example_params_ui_tutorial.py for tasks to queue
[2026-05-09T15:49:26.483+0000] {logging_mixin.py:188} INFO - [2026-05-09T15:49:26.483+0000] {dagbag.py:545} INFO - Filling up the DagBag from /home/airflow/.local/lib/python3.12/site-packages/airflow/example_dags/example_params_ui_tutorial.py
[2026-05-09T15:49:26.492+0000] {processor.py:840} INFO - DAG(s) 'example_params_ui_tutorial' retrieved from /home/airflow/.local/lib/python3.12/site-packages/airflow/example_dags/example_params_ui_tutorial.py
[2026-05-09T15:49:26.503+0000] {logging_mixin.py:188} INFO - [2026-05-09T15:49:26.503+0000] {dag.py:3089} INFO - Sync 1 DAGs
[2026-05-09T15:49:26.516+0000] {logging_mixin.py:188} INFO - [2026-05-09T15:49:26.515+0000] {dag.py:3947} INFO - Setting next_dagrun for example_params_ui_tutorial to None, run_after=None
[2026-05-09T15:49:26.531+0000] {processor.py:183} INFO - Processing /home/airflow/.local/lib/python3.12/site-packages/airflow/example_dags/example_params_ui_tutorial.py took 0.058 seconds
[2026-05-09T15:49:58.019+0000] {processor.py:161} INFO - Started process (PID=146) to work on /home/airflow/.local/lib/python3.12/site-packages/airflow/example_dags/example_params_ui_tutorial.py
[2026-05-09T15:49:58.019+0000] {processor.py:830} INFO - Processing file /home/airflow/.local/lib/python3.12/site-packages/airflow/example_dags/example_params_ui_tutorial.py for tasks to queue
[2026-05-09T15:49:58.021+0000] {logging_mixin.py:188} INFO - [2026-05-09T15:49:58.021+0000] {dagbag.py:545} INFO - Filling up the DagBag from /home/airflow/.local/lib/python3.12/site-packages/airflow/example_dags/example_params_ui_tutorial.py
[2026-05-09T15:49:58.026+0000] {processor.py:840} INFO - DAG(s) 'example_params_ui_tutorial' retrieved from /home/airflow/.local/lib/python3.12/site-packages/airflow/example_dags/example_params_ui_tutorial.py
[2026-05-09T15:49:58.119+0000] {logging_mixin.py:188} INFO - [2026-05-09T15:49:58.118+0000] {dag.py:3089} INFO - Sync 1 DAGs
[2026-05-09T15:49:58.125+0000] {logging_mixin.py:188} INFO - [2026-05-09T15:49:58.125+0000] {dag.py:3947} INFO - Setting next_dagrun for example_params_ui_tutorial to None, run_after=None
[2026-05-09T15:49:58.138+0000] {processor.py:183} INFO - Processing /home/airflow/.local/lib/python3.12/site-packages/airflow/example_dags/example_params_ui_tutorial.py took 0.125 seconds
[2026-05-09T15:50:28.601+0000] {processor.py:161} INFO - Started process (PID=206) to work on /home/airflow/.local/lib/python3.12/site-packages/airflow/example_dags/example_params_ui_tutorial.py
[2026-05-09T15:50:28.602+0000] {processor.py:830} INFO - Processing file /home/airflow/.local/lib/python3.12/site-packages/airflow/example_dags/example_params_ui_tutorial.py for tasks to queue
[2026-05-09T15:50:28.602+0000] {logging_mixin.py:188} INFO - [2026-05-09T15:50:28.602+0000] {dagbag.py:545} INFO - Filling up the DagBag from /home/airflow/.local/lib/python3.12/site-packages/airflow/example_dags/example_params_ui_tutorial.py
[2026-05-09T15:50:28.608+0000] {processor.py:840} INFO - DAG(s) 'example_params_ui_tutorial' retrieved from /home/airflow/.local/lib/python3.12/site-packages/airflow/example_dags/example_params_ui_tutorial.py
[2026-05-09T15:50:28.643+0000] {logging_mixin.py:188} INFO - [2026-05-09T15:50:28.642+0000] {dag.py:3089} INFO - Sync 1 DAGs
[2026-05-09T15:50:28.651+0000] {logging_mixin.py:188} INFO - [2026-05-09T15:50:28.651+0000] {dag.py:3947} INFO - Setting next_dagrun for example_params_ui_tutorial to None, run_after=None
[2026-05-09T15:50:28.663+0000] {processor.py:183} INFO - Processing /home/airflow/.local/lib/python3.12/site-packages/airflow/example_dags/example_params_ui_tutorial.py took 0.068 seconds
[2026-05-09T15:50:59.397+0000] {processor.py:161} INFO - Started process (PID=267) to work on /home/airflow/.local/lib/python3.12/site-packages/airflow/example_dags/example_params_ui_tutorial.py
[2026-05-09T15:50:59.398+0000] {processor.py:830} INFO - Processing file /home/airflow/.local/lib/python3.12/site-packages/airflow/example_dags/example_params_ui_tutorial.py for tasks to queue
[2026-05-09T15:50:59.398+0000] {logging_mixin.py:188} INFO - [2026-05-09T15:50:59.398+0000] {dagbag.py:545} INFO - Filling up the DagBag from /home/airflow/.local/lib/python3.12/site-packages/airflow/example_dags/example_params_ui_tutorial.py
[2026-05-09T15:50:59.404+0000] {processor.py:840} INFO - DAG(s) 'example_params_ui_tutorial' retrieved from /home/airflow/.local/lib/python3.12/site-packages/airflow/example_dags/example_params_ui_tutorial.py
[2026-05-09T15:50:59.441+0000] {logging_mixin.py:188} INFO - [2026-05-09T15:50:59.441+0000] {dag.py:3089} INFO - Sync 1 DAGs
[2026-05-09T15:50:59.451+0000] {logging_mixin.py:188} INFO - [2026-05-09T15:50:59.451+0000] {dag.py:3947} INFO - Setting next_dagrun for example_params_ui_tutorial to None, run_after=None
[2026-05-09T15:50:59.467+0000] {processor.py:183} INFO - Processing /home/airflow/.local/lib/python3.12/site-packages/airflow/example_dags/example_params_ui_tutorial.py took 0.076 seconds
[2026-05-09T15:51:30.378+0000] {processor.py:161} INFO - Started process (PID=327) to work on /home/airflow/.local/lib/python3.12/site-packages/airflow/example_dags/example_params_ui_tutorial.py
[2026-05-09T15:51:30.379+0000] {processor.py:830} INFO - Processing file /home/airflow/.local/lib/python3.12/site-packages/airflow/example_dags/example_params_ui_tutorial.py for tasks to queue
[2026-05-09T15:51:30.379+0000] {logging_mixin.py:188} INFO - [2026-05-09T15:51:30.379+0000] {dagbag.py:545} INFO - Filling up the DagBag from /home/airflow/.local/lib/python3.12/site-packages/airflow/example_dags/example_params_ui_tutorial.py
[2026-05-09T15:51:30.385+0000] {processor.py:840} INFO - DAG(s) 'example_params_ui_tutorial' retrieved from /home/airflow/.local/lib/python3.12/site-packages/airflow/example_dags/example_params_ui_tutorial.py
[2026-05-09T15:51:30.419+0000] {logging_mixin.py:188} INFO - [2026-05-09T15:51:30.419+0000] {dag.py:3089} INFO - Sync 1 DAGs
[2026-05-09T15:51:30.429+0000] {logging_mixin.py:188} INFO - [2026-05-09T15:51:30.429+0000] {dag.py:3947} INFO - Setting next_dagrun for example_params_ui_tutorial to None, run_after=None
[2026-05-09T15:51:30.442+0000] {processor.py:183} INFO - Processing /home/airflow/.local/lib/python3.12/site-packages/airflow/example_dags/example_params_ui_tutorial.py took 0.070 seconds
[2026-05-09T15:52:01.355+0000] {processor.py:161} INFO - Started process (PID=387) to work on /home/airflow/.local/lib/python3.12/site-packages/airflow/example_dags/example_params_ui_tutorial.py
[2026-05-09T15:52:01.356+0000] {processor.py:830} INFO - Processing file /home/airflow/.local/lib/python3.12/site-packages/airflow/example_dags/example_params_ui_tutorial.py for tasks to queue
[2026-05-09T15:52:01.357+0000] {logging_mixin.py:188} INFO - [2026-05-09T15:52:01.356+0000] {dagbag.py:545} INFO - Filling up the DagBag from /home/airflow/.local/lib/python3.12/site-packages/airflow/example_dags/example_params_ui_tutorial.py
[2026-05-09T15:52:01.363+0000] {processor.py:840} INFO - DAG(s) 'example_params_ui_tutorial' retrieved from /home/airflow/.local/lib/python3.12/site-packages/airflow/example_dags/example_params_ui_tutorial.py
[2026-05-09T15:52:01.401+0000] {logging_mixin.py:188} INFO - [2026-05-09T15:52:01.400+0000] {dag.py:3089} INFO - Sync 1 DAGs
[2026-05-09T15:52:01.411+0000] {logging_mixin.py:188} INFO - [2026-05-09T15:52:01.410+0000] {dag.py:3947} INFO - Setting next_dagrun for example_params_ui_tutorial to None, run_after=None
[2026-05-09T15:52:01.425+0000] {processor.py:183} INFO - Processing /home/airflow/.local/lib/python3.12/site-packages/airflow/example_dags/example_params_ui_tutorial.py took 0.076 seconds
[2026-05-09T15:52:31.495+0000] {processor.py:161} INFO - Started process (PID=447) to work on /home/airflow/.local/lib/python3.12/site-packages/airflow/example_dags/example_params_ui_tutorial.py
[2026-05-09T15:52:31.496+0000] {processor.py:830} INFO - Processing file /home/airflow/.local/lib/python3.12/site-packages/airflow/example_dags/example_params_ui_tutorial.py for tasks to queue
[2026-05-09T15:52:31.498+0000] {logging_mixin.py:188} INFO - [2026-05-09T15:52:31.497+0000] {dagbag.py:545} INFO - Filling up the DagBag from /home/airflow/.local/lib/python3.12/site-packages/airflow/example_dags/example_params_ui_tutorial.py
[2026-05-09T15:52:31.504+0000] {processor.py:840} INFO - DAG(s) 'example_params_ui_tutorial' retrieved from /home/airflow/.local/lib/python3.12/site-packages/airflow/example_dags/example_params_ui_tutorial.py
[2026-05-09T15:52:31.541+0000] {logging_mixin.py:188} INFO - [2026-05-09T15:52:31.541+0000] {dag.py:3089} INFO - Sync 1 DAGs
[2026-05-09T15:52:31.551+0000] {logging_mixin.py:188} INFO - [2026-05-09T15:52:31.550+0000] {dag.py:3947} INFO - Setting next_dagrun for example_params_ui_tutorial to None, run_after=None
[2026-05-09T15:52:31.565+0000] {processor.py:183} INFO - Processing /home/airflow/.local/lib/python3.12/site-packages/airflow/example_dags/example_params_ui_tutorial.py took 0.076 seconds
[2026-05-09T15:53:02.082+0000] {processor.py:161} INFO - Started process (PID=507) to work on /home/airflow/.local/lib/python3.12/site-packages/airflow/example_dags/example_params_ui_tutorial.py
[2026-05-09T15:53:02.083+0000] {processor.py:830} INFO - Processing file /home/airflow/.local/lib/python3.12/site-packages/airflow/example_dags/example_params_ui_tutorial.py for tasks to queue
[2026-05-09T15:53:02.083+0000] {logging_mixin.py:188} INFO - [2026-05-09T15:53:02.083+0000] {dagbag.py:545} INFO - Filling up the DagBag from /home/airflow/.local/lib/python3.12/site-packages/airflow/example_dags/example_params_ui_tutorial.py
[2026-05-09T15:53:02.088+0000] {processor.py:840} INFO - DAG(s) 'example_params_ui_tutorial' retrieved from /home/airflow/.local/lib/python3.12/site-packages/airflow/example_dags/example_params_ui_tutorial.py
[2026-05-09T15:53:02.123+0000] {logging_mixin.py:188} INFO - [2026-05-09T15:53:02.122+0000] {dag.py:3089} INFO - Sync 1 DAGs
[2026-05-09T15:53:02.131+0000] {logging_mixin.py:188} INFO - [2026-05-09T15:53:02.131+0000] {dag.py:3947} INFO - Setting next_dagrun for example_params_ui_tutorial to None, run_after=None
[2026-05-09T15:53:02.144+0000] {processor.py:183} INFO - Processing /home/airflow/.local/lib/python3.12/site-packages/airflow/example_dags/example_params_ui_tutorial.py took 0.067 seconds
[2026-05-09T16:29:56.642+0000] {processor.py:161} INFO - Started process (PID=85) to work on /home/airflow/.local/lib/python3.12/site-packages/airflow/example_dags/example_params_ui_tutorial.py
[2026-05-09T16:29:56.643+0000] {processor.py:830} INFO - Processing file /home/airflow/.local/lib/python3.12/site-packages/airflow/example_dags/example_params_ui_tutorial.py for tasks to queue
[2026-05-09T16:29:56.645+0000] {logging_mixin.py:188} INFO - [2026-05-09T16:29:56.645+0000] {dagbag.py:545} INFO - Filling up the DagBag from /home/airflow/.local/lib/python3.12/site-packages/airflow/example_dags/example_params_ui_tutorial.py
[2026-05-09T16:29:56.654+0000] {processor.py:840} INFO - DAG(s) 'example_params_ui_tutorial' retrieved from /home/airflow/.local/lib/python3.12/site-packages/airflow/example_dags/example_params_ui_tutorial.py
[2026-05-09T16:29:56.753+0000] {logging_mixin.py:188} INFO - [2026-05-09T16:29:56.753+0000] {override.py:1858} INFO - Created Permission View: can edit on DAG:example_params_ui_tutorial
[2026-05-09T16:29:56.761+0000] {logging_mixin.py:188} INFO - [2026-05-09T16:29:56.760+0000] {override.py:1858} INFO - Created Permission View: can read on DAG:example_params_ui_tutorial
[2026-05-09T16:29:56.766+0000] {logging_mixin.py:188} INFO - [2026-05-09T16:29:56.765+0000] {override.py:1858} INFO - Created Permission View: can delete on DAG:example_params_ui_tutorial
[2026-05-09T16:29:56.766+0000] {logging_mixin.py:188} INFO - [2026-05-09T16:29:56.766+0000] {dag.py:3089} INFO - Sync 1 DAGs
[2026-05-09T16:29:56.774+0000] {logging_mixin.py:188} INFO - [2026-05-09T16:29:56.774+0000] {dag.py:3111} INFO - Creating ORM DAG for example_params_ui_tutorial
[2026-05-09T16:29:56.774+0000] {logging_mixin.py:188} INFO - [2026-05-09T16:29:56.774+0000] {dag.py:3947} INFO - Setting next_dagrun for example_params_ui_tutorial to None, run_after=None
[2026-05-09T16:29:56.789+0000] {processor.py:183} INFO - Processing /home/airflow/.local/lib/python3.12/site-packages/airflow/example_dags/example_params_ui_tutorial.py took 0.153 seconds
[2026-05-09T16:30:27.054+0000] {processor.py:161} INFO - Started process (PID=145) to work on /home/airflow/.local/lib/python3.12/site-packages/airflow/example_dags/example_params_ui_tutorial.py
[2026-05-09T16:30:27.054+0000] {processor.py:830} INFO - Processing file /home/airflow/.local/lib/python3.12/site-packages/airflow/example_dags/example_params_ui_tutorial.py for tasks to queue
[2026-05-09T16:30:27.056+0000] {logging_mixin.py:188} INFO - [2026-05-09T16:30:27.056+0000] {dagbag.py:545} INFO - Filling up the DagBag from /home/airflow/.local/lib/python3.12/site-packages/airflow/example_dags/example_params_ui_tutorial.py
[2026-05-09T16:30:27.061+0000] {processor.py:840} INFO - DAG(s) 'example_params_ui_tutorial' retrieved from /home/airflow/.local/lib/python3.12/site-packages/airflow/example_dags/example_params_ui_tutorial.py
[2026-05-09T16:30:27.094+0000] {logging_mixin.py:188} INFO - [2026-05-09T16:30:27.094+0000] {dag.py:3089} INFO - Sync 1 DAGs
[2026-05-09T16:30:27.103+0000] {logging_mixin.py:188} INFO - [2026-05-09T16:30:27.103+0000] {dag.py:3947} INFO - Setting next_dagrun for example_params_ui_tutorial to None, run_after=None
[2026-05-09T16:30:27.114+0000] {processor.py:183} INFO - Processing /home/airflow/.local/lib/python3.12/site-packages/airflow/example_dags/example_params_ui_tutorial.py took 0.066 seconds
[2026-05-09T16:30:58.136+0000] {processor.py:161} INFO - Started process (PID=205) to work on /home/airflow/.local/lib/python3.12/site-packages/airflow/example_dags/example_params_ui_tutorial.py
[2026-05-09T16:30:58.137+0000] {processor.py:830} INFO - Processing file /home/airflow/.local/lib/python3.12/site-packages/airflow/example_dags/example_params_ui_tutorial.py for tasks to queue
[2026-05-09T16:30:58.138+0000] {logging_mixin.py:188} INFO - [2026-05-09T16:30:58.138+0000] {dagbag.py:545} INFO - Filling up the DagBag from /home/airflow/.local/lib/python3.12/site-packages/airflow/example_dags/example_params_ui_tutorial.py
[2026-05-09T16:30:58.143+0000] {processor.py:840} INFO - DAG(s) 'example_params_ui_tutorial' retrieved from /home/airflow/.local/lib/python3.12/site-packages/airflow/example_dags/example_params_ui_tutorial.py
[2026-05-09T16:30:58.176+0000] {logging_mixin.py:188} INFO - [2026-05-09T16:30:58.175+0000] {dag.py:3089} INFO - Sync 1 DAGs
[2026-05-09T16:30:58.188+0000] {logging_mixin.py:188} INFO - [2026-05-09T16:30:58.188+0000] {dag.py:3947} INFO - Setting next_dagrun for example_params_ui_tutorial to None, run_after=None
[2026-05-09T16:30:58.201+0000] {processor.py:183} INFO - Processing /home/airflow/.local/lib/python3.12/site-packages/airflow/example_dags/example_params_ui_tutorial.py took 0.070 seconds
[2026-05-09T16:31:28.994+0000] {processor.py:161} INFO - Started process (PID=265) to work on /home/airflow/.local/lib/python3.12/site-packages/airflow/example_dags/example_params_ui_tutorial.py
[2026-05-09T16:31:28.995+0000] {processor.py:830} INFO - Processing file /home/airflow/.local/lib/python3.12/site-packages/airflow/example_dags/example_params_ui_tutorial.py for tasks to queue
[2026-05-09T16:31:28.997+0000] {logging_mixin.py:188} INFO - [2026-05-09T16:31:28.997+0000] {dagbag.py:545} INFO - Filling up the DagBag from /home/airflow/.local/lib/python3.12/site-packages/airflow/example_dags/example_params_ui_tutorial.py
[2026-05-09T16:31:29.002+0000] {processor.py:840} INFO - DAG(s) 'example_params_ui_tutorial' retrieved from /home/airflow/.local/lib/python3.12/site-packages/airflow/example_dags/example_params_ui_tutorial.py
[2026-05-09T16:31:29.036+0000] {logging_mixin.py:188} INFO - [2026-05-09T16:31:29.036+0000] {dag.py:3089} INFO - Sync 1 DAGs
[2026-05-09T16:31:29.045+0000] {logging_mixin.py:188} INFO - [2026-05-09T16:31:29.045+0000] {dag.py:3947} INFO - Setting next_dagrun for example_params_ui_tutorial to None, run_after=None
[2026-05-09T16:31:29.059+0000] {processor.py:183} INFO - Processing /home/airflow/.local/lib/python3.12/site-packages/airflow/example_dags/example_params_ui_tutorial.py took 0.070 seconds
[2026-05-09T16:31:59.174+0000] {processor.py:161} INFO - Started process (PID=325) to work on /home/airflow/.local/lib/python3.12/site-packages/airflow/example_dags/example_params_ui_tutorial.py
[2026-05-09T16:31:59.175+0000] {processor.py:830} INFO - Processing file /home/airflow/.local/lib/python3.12/site-packages/airflow/example_dags/example_params_ui_tutorial.py for tasks to queue
[2026-05-09T16:31:59.177+0000] {logging_mixin.py:188} INFO - [2026-05-09T16:31:59.177+0000] {dagbag.py:545} INFO - Filling up the DagBag from /home/airflow/.local/lib/python3.12/site-packages/airflow/example_dags/example_params_ui_tutorial.py
[2026-05-09T16:31:59.182+0000] {processor.py:840} INFO - DAG(s) 'example_params_ui_tutorial' retrieved from /home/airflow/.local/lib/python3.12/site-packages/airflow/example_dags/example_params_ui_tutorial.py
[2026-05-09T16:31:59.218+0000] {logging_mixin.py:188} INFO - [2026-05-09T16:31:59.217+0000] {dag.py:3089} INFO - Sync 1 DAGs
[2026-05-09T16:31:59.227+0000] {logging_mixin.py:188} INFO - [2026-05-09T16:31:59.227+0000] {dag.py:3947} INFO - Setting next_dagrun for example_params_ui_tutorial to None, run_after=None
[2026-05-09T16:31:59.240+0000] {processor.py:183} INFO - Processing /home/airflow/.local/lib/python3.12/site-packages/airflow/example_dags/example_params_ui_tutorial.py took 0.072 seconds
[2026-05-09T16:32:29.935+0000] {processor.py:161} INFO - Started process (PID=385) to work on /home/airflow/.local/lib/python3.12/site-packages/airflow/example_dags/example_params_ui_tutorial.py
[2026-05-09T16:32:29.936+0000] {processor.py:830} INFO - Processing file /home/airflow/.local/lib/python3.12/site-packages/airflow/example_dags/example_params_ui_tutorial.py for tasks to queue
[2026-05-09T16:32:29.938+0000] {logging_mixin.py:188} INFO - [2026-05-09T16:32:29.937+0000] {dagbag.py:545} INFO - Filling up the DagBag from /home/airflow/.local/lib/python3.12/site-packages/airflow/example_dags/example_params_ui_tutorial.py
[2026-05-09T16:32:29.943+0000] {processor.py:840} INFO - DAG(s) 'example_params_ui_tutorial' retrieved from /home/airflow/.local/lib/python3.12/site-packages/airflow/example_dags/example_params_ui_tutorial.py
[2026-05-09T16:32:29.976+0000] {logging_mixin.py:188} INFO - [2026-05-09T16:32:29.976+0000] {dag.py:3089} INFO - Sync 1 DAGs
[2026-05-09T16:32:29.985+0000] {logging_mixin.py:188} INFO - [2026-05-09T16:32:29.985+0000] {dag.py:3947} INFO - Setting next_dagrun for example_params_ui_tutorial to None, run_after=None
[2026-05-09T16:32:29.998+0000] {processor.py:183} INFO - Processing /home/airflow/.local/lib/python3.12/site-packages/airflow/example_dags/example_params_ui_tutorial.py took 0.069 seconds
[2026-05-09T16:33:00.236+0000] {processor.py:161} INFO - Started process (PID=445) to work on /home/airflow/.local/lib/python3.12/site-packages/airflow/example_dags/example_params_ui_tutorial.py
[2026-05-09T16:33:00.237+0000] {processor.py:830} INFO - Processing file /home/airflow/.local/lib/python3.12/site-packages/airflow/example_dags/example_params_ui_tutorial.py for tasks to queue
[2026-05-09T16:33:00.238+0000] {logging_mixin.py:188} INFO - [2026-05-09T16:33:00.238+0000] {dagbag.py:545} INFO - Filling up the DagBag from /home/airflow/.local/lib/python3.12/site-packages/airflow/example_dags/example_params_ui_tutorial.py
[2026-05-09T16:33:00.244+0000] {processor.py:840} INFO - DAG(s) 'example_params_ui_tutorial' retrieved from /home/airflow/.local/lib/python3.12/site-packages/airflow/example_dags/example_params_ui_tutorial.py
[2026-05-09T16:33:00.278+0000] {logging_mixin.py:188} INFO - [2026-05-09T16:33:00.278+0000] {dag.py:3089} INFO - Sync 1 DAGs
[2026-05-09T16:33:00.287+0000] {logging_mixin.py:188} INFO - [2026-05-09T16:33:00.287+0000] {dag.py:3947} INFO - Setting next_dagrun for example_params_ui_tutorial to None, run_after=None
[2026-05-09T16:33:00.300+0000] {processor.py:183} INFO - Processing /home/airflow/.local/lib/python3.12/site-packages/airflow/example_dags/example_params_ui_tutorial.py took 0.070 seconds
[2026-05-09T16:33:30.401+0000] {processor.py:161} INFO - Started process (PID=505) to work on /home/airflow/.local/lib/python3.12/site-packages/airflow/example_dags/example_params_ui_tutorial.py
[2026-05-09T16:33:30.402+0000] {processor.py:830} INFO - Processing file /home/airflow/.local/lib/python3.12/site-packages/airflow/example_dags/example_params_ui_tutorial.py for tasks to queue
[2026-05-09T16:33:30.403+0000] {logging_mixin.py:188} INFO - [2026-05-09T16:33:30.403+0000] {dagbag.py:545} INFO - Filling up the DagBag from /home/airflow/.local/lib/python3.12/site-packages/airflow/example_dags/example_params_ui_tutorial.py
[2026-05-09T16:33:30.409+0000] {processor.py:840} INFO - DAG(s) 'example_params_ui_tutorial' retrieved from /home/airflow/.local/lib/python3.12/site-packages/airflow/example_dags/example_params_ui_tutorial.py
[2026-05-09T16:33:30.442+0000] {logging_mixin.py:188} INFO - [2026-05-09T16:33:30.442+0000] {dag.py:3089} INFO - Sync 1 DAGs
[2026-05-09T16:33:30.451+0000] {logging_mixin.py:188} INFO - [2026-05-09T16:33:30.450+0000] {dag.py:3947} INFO - Setting next_dagrun for example_params_ui_tutorial to None, run_after=None
[2026-05-09T16:33:30.464+0000] {processor.py:183} INFO - Processing /home/airflow/.local/lib/python3.12/site-packages/airflow/example_dags/example_params_ui_tutorial.py took 0.069 seconds
[2026-05-09T16:34:00.837+0000] {processor.py:161} INFO - Started process (PID=565) to work on /home/airflow/.local/lib/python3.12/site-packages/airflow/example_dags/example_params_ui_tutorial.py
[2026-05-09T16:34:00.838+0000] {processor.py:830} INFO - Processing file /home/airflow/.local/lib/python3.12/site-packages/airflow/example_dags/example_params_ui_tutorial.py for tasks to queue
[2026-05-09T16:34:00.840+0000] {logging_mixin.py:188} INFO - [2026-05-09T16:34:00.840+0000] {dagbag.py:545} INFO - Filling up the DagBag from /home/airflow/.local/lib/python3.12/site-packages/airflow/example_dags/example_params_ui_tutorial.py
[2026-05-09T16:34:00.846+0000] {processor.py:840} INFO - DAG(s) 'example_params_ui_tutorial' retrieved from /home/airflow/.local/lib/python3.12/site-packages/airflow/example_dags/example_params_ui_tutorial.py
[2026-05-09T16:34:00.881+0000] {logging_mixin.py:188} INFO - [2026-05-09T16:34:00.881+0000] {dag.py:3089} INFO - Sync 1 DAGs
[2026-05-09T16:34:00.890+0000] {logging_mixin.py:188} INFO - [2026-05-09T16:34:00.890+0000] {dag.py:3947} INFO - Setting next_dagrun for example_params_ui_tutorial to None, run_after=None
[2026-05-09T16:34:00.906+0000] {processor.py:183} INFO - Processing /home/airflow/.local/lib/python3.12/site-packages/airflow/example_dags/example_params_ui_tutorial.py took 0.077 seconds
[2026-05-09T16:34:32.011+0000] {processor.py:161} INFO - Started process (PID=625) to work on /home/airflow/.local/lib/python3.12/site-packages/airflow/example_dags/example_params_ui_tutorial.py
[2026-05-09T16:34:32.012+0000] {processor.py:830} INFO - Processing file /home/airflow/.local/lib/python3.12/site-packages/airflow/example_dags/example_params_ui_tutorial.py for tasks to queue
[2026-05-09T16:34:32.013+0000] {logging_mixin.py:188} INFO - [2026-05-09T16:34:32.013+0000] {dagbag.py:545} INFO - Filling up the DagBag from /home/airflow/.local/lib/python3.12/site-packages/airflow/example_dags/example_params_ui_tutorial.py
[2026-05-09T16:34:32.018+0000] {processor.py:840} INFO - DAG(s) 'example_params_ui_tutorial' retrieved from /home/airflow/.local/lib/python3.12/site-packages/airflow/example_dags/example_params_ui_tutorial.py
[2026-05-09T16:34:32.054+0000] {logging_mixin.py:188} INFO - [2026-05-09T16:34:32.054+0000] {dag.py:3089} INFO - Sync 1 DAGs
[2026-05-09T16:34:32.063+0000] {logging_mixin.py:188} INFO - [2026-05-09T16:34:32.062+0000] {dag.py:3947} INFO - Setting next_dagrun for example_params_ui_tutorial to None, run_after=None
[2026-05-09T16:34:32.077+0000] {processor.py:183} INFO - Processing /home/airflow/.local/lib/python3.12/site-packages/airflow/example_dags/example_params_ui_tutorial.py took 0.072 seconds
[2026-05-09T16:35:02.629+0000] {processor.py:161} INFO - Started process (PID=685) to work on /home/airflow/.local/lib/python3.12/site-packages/airflow/example_dags/example_params_ui_tutorial.py
[2026-05-09T16:35:02.630+0000] {processor.py:830} INFO - Processing file /home/airflow/.local/lib/python3.12/site-packages/airflow/example_dags/example_params_ui_tutorial.py for tasks to queue
[2026-05-09T16:35:02.632+0000] {logging_mixin.py:188} INFO - [2026-05-09T16:35:02.631+0000] {dagbag.py:545} INFO - Filling up the DagBag from /home/airflow/.local/lib/python3.12/site-packages/airflow/example_dags/example_params_ui_tutorial.py
[2026-05-09T16:35:02.637+0000] {processor.py:840} INFO - DAG(s) 'example_params_ui_tutorial' retrieved from /home/airflow/.local/lib/python3.12/site-packages/airflow/example_dags/example_params_ui_tutorial.py
[2026-05-09T16:35:02.672+0000] {logging_mixin.py:188} INFO - [2026-05-09T16:35:02.672+0000] {dag.py:3089} INFO - Sync 1 DAGs
[2026-05-09T16:35:02.681+0000] {logging_mixin.py:188} INFO - [2026-05-09T16:35:02.681+0000] {dag.py:3947} INFO - Setting next_dagrun for example_params_ui_tutorial to None, run_after=None
[2026-05-09T16:35:02.693+0000] {processor.py:183} INFO - Processing /home/airflow/.local/lib/python3.12/site-packages/airflow/example_dags/example_params_ui_tutorial.py took 0.070 seconds
[2026-05-09T16:35:33.137+0000] {processor.py:161} INFO - Started process (PID=745) to work on /home/airflow/.local/lib/python3.12/site-packages/airflow/example_dags/example_params_ui_tutorial.py
[2026-05-09T16:35:33.138+0000] {processor.py:830} INFO - Processing file /home/airflow/.local/lib/python3.12/site-packages/airflow/example_dags/example_params_ui_tutorial.py for tasks to queue
[2026-05-09T16:35:33.140+0000] {logging_mixin.py:188} INFO - [2026-05-09T16:35:33.139+0000] {dagbag.py:545} INFO - Filling up the DagBag from /home/airflow/.local/lib/python3.12/site-packages/airflow/example_dags/example_params_ui_tutorial.py
[2026-05-09T16:35:33.145+0000] {processor.py:840} INFO - DAG(s) 'example_params_ui_tutorial' retrieved from /home/airflow/.local/lib/python3.12/site-packages/airflow/example_dags/example_params_ui_tutorial.py
[2026-05-09T16:35:33.179+0000] {logging_mixin.py:188} INFO - [2026-05-09T16:35:33.179+0000] {dag.py:3089} INFO - Sync 1 DAGs
[2026-05-09T16:35:33.189+0000] {logging_mixin.py:188} INFO - [2026-05-09T16:35:33.188+0000] {dag.py:3947} INFO - Setting next_dagrun for example_params_ui_tutorial to None, run_after=None
[2026-05-09T16:35:33.204+0000] {processor.py:183} INFO - Processing /home/airflow/.local/lib/python3.12/site-packages/airflow/example_dags/example_params_ui_tutorial.py took 0.072 seconds
[2026-05-09T16:36:03.863+0000] {processor.py:161} INFO - Started process (PID=805) to work on /home/airflow/.local/lib/python3.12/site-packages/airflow/example_dags/example_params_ui_tutorial.py
[2026-05-09T16:36:03.864+0000] {processor.py:830} INFO - Processing file /home/airflow/.local/lib/python3.12/site-packages/airflow/example_dags/example_params_ui_tutorial.py for tasks to queue
[2026-05-09T16:36:03.866+0000] {logging_mixin.py:188} INFO - [2026-05-09T16:36:03.866+0000] {dagbag.py:545} INFO - Filling up the DagBag from /home/airflow/.local/lib/python3.12/site-packages/airflow/example_dags/example_params_ui_tutorial.py
[2026-05-09T16:36:03.871+0000] {processor.py:840} INFO - DAG(s) 'example_params_ui_tutorial' retrieved from /home/airflow/.local/lib/python3.12/site-packages/airflow/example_dags/example_params_ui_tutorial.py
[2026-05-09T16:36:03.905+0000] {logging_mixin.py:188} INFO - [2026-05-09T16:36:03.904+0000] {dag.py:3089} INFO - Sync 1 DAGs
[2026-05-09T16:36:03.914+0000] {logging_mixin.py:188} INFO - [2026-05-09T16:36:03.914+0000] {dag.py:3947} INFO - Setting next_dagrun for example_params_ui_tutorial to None, run_after=None
[2026-05-09T16:36:03.930+0000] {processor.py:183} INFO - Processing /home/airflow/.local/lib/python3.12/site-packages/airflow/example_dags/example_params_ui_tutorial.py took 0.073 seconds
[2026-05-09T16:36:34.395+0000] {processor.py:161} INFO - Started process (PID=865) to work on /home/airflow/.local/lib/python3.12/site-packages/airflow/example_dags/example_params_ui_tutorial.py
[2026-05-09T16:36:34.396+0000] {processor.py:830} INFO - Processing file /home/airflow/.local/lib/python3.12/site-packages/airflow/example_dags/example_params_ui_tutorial.py for tasks to queue
[2026-05-09T16:36:34.398+0000] {logging_mixin.py:188} INFO - [2026-05-09T16:36:34.397+0000] {dagbag.py:545} INFO - Filling up the DagBag from /home/airflow/.local/lib/python3.12/site-packages/airflow/example_dags/example_params_ui_tutorial.py
[2026-05-09T16:36:34.404+0000] {processor.py:840} INFO - DAG(s) 'example_params_ui_tutorial' retrieved from /home/airflow/.local/lib/python3.12/site-packages/airflow/example_dags/example_params_ui_tutorial.py
[2026-05-09T16:36:34.440+0000] {logging_mixin.py:188} INFO - [2026-05-09T16:36:34.440+0000] {dag.py:3089} INFO - Sync 1 DAGs
[2026-05-09T16:36:34.449+0000] {logging_mixin.py:188} INFO - [2026-05-09T16:36:34.448+0000] {dag.py:3947} INFO - Setting next_dagrun for example_params_ui_tutorial to None, run_after=None
[2026-05-09T16:36:34.462+0000] {processor.py:183} INFO - Processing /home/airflow/.local/lib/python3.12/site-packages/airflow/example_dags/example_params_ui_tutorial.py took 0.072 seconds
[2026-05-09T16:37:05.074+0000] {processor.py:161} INFO - Started process (PID=925) to work on /home/airflow/.local/lib/python3.12/site-packages/airflow/example_dags/example_params_ui_tutorial.py
[2026-05-09T16:37:05.075+0000] {processor.py:830} INFO - Processing file /home/airflow/.local/lib/python3.12/site-packages/airflow/example_dags/example_params_ui_tutorial.py for tasks to queue
[2026-05-09T16:37:05.079+0000] {logging_mixin.py:188} INFO - [2026-05-09T16:37:05.078+0000] {dagbag.py:545} INFO - Filling up the DagBag from /home/airflow/.local/lib/python3.12/site-packages/airflow/example_dags/example_params_ui_tutorial.py
[2026-05-09T16:37:05.089+0000] {processor.py:840} INFO - DAG(s) 'example_params_ui_tutorial' retrieved from /home/airflow/.local/lib/python3.12/site-packages/airflow/example_dags/example_params_ui_tutorial.py
[2026-05-09T16:37:05.130+0000] {logging_mixin.py:188} INFO - [2026-05-09T16:37:05.130+0000] {dag.py:3089} INFO - Sync 1 DAGs
[2026-05-09T16:37:05.140+0000] {logging_mixin.py:188} INFO - [2026-05-09T16:37:05.140+0000] {dag.py:3947} INFO - Setting next_dagrun for example_params_ui_tutorial to None, run_after=None
[2026-05-09T16:37:05.155+0000] {processor.py:183} INFO - Processing /home/airflow/.local/lib/python3.12/site-packages/airflow/example_dags/example_params_ui_tutorial.py took 0.090 seconds
[2026-05-09T16:37:36.061+0000] {processor.py:161} INFO - Started process (PID=985) to work on /home/airflow/.local/lib/python3.12/site-packages/airflow/example_dags/example_params_ui_tutorial.py
[2026-05-09T16:37:36.062+0000] {processor.py:830} INFO - Processing file /home/airflow/.local/lib/python3.12/site-packages/airflow/example_dags/example_params_ui_tutorial.py for tasks to queue
[2026-05-09T16:37:36.064+0000] {logging_mixin.py:188} INFO - [2026-05-09T16:37:36.064+0000] {dagbag.py:545} INFO - Filling up the DagBag from /home/airflow/.local/lib/python3.12/site-packages/airflow/example_dags/example_params_ui_tutorial.py
[2026-05-09T16:37:36.070+0000] {processor.py:840} INFO - DAG(s) 'example_params_ui_tutorial' retrieved from /home/airflow/.local/lib/python3.12/site-packages/airflow/example_dags/example_params_ui_tutorial.py
[2026-05-09T16:37:36.108+0000] {logging_mixin.py:188} INFO - [2026-05-09T16:37:36.108+0000] {dag.py:3089} INFO - Sync 1 DAGs
[2026-05-09T16:37:36.118+0000] {logging_mixin.py:188} INFO - [2026-05-09T16:37:36.118+0000] {dag.py:3947} INFO - Setting next_dagrun for example_params_ui_tutorial to None, run_after=None
[2026-05-09T16:37:36.131+0000] {processor.py:183} INFO - Processing /home/airflow/.local/lib/python3.12/site-packages/airflow/example_dags/example_params_ui_tutorial.py took 0.076 seconds
[2026-05-09T16:38:06.948+0000] {processor.py:161} INFO - Started process (PID=1045) to work on /home/airflow/.local/lib/python3.12/site-packages/airflow/example_dags/example_params_ui_tutorial.py
[2026-05-09T16:38:06.949+0000] {processor.py:830} INFO - Processing file /home/airflow/.local/lib/python3.12/site-packages/airflow/example_dags/example_params_ui_tutorial.py for tasks to queue
[2026-05-09T16:38:06.951+0000] {logging_mixin.py:188} INFO - [2026-05-09T16:38:06.950+0000] {dagbag.py:545} INFO - Filling up the DagBag from /home/airflow/.local/lib/python3.12/site-packages/airflow/example_dags/example_params_ui_tutorial.py
[2026-05-09T16:38:06.956+0000] {processor.py:840} INFO - DAG(s) 'example_params_ui_tutorial' retrieved from /home/airflow/.local/lib/python3.12/site-packages/airflow/example_dags/example_params_ui_tutorial.py
[2026-05-09T16:38:06.989+0000] {logging_mixin.py:188} INFO - [2026-05-09T16:38:06.989+0000] {dag.py:3089} INFO - Sync 1 DAGs
[2026-05-09T16:38:06.998+0000] {logging_mixin.py:188} INFO - [2026-05-09T16:38:06.998+0000] {dag.py:3947} INFO - Setting next_dagrun for example_params_ui_tutorial to None, run_after=None
[2026-05-09T16:38:07.011+0000] {processor.py:183} INFO - Processing /home/airflow/.local/lib/python3.12/site-packages/airflow/example_dags/example_params_ui_tutorial.py took 0.068 seconds
[2026-05-09T16:38:37.866+0000] {processor.py:161} INFO - Started process (PID=1105) to work on /home/airflow/.local/lib/python3.12/site-packages/airflow/example_dags/example_params_ui_tutorial.py
[2026-05-09T16:38:37.867+0000] {processor.py:830} INFO - Processing file /home/airflow/.local/lib/python3.12/site-packages/airflow/example_dags/example_params_ui_tutorial.py for tasks to queue
[2026-05-09T16:38:37.869+0000] {logging_mixin.py:188} INFO - [2026-05-09T16:38:37.868+0000] {dagbag.py:545} INFO - Filling up the DagBag from /home/airflow/.local/lib/python3.12/site-packages/airflow/example_dags/example_params_ui_tutorial.py
[2026-05-09T16:38:37.874+0000] {processor.py:840} INFO - DAG(s) 'example_params_ui_tutorial' retrieved from /home/airflow/.local/lib/python3.12/site-packages/airflow/example_dags/example_params_ui_tutorial.py
[2026-05-09T16:38:37.908+0000] {logging_mixin.py:188} INFO - [2026-05-09T16:38:37.907+0000] {dag.py:3089} INFO - Sync 1 DAGs
[2026-05-09T16:38:37.917+0000] {logging_mixin.py:188} INFO - [2026-05-09T16:38:37.916+0000] {dag.py:3947} INFO - Setting next_dagrun for example_params_ui_tutorial to None, run_after=None
[2026-05-09T16:38:37.930+0000] {processor.py:183} INFO - Processing /home/airflow/.local/lib/python3.12/site-packages/airflow/example_dags/example_params_ui_tutorial.py took 0.069 seconds
[2026-05-09T16:39:08.840+0000] {processor.py:161} INFO - Started process (PID=1165) to work on /home/airflow/.local/lib/python3.12/site-packages/airflow/example_dags/example_params_ui_tutorial.py
[2026-05-09T16:39:08.841+0000] {processor.py:830} INFO - Processing file /home/airflow/.local/lib/python3.12/site-packages/airflow/example_dags/example_params_ui_tutorial.py for tasks to queue
[2026-05-09T16:39:08.843+0000] {logging_mixin.py:188} INFO - [2026-05-09T16:39:08.842+0000] {dagbag.py:545} INFO - Filling up the DagBag from /home/airflow/.local/lib/python3.12/site-packages/airflow/example_dags/example_params_ui_tutorial.py
[2026-05-09T16:39:08.848+0000] {processor.py:840} INFO - DAG(s) 'example_params_ui_tutorial' retrieved from /home/airflow/.local/lib/python3.12/site-packages/airflow/example_dags/example_params_ui_tutorial.py
[2026-05-09T16:39:08.882+0000] {logging_mixin.py:188} INFO - [2026-05-09T16:39:08.881+0000] {dag.py:3089} INFO - Sync 1 DAGs
[2026-05-09T16:39:08.890+0000] {logging_mixin.py:188} INFO - [2026-05-09T16:39:08.890+0000] {dag.py:3947} INFO - Setting next_dagrun for example_params_ui_tutorial to None, run_after=None
[2026-05-09T16:39:08.902+0000] {processor.py:183} INFO - Processing /home/airflow/.local/lib/python3.12/site-packages/airflow/example_dags/example_params_ui_tutorial.py took 0.068 seconds
[2026-05-09T16:39:39.633+0000] {processor.py:161} INFO - Started process (PID=1225) to work on /home/airflow/.local/lib/python3.12/site-packages/airflow/example_dags/example_params_ui_tutorial.py
[2026-05-09T16:39:39.633+0000] {processor.py:830} INFO - Processing file /home/airflow/.local/lib/python3.12/site-packages/airflow/example_dags/example_params_ui_tutorial.py for tasks to queue
[2026-05-09T16:39:39.635+0000] {logging_mixin.py:188} INFO - [2026-05-09T16:39:39.635+0000] {dagbag.py:545} INFO - Filling up the DagBag from /home/airflow/.local/lib/python3.12/site-packages/airflow/example_dags/example_params_ui_tutorial.py
[2026-05-09T16:39:39.640+0000] {processor.py:840} INFO - DAG(s) 'example_params_ui_tutorial' retrieved from /home/airflow/.local/lib/python3.12/site-packages/airflow/example_dags/example_params_ui_tutorial.py
[2026-05-09T16:39:39.677+0000] {logging_mixin.py:188} INFO - [2026-05-09T16:39:39.677+0000] {dag.py:3089} INFO - Sync 1 DAGs
[2026-05-09T16:39:39.686+0000] {logging_mixin.py:188} INFO - [2026-05-09T16:39:39.686+0000] {dag.py:3947} INFO - Setting next_dagrun for example_params_ui_tutorial to None, run_after=None
[2026-05-09T16:39:39.700+0000] {processor.py:183} INFO - Processing /home/airflow/.local/lib/python3.12/site-packages/airflow/example_dags/example_params_ui_tutorial.py took 0.073 seconds
[2026-05-09T16:40:10.566+0000] {processor.py:161} INFO - Started process (PID=1285) to work on /home/airflow/.local/lib/python3.12/site-packages/airflow/example_dags/example_params_ui_tutorial.py
[2026-05-09T16:40:10.567+0000] {processor.py:830} INFO - Processing file /home/airflow/.local/lib/python3.12/site-packages/airflow/example_dags/example_params_ui_tutorial.py for tasks to queue
[2026-05-09T16:40:10.569+0000] {logging_mixin.py:188} INFO - [2026-05-09T16:40:10.568+0000] {dagbag.py:545} INFO - Filling up the DagBag from /home/airflow/.local/lib/python3.12/site-packages/airflow/example_dags/example_params_ui_tutorial.py
[2026-05-09T16:40:10.574+0000] {processor.py:840} INFO - DAG(s) 'example_params_ui_tutorial' retrieved from /home/airflow/.local/lib/python3.12/site-packages/airflow/example_dags/example_params_ui_tutorial.py
[2026-05-09T16:40:10.607+0000] {logging_mixin.py:188} INFO - [2026-05-09T16:40:10.607+0000] {dag.py:3089} INFO - Sync 1 DAGs
[2026-05-09T16:40:10.616+0000] {logging_mixin.py:188} INFO - [2026-05-09T16:40:10.616+0000] {dag.py:3947} INFO - Setting next_dagrun for example_params_ui_tutorial to None, run_after=None
[2026-05-09T16:40:10.629+0000] {processor.py:183} INFO - Processing /home/airflow/.local/lib/python3.12/site-packages/airflow/example_dags/example_params_ui_tutorial.py took 0.068 seconds
[2026-05-09T16:40:41.467+0000] {processor.py:161} INFO - Started process (PID=1345) to work on /home/airflow/.local/lib/python3.12/site-packages/airflow/example_dags/example_params_ui_tutorial.py
[2026-05-09T16:40:41.467+0000] {processor.py:830} INFO - Processing file /home/airflow/.local/lib/python3.12/site-packages/airflow/example_dags/example_params_ui_tutorial.py for tasks to queue
[2026-05-09T16:40:41.469+0000] {logging_mixin.py:188} INFO - [2026-05-09T16:40:41.469+0000] {dagbag.py:545} INFO - Filling up the DagBag from /home/airflow/.local/lib/python3.12/site-packages/airflow/example_dags/example_params_ui_tutorial.py
[2026-05-09T16:40:41.474+0000] {processor.py:840} INFO - DAG(s) 'example_params_ui_tutorial' retrieved from /home/airflow/.local/lib/python3.12/site-packages/airflow/example_dags/example_params_ui_tutorial.py
[2026-05-09T16:40:41.506+0000] {logging_mixin.py:188} INFO - [2026-05-09T16:40:41.506+0000] {dag.py:3089} INFO - Sync 1 DAGs
[2026-05-09T16:40:41.514+0000] {logging_mixin.py:188} INFO - [2026-05-09T16:40:41.514+0000] {dag.py:3947} INFO - Setting next_dagrun for example_params_ui_tutorial to None, run_after=None
[2026-05-09T16:40:41.527+0000] {processor.py:183} INFO - Processing /home/airflow/.local/lib/python3.12/site-packages/airflow/example_dags/example_params_ui_tutorial.py took 0.066 seconds
[2026-05-09T16:41:12.341+0000] {processor.py:161} INFO - Started process (PID=1405) to work on /home/airflow/.local/lib/python3.12/site-packages/airflow/example_dags/example_params_ui_tutorial.py
[2026-05-09T16:41:12.342+0000] {processor.py:830} INFO - Processing file /home/airflow/.local/lib/python3.12/site-packages/airflow/example_dags/example_params_ui_tutorial.py for tasks to queue
[2026-05-09T16:41:12.343+0000] {logging_mixin.py:188} INFO - [2026-05-09T16:41:12.343+0000] {dagbag.py:545} INFO - Filling up the DagBag from /home/airflow/.local/lib/python3.12/site-packages/airflow/example_dags/example_params_ui_tutorial.py
[2026-05-09T16:41:12.348+0000] {processor.py:840} INFO - DAG(s) 'example_params_ui_tutorial' retrieved from /home/airflow/.local/lib/python3.12/site-packages/airflow/example_dags/example_params_ui_tutorial.py
[2026-05-09T16:41:12.381+0000] {logging_mixin.py:188} INFO - [2026-05-09T16:41:12.381+0000] {dag.py:3089} INFO - Sync 1 DAGs
[2026-05-09T16:41:12.389+0000] {logging_mixin.py:188} INFO - [2026-05-09T16:41:12.389+0000] {dag.py:3947} INFO - Setting next_dagrun for example_params_ui_tutorial to None, run_after=None
[2026-05-09T16:41:12.401+0000] {processor.py:183} INFO - Processing /home/airflow/.local/lib/python3.12/site-packages/airflow/example_dags/example_params_ui_tutorial.py took 0.065 seconds
[2026-05-09T16:41:43.259+0000] {processor.py:161} INFO - Started process (PID=1465) to work on /home/airflow/.local/lib/python3.12/site-packages/airflow/example_dags/example_params_ui_tutorial.py
[2026-05-09T16:41:43.260+0000] {processor.py:830} INFO - Processing file /home/airflow/.local/lib/python3.12/site-packages/airflow/example_dags/example_params_ui_tutorial.py for tasks to queue
[2026-05-09T16:41:43.261+0000] {logging_mixin.py:188} INFO - [2026-05-09T16:41:43.261+0000] {dagbag.py:545} INFO - Filling up the DagBag from /home/airflow/.local/lib/python3.12/site-packages/airflow/example_dags/example_params_ui_tutorial.py
[2026-05-09T16:41:43.267+0000] {processor.py:840} INFO - DAG(s) 'example_params_ui_tutorial' retrieved from /home/airflow/.local/lib/python3.12/site-packages/airflow/example_dags/example_params_ui_tutorial.py
[2026-05-09T16:41:43.302+0000] {logging_mixin.py:188} INFO - [2026-05-09T16:41:43.301+0000] {dag.py:3089} INFO - Sync 1 DAGs
[2026-05-09T16:41:43.311+0000] {logging_mixin.py:188} INFO - [2026-05-09T16:41:43.311+0000] {dag.py:3947} INFO - Setting next_dagrun for example_params_ui_tutorial to None, run_after=None
[2026-05-09T16:41:43.327+0000] {processor.py:183} INFO - Processing /home/airflow/.local/lib/python3.12/site-packages/airflow/example_dags/example_params_ui_tutorial.py took 0.074 seconds
[2026-05-09T16:42:14.726+0000] {processor.py:161} INFO - Started process (PID=1525) to work on /home/airflow/.local/lib/python3.12/site-packages/airflow/example_dags/example_params_ui_tutorial.py
[2026-05-09T16:42:14.727+0000] {processor.py:830} INFO - Processing file /home/airflow/.local/lib/python3.12/site-packages/airflow/example_dags/example_params_ui_tutorial.py for tasks to queue
[2026-05-09T16:42:14.729+0000] {logging_mixin.py:188} INFO - [2026-05-09T16:42:14.729+0000] {dagbag.py:545} INFO - Filling up the DagBag from /home/airflow/.local/lib/python3.12/site-packages/airflow/example_dags/example_params_ui_tutorial.py
[2026-05-09T16:42:14.734+0000] {processor.py:840} INFO - DAG(s) 'example_params_ui_tutorial' retrieved from /home/airflow/.local/lib/python3.12/site-packages/airflow/example_dags/example_params_ui_tutorial.py
[2026-05-09T16:42:14.768+0000] {logging_mixin.py:188} INFO - [2026-05-09T16:42:14.767+0000] {dag.py:3089} INFO - Sync 1 DAGs
[2026-05-09T16:42:14.777+0000] {logging_mixin.py:188} INFO - [2026-05-09T16:42:14.776+0000] {dag.py:3947} INFO - Setting next_dagrun for example_params_ui_tutorial to None, run_after=None
[2026-05-09T16:42:14.790+0000] {processor.py:183} INFO - Processing /home/airflow/.local/lib/python3.12/site-packages/airflow/example_dags/example_params_ui_tutorial.py took 0.069 seconds
[2026-05-09T16:42:45.537+0000] {processor.py:161} INFO - Started process (PID=1585) to work on /home/airflow/.local/lib/python3.12/site-packages/airflow/example_dags/example_params_ui_tutorial.py
[2026-05-09T16:42:45.538+0000] {processor.py:830} INFO - Processing file /home/airflow/.local/lib/python3.12/site-packages/airflow/example_dags/example_params_ui_tutorial.py for tasks to queue
[2026-05-09T16:42:45.539+0000] {logging_mixin.py:188} INFO - [2026-05-09T16:42:45.539+0000] {dagbag.py:545} INFO - Filling up the DagBag from /home/airflow/.local/lib/python3.12/site-packages/airflow/example_dags/example_params_ui_tutorial.py
[2026-05-09T16:42:45.545+0000] {processor.py:840} INFO - DAG(s) 'example_params_ui_tutorial' retrieved from /home/airflow/.local/lib/python3.12/site-packages/airflow/example_dags/example_params_ui_tutorial.py
[2026-05-09T16:42:45.578+0000] {logging_mixin.py:188} INFO - [2026-05-09T16:42:45.578+0000] {dag.py:3089} INFO - Sync 1 DAGs
[2026-05-09T16:42:45.587+0000] {logging_mixin.py:188} INFO - [2026-05-09T16:42:45.587+0000] {dag.py:3947} INFO - Setting next_dagrun for example_params_ui_tutorial to None, run_after=None
[2026-05-09T16:42:45.600+0000] {processor.py:183} INFO - Processing /home/airflow/.local/lib/python3.12/site-packages/airflow/example_dags/example_params_ui_tutorial.py took 0.069 seconds
[2026-05-09T16:43:16.313+0000] {processor.py:161} INFO - Started process (PID=1645) to work on /home/airflow/.local/lib/python3.12/site-packages/airflow/example_dags/example_params_ui_tutorial.py
[2026-05-09T16:43:16.314+0000] {processor.py:830} INFO - Processing file /home/airflow/.local/lib/python3.12/site-packages/airflow/example_dags/example_params_ui_tutorial.py for tasks to queue
[2026-05-09T16:43:16.316+0000] {logging_mixin.py:188} INFO - [2026-05-09T16:43:16.316+0000] {dagbag.py:545} INFO - Filling up the DagBag from /home/airflow/.local/lib/python3.12/site-packages/airflow/example_dags/example_params_ui_tutorial.py
[2026-05-09T16:43:16.322+0000] {processor.py:840} INFO - DAG(s) 'example_params_ui_tutorial' retrieved from /home/airflow/.local/lib/python3.12/site-packages/airflow/example_dags/example_params_ui_tutorial.py
[2026-05-09T16:43:16.359+0000] {logging_mixin.py:188} INFO - [2026-05-09T16:43:16.359+0000] {dag.py:3089} INFO - Sync 1 DAGs
[2026-05-09T16:43:16.515+0000] {logging_mixin.py:188} INFO - [2026-05-09T16:43:16.514+0000] {dag.py:3947} INFO - Setting next_dagrun for example_params_ui_tutorial to None, run_after=None
[2026-05-09T16:43:16.527+0000] {processor.py:183} INFO - Processing /home/airflow/.local/lib/python3.12/site-packages/airflow/example_dags/example_params_ui_tutorial.py took 0.220 seconds
[2026-05-09T16:43:47.504+0000] {processor.py:161} INFO - Started process (PID=1705) to work on /home/airflow/.local/lib/python3.12/site-packages/airflow/example_dags/example_params_ui_tutorial.py
[2026-05-09T16:43:47.505+0000] {processor.py:830} INFO - Processing file /home/airflow/.local/lib/python3.12/site-packages/airflow/example_dags/example_params_ui_tutorial.py for tasks to queue
[2026-05-09T16:43:47.507+0000] {logging_mixin.py:188} INFO - [2026-05-09T16:43:47.507+0000] {dagbag.py:545} INFO - Filling up the DagBag from /home/airflow/.local/lib/python3.12/site-packages/airflow/example_dags/example_params_ui_tutorial.py
[2026-05-09T16:43:47.515+0000] {processor.py:840} INFO - DAG(s) 'example_params_ui_tutorial' retrieved from /home/airflow/.local/lib/python3.12/site-packages/airflow/example_dags/example_params_ui_tutorial.py
[2026-05-09T16:43:47.557+0000] {logging_mixin.py:188} INFO - [2026-05-09T16:43:47.557+0000] {dag.py:3089} INFO - Sync 1 DAGs
[2026-05-09T16:43:47.569+0000] {logging_mixin.py:188} INFO - [2026-05-09T16:43:47.568+0000] {dag.py:3947} INFO - Setting next_dagrun for example_params_ui_tutorial to None, run_after=None
[2026-05-09T16:43:47.584+0000] {processor.py:183} INFO - Processing /home/airflow/.local/lib/python3.12/site-packages/airflow/example_dags/example_params_ui_tutorial.py took 0.087 seconds
[2026-05-09T16:44:17.709+0000] {processor.py:161} INFO - Started process (PID=1765) to work on /home/airflow/.local/lib/python3.12/site-packages/airflow/example_dags/example_params_ui_tutorial.py
[2026-05-09T16:44:17.709+0000] {processor.py:830} INFO - Processing file /home/airflow/.local/lib/python3.12/site-packages/airflow/example_dags/example_params_ui_tutorial.py for tasks to queue
[2026-05-09T16:44:17.711+0000] {logging_mixin.py:188} INFO - [2026-05-09T16:44:17.711+0000] {dagbag.py:545} INFO - Filling up the DagBag from /home/airflow/.local/lib/python3.12/site-packages/airflow/example_dags/example_params_ui_tutorial.py
[2026-05-09T16:44:17.717+0000] {processor.py:840} INFO - DAG(s) 'example_params_ui_tutorial' retrieved from /home/airflow/.local/lib/python3.12/site-packages/airflow/example_dags/example_params_ui_tutorial.py
[2026-05-09T16:44:17.750+0000] {logging_mixin.py:188} INFO - [2026-05-09T16:44:17.750+0000] {dag.py:3089} INFO - Sync 1 DAGs
[2026-05-09T16:44:17.759+0000] {logging_mixin.py:188} INFO - [2026-05-09T16:44:17.759+0000] {dag.py:3947} INFO - Setting next_dagrun for example_params_ui_tutorial to None, run_after=None
[2026-05-09T16:44:17.772+0000] {processor.py:183} INFO - Processing /home/airflow/.local/lib/python3.12/site-packages/airflow/example_dags/example_params_ui_tutorial.py took 0.070 seconds
[2026-05-09T16:44:50.644+0000] {processor.py:161} INFO - Started process (PID=1825) to work on /home/airflow/.local/lib/python3.12/site-packages/airflow/example_dags/example_params_ui_tutorial.py
[2026-05-09T16:44:50.645+0000] {processor.py:830} INFO - Processing file /home/airflow/.local/lib/python3.12/site-packages/airflow/example_dags/example_params_ui_tutorial.py for tasks to queue
[2026-05-09T16:44:50.647+0000] {logging_mixin.py:188} INFO - [2026-05-09T16:44:50.646+0000] {dagbag.py:545} INFO - Filling up the DagBag from /home/airflow/.local/lib/python3.12/site-packages/airflow/example_dags/example_params_ui_tutorial.py
[2026-05-09T16:44:50.652+0000] {processor.py:840} INFO - DAG(s) 'example_params_ui_tutorial' retrieved from /home/airflow/.local/lib/python3.12/site-packages/airflow/example_dags/example_params_ui_tutorial.py
[2026-05-09T16:44:50.694+0000] {logging_mixin.py:188} INFO - [2026-05-09T16:44:50.694+0000] {dag.py:3089} INFO - Sync 1 DAGs
[2026-05-09T16:44:50.703+0000] {logging_mixin.py:188} INFO - [2026-05-09T16:44:50.703+0000] {dag.py:3947} INFO - Setting next_dagrun for example_params_ui_tutorial to None, run_after=None
[2026-05-09T16:44:50.717+0000] {processor.py:183} INFO - Processing /home/airflow/.local/lib/python3.12/site-packages/airflow/example_dags/example_params_ui_tutorial.py took 0.078 seconds
[2026-05-09T16:45:21.285+0000] {processor.py:161} INFO - Started process (PID=1886) to work on /home/airflow/.local/lib/python3.12/site-packages/airflow/example_dags/example_params_ui_tutorial.py
[2026-05-09T16:45:21.286+0000] {processor.py:830} INFO - Processing file /home/airflow/.local/lib/python3.12/site-packages/airflow/example_dags/example_params_ui_tutorial.py for tasks to queue
[2026-05-09T16:45:21.288+0000] {logging_mixin.py:188} INFO - [2026-05-09T16:45:21.288+0000] {dagbag.py:545} INFO - Filling up the DagBag from /home/airflow/.local/lib/python3.12/site-packages/airflow/example_dags/example_params_ui_tutorial.py
[2026-05-09T16:45:21.294+0000] {processor.py:840} INFO - DAG(s) 'example_params_ui_tutorial' retrieved from /home/airflow/.local/lib/python3.12/site-packages/airflow/example_dags/example_params_ui_tutorial.py
[2026-05-09T16:45:21.333+0000] {logging_mixin.py:188} INFO - [2026-05-09T16:45:21.333+0000] {dag.py:3089} INFO - Sync 1 DAGs
[2026-05-09T16:45:21.345+0000] {logging_mixin.py:188} INFO - [2026-05-09T16:45:21.345+0000] {dag.py:3947} INFO - Setting next_dagrun for example_params_ui_tutorial to None, run_after=None
[2026-05-09T16:45:21.360+0000] {processor.py:183} INFO - Processing /home/airflow/.local/lib/python3.12/site-packages/airflow/example_dags/example_params_ui_tutorial.py took 0.082 seconds
[2026-05-09T16:45:51.590+0000] {processor.py:161} INFO - Started process (PID=1946) to work on /home/airflow/.local/lib/python3.12/site-packages/airflow/example_dags/example_params_ui_tutorial.py
[2026-05-09T16:45:51.591+0000] {processor.py:830} INFO - Processing file /home/airflow/.local/lib/python3.12/site-packages/airflow/example_dags/example_params_ui_tutorial.py for tasks to queue
[2026-05-09T16:45:51.592+0000] {logging_mixin.py:188} INFO - [2026-05-09T16:45:51.592+0000] {dagbag.py:545} INFO - Filling up the DagBag from /home/airflow/.local/lib/python3.12/site-packages/airflow/example_dags/example_params_ui_tutorial.py
[2026-05-09T16:45:51.597+0000] {processor.py:840} INFO - DAG(s) 'example_params_ui_tutorial' retrieved from /home/airflow/.local/lib/python3.12/site-packages/airflow/example_dags/example_params_ui_tutorial.py
[2026-05-09T16:45:51.633+0000] {logging_mixin.py:188} INFO - [2026-05-09T16:45:51.633+0000] {dag.py:3089} INFO - Sync 1 DAGs
[2026-05-09T16:45:51.642+0000] {logging_mixin.py:188} INFO - [2026-05-09T16:45:51.641+0000] {dag.py:3947} INFO - Setting next_dagrun for example_params_ui_tutorial to None, run_after=None
[2026-05-09T16:45:51.655+0000] {processor.py:183} INFO - Processing /home/airflow/.local/lib/python3.12/site-packages/airflow/example_dags/example_params_ui_tutorial.py took 0.070 seconds
[2026-05-09T16:53:26.854+0000] {processor.py:161} INFO - Started process (PID=2006) to work on /home/airflow/.local/lib/python3.12/site-packages/airflow/example_dags/example_params_ui_tutorial.py
[2026-05-09T16:53:26.855+0000] {processor.py:830} INFO - Processing file /home/airflow/.local/lib/python3.12/site-packages/airflow/example_dags/example_params_ui_tutorial.py for tasks to queue
[2026-05-09T16:53:26.857+0000] {logging_mixin.py:188} INFO - [2026-05-09T16:53:26.856+0000] {dagbag.py:545} INFO - Filling up the DagBag from /home/airflow/.local/lib/python3.12/site-packages/airflow/example_dags/example_params_ui_tutorial.py
[2026-05-09T16:53:26.862+0000] {processor.py:840} INFO - DAG(s) 'example_params_ui_tutorial' retrieved from /home/airflow/.local/lib/python3.12/site-packages/airflow/example_dags/example_params_ui_tutorial.py
[2026-05-09T16:53:26.896+0000] {logging_mixin.py:188} INFO - [2026-05-09T16:53:26.896+0000] {dag.py:3089} INFO - Sync 1 DAGs
[2026-05-09T16:53:26.906+0000] {logging_mixin.py:188} INFO - [2026-05-09T16:53:26.905+0000] {dag.py:3947} INFO - Setting next_dagrun for example_params_ui_tutorial to None, run_after=None
[2026-05-09T16:53:26.920+0000] {processor.py:183} INFO - Processing /home/airflow/.local/lib/python3.12/site-packages/airflow/example_dags/example_params_ui_tutorial.py took 0.071 seconds
[2026-05-09T16:53:57.735+0000] {processor.py:161} INFO - Started process (PID=2066) to work on /home/airflow/.local/lib/python3.12/site-packages/airflow/example_dags/example_params_ui_tutorial.py
[2026-05-09T16:53:57.736+0000] {processor.py:830} INFO - Processing file /home/airflow/.local/lib/python3.12/site-packages/airflow/example_dags/example_params_ui_tutorial.py for tasks to queue
[2026-05-09T16:53:57.738+0000] {logging_mixin.py:188} INFO - [2026-05-09T16:53:57.737+0000] {dagbag.py:545} INFO - Filling up the DagBag from /home/airflow/.local/lib/python3.12/site-packages/airflow/example_dags/example_params_ui_tutorial.py
[2026-05-09T16:53:57.743+0000] {processor.py:840} INFO - DAG(s) 'example_params_ui_tutorial' retrieved from /home/airflow/.local/lib/python3.12/site-packages/airflow/example_dags/example_params_ui_tutorial.py
[2026-05-09T16:53:57.776+0000] {logging_mixin.py:188} INFO - [2026-05-09T16:53:57.775+0000] {dag.py:3089} INFO - Sync 1 DAGs
[2026-05-09T16:53:57.784+0000] {logging_mixin.py:188} INFO - [2026-05-09T16:53:57.784+0000] {dag.py:3947} INFO - Setting next_dagrun for example_params_ui_tutorial to None, run_after=None
[2026-05-09T16:53:57.796+0000] {processor.py:183} INFO - Processing /home/airflow/.local/lib/python3.12/site-packages/airflow/example_dags/example_params_ui_tutorial.py took 0.066 seconds
[2026-05-09T16:54:28.635+0000] {processor.py:161} INFO - Started process (PID=2126) to work on /home/airflow/.local/lib/python3.12/site-packages/airflow/example_dags/example_params_ui_tutorial.py
[2026-05-09T16:54:28.636+0000] {processor.py:830} INFO - Processing file /home/airflow/.local/lib/python3.12/site-packages/airflow/example_dags/example_params_ui_tutorial.py for tasks to queue
[2026-05-09T16:54:28.640+0000] {logging_mixin.py:188} INFO - [2026-05-09T16:54:28.640+0000] {dagbag.py:545} INFO - Filling up the DagBag from /home/airflow/.local/lib/python3.12/site-packages/airflow/example_dags/example_params_ui_tutorial.py
[2026-05-09T16:54:28.649+0000] {processor.py:840} INFO - DAG(s) 'example_params_ui_tutorial' retrieved from /home/airflow/.local/lib/python3.12/site-packages/airflow/example_dags/example_params_ui_tutorial.py
[2026-05-09T16:54:28.703+0000] {logging_mixin.py:188} INFO - [2026-05-09T16:54:28.703+0000] {dag.py:3089} INFO - Sync 1 DAGs
[2026-05-09T16:54:28.721+0000] {logging_mixin.py:188} INFO - [2026-05-09T16:54:28.720+0000] {dag.py:3947} INFO - Setting next_dagrun for example_params_ui_tutorial to None, run_after=None
[2026-05-09T16:54:28.746+0000] {processor.py:183} INFO - Processing /home/airflow/.local/lib/python3.12/site-packages/airflow/example_dags/example_params_ui_tutorial.py took 0.120 seconds
[2026-05-09T16:54:59.879+0000] {processor.py:161} INFO - Started process (PID=2186) to work on /home/airflow/.local/lib/python3.12/site-packages/airflow/example_dags/example_params_ui_tutorial.py
[2026-05-09T16:54:59.879+0000] {processor.py:830} INFO - Processing file /home/airflow/.local/lib/python3.12/site-packages/airflow/example_dags/example_params_ui_tutorial.py for tasks to queue
[2026-05-09T16:54:59.881+0000] {logging_mixin.py:188} INFO - [2026-05-09T16:54:59.881+0000] {dagbag.py:545} INFO - Filling up the DagBag from /home/airflow/.local/lib/python3.12/site-packages/airflow/example_dags/example_params_ui_tutorial.py
[2026-05-09T16:54:59.887+0000] {processor.py:840} INFO - DAG(s) 'example_params_ui_tutorial' retrieved from /home/airflow/.local/lib/python3.12/site-packages/airflow/example_dags/example_params_ui_tutorial.py
[2026-05-09T16:54:59.922+0000] {logging_mixin.py:188} INFO - [2026-05-09T16:54:59.922+0000] {dag.py:3089} INFO - Sync 1 DAGs
[2026-05-09T16:54:59.932+0000] {logging_mixin.py:188} INFO - [2026-05-09T16:54:59.932+0000] {dag.py:3947} INFO - Setting next_dagrun for example_params_ui_tutorial to None, run_after=None
[2026-05-09T16:54:59.949+0000] {processor.py:183} INFO - Processing /home/airflow/.local/lib/python3.12/site-packages/airflow/example_dags/example_params_ui_tutorial.py took 0.077 seconds
[2026-05-09T16:55:30.973+0000] {processor.py:161} INFO - Started process (PID=2246) to work on /home/airflow/.local/lib/python3.12/site-packages/airflow/example_dags/example_params_ui_tutorial.py
[2026-05-09T16:55:30.973+0000] {processor.py:830} INFO - Processing file /home/airflow/.local/lib/python3.12/site-packages/airflow/example_dags/example_params_ui_tutorial.py for tasks to queue
[2026-05-09T16:55:30.976+0000] {logging_mixin.py:188} INFO - [2026-05-09T16:55:30.975+0000] {dagbag.py:545} INFO - Filling up the DagBag from /home/airflow/.local/lib/python3.12/site-packages/airflow/example_dags/example_params_ui_tutorial.py
[2026-05-09T16:55:30.981+0000] {processor.py:840} INFO - DAG(s) 'example_params_ui_tutorial' retrieved from /home/airflow/.local/lib/python3.12/site-packages/airflow/example_dags/example_params_ui_tutorial.py
[2026-05-09T16:55:31.015+0000] {logging_mixin.py:188} INFO - [2026-05-09T16:55:31.014+0000] {dag.py:3089} INFO - Sync 1 DAGs
[2026-05-09T16:55:31.023+0000] {logging_mixin.py:188} INFO - [2026-05-09T16:55:31.023+0000] {dag.py:3947} INFO - Setting next_dagrun for example_params_ui_tutorial to None, run_after=None
[2026-05-09T16:55:31.036+0000] {processor.py:183} INFO - Processing /home/airflow/.local/lib/python3.12/site-packages/airflow/example_dags/example_params_ui_tutorial.py took 0.069 seconds
[2026-05-09T16:56:02.037+0000] {processor.py:161} INFO - Started process (PID=2306) to work on /home/airflow/.local/lib/python3.12/site-packages/airflow/example_dags/example_params_ui_tutorial.py
[2026-05-09T16:56:02.038+0000] {processor.py:830} INFO - Processing file /home/airflow/.local/lib/python3.12/site-packages/airflow/example_dags/example_params_ui_tutorial.py for tasks to queue
[2026-05-09T16:56:02.039+0000] {logging_mixin.py:188} INFO - [2026-05-09T16:56:02.039+0000] {dagbag.py:545} INFO - Filling up the DagBag from /home/airflow/.local/lib/python3.12/site-packages/airflow/example_dags/example_params_ui_tutorial.py
[2026-05-09T16:56:02.046+0000] {processor.py:840} INFO - DAG(s) 'example_params_ui_tutorial' retrieved from /home/airflow/.local/lib/python3.12/site-packages/airflow/example_dags/example_params_ui_tutorial.py
[2026-05-09T16:56:02.085+0000] {logging_mixin.py:188} INFO - [2026-05-09T16:56:02.085+0000] {dag.py:3089} INFO - Sync 1 DAGs
[2026-05-09T16:56:02.097+0000] {logging_mixin.py:188} INFO - [2026-05-09T16:56:02.097+0000] {dag.py:3947} INFO - Setting next_dagrun for example_params_ui_tutorial to None, run_after=None
[2026-05-09T16:56:02.112+0000] {processor.py:183} INFO - Processing /home/airflow/.local/lib/python3.12/site-packages/airflow/example_dags/example_params_ui_tutorial.py took 0.081 seconds
[2026-05-09T16:56:33.148+0000] {processor.py:161} INFO - Started process (PID=2366) to work on /home/airflow/.local/lib/python3.12/site-packages/airflow/example_dags/example_params_ui_tutorial.py
[2026-05-09T16:56:33.149+0000] {processor.py:830} INFO - Processing file /home/airflow/.local/lib/python3.12/site-packages/airflow/example_dags/example_params_ui_tutorial.py for tasks to queue
[2026-05-09T16:56:33.151+0000] {logging_mixin.py:188} INFO - [2026-05-09T16:56:33.151+0000] {dagbag.py:545} INFO - Filling up the DagBag from /home/airflow/.local/lib/python3.12/site-packages/airflow/example_dags/example_params_ui_tutorial.py
[2026-05-09T16:56:33.156+0000] {processor.py:840} INFO - DAG(s) 'example_params_ui_tutorial' retrieved from /home/airflow/.local/lib/python3.12/site-packages/airflow/example_dags/example_params_ui_tutorial.py
[2026-05-09T16:56:33.189+0000] {logging_mixin.py:188} INFO - [2026-05-09T16:56:33.189+0000] {dag.py:3089} INFO - Sync 1 DAGs
[2026-05-09T16:56:33.198+0000] {logging_mixin.py:188} INFO - [2026-05-09T16:56:33.198+0000] {dag.py:3947} INFO - Setting next_dagrun for example_params_ui_tutorial to None, run_after=None
[2026-05-09T16:56:33.212+0000] {processor.py:183} INFO - Processing /home/airflow/.local/lib/python3.12/site-packages/airflow/example_dags/example_params_ui_tutorial.py took 0.068 seconds
[2026-05-09T16:57:03.901+0000] {processor.py:161} INFO - Started process (PID=2426) to work on /home/airflow/.local/lib/python3.12/site-packages/airflow/example_dags/example_params_ui_tutorial.py
[2026-05-09T16:57:03.902+0000] {processor.py:830} INFO - Processing file /home/airflow/.local/lib/python3.12/site-packages/airflow/example_dags/example_params_ui_tutorial.py for tasks to queue
[2026-05-09T16:57:03.904+0000] {logging_mixin.py:188} INFO - [2026-05-09T16:57:03.903+0000] {dagbag.py:545} INFO - Filling up the DagBag from /home/airflow/.local/lib/python3.12/site-packages/airflow/example_dags/example_params_ui_tutorial.py
[2026-05-09T16:57:03.911+0000] {processor.py:840} INFO - DAG(s) 'example_params_ui_tutorial' retrieved from /home/airflow/.local/lib/python3.12/site-packages/airflow/example_dags/example_params_ui_tutorial.py
[2026-05-09T16:57:03.946+0000] {logging_mixin.py:188} INFO - [2026-05-09T16:57:03.946+0000] {dag.py:3089} INFO - Sync 1 DAGs
[2026-05-09T16:57:03.957+0000] {logging_mixin.py:188} INFO - [2026-05-09T16:57:03.956+0000] {dag.py:3947} INFO - Setting next_dagrun for example_params_ui_tutorial to None, run_after=None
[2026-05-09T16:57:03.972+0000] {processor.py:183} INFO - Processing /home/airflow/.local/lib/python3.12/site-packages/airflow/example_dags/example_params_ui_tutorial.py took 0.078 seconds
[2026-05-09T16:57:34.727+0000] {processor.py:161} INFO - Started process (PID=2486) to work on /home/airflow/.local/lib/python3.12/site-packages/airflow/example_dags/example_params_ui_tutorial.py
[2026-05-09T16:57:34.728+0000] {processor.py:830} INFO - Processing file /home/airflow/.local/lib/python3.12/site-packages/airflow/example_dags/example_params_ui_tutorial.py for tasks to queue
[2026-05-09T16:57:34.729+0000] {logging_mixin.py:188} INFO - [2026-05-09T16:57:34.729+0000] {dagbag.py:545} INFO - Filling up the DagBag from /home/airflow/.local/lib/python3.12/site-packages/airflow/example_dags/example_params_ui_tutorial.py
[2026-05-09T16:57:34.734+0000] {processor.py:840} INFO - DAG(s) 'example_params_ui_tutorial' retrieved from /home/airflow/.local/lib/python3.12/site-packages/airflow/example_dags/example_params_ui_tutorial.py
[2026-05-09T16:57:34.768+0000] {logging_mixin.py:188} INFO - [2026-05-09T16:57:34.768+0000] {dag.py:3089} INFO - Sync 1 DAGs
[2026-05-09T16:57:34.777+0000] {logging_mixin.py:188} INFO - [2026-05-09T16:57:34.777+0000] {dag.py:3947} INFO - Setting next_dagrun for example_params_ui_tutorial to None, run_after=None
[2026-05-09T16:57:34.789+0000] {processor.py:183} INFO - Processing /home/airflow/.local/lib/python3.12/site-packages/airflow/example_dags/example_params_ui_tutorial.py took 0.068 seconds
[2026-05-09T16:58:05.601+0000] {processor.py:161} INFO - Started process (PID=2546) to work on /home/airflow/.local/lib/python3.12/site-packages/airflow/example_dags/example_params_ui_tutorial.py
[2026-05-09T16:58:05.601+0000] {processor.py:830} INFO - Processing file /home/airflow/.local/lib/python3.12/site-packages/airflow/example_dags/example_params_ui_tutorial.py for tasks to queue
[2026-05-09T16:58:05.603+0000] {logging_mixin.py:188} INFO - [2026-05-09T16:58:05.603+0000] {dagbag.py:545} INFO - Filling up the DagBag from /home/airflow/.local/lib/python3.12/site-packages/airflow/example_dags/example_params_ui_tutorial.py
[2026-05-09T16:58:05.608+0000] {processor.py:840} INFO - DAG(s) 'example_params_ui_tutorial' retrieved from /home/airflow/.local/lib/python3.12/site-packages/airflow/example_dags/example_params_ui_tutorial.py
[2026-05-09T16:58:05.644+0000] {logging_mixin.py:188} INFO - [2026-05-09T16:58:05.644+0000] {dag.py:3089} INFO - Sync 1 DAGs
[2026-05-09T16:58:05.653+0000] {logging_mixin.py:188} INFO - [2026-05-09T16:58:05.653+0000] {dag.py:3947} INFO - Setting next_dagrun for example_params_ui_tutorial to None, run_after=None
[2026-05-09T16:58:05.665+0000] {processor.py:183} INFO - Processing /home/airflow/.local/lib/python3.12/site-packages/airflow/example_dags/example_params_ui_tutorial.py took 0.070 seconds
[2026-05-09T16:58:36.505+0000] {processor.py:161} INFO - Started process (PID=2606) to work on /home/airflow/.local/lib/python3.12/site-packages/airflow/example_dags/example_params_ui_tutorial.py
[2026-05-09T16:58:36.506+0000] {processor.py:830} INFO - Processing file /home/airflow/.local/lib/python3.12/site-packages/airflow/example_dags/example_params_ui_tutorial.py for tasks to queue
[2026-05-09T16:58:36.508+0000] {logging_mixin.py:188} INFO - [2026-05-09T16:58:36.507+0000] {dagbag.py:545} INFO - Filling up the DagBag from /home/airflow/.local/lib/python3.12/site-packages/airflow/example_dags/example_params_ui_tutorial.py
[2026-05-09T16:58:36.513+0000] {processor.py:840} INFO - DAG(s) 'example_params_ui_tutorial' retrieved from /home/airflow/.local/lib/python3.12/site-packages/airflow/example_dags/example_params_ui_tutorial.py
[2026-05-09T16:58:36.546+0000] {logging_mixin.py:188} INFO - [2026-05-09T16:58:36.546+0000] {dag.py:3089} INFO - Sync 1 DAGs
[2026-05-09T16:58:36.555+0000] {logging_mixin.py:188} INFO - [2026-05-09T16:58:36.555+0000] {dag.py:3947} INFO - Setting next_dagrun for example_params_ui_tutorial to None, run_after=None
[2026-05-09T16:58:36.567+0000] {processor.py:183} INFO - Processing /home/airflow/.local/lib/python3.12/site-packages/airflow/example_dags/example_params_ui_tutorial.py took 0.068 seconds
[2026-05-09T16:59:07.368+0000] {processor.py:161} INFO - Started process (PID=2672) to work on /home/airflow/.local/lib/python3.12/site-packages/airflow/example_dags/example_params_ui_tutorial.py
[2026-05-09T16:59:07.369+0000] {processor.py:830} INFO - Processing file /home/airflow/.local/lib/python3.12/site-packages/airflow/example_dags/example_params_ui_tutorial.py for tasks to queue
[2026-05-09T16:59:07.370+0000] {logging_mixin.py:188} INFO - [2026-05-09T16:59:07.370+0000] {dagbag.py:545} INFO - Filling up the DagBag from /home/airflow/.local/lib/python3.12/site-packages/airflow/example_dags/example_params_ui_tutorial.py
[2026-05-09T16:59:07.376+0000] {processor.py:840} INFO - DAG(s) 'example_params_ui_tutorial' retrieved from /home/airflow/.local/lib/python3.12/site-packages/airflow/example_dags/example_params_ui_tutorial.py
[2026-05-09T16:59:07.421+0000] {logging_mixin.py:188} INFO - [2026-05-09T16:59:07.420+0000] {dag.py:3089} INFO - Sync 1 DAGs
[2026-05-09T16:59:07.439+0000] {logging_mixin.py:188} INFO - [2026-05-09T16:59:07.438+0000] {dag.py:3947} INFO - Setting next_dagrun for example_params_ui_tutorial to None, run_after=None
[2026-05-09T16:59:07.454+0000] {processor.py:183} INFO - Processing /home/airflow/.local/lib/python3.12/site-packages/airflow/example_dags/example_params_ui_tutorial.py took 0.092 seconds
[2026-05-09T16:59:38.434+0000] {processor.py:161} INFO - Started process (PID=2732) to work on /home/airflow/.local/lib/python3.12/site-packages/airflow/example_dags/example_params_ui_tutorial.py
[2026-05-09T16:59:38.434+0000] {processor.py:830} INFO - Processing file /home/airflow/.local/lib/python3.12/site-packages/airflow/example_dags/example_params_ui_tutorial.py for tasks to queue
[2026-05-09T16:59:38.436+0000] {logging_mixin.py:188} INFO - [2026-05-09T16:59:38.436+0000] {dagbag.py:545} INFO - Filling up the DagBag from /home/airflow/.local/lib/python3.12/site-packages/airflow/example_dags/example_params_ui_tutorial.py
[2026-05-09T16:59:38.441+0000] {processor.py:840} INFO - DAG(s) 'example_params_ui_tutorial' retrieved from /home/airflow/.local/lib/python3.12/site-packages/airflow/example_dags/example_params_ui_tutorial.py
[2026-05-09T16:59:38.473+0000] {logging_mixin.py:188} INFO - [2026-05-09T16:59:38.473+0000] {dag.py:3089} INFO - Sync 1 DAGs
[2026-05-09T16:59:38.481+0000] {logging_mixin.py:188} INFO - [2026-05-09T16:59:38.481+0000] {dag.py:3947} INFO - Setting next_dagrun for example_params_ui_tutorial to None, run_after=None
[2026-05-09T16:59:38.493+0000] {processor.py:183} INFO - Processing /home/airflow/.local/lib/python3.12/site-packages/airflow/example_dags/example_params_ui_tutorial.py took 0.067 seconds
[2026-05-09T17:00:09.224+0000] {processor.py:161} INFO - Started process (PID=2792) to work on /home/airflow/.local/lib/python3.12/site-packages/airflow/example_dags/example_params_ui_tutorial.py
[2026-05-09T17:00:09.225+0000] {processor.py:830} INFO - Processing file /home/airflow/.local/lib/python3.12/site-packages/airflow/example_dags/example_params_ui_tutorial.py for tasks to queue
[2026-05-09T17:00:09.226+0000] {logging_mixin.py:188} INFO - [2026-05-09T17:00:09.226+0000] {dagbag.py:545} INFO - Filling up the DagBag from /home/airflow/.local/lib/python3.12/site-packages/airflow/example_dags/example_params_ui_tutorial.py
[2026-05-09T17:00:09.232+0000] {processor.py:840} INFO - DAG(s) 'example_params_ui_tutorial' retrieved from /home/airflow/.local/lib/python3.12/site-packages/airflow/example_dags/example_params_ui_tutorial.py
[2026-05-09T17:00:09.266+0000] {logging_mixin.py:188} INFO - [2026-05-09T17:00:09.266+0000] {dag.py:3089} INFO - Sync 1 DAGs
[2026-05-09T17:00:09.279+0000] {logging_mixin.py:188} INFO - [2026-05-09T17:00:09.279+0000] {dag.py:3947} INFO - Setting next_dagrun for example_params_ui_tutorial to None, run_after=None
[2026-05-09T17:00:09.291+0000] {processor.py:183} INFO - Processing /home/airflow/.local/lib/python3.12/site-packages/airflow/example_dags/example_params_ui_tutorial.py took 0.073 seconds
[2026-05-09T17:00:40.000+0000] {processor.py:161} INFO - Started process (PID=2852) to work on /home/airflow/.local/lib/python3.12/site-packages/airflow/example_dags/example_params_ui_tutorial.py
[2026-05-09T17:00:40.001+0000] {processor.py:830} INFO - Processing file /home/airflow/.local/lib/python3.12/site-packages/airflow/example_dags/example_params_ui_tutorial.py for tasks to queue
[2026-05-09T17:00:40.003+0000] {logging_mixin.py:188} INFO - [2026-05-09T17:00:40.003+0000] {dagbag.py:545} INFO - Filling up the DagBag from /home/airflow/.local/lib/python3.12/site-packages/airflow/example_dags/example_params_ui_tutorial.py
[2026-05-09T17:00:40.009+0000] {processor.py:840} INFO - DAG(s) 'example_params_ui_tutorial' retrieved from /home/airflow/.local/lib/python3.12/site-packages/airflow/example_dags/example_params_ui_tutorial.py
[2026-05-09T17:00:40.047+0000] {logging_mixin.py:188} INFO - [2026-05-09T17:00:40.046+0000] {dag.py:3089} INFO - Sync 1 DAGs
[2026-05-09T17:00:40.056+0000] {logging_mixin.py:188} INFO - [2026-05-09T17:00:40.056+0000] {dag.py:3947} INFO - Setting next_dagrun for example_params_ui_tutorial to None, run_after=None
[2026-05-09T17:00:40.071+0000] {processor.py:183} INFO - Processing /home/airflow/.local/lib/python3.12/site-packages/airflow/example_dags/example_params_ui_tutorial.py took 0.077 seconds
[2026-05-09T17:01:10.822+0000] {processor.py:161} INFO - Started process (PID=2912) to work on /home/airflow/.local/lib/python3.12/site-packages/airflow/example_dags/example_params_ui_tutorial.py
[2026-05-09T17:01:10.823+0000] {processor.py:830} INFO - Processing file /home/airflow/.local/lib/python3.12/site-packages/airflow/example_dags/example_params_ui_tutorial.py for tasks to queue
[2026-05-09T17:01:10.825+0000] {logging_mixin.py:188} INFO - [2026-05-09T17:01:10.825+0000] {dagbag.py:545} INFO - Filling up the DagBag from /home/airflow/.local/lib/python3.12/site-packages/airflow/example_dags/example_params_ui_tutorial.py
[2026-05-09T17:01:10.831+0000] {processor.py:840} INFO - DAG(s) 'example_params_ui_tutorial' retrieved from /home/airflow/.local/lib/python3.12/site-packages/airflow/example_dags/example_params_ui_tutorial.py
[2026-05-09T17:01:10.866+0000] {logging_mixin.py:188} INFO - [2026-05-09T17:01:10.866+0000] {dag.py:3089} INFO - Sync 1 DAGs
[2026-05-09T17:01:10.876+0000] {logging_mixin.py:188} INFO - [2026-05-09T17:01:10.876+0000] {dag.py:3947} INFO - Setting next_dagrun for example_params_ui_tutorial to None, run_after=None
[2026-05-09T17:01:10.890+0000] {processor.py:183} INFO - Processing /home/airflow/.local/lib/python3.12/site-packages/airflow/example_dags/example_params_ui_tutorial.py took 0.076 seconds
[2026-05-09T17:01:41.676+0000] {processor.py:161} INFO - Started process (PID=2972) to work on /home/airflow/.local/lib/python3.12/site-packages/airflow/example_dags/example_params_ui_tutorial.py
[2026-05-09T17:01:41.677+0000] {processor.py:830} INFO - Processing file /home/airflow/.local/lib/python3.12/site-packages/airflow/example_dags/example_params_ui_tutorial.py for tasks to queue
[2026-05-09T17:01:41.679+0000] {logging_mixin.py:188} INFO - [2026-05-09T17:01:41.678+0000] {dagbag.py:545} INFO - Filling up the DagBag from /home/airflow/.local/lib/python3.12/site-packages/airflow/example_dags/example_params_ui_tutorial.py
[2026-05-09T17:01:41.684+0000] {processor.py:840} INFO - DAG(s) 'example_params_ui_tutorial' retrieved from /home/airflow/.local/lib/python3.12/site-packages/airflow/example_dags/example_params_ui_tutorial.py
[2026-05-09T17:01:41.716+0000] {logging_mixin.py:188} INFO - [2026-05-09T17:01:41.716+0000] {dag.py:3089} INFO - Sync 1 DAGs
[2026-05-09T17:01:41.725+0000] {logging_mixin.py:188} INFO - [2026-05-09T17:01:41.725+0000] {dag.py:3947} INFO - Setting next_dagrun for example_params_ui_tutorial to None, run_after=None
[2026-05-09T17:01:41.737+0000] {processor.py:183} INFO - Processing /home/airflow/.local/lib/python3.12/site-packages/airflow/example_dags/example_params_ui_tutorial.py took 0.067 seconds
[2026-05-09T17:02:12.542+0000] {processor.py:161} INFO - Started process (PID=3032) to work on /home/airflow/.local/lib/python3.12/site-packages/airflow/example_dags/example_params_ui_tutorial.py
[2026-05-09T17:02:12.543+0000] {processor.py:830} INFO - Processing file /home/airflow/.local/lib/python3.12/site-packages/airflow/example_dags/example_params_ui_tutorial.py for tasks to queue
[2026-05-09T17:02:12.545+0000] {logging_mixin.py:188} INFO - [2026-05-09T17:02:12.544+0000] {dagbag.py:545} INFO - Filling up the DagBag from /home/airflow/.local/lib/python3.12/site-packages/airflow/example_dags/example_params_ui_tutorial.py
[2026-05-09T17:02:12.551+0000] {processor.py:840} INFO - DAG(s) 'example_params_ui_tutorial' retrieved from /home/airflow/.local/lib/python3.12/site-packages/airflow/example_dags/example_params_ui_tutorial.py
[2026-05-09T17:02:12.586+0000] {logging_mixin.py:188} INFO - [2026-05-09T17:02:12.586+0000] {dag.py:3089} INFO - Sync 1 DAGs
[2026-05-09T17:02:12.599+0000] {logging_mixin.py:188} INFO - [2026-05-09T17:02:12.599+0000] {dag.py:3947} INFO - Setting next_dagrun for example_params_ui_tutorial to None, run_after=None
[2026-05-09T17:02:12.614+0000] {processor.py:183} INFO - Processing /home/airflow/.local/lib/python3.12/site-packages/airflow/example_dags/example_params_ui_tutorial.py took 0.077 seconds
[2026-05-09T17:02:43.217+0000] {processor.py:161} INFO - Started process (PID=3092) to work on /home/airflow/.local/lib/python3.12/site-packages/airflow/example_dags/example_params_ui_tutorial.py
[2026-05-09T17:02:43.218+0000] {processor.py:830} INFO - Processing file /home/airflow/.local/lib/python3.12/site-packages/airflow/example_dags/example_params_ui_tutorial.py for tasks to queue
[2026-05-09T17:02:43.220+0000] {logging_mixin.py:188} INFO - [2026-05-09T17:02:43.220+0000] {dagbag.py:545} INFO - Filling up the DagBag from /home/airflow/.local/lib/python3.12/site-packages/airflow/example_dags/example_params_ui_tutorial.py
[2026-05-09T17:02:43.226+0000] {processor.py:840} INFO - DAG(s) 'example_params_ui_tutorial' retrieved from /home/airflow/.local/lib/python3.12/site-packages/airflow/example_dags/example_params_ui_tutorial.py
[2026-05-09T17:02:43.259+0000] {logging_mixin.py:188} INFO - [2026-05-09T17:02:43.259+0000] {dag.py:3089} INFO - Sync 1 DAGs
[2026-05-09T17:02:43.268+0000] {logging_mixin.py:188} INFO - [2026-05-09T17:02:43.267+0000] {dag.py:3947} INFO - Setting next_dagrun for example_params_ui_tutorial to None, run_after=None
[2026-05-09T17:02:43.280+0000] {processor.py:183} INFO - Processing /home/airflow/.local/lib/python3.12/site-packages/airflow/example_dags/example_params_ui_tutorial.py took 0.068 seconds
[2026-05-09T17:03:13.738+0000] {processor.py:161} INFO - Started process (PID=3152) to work on /home/airflow/.local/lib/python3.12/site-packages/airflow/example_dags/example_params_ui_tutorial.py
[2026-05-09T17:03:13.739+0000] {processor.py:830} INFO - Processing file /home/airflow/.local/lib/python3.12/site-packages/airflow/example_dags/example_params_ui_tutorial.py for tasks to queue
[2026-05-09T17:03:13.740+0000] {logging_mixin.py:188} INFO - [2026-05-09T17:03:13.740+0000] {dagbag.py:545} INFO - Filling up the DagBag from /home/airflow/.local/lib/python3.12/site-packages/airflow/example_dags/example_params_ui_tutorial.py
[2026-05-09T17:03:13.746+0000] {processor.py:840} INFO - DAG(s) 'example_params_ui_tutorial' retrieved from /home/airflow/.local/lib/python3.12/site-packages/airflow/example_dags/example_params_ui_tutorial.py
[2026-05-09T17:03:13.778+0000] {logging_mixin.py:188} INFO - [2026-05-09T17:03:13.778+0000] {dag.py:3089} INFO - Sync 1 DAGs
[2026-05-09T17:03:13.787+0000] {logging_mixin.py:188} INFO - [2026-05-09T17:03:13.787+0000] {dag.py:3947} INFO - Setting next_dagrun for example_params_ui_tutorial to None, run_after=None
[2026-05-09T17:03:13.799+0000] {processor.py:183} INFO - Processing /home/airflow/.local/lib/python3.12/site-packages/airflow/example_dags/example_params_ui_tutorial.py took 0.068 seconds
[2026-05-09T17:03:44.327+0000] {processor.py:161} INFO - Started process (PID=3212) to work on /home/airflow/.local/lib/python3.12/site-packages/airflow/example_dags/example_params_ui_tutorial.py
[2026-05-09T17:03:44.328+0000] {processor.py:830} INFO - Processing file /home/airflow/.local/lib/python3.12/site-packages/airflow/example_dags/example_params_ui_tutorial.py for tasks to queue
[2026-05-09T17:03:44.330+0000] {logging_mixin.py:188} INFO - [2026-05-09T17:03:44.330+0000] {dagbag.py:545} INFO - Filling up the DagBag from /home/airflow/.local/lib/python3.12/site-packages/airflow/example_dags/example_params_ui_tutorial.py
[2026-05-09T17:03:44.336+0000] {processor.py:840} INFO - DAG(s) 'example_params_ui_tutorial' retrieved from /home/airflow/.local/lib/python3.12/site-packages/airflow/example_dags/example_params_ui_tutorial.py
[2026-05-09T17:03:44.372+0000] {logging_mixin.py:188} INFO - [2026-05-09T17:03:44.372+0000] {dag.py:3089} INFO - Sync 1 DAGs
[2026-05-09T17:03:44.381+0000] {logging_mixin.py:188} INFO - [2026-05-09T17:03:44.381+0000] {dag.py:3947} INFO - Setting next_dagrun for example_params_ui_tutorial to None, run_after=None
[2026-05-09T17:03:44.394+0000] {processor.py:183} INFO - Processing /home/airflow/.local/lib/python3.12/site-packages/airflow/example_dags/example_params_ui_tutorial.py took 0.072 seconds
[2026-05-09T17:04:14.963+0000] {processor.py:161} INFO - Started process (PID=3272) to work on /home/airflow/.local/lib/python3.12/site-packages/airflow/example_dags/example_params_ui_tutorial.py
[2026-05-09T17:04:14.963+0000] {processor.py:830} INFO - Processing file /home/airflow/.local/lib/python3.12/site-packages/airflow/example_dags/example_params_ui_tutorial.py for tasks to queue
[2026-05-09T17:04:14.965+0000] {logging_mixin.py:188} INFO - [2026-05-09T17:04:14.965+0000] {dagbag.py:545} INFO - Filling up the DagBag from /home/airflow/.local/lib/python3.12/site-packages/airflow/example_dags/example_params_ui_tutorial.py
[2026-05-09T17:04:14.971+0000] {processor.py:840} INFO - DAG(s) 'example_params_ui_tutorial' retrieved from /home/airflow/.local/lib/python3.12/site-packages/airflow/example_dags/example_params_ui_tutorial.py
[2026-05-09T17:04:15.006+0000] {logging_mixin.py:188} INFO - [2026-05-09T17:04:15.006+0000] {dag.py:3089} INFO - Sync 1 DAGs
[2026-05-09T17:04:15.015+0000] {logging_mixin.py:188} INFO - [2026-05-09T17:04:15.015+0000] {dag.py:3947} INFO - Setting next_dagrun for example_params_ui_tutorial to None, run_after=None
[2026-05-09T17:04:15.027+0000] {processor.py:183} INFO - Processing /home/airflow/.local/lib/python3.12/site-packages/airflow/example_dags/example_params_ui_tutorial.py took 0.070 seconds
[2026-05-09T17:04:45.110+0000] {processor.py:161} INFO - Started process (PID=3332) to work on /home/airflow/.local/lib/python3.12/site-packages/airflow/example_dags/example_params_ui_tutorial.py
[2026-05-09T17:04:45.111+0000] {processor.py:830} INFO - Processing file /home/airflow/.local/lib/python3.12/site-packages/airflow/example_dags/example_params_ui_tutorial.py for tasks to queue
[2026-05-09T17:04:45.113+0000] {logging_mixin.py:188} INFO - [2026-05-09T17:04:45.112+0000] {dagbag.py:545} INFO - Filling up the DagBag from /home/airflow/.local/lib/python3.12/site-packages/airflow/example_dags/example_params_ui_tutorial.py
[2026-05-09T17:04:45.118+0000] {processor.py:840} INFO - DAG(s) 'example_params_ui_tutorial' retrieved from /home/airflow/.local/lib/python3.12/site-packages/airflow/example_dags/example_params_ui_tutorial.py
[2026-05-09T17:04:45.152+0000] {logging_mixin.py:188} INFO - [2026-05-09T17:04:45.152+0000] {dag.py:3089} INFO - Sync 1 DAGs
[2026-05-09T17:04:45.160+0000] {logging_mixin.py:188} INFO - [2026-05-09T17:04:45.160+0000] {dag.py:3947} INFO - Setting next_dagrun for example_params_ui_tutorial to None, run_after=None
[2026-05-09T17:04:45.173+0000] {processor.py:183} INFO - Processing /home/airflow/.local/lib/python3.12/site-packages/airflow/example_dags/example_params_ui_tutorial.py took 0.068 seconds
[2026-05-09T17:05:16.144+0000] {processor.py:161} INFO - Started process (PID=3392) to work on /home/airflow/.local/lib/python3.12/site-packages/airflow/example_dags/example_params_ui_tutorial.py
[2026-05-09T17:05:16.144+0000] {processor.py:830} INFO - Processing file /home/airflow/.local/lib/python3.12/site-packages/airflow/example_dags/example_params_ui_tutorial.py for tasks to queue
[2026-05-09T17:05:16.146+0000] {logging_mixin.py:188} INFO - [2026-05-09T17:05:16.146+0000] {dagbag.py:545} INFO - Filling up the DagBag from /home/airflow/.local/lib/python3.12/site-packages/airflow/example_dags/example_params_ui_tutorial.py
[2026-05-09T17:05:16.151+0000] {processor.py:840} INFO - DAG(s) 'example_params_ui_tutorial' retrieved from /home/airflow/.local/lib/python3.12/site-packages/airflow/example_dags/example_params_ui_tutorial.py
[2026-05-09T17:05:16.187+0000] {logging_mixin.py:188} INFO - [2026-05-09T17:05:16.187+0000] {dag.py:3089} INFO - Sync 1 DAGs
[2026-05-09T17:05:16.197+0000] {logging_mixin.py:188} INFO - [2026-05-09T17:05:16.197+0000] {dag.py:3947} INFO - Setting next_dagrun for example_params_ui_tutorial to None, run_after=None
[2026-05-09T17:05:16.212+0000] {processor.py:183} INFO - Processing /home/airflow/.local/lib/python3.12/site-packages/airflow/example_dags/example_params_ui_tutorial.py took 0.073 seconds
[2026-05-09T17:06:27.953+0000] {processor.py:161} INFO - Started process (PID=86) to work on /home/airflow/.local/lib/python3.12/site-packages/airflow/example_dags/example_params_ui_tutorial.py
[2026-05-09T17:06:27.954+0000] {processor.py:830} INFO - Processing file /home/airflow/.local/lib/python3.12/site-packages/airflow/example_dags/example_params_ui_tutorial.py for tasks to queue
[2026-05-09T17:06:27.956+0000] {logging_mixin.py:188} INFO - [2026-05-09T17:06:27.956+0000] {dagbag.py:545} INFO - Filling up the DagBag from /home/airflow/.local/lib/python3.12/site-packages/airflow/example_dags/example_params_ui_tutorial.py
[2026-05-09T17:06:27.965+0000] {processor.py:840} INFO - DAG(s) 'example_params_ui_tutorial' retrieved from /home/airflow/.local/lib/python3.12/site-packages/airflow/example_dags/example_params_ui_tutorial.py
[2026-05-09T17:06:28.083+0000] {logging_mixin.py:188} INFO - [2026-05-09T17:06:28.082+0000] {override.py:1858} INFO - Created Permission View: can delete on DAG:example_params_ui_tutorial
[2026-05-09T17:06:28.089+0000] {logging_mixin.py:188} INFO - [2026-05-09T17:06:28.089+0000] {override.py:1858} INFO - Created Permission View: can read on DAG:example_params_ui_tutorial
[2026-05-09T17:06:28.093+0000] {logging_mixin.py:188} INFO - [2026-05-09T17:06:28.093+0000] {override.py:1858} INFO - Created Permission View: can edit on DAG:example_params_ui_tutorial
[2026-05-09T17:06:28.094+0000] {logging_mixin.py:188} INFO - [2026-05-09T17:06:28.094+0000] {dag.py:3089} INFO - Sync 1 DAGs
[2026-05-09T17:06:28.102+0000] {logging_mixin.py:188} INFO - [2026-05-09T17:06:28.101+0000] {dag.py:3111} INFO - Creating ORM DAG for example_params_ui_tutorial
[2026-05-09T17:06:28.102+0000] {logging_mixin.py:188} INFO - [2026-05-09T17:06:28.102+0000] {dag.py:3947} INFO - Setting next_dagrun for example_params_ui_tutorial to None, run_after=None
[2026-05-09T17:06:28.117+0000] {processor.py:183} INFO - Processing /home/airflow/.local/lib/python3.12/site-packages/airflow/example_dags/example_params_ui_tutorial.py took 0.170 seconds
[2026-05-09T17:06:58.682+0000] {processor.py:161} INFO - Started process (PID=146) to work on /home/airflow/.local/lib/python3.12/site-packages/airflow/example_dags/example_params_ui_tutorial.py
[2026-05-09T17:06:58.683+0000] {processor.py:830} INFO - Processing file /home/airflow/.local/lib/python3.12/site-packages/airflow/example_dags/example_params_ui_tutorial.py for tasks to queue
[2026-05-09T17:06:58.686+0000] {logging_mixin.py:188} INFO - [2026-05-09T17:06:58.685+0000] {dagbag.py:545} INFO - Filling up the DagBag from /home/airflow/.local/lib/python3.12/site-packages/airflow/example_dags/example_params_ui_tutorial.py
[2026-05-09T17:06:58.691+0000] {processor.py:840} INFO - DAG(s) 'example_params_ui_tutorial' retrieved from /home/airflow/.local/lib/python3.12/site-packages/airflow/example_dags/example_params_ui_tutorial.py
[2026-05-09T17:06:58.723+0000] {logging_mixin.py:188} INFO - [2026-05-09T17:06:58.723+0000] {dag.py:3089} INFO - Sync 1 DAGs
[2026-05-09T17:06:58.732+0000] {logging_mixin.py:188} INFO - [2026-05-09T17:06:58.731+0000] {dag.py:3947} INFO - Setting next_dagrun for example_params_ui_tutorial to None, run_after=None
[2026-05-09T17:06:58.744+0000] {processor.py:183} INFO - Processing /home/airflow/.local/lib/python3.12/site-packages/airflow/example_dags/example_params_ui_tutorial.py took 0.067 seconds
[2026-05-09T17:07:28.960+0000] {processor.py:161} INFO - Started process (PID=206) to work on /home/airflow/.local/lib/python3.12/site-packages/airflow/example_dags/example_params_ui_tutorial.py
[2026-05-09T17:07:28.961+0000] {processor.py:830} INFO - Processing file /home/airflow/.local/lib/python3.12/site-packages/airflow/example_dags/example_params_ui_tutorial.py for tasks to queue
[2026-05-09T17:07:28.962+0000] {logging_mixin.py:188} INFO - [2026-05-09T17:07:28.962+0000] {dagbag.py:545} INFO - Filling up the DagBag from /home/airflow/.local/lib/python3.12/site-packages/airflow/example_dags/example_params_ui_tutorial.py
[2026-05-09T17:07:28.967+0000] {processor.py:840} INFO - DAG(s) 'example_params_ui_tutorial' retrieved from /home/airflow/.local/lib/python3.12/site-packages/airflow/example_dags/example_params_ui_tutorial.py
[2026-05-09T17:07:29.001+0000] {logging_mixin.py:188} INFO - [2026-05-09T17:07:29.001+0000] {dag.py:3089} INFO - Sync 1 DAGs
[2026-05-09T17:07:29.010+0000] {logging_mixin.py:188} INFO - [2026-05-09T17:07:29.010+0000] {dag.py:3947} INFO - Setting next_dagrun for example_params_ui_tutorial to None, run_after=None
[2026-05-09T17:07:29.023+0000] {processor.py:183} INFO - Processing /home/airflow/.local/lib/python3.12/site-packages/airflow/example_dags/example_params_ui_tutorial.py took 0.068 seconds
[2026-05-09T17:07:59.696+0000] {processor.py:161} INFO - Started process (PID=266) to work on /home/airflow/.local/lib/python3.12/site-packages/airflow/example_dags/example_params_ui_tutorial.py
[2026-05-09T17:07:59.697+0000] {processor.py:830} INFO - Processing file /home/airflow/.local/lib/python3.12/site-packages/airflow/example_dags/example_params_ui_tutorial.py for tasks to queue
[2026-05-09T17:07:59.698+0000] {logging_mixin.py:188} INFO - [2026-05-09T17:07:59.698+0000] {dagbag.py:545} INFO - Filling up the DagBag from /home/airflow/.local/lib/python3.12/site-packages/airflow/example_dags/example_params_ui_tutorial.py
[2026-05-09T17:07:59.704+0000] {processor.py:840} INFO - DAG(s) 'example_params_ui_tutorial' retrieved from /home/airflow/.local/lib/python3.12/site-packages/airflow/example_dags/example_params_ui_tutorial.py
[2026-05-09T17:07:59.743+0000] {logging_mixin.py:188} INFO - [2026-05-09T17:07:59.743+0000] {dag.py:3089} INFO - Sync 1 DAGs
[2026-05-09T17:07:59.756+0000] {logging_mixin.py:188} INFO - [2026-05-09T17:07:59.756+0000] {dag.py:3947} INFO - Setting next_dagrun for example_params_ui_tutorial to None, run_after=None
[2026-05-09T17:07:59.771+0000] {processor.py:183} INFO - Processing /home/airflow/.local/lib/python3.12/site-packages/airflow/example_dags/example_params_ui_tutorial.py took 0.081 seconds
[2026-05-09T17:08:30.703+0000] {processor.py:161} INFO - Started process (PID=326) to work on /home/airflow/.local/lib/python3.12/site-packages/airflow/example_dags/example_params_ui_tutorial.py
[2026-05-09T17:08:30.704+0000] {processor.py:830} INFO - Processing file /home/airflow/.local/lib/python3.12/site-packages/airflow/example_dags/example_params_ui_tutorial.py for tasks to queue
[2026-05-09T17:08:30.706+0000] {logging_mixin.py:188} INFO - [2026-05-09T17:08:30.705+0000] {dagbag.py:545} INFO - Filling up the DagBag from /home/airflow/.local/lib/python3.12/site-packages/airflow/example_dags/example_params_ui_tutorial.py
[2026-05-09T17:08:30.711+0000] {processor.py:840} INFO - DAG(s) 'example_params_ui_tutorial' retrieved from /home/airflow/.local/lib/python3.12/site-packages/airflow/example_dags/example_params_ui_tutorial.py
[2026-05-09T17:08:30.745+0000] {logging_mixin.py:188} INFO - [2026-05-09T17:08:30.745+0000] {dag.py:3089} INFO - Sync 1 DAGs
[2026-05-09T17:08:30.754+0000] {logging_mixin.py:188} INFO - [2026-05-09T17:08:30.754+0000] {dag.py:3947} INFO - Setting next_dagrun for example_params_ui_tutorial to None, run_after=None
[2026-05-09T17:08:30.767+0000] {processor.py:183} INFO - Processing /home/airflow/.local/lib/python3.12/site-packages/airflow/example_dags/example_params_ui_tutorial.py took 0.069 seconds
[2026-05-09T17:09:24.017+0000] {processor.py:161} INFO - Started process (PID=85) to work on /home/airflow/.local/lib/python3.12/site-packages/airflow/example_dags/example_params_ui_tutorial.py
[2026-05-09T17:09:24.018+0000] {processor.py:830} INFO - Processing file /home/airflow/.local/lib/python3.12/site-packages/airflow/example_dags/example_params_ui_tutorial.py for tasks to queue
[2026-05-09T17:09:24.020+0000] {logging_mixin.py:188} INFO - [2026-05-09T17:09:24.019+0000] {dagbag.py:545} INFO - Filling up the DagBag from /home/airflow/.local/lib/python3.12/site-packages/airflow/example_dags/example_params_ui_tutorial.py
[2026-05-09T17:09:24.030+0000] {processor.py:840} INFO - DAG(s) 'example_params_ui_tutorial' retrieved from /home/airflow/.local/lib/python3.12/site-packages/airflow/example_dags/example_params_ui_tutorial.py
[2026-05-09T17:09:24.040+0000] {logging_mixin.py:188} INFO - [2026-05-09T17:09:24.040+0000] {dag.py:3089} INFO - Sync 1 DAGs
[2026-05-09T17:09:24.052+0000] {logging_mixin.py:188} INFO - [2026-05-09T17:09:24.052+0000] {dag.py:3947} INFO - Setting next_dagrun for example_params_ui_tutorial to None, run_after=None
[2026-05-09T17:09:24.067+0000] {processor.py:183} INFO - Processing /home/airflow/.local/lib/python3.12/site-packages/airflow/example_dags/example_params_ui_tutorial.py took 0.055 seconds
[2026-05-09T17:09:55.429+0000] {processor.py:161} INFO - Started process (PID=145) to work on /home/airflow/.local/lib/python3.12/site-packages/airflow/example_dags/example_params_ui_tutorial.py
[2026-05-09T17:09:55.430+0000] {processor.py:830} INFO - Processing file /home/airflow/.local/lib/python3.12/site-packages/airflow/example_dags/example_params_ui_tutorial.py for tasks to queue
[2026-05-09T17:09:55.432+0000] {logging_mixin.py:188} INFO - [2026-05-09T17:09:55.432+0000] {dagbag.py:545} INFO - Filling up the DagBag from /home/airflow/.local/lib/python3.12/site-packages/airflow/example_dags/example_params_ui_tutorial.py
[2026-05-09T17:09:55.437+0000] {processor.py:840} INFO - DAG(s) 'example_params_ui_tutorial' retrieved from /home/airflow/.local/lib/python3.12/site-packages/airflow/example_dags/example_params_ui_tutorial.py
[2026-05-09T17:09:55.532+0000] {logging_mixin.py:188} INFO - [2026-05-09T17:09:55.532+0000] {dag.py:3089} INFO - Sync 1 DAGs
[2026-05-09T17:09:55.538+0000] {logging_mixin.py:188} INFO - [2026-05-09T17:09:55.538+0000] {dag.py:3947} INFO - Setting next_dagrun for example_params_ui_tutorial to None, run_after=None
[2026-05-09T17:09:55.551+0000] {processor.py:183} INFO - Processing /home/airflow/.local/lib/python3.12/site-packages/airflow/example_dags/example_params_ui_tutorial.py took 0.127 seconds
[2026-05-09T17:10:25.614+0000] {processor.py:161} INFO - Started process (PID=205) to work on /home/airflow/.local/lib/python3.12/site-packages/airflow/example_dags/example_params_ui_tutorial.py
[2026-05-09T17:10:25.615+0000] {processor.py:830} INFO - Processing file /home/airflow/.local/lib/python3.12/site-packages/airflow/example_dags/example_params_ui_tutorial.py for tasks to queue
[2026-05-09T17:10:25.616+0000] {logging_mixin.py:188} INFO - [2026-05-09T17:10:25.616+0000] {dagbag.py:545} INFO - Filling up the DagBag from /home/airflow/.local/lib/python3.12/site-packages/airflow/example_dags/example_params_ui_tutorial.py
[2026-05-09T17:10:25.622+0000] {processor.py:840} INFO - DAG(s) 'example_params_ui_tutorial' retrieved from /home/airflow/.local/lib/python3.12/site-packages/airflow/example_dags/example_params_ui_tutorial.py
[2026-05-09T17:10:25.660+0000] {logging_mixin.py:188} INFO - [2026-05-09T17:10:25.660+0000] {dag.py:3089} INFO - Sync 1 DAGs
[2026-05-09T17:10:25.669+0000] {logging_mixin.py:188} INFO - [2026-05-09T17:10:25.669+0000] {dag.py:3947} INFO - Setting next_dagrun for example_params_ui_tutorial to None, run_after=None
[2026-05-09T17:10:25.682+0000] {processor.py:183} INFO - Processing /home/airflow/.local/lib/python3.12/site-packages/airflow/example_dags/example_params_ui_tutorial.py took 0.073 seconds
[2026-05-09T17:10:56.186+0000] {processor.py:161} INFO - Started process (PID=265) to work on /home/airflow/.local/lib/python3.12/site-packages/airflow/example_dags/example_params_ui_tutorial.py
[2026-05-09T17:10:56.187+0000] {processor.py:830} INFO - Processing file /home/airflow/.local/lib/python3.12/site-packages/airflow/example_dags/example_params_ui_tutorial.py for tasks to queue
[2026-05-09T17:10:56.189+0000] {logging_mixin.py:188} INFO - [2026-05-09T17:10:56.188+0000] {dagbag.py:545} INFO - Filling up the DagBag from /home/airflow/.local/lib/python3.12/site-packages/airflow/example_dags/example_params_ui_tutorial.py
[2026-05-09T17:10:56.195+0000] {processor.py:840} INFO - DAG(s) 'example_params_ui_tutorial' retrieved from /home/airflow/.local/lib/python3.12/site-packages/airflow/example_dags/example_params_ui_tutorial.py
[2026-05-09T17:10:56.231+0000] {logging_mixin.py:188} INFO - [2026-05-09T17:10:56.231+0000] {dag.py:3089} INFO - Sync 1 DAGs
[2026-05-09T17:10:56.240+0000] {logging_mixin.py:188} INFO - [2026-05-09T17:10:56.239+0000] {dag.py:3947} INFO - Setting next_dagrun for example_params_ui_tutorial to None, run_after=None
[2026-05-09T17:10:56.252+0000] {processor.py:183} INFO - Processing /home/airflow/.local/lib/python3.12/site-packages/airflow/example_dags/example_params_ui_tutorial.py took 0.073 seconds
[2026-05-09T17:11:26.862+0000] {processor.py:161} INFO - Started process (PID=325) to work on /home/airflow/.local/lib/python3.12/site-packages/airflow/example_dags/example_params_ui_tutorial.py
[2026-05-09T17:11:26.863+0000] {processor.py:830} INFO - Processing file /home/airflow/.local/lib/python3.12/site-packages/airflow/example_dags/example_params_ui_tutorial.py for tasks to queue
[2026-05-09T17:11:26.864+0000] {logging_mixin.py:188} INFO - [2026-05-09T17:11:26.864+0000] {dagbag.py:545} INFO - Filling up the DagBag from /home/airflow/.local/lib/python3.12/site-packages/airflow/example_dags/example_params_ui_tutorial.py
[2026-05-09T17:11:26.870+0000] {processor.py:840} INFO - DAG(s) 'example_params_ui_tutorial' retrieved from /home/airflow/.local/lib/python3.12/site-packages/airflow/example_dags/example_params_ui_tutorial.py
[2026-05-09T17:11:26.905+0000] {logging_mixin.py:188} INFO - [2026-05-09T17:11:26.904+0000] {dag.py:3089} INFO - Sync 1 DAGs
[2026-05-09T17:11:26.913+0000] {logging_mixin.py:188} INFO - [2026-05-09T17:11:26.913+0000] {dag.py:3947} INFO - Setting next_dagrun for example_params_ui_tutorial to None, run_after=None
[2026-05-09T17:11:26.927+0000] {processor.py:183} INFO - Processing /home/airflow/.local/lib/python3.12/site-packages/airflow/example_dags/example_params_ui_tutorial.py took 0.070 seconds
[2026-05-09T17:11:57.288+0000] {processor.py:161} INFO - Started process (PID=385) to work on /home/airflow/.local/lib/python3.12/site-packages/airflow/example_dags/example_params_ui_tutorial.py
[2026-05-09T17:11:57.289+0000] {processor.py:830} INFO - Processing file /home/airflow/.local/lib/python3.12/site-packages/airflow/example_dags/example_params_ui_tutorial.py for tasks to queue
[2026-05-09T17:11:57.291+0000] {logging_mixin.py:188} INFO - [2026-05-09T17:11:57.290+0000] {dagbag.py:545} INFO - Filling up the DagBag from /home/airflow/.local/lib/python3.12/site-packages/airflow/example_dags/example_params_ui_tutorial.py
[2026-05-09T17:11:57.296+0000] {processor.py:840} INFO - DAG(s) 'example_params_ui_tutorial' retrieved from /home/airflow/.local/lib/python3.12/site-packages/airflow/example_dags/example_params_ui_tutorial.py
[2026-05-09T17:11:57.329+0000] {logging_mixin.py:188} INFO - [2026-05-09T17:11:57.328+0000] {dag.py:3089} INFO - Sync 1 DAGs
[2026-05-09T17:11:57.337+0000] {logging_mixin.py:188} INFO - [2026-05-09T17:11:57.337+0000] {dag.py:3947} INFO - Setting next_dagrun for example_params_ui_tutorial to None, run_after=None
[2026-05-09T17:11:57.349+0000] {processor.py:183} INFO - Processing /home/airflow/.local/lib/python3.12/site-packages/airflow/example_dags/example_params_ui_tutorial.py took 0.065 seconds
[2026-05-09T17:12:28.184+0000] {processor.py:161} INFO - Started process (PID=445) to work on /home/airflow/.local/lib/python3.12/site-packages/airflow/example_dags/example_params_ui_tutorial.py
[2026-05-09T17:12:28.185+0000] {processor.py:830} INFO - Processing file /home/airflow/.local/lib/python3.12/site-packages/airflow/example_dags/example_params_ui_tutorial.py for tasks to queue
[2026-05-09T17:12:28.187+0000] {logging_mixin.py:188} INFO - [2026-05-09T17:12:28.187+0000] {dagbag.py:545} INFO - Filling up the DagBag from /home/airflow/.local/lib/python3.12/site-packages/airflow/example_dags/example_params_ui_tutorial.py
[2026-05-09T17:12:28.193+0000] {processor.py:840} INFO - DAG(s) 'example_params_ui_tutorial' retrieved from /home/airflow/.local/lib/python3.12/site-packages/airflow/example_dags/example_params_ui_tutorial.py
[2026-05-09T17:12:28.226+0000] {logging_mixin.py:188} INFO - [2026-05-09T17:12:28.226+0000] {dag.py:3089} INFO - Sync 1 DAGs
[2026-05-09T17:12:28.235+0000] {logging_mixin.py:188} INFO - [2026-05-09T17:12:28.235+0000] {dag.py:3947} INFO - Setting next_dagrun for example_params_ui_tutorial to None, run_after=None
[2026-05-09T17:12:28.246+0000] {processor.py:183} INFO - Processing /home/airflow/.local/lib/python3.12/site-packages/airflow/example_dags/example_params_ui_tutorial.py took 0.067 seconds
[2026-05-09T17:12:59.564+0000] {processor.py:161} INFO - Started process (PID=505) to work on /home/airflow/.local/lib/python3.12/site-packages/airflow/example_dags/example_params_ui_tutorial.py
[2026-05-09T17:12:59.565+0000] {processor.py:830} INFO - Processing file /home/airflow/.local/lib/python3.12/site-packages/airflow/example_dags/example_params_ui_tutorial.py for tasks to queue
[2026-05-09T17:12:59.567+0000] {logging_mixin.py:188} INFO - [2026-05-09T17:12:59.567+0000] {dagbag.py:545} INFO - Filling up the DagBag from /home/airflow/.local/lib/python3.12/site-packages/airflow/example_dags/example_params_ui_tutorial.py
[2026-05-09T17:12:59.574+0000] {processor.py:840} INFO - DAG(s) 'example_params_ui_tutorial' retrieved from /home/airflow/.local/lib/python3.12/site-packages/airflow/example_dags/example_params_ui_tutorial.py
[2026-05-09T17:12:59.611+0000] {logging_mixin.py:188} INFO - [2026-05-09T17:12:59.611+0000] {dag.py:3089} INFO - Sync 1 DAGs
[2026-05-09T17:12:59.621+0000] {logging_mixin.py:188} INFO - [2026-05-09T17:12:59.621+0000] {dag.py:3947} INFO - Setting next_dagrun for example_params_ui_tutorial to None, run_after=None
[2026-05-09T17:12:59.636+0000] {processor.py:183} INFO - Processing /home/airflow/.local/lib/python3.12/site-packages/airflow/example_dags/example_params_ui_tutorial.py took 0.079 seconds
[2026-05-09T17:13:30.952+0000] {processor.py:161} INFO - Started process (PID=565) to work on /home/airflow/.local/lib/python3.12/site-packages/airflow/example_dags/example_params_ui_tutorial.py
[2026-05-09T17:13:30.953+0000] {processor.py:830} INFO - Processing file /home/airflow/.local/lib/python3.12/site-packages/airflow/example_dags/example_params_ui_tutorial.py for tasks to queue
[2026-05-09T17:13:30.954+0000] {logging_mixin.py:188} INFO - [2026-05-09T17:13:30.954+0000] {dagbag.py:545} INFO - Filling up the DagBag from /home/airflow/.local/lib/python3.12/site-packages/airflow/example_dags/example_params_ui_tutorial.py
[2026-05-09T17:13:30.960+0000] {processor.py:840} INFO - DAG(s) 'example_params_ui_tutorial' retrieved from /home/airflow/.local/lib/python3.12/site-packages/airflow/example_dags/example_params_ui_tutorial.py
[2026-05-09T17:13:30.993+0000] {logging_mixin.py:188} INFO - [2026-05-09T17:13:30.992+0000] {dag.py:3089} INFO - Sync 1 DAGs
[2026-05-09T17:13:31.004+0000] {logging_mixin.py:188} INFO - [2026-05-09T17:13:31.003+0000] {dag.py:3947} INFO - Setting next_dagrun for example_params_ui_tutorial to None, run_after=None
[2026-05-09T17:13:31.017+0000] {processor.py:183} INFO - Processing /home/airflow/.local/lib/python3.12/site-packages/airflow/example_dags/example_params_ui_tutorial.py took 0.071 seconds
[2026-05-09T17:14:01.962+0000] {processor.py:161} INFO - Started process (PID=625) to work on /home/airflow/.local/lib/python3.12/site-packages/airflow/example_dags/example_params_ui_tutorial.py
[2026-05-09T17:14:01.962+0000] {processor.py:830} INFO - Processing file /home/airflow/.local/lib/python3.12/site-packages/airflow/example_dags/example_params_ui_tutorial.py for tasks to queue
[2026-05-09T17:14:01.964+0000] {logging_mixin.py:188} INFO - [2026-05-09T17:14:01.964+0000] {dagbag.py:545} INFO - Filling up the DagBag from /home/airflow/.local/lib/python3.12/site-packages/airflow/example_dags/example_params_ui_tutorial.py
[2026-05-09T17:14:01.969+0000] {processor.py:840} INFO - DAG(s) 'example_params_ui_tutorial' retrieved from /home/airflow/.local/lib/python3.12/site-packages/airflow/example_dags/example_params_ui_tutorial.py
[2026-05-09T17:14:02.005+0000] {logging_mixin.py:188} INFO - [2026-05-09T17:14:02.004+0000] {dag.py:3089} INFO - Sync 1 DAGs
[2026-05-09T17:14:02.013+0000] {logging_mixin.py:188} INFO - [2026-05-09T17:14:02.013+0000] {dag.py:3947} INFO - Setting next_dagrun for example_params_ui_tutorial to None, run_after=None
[2026-05-09T17:14:02.026+0000] {processor.py:183} INFO - Processing /home/airflow/.local/lib/python3.12/site-packages/airflow/example_dags/example_params_ui_tutorial.py took 0.070 seconds
[2026-05-09T17:14:33.562+0000] {processor.py:161} INFO - Started process (PID=686) to work on /home/airflow/.local/lib/python3.12/site-packages/airflow/example_dags/example_params_ui_tutorial.py
[2026-05-09T17:14:33.563+0000] {processor.py:830} INFO - Processing file /home/airflow/.local/lib/python3.12/site-packages/airflow/example_dags/example_params_ui_tutorial.py for tasks to queue
[2026-05-09T17:14:33.565+0000] {logging_mixin.py:188} INFO - [2026-05-09T17:14:33.565+0000] {dagbag.py:545} INFO - Filling up the DagBag from /home/airflow/.local/lib/python3.12/site-packages/airflow/example_dags/example_params_ui_tutorial.py
[2026-05-09T17:14:33.574+0000] {processor.py:840} INFO - DAG(s) 'example_params_ui_tutorial' retrieved from /home/airflow/.local/lib/python3.12/site-packages/airflow/example_dags/example_params_ui_tutorial.py
[2026-05-09T17:14:33.610+0000] {logging_mixin.py:188} INFO - [2026-05-09T17:14:33.610+0000] {dag.py:3089} INFO - Sync 1 DAGs
[2026-05-09T17:14:33.620+0000] {logging_mixin.py:188} INFO - [2026-05-09T17:14:33.620+0000] {dag.py:3947} INFO - Setting next_dagrun for example_params_ui_tutorial to None, run_after=None
[2026-05-09T17:14:33.633+0000] {processor.py:183} INFO - Processing /home/airflow/.local/lib/python3.12/site-packages/airflow/example_dags/example_params_ui_tutorial.py took 0.079 seconds
[2026-05-09T17:15:04.816+0000] {processor.py:161} INFO - Started process (PID=746) to work on /home/airflow/.local/lib/python3.12/site-packages/airflow/example_dags/example_params_ui_tutorial.py
[2026-05-09T17:15:04.817+0000] {processor.py:830} INFO - Processing file /home/airflow/.local/lib/python3.12/site-packages/airflow/example_dags/example_params_ui_tutorial.py for tasks to queue
[2026-05-09T17:15:04.819+0000] {logging_mixin.py:188} INFO - [2026-05-09T17:15:04.819+0000] {dagbag.py:545} INFO - Filling up the DagBag from /home/airflow/.local/lib/python3.12/site-packages/airflow/example_dags/example_params_ui_tutorial.py
[2026-05-09T17:15:04.825+0000] {processor.py:840} INFO - DAG(s) 'example_params_ui_tutorial' retrieved from /home/airflow/.local/lib/python3.12/site-packages/airflow/example_dags/example_params_ui_tutorial.py
[2026-05-09T17:15:04.863+0000] {logging_mixin.py:188} INFO - [2026-05-09T17:15:04.862+0000] {dag.py:3089} INFO - Sync 1 DAGs
[2026-05-09T17:15:04.872+0000] {logging_mixin.py:188} INFO - [2026-05-09T17:15:04.872+0000] {dag.py:3947} INFO - Setting next_dagrun for example_params_ui_tutorial to None, run_after=None
[2026-05-09T17:15:04.888+0000] {processor.py:183} INFO - Processing /home/airflow/.local/lib/python3.12/site-packages/airflow/example_dags/example_params_ui_tutorial.py took 0.079 seconds
[2026-05-09T17:15:35.282+0000] {processor.py:161} INFO - Started process (PID=806) to work on /home/airflow/.local/lib/python3.12/site-packages/airflow/example_dags/example_params_ui_tutorial.py
[2026-05-09T17:15:35.283+0000] {processor.py:830} INFO - Processing file /home/airflow/.local/lib/python3.12/site-packages/airflow/example_dags/example_params_ui_tutorial.py for tasks to queue
[2026-05-09T17:15:35.285+0000] {logging_mixin.py:188} INFO - [2026-05-09T17:15:35.284+0000] {dagbag.py:545} INFO - Filling up the DagBag from /home/airflow/.local/lib/python3.12/site-packages/airflow/example_dags/example_params_ui_tutorial.py
[2026-05-09T17:15:35.290+0000] {processor.py:840} INFO - DAG(s) 'example_params_ui_tutorial' retrieved from /home/airflow/.local/lib/python3.12/site-packages/airflow/example_dags/example_params_ui_tutorial.py
[2026-05-09T17:15:35.324+0000] {logging_mixin.py:188} INFO - [2026-05-09T17:15:35.324+0000] {dag.py:3089} INFO - Sync 1 DAGs
[2026-05-09T17:15:35.333+0000] {logging_mixin.py:188} INFO - [2026-05-09T17:15:35.333+0000] {dag.py:3947} INFO - Setting next_dagrun for example_params_ui_tutorial to None, run_after=None
[2026-05-09T17:15:35.345+0000] {processor.py:183} INFO - Processing /home/airflow/.local/lib/python3.12/site-packages/airflow/example_dags/example_params_ui_tutorial.py took 0.068 seconds
[2026-05-09T17:16:06.502+0000] {processor.py:161} INFO - Started process (PID=866) to work on /home/airflow/.local/lib/python3.12/site-packages/airflow/example_dags/example_params_ui_tutorial.py
[2026-05-09T17:16:06.503+0000] {processor.py:830} INFO - Processing file /home/airflow/.local/lib/python3.12/site-packages/airflow/example_dags/example_params_ui_tutorial.py for tasks to queue
[2026-05-09T17:16:06.505+0000] {logging_mixin.py:188} INFO - [2026-05-09T17:16:06.505+0000] {dagbag.py:545} INFO - Filling up the DagBag from /home/airflow/.local/lib/python3.12/site-packages/airflow/example_dags/example_params_ui_tutorial.py
[2026-05-09T17:16:06.510+0000] {processor.py:840} INFO - DAG(s) 'example_params_ui_tutorial' retrieved from /home/airflow/.local/lib/python3.12/site-packages/airflow/example_dags/example_params_ui_tutorial.py
[2026-05-09T17:16:06.547+0000] {logging_mixin.py:188} INFO - [2026-05-09T17:16:06.547+0000] {dag.py:3089} INFO - Sync 1 DAGs
[2026-05-09T17:16:06.556+0000] {logging_mixin.py:188} INFO - [2026-05-09T17:16:06.556+0000] {dag.py:3947} INFO - Setting next_dagrun for example_params_ui_tutorial to None, run_after=None
[2026-05-09T17:16:06.569+0000] {processor.py:183} INFO - Processing /home/airflow/.local/lib/python3.12/site-packages/airflow/example_dags/example_params_ui_tutorial.py took 0.073 seconds
[2026-05-09T17:16:37.513+0000] {processor.py:161} INFO - Started process (PID=926) to work on /home/airflow/.local/lib/python3.12/site-packages/airflow/example_dags/example_params_ui_tutorial.py
[2026-05-09T17:16:37.514+0000] {processor.py:830} INFO - Processing file /home/airflow/.local/lib/python3.12/site-packages/airflow/example_dags/example_params_ui_tutorial.py for tasks to queue
[2026-05-09T17:16:37.516+0000] {logging_mixin.py:188} INFO - [2026-05-09T17:16:37.515+0000] {dagbag.py:545} INFO - Filling up the DagBag from /home/airflow/.local/lib/python3.12/site-packages/airflow/example_dags/example_params_ui_tutorial.py
[2026-05-09T17:16:37.521+0000] {processor.py:840} INFO - DAG(s) 'example_params_ui_tutorial' retrieved from /home/airflow/.local/lib/python3.12/site-packages/airflow/example_dags/example_params_ui_tutorial.py
[2026-05-09T17:16:37.553+0000] {logging_mixin.py:188} INFO - [2026-05-09T17:16:37.553+0000] {dag.py:3089} INFO - Sync 1 DAGs
[2026-05-09T17:16:37.562+0000] {logging_mixin.py:188} INFO - [2026-05-09T17:16:37.562+0000] {dag.py:3947} INFO - Setting next_dagrun for example_params_ui_tutorial to None, run_after=None
[2026-05-09T17:16:37.578+0000] {processor.py:183} INFO - Processing /home/airflow/.local/lib/python3.12/site-packages/airflow/example_dags/example_params_ui_tutorial.py took 0.071 seconds
[2026-05-09T17:17:08.043+0000] {processor.py:161} INFO - Started process (PID=986) to work on /home/airflow/.local/lib/python3.12/site-packages/airflow/example_dags/example_params_ui_tutorial.py
[2026-05-09T17:17:08.044+0000] {processor.py:830} INFO - Processing file /home/airflow/.local/lib/python3.12/site-packages/airflow/example_dags/example_params_ui_tutorial.py for tasks to queue
[2026-05-09T17:17:08.046+0000] {logging_mixin.py:188} INFO - [2026-05-09T17:17:08.046+0000] {dagbag.py:545} INFO - Filling up the DagBag from /home/airflow/.local/lib/python3.12/site-packages/airflow/example_dags/example_params_ui_tutorial.py
[2026-05-09T17:17:08.053+0000] {processor.py:840} INFO - DAG(s) 'example_params_ui_tutorial' retrieved from /home/airflow/.local/lib/python3.12/site-packages/airflow/example_dags/example_params_ui_tutorial.py
[2026-05-09T17:17:08.088+0000] {logging_mixin.py:188} INFO - [2026-05-09T17:17:08.088+0000] {dag.py:3089} INFO - Sync 1 DAGs
[2026-05-09T17:17:08.097+0000] {logging_mixin.py:188} INFO - [2026-05-09T17:17:08.096+0000] {dag.py:3947} INFO - Setting next_dagrun for example_params_ui_tutorial to None, run_after=None
[2026-05-09T17:17:08.109+0000] {processor.py:183} INFO - Processing /home/airflow/.local/lib/python3.12/site-packages/airflow/example_dags/example_params_ui_tutorial.py took 0.071 seconds
[2026-05-09T17:17:39.233+0000] {processor.py:161} INFO - Started process (PID=1046) to work on /home/airflow/.local/lib/python3.12/site-packages/airflow/example_dags/example_params_ui_tutorial.py
[2026-05-09T17:17:39.234+0000] {processor.py:830} INFO - Processing file /home/airflow/.local/lib/python3.12/site-packages/airflow/example_dags/example_params_ui_tutorial.py for tasks to queue
[2026-05-09T17:17:39.236+0000] {logging_mixin.py:188} INFO - [2026-05-09T17:17:39.236+0000] {dagbag.py:545} INFO - Filling up the DagBag from /home/airflow/.local/lib/python3.12/site-packages/airflow/example_dags/example_params_ui_tutorial.py
[2026-05-09T17:17:39.242+0000] {processor.py:840} INFO - DAG(s) 'example_params_ui_tutorial' retrieved from /home/airflow/.local/lib/python3.12/site-packages/airflow/example_dags/example_params_ui_tutorial.py
[2026-05-09T17:17:39.279+0000] {logging_mixin.py:188} INFO - [2026-05-09T17:17:39.279+0000] {dag.py:3089} INFO - Sync 1 DAGs
[2026-05-09T17:17:39.288+0000] {logging_mixin.py:188} INFO - [2026-05-09T17:17:39.288+0000] {dag.py:3947} INFO - Setting next_dagrun for example_params_ui_tutorial to None, run_after=None
[2026-05-09T17:17:39.301+0000] {processor.py:183} INFO - Processing /home/airflow/.local/lib/python3.12/site-packages/airflow/example_dags/example_params_ui_tutorial.py took 0.074 seconds
[2026-05-09T17:18:10.620+0000] {processor.py:161} INFO - Started process (PID=1106) to work on /home/airflow/.local/lib/python3.12/site-packages/airflow/example_dags/example_params_ui_tutorial.py
[2026-05-09T17:18:10.621+0000] {processor.py:830} INFO - Processing file /home/airflow/.local/lib/python3.12/site-packages/airflow/example_dags/example_params_ui_tutorial.py for tasks to queue
[2026-05-09T17:18:10.623+0000] {logging_mixin.py:188} INFO - [2026-05-09T17:18:10.623+0000] {dagbag.py:545} INFO - Filling up the DagBag from /home/airflow/.local/lib/python3.12/site-packages/airflow/example_dags/example_params_ui_tutorial.py
[2026-05-09T17:18:10.629+0000] {processor.py:840} INFO - DAG(s) 'example_params_ui_tutorial' retrieved from /home/airflow/.local/lib/python3.12/site-packages/airflow/example_dags/example_params_ui_tutorial.py
[2026-05-09T17:18:10.668+0000] {logging_mixin.py:188} INFO - [2026-05-09T17:18:10.668+0000] {dag.py:3089} INFO - Sync 1 DAGs
[2026-05-09T17:18:10.679+0000] {logging_mixin.py:188} INFO - [2026-05-09T17:18:10.679+0000] {dag.py:3947} INFO - Setting next_dagrun for example_params_ui_tutorial to None, run_after=None
[2026-05-09T17:18:10.694+0000] {processor.py:183} INFO - Processing /home/airflow/.local/lib/python3.12/site-packages/airflow/example_dags/example_params_ui_tutorial.py took 0.080 seconds
[2026-05-09T17:18:41.297+0000] {processor.py:161} INFO - Started process (PID=1166) to work on /home/airflow/.local/lib/python3.12/site-packages/airflow/example_dags/example_params_ui_tutorial.py
[2026-05-09T17:18:41.298+0000] {processor.py:830} INFO - Processing file /home/airflow/.local/lib/python3.12/site-packages/airflow/example_dags/example_params_ui_tutorial.py for tasks to queue
[2026-05-09T17:18:41.300+0000] {logging_mixin.py:188} INFO - [2026-05-09T17:18:41.299+0000] {dagbag.py:545} INFO - Filling up the DagBag from /home/airflow/.local/lib/python3.12/site-packages/airflow/example_dags/example_params_ui_tutorial.py
[2026-05-09T17:18:41.305+0000] {processor.py:840} INFO - DAG(s) 'example_params_ui_tutorial' retrieved from /home/airflow/.local/lib/python3.12/site-packages/airflow/example_dags/example_params_ui_tutorial.py
[2026-05-09T17:18:41.339+0000] {logging_mixin.py:188} INFO - [2026-05-09T17:18:41.339+0000] {dag.py:3089} INFO - Sync 1 DAGs
[2026-05-09T17:18:41.348+0000] {logging_mixin.py:188} INFO - [2026-05-09T17:18:41.348+0000] {dag.py:3947} INFO - Setting next_dagrun for example_params_ui_tutorial to None, run_after=None
[2026-05-09T17:18:41.359+0000] {processor.py:183} INFO - Processing /home/airflow/.local/lib/python3.12/site-packages/airflow/example_dags/example_params_ui_tutorial.py took 0.068 seconds
[2026-05-09T17:19:12.411+0000] {processor.py:161} INFO - Started process (PID=1226) to work on /home/airflow/.local/lib/python3.12/site-packages/airflow/example_dags/example_params_ui_tutorial.py
[2026-05-09T17:19:12.412+0000] {processor.py:830} INFO - Processing file /home/airflow/.local/lib/python3.12/site-packages/airflow/example_dags/example_params_ui_tutorial.py for tasks to queue
[2026-05-09T17:19:12.414+0000] {logging_mixin.py:188} INFO - [2026-05-09T17:19:12.414+0000] {dagbag.py:545} INFO - Filling up the DagBag from /home/airflow/.local/lib/python3.12/site-packages/airflow/example_dags/example_params_ui_tutorial.py
[2026-05-09T17:19:12.420+0000] {processor.py:840} INFO - DAG(s) 'example_params_ui_tutorial' retrieved from /home/airflow/.local/lib/python3.12/site-packages/airflow/example_dags/example_params_ui_tutorial.py
[2026-05-09T17:19:12.454+0000] {logging_mixin.py:188} INFO - [2026-05-09T17:19:12.454+0000] {dag.py:3089} INFO - Sync 1 DAGs
[2026-05-09T17:19:12.463+0000] {logging_mixin.py:188} INFO - [2026-05-09T17:19:12.463+0000] {dag.py:3947} INFO - Setting next_dagrun for example_params_ui_tutorial to None, run_after=None
[2026-05-09T17:19:12.476+0000] {processor.py:183} INFO - Processing /home/airflow/.local/lib/python3.12/site-packages/airflow/example_dags/example_params_ui_tutorial.py took 0.071 seconds
[2026-05-09T17:19:43.872+0000] {processor.py:161} INFO - Started process (PID=1286) to work on /home/airflow/.local/lib/python3.12/site-packages/airflow/example_dags/example_params_ui_tutorial.py
[2026-05-09T17:19:43.873+0000] {processor.py:830} INFO - Processing file /home/airflow/.local/lib/python3.12/site-packages/airflow/example_dags/example_params_ui_tutorial.py for tasks to queue
[2026-05-09T17:19:43.875+0000] {logging_mixin.py:188} INFO - [2026-05-09T17:19:43.874+0000] {dagbag.py:545} INFO - Filling up the DagBag from /home/airflow/.local/lib/python3.12/site-packages/airflow/example_dags/example_params_ui_tutorial.py
[2026-05-09T17:19:43.880+0000] {processor.py:840} INFO - DAG(s) 'example_params_ui_tutorial' retrieved from /home/airflow/.local/lib/python3.12/site-packages/airflow/example_dags/example_params_ui_tutorial.py
[2026-05-09T17:19:43.917+0000] {logging_mixin.py:188} INFO - [2026-05-09T17:19:43.916+0000] {dag.py:3089} INFO - Sync 1 DAGs
[2026-05-09T17:19:43.926+0000] {logging_mixin.py:188} INFO - [2026-05-09T17:19:43.926+0000] {dag.py:3947} INFO - Setting next_dagrun for example_params_ui_tutorial to None, run_after=None
[2026-05-09T17:19:43.941+0000] {processor.py:183} INFO - Processing /home/airflow/.local/lib/python3.12/site-packages/airflow/example_dags/example_params_ui_tutorial.py took 0.075 seconds
[2026-05-09T17:20:14.555+0000] {processor.py:161} INFO - Started process (PID=1346) to work on /home/airflow/.local/lib/python3.12/site-packages/airflow/example_dags/example_params_ui_tutorial.py
[2026-05-09T17:20:14.556+0000] {processor.py:830} INFO - Processing file /home/airflow/.local/lib/python3.12/site-packages/airflow/example_dags/example_params_ui_tutorial.py for tasks to queue
[2026-05-09T17:20:14.558+0000] {logging_mixin.py:188} INFO - [2026-05-09T17:20:14.558+0000] {dagbag.py:545} INFO - Filling up the DagBag from /home/airflow/.local/lib/python3.12/site-packages/airflow/example_dags/example_params_ui_tutorial.py
[2026-05-09T17:20:14.564+0000] {processor.py:840} INFO - DAG(s) 'example_params_ui_tutorial' retrieved from /home/airflow/.local/lib/python3.12/site-packages/airflow/example_dags/example_params_ui_tutorial.py
[2026-05-09T17:20:14.599+0000] {logging_mixin.py:188} INFO - [2026-05-09T17:20:14.598+0000] {dag.py:3089} INFO - Sync 1 DAGs
[2026-05-09T17:20:14.608+0000] {logging_mixin.py:188} INFO - [2026-05-09T17:20:14.608+0000] {dag.py:3947} INFO - Setting next_dagrun for example_params_ui_tutorial to None, run_after=None
[2026-05-09T17:20:14.621+0000] {processor.py:183} INFO - Processing /home/airflow/.local/lib/python3.12/site-packages/airflow/example_dags/example_params_ui_tutorial.py took 0.072 seconds
[2026-05-09T17:20:45.690+0000] {processor.py:161} INFO - Started process (PID=1406) to work on /home/airflow/.local/lib/python3.12/site-packages/airflow/example_dags/example_params_ui_tutorial.py
[2026-05-09T17:20:45.691+0000] {processor.py:830} INFO - Processing file /home/airflow/.local/lib/python3.12/site-packages/airflow/example_dags/example_params_ui_tutorial.py for tasks to queue
[2026-05-09T17:20:45.692+0000] {logging_mixin.py:188} INFO - [2026-05-09T17:20:45.692+0000] {dagbag.py:545} INFO - Filling up the DagBag from /home/airflow/.local/lib/python3.12/site-packages/airflow/example_dags/example_params_ui_tutorial.py
[2026-05-09T17:20:45.698+0000] {processor.py:840} INFO - DAG(s) 'example_params_ui_tutorial' retrieved from /home/airflow/.local/lib/python3.12/site-packages/airflow/example_dags/example_params_ui_tutorial.py
[2026-05-09T17:20:45.733+0000] {logging_mixin.py:188} INFO - [2026-05-09T17:20:45.732+0000] {dag.py:3089} INFO - Sync 1 DAGs
[2026-05-09T17:20:45.742+0000] {logging_mixin.py:188} INFO - [2026-05-09T17:20:45.742+0000] {dag.py:3947} INFO - Setting next_dagrun for example_params_ui_tutorial to None, run_after=None
[2026-05-09T17:20:45.757+0000] {processor.py:183} INFO - Processing /home/airflow/.local/lib/python3.12/site-packages/airflow/example_dags/example_params_ui_tutorial.py took 0.073 seconds
[2026-05-09T17:21:16.837+0000] {processor.py:161} INFO - Started process (PID=1466) to work on /home/airflow/.local/lib/python3.12/site-packages/airflow/example_dags/example_params_ui_tutorial.py
[2026-05-09T17:21:16.838+0000] {processor.py:830} INFO - Processing file /home/airflow/.local/lib/python3.12/site-packages/airflow/example_dags/example_params_ui_tutorial.py for tasks to queue
[2026-05-09T17:21:16.840+0000] {logging_mixin.py:188} INFO - [2026-05-09T17:21:16.839+0000] {dagbag.py:545} INFO - Filling up the DagBag from /home/airflow/.local/lib/python3.12/site-packages/airflow/example_dags/example_params_ui_tutorial.py
[2026-05-09T17:21:16.845+0000] {processor.py:840} INFO - DAG(s) 'example_params_ui_tutorial' retrieved from /home/airflow/.local/lib/python3.12/site-packages/airflow/example_dags/example_params_ui_tutorial.py
[2026-05-09T17:21:16.878+0000] {logging_mixin.py:188} INFO - [2026-05-09T17:21:16.878+0000] {dag.py:3089} INFO - Sync 1 DAGs
[2026-05-09T17:21:16.886+0000] {logging_mixin.py:188} INFO - [2026-05-09T17:21:16.886+0000] {dag.py:3947} INFO - Setting next_dagrun for example_params_ui_tutorial to None, run_after=None
[2026-05-09T17:21:16.898+0000] {processor.py:183} INFO - Processing /home/airflow/.local/lib/python3.12/site-packages/airflow/example_dags/example_params_ui_tutorial.py took 0.066 seconds
[2026-05-09T17:21:48.237+0000] {processor.py:161} INFO - Started process (PID=1526) to work on /home/airflow/.local/lib/python3.12/site-packages/airflow/example_dags/example_params_ui_tutorial.py
[2026-05-09T17:21:48.238+0000] {processor.py:830} INFO - Processing file /home/airflow/.local/lib/python3.12/site-packages/airflow/example_dags/example_params_ui_tutorial.py for tasks to queue
[2026-05-09T17:21:48.239+0000] {logging_mixin.py:188} INFO - [2026-05-09T17:21:48.239+0000] {dagbag.py:545} INFO - Filling up the DagBag from /home/airflow/.local/lib/python3.12/site-packages/airflow/example_dags/example_params_ui_tutorial.py
[2026-05-09T17:21:48.245+0000] {processor.py:840} INFO - DAG(s) 'example_params_ui_tutorial' retrieved from /home/airflow/.local/lib/python3.12/site-packages/airflow/example_dags/example_params_ui_tutorial.py
[2026-05-09T17:21:48.277+0000] {logging_mixin.py:188} INFO - [2026-05-09T17:21:48.277+0000] {dag.py:3089} INFO - Sync 1 DAGs
[2026-05-09T17:21:48.285+0000] {logging_mixin.py:188} INFO - [2026-05-09T17:21:48.285+0000] {dag.py:3947} INFO - Setting next_dagrun for example_params_ui_tutorial to None, run_after=None
[2026-05-09T17:21:48.297+0000] {processor.py:183} INFO - Processing /home/airflow/.local/lib/python3.12/site-packages/airflow/example_dags/example_params_ui_tutorial.py took 0.065 seconds
[2026-05-09T17:23:06.618+0000] {processor.py:161} INFO - Started process (PID=85) to work on /home/airflow/.local/lib/python3.12/site-packages/airflow/example_dags/example_params_ui_tutorial.py
[2026-05-09T17:23:06.620+0000] {processor.py:830} INFO - Processing file /home/airflow/.local/lib/python3.12/site-packages/airflow/example_dags/example_params_ui_tutorial.py for tasks to queue
[2026-05-09T17:23:06.622+0000] {logging_mixin.py:188} INFO - [2026-05-09T17:23:06.621+0000] {dagbag.py:545} INFO - Filling up the DagBag from /home/airflow/.local/lib/python3.12/site-packages/airflow/example_dags/example_params_ui_tutorial.py
[2026-05-09T17:23:06.631+0000] {processor.py:840} INFO - DAG(s) 'example_params_ui_tutorial' retrieved from /home/airflow/.local/lib/python3.12/site-packages/airflow/example_dags/example_params_ui_tutorial.py
[2026-05-09T17:23:06.642+0000] {logging_mixin.py:188} INFO - [2026-05-09T17:23:06.641+0000] {dag.py:3089} INFO - Sync 1 DAGs
[2026-05-09T17:23:06.654+0000] {logging_mixin.py:188} INFO - [2026-05-09T17:23:06.654+0000] {dag.py:3947} INFO - Setting next_dagrun for example_params_ui_tutorial to None, run_after=None
[2026-05-09T17:23:06.669+0000] {processor.py:183} INFO - Processing /home/airflow/.local/lib/python3.12/site-packages/airflow/example_dags/example_params_ui_tutorial.py took 0.057 seconds
[2026-05-09T17:23:38.626+0000] {processor.py:161} INFO - Started process (PID=145) to work on /home/airflow/.local/lib/python3.12/site-packages/airflow/example_dags/example_params_ui_tutorial.py
[2026-05-09T17:23:38.627+0000] {processor.py:830} INFO - Processing file /home/airflow/.local/lib/python3.12/site-packages/airflow/example_dags/example_params_ui_tutorial.py for tasks to queue
[2026-05-09T17:23:38.628+0000] {logging_mixin.py:188} INFO - [2026-05-09T17:23:38.628+0000] {dagbag.py:545} INFO - Filling up the DagBag from /home/airflow/.local/lib/python3.12/site-packages/airflow/example_dags/example_params_ui_tutorial.py
[2026-05-09T17:23:38.633+0000] {processor.py:840} INFO - DAG(s) 'example_params_ui_tutorial' retrieved from /home/airflow/.local/lib/python3.12/site-packages/airflow/example_dags/example_params_ui_tutorial.py
[2026-05-09T17:23:38.727+0000] {logging_mixin.py:188} INFO - [2026-05-09T17:23:38.726+0000] {dag.py:3089} INFO - Sync 1 DAGs
[2026-05-09T17:23:38.733+0000] {logging_mixin.py:188} INFO - [2026-05-09T17:23:38.733+0000] {dag.py:3947} INFO - Setting next_dagrun for example_params_ui_tutorial to None, run_after=None
[2026-05-09T17:23:38.747+0000] {processor.py:183} INFO - Processing /home/airflow/.local/lib/python3.12/site-packages/airflow/example_dags/example_params_ui_tutorial.py took 0.126 seconds
[2026-05-09T17:24:09.466+0000] {processor.py:161} INFO - Started process (PID=205) to work on /home/airflow/.local/lib/python3.12/site-packages/airflow/example_dags/example_params_ui_tutorial.py
[2026-05-09T17:24:09.467+0000] {processor.py:830} INFO - Processing file /home/airflow/.local/lib/python3.12/site-packages/airflow/example_dags/example_params_ui_tutorial.py for tasks to queue
[2026-05-09T17:24:09.469+0000] {logging_mixin.py:188} INFO - [2026-05-09T17:24:09.468+0000] {dagbag.py:545} INFO - Filling up the DagBag from /home/airflow/.local/lib/python3.12/site-packages/airflow/example_dags/example_params_ui_tutorial.py
[2026-05-09T17:24:09.474+0000] {processor.py:840} INFO - DAG(s) 'example_params_ui_tutorial' retrieved from /home/airflow/.local/lib/python3.12/site-packages/airflow/example_dags/example_params_ui_tutorial.py
[2026-05-09T17:24:09.509+0000] {logging_mixin.py:188} INFO - [2026-05-09T17:24:09.508+0000] {dag.py:3089} INFO - Sync 1 DAGs
[2026-05-09T17:24:09.518+0000] {logging_mixin.py:188} INFO - [2026-05-09T17:24:09.518+0000] {dag.py:3947} INFO - Setting next_dagrun for example_params_ui_tutorial to None, run_after=None
[2026-05-09T17:24:09.531+0000] {processor.py:183} INFO - Processing /home/airflow/.local/lib/python3.12/site-packages/airflow/example_dags/example_params_ui_tutorial.py took 0.071 seconds
[2026-05-09T17:24:39.649+0000] {processor.py:161} INFO - Started process (PID=266) to work on /home/airflow/.local/lib/python3.12/site-packages/airflow/example_dags/example_params_ui_tutorial.py
[2026-05-09T17:24:39.650+0000] {processor.py:830} INFO - Processing file /home/airflow/.local/lib/python3.12/site-packages/airflow/example_dags/example_params_ui_tutorial.py for tasks to queue
[2026-05-09T17:24:39.651+0000] {logging_mixin.py:188} INFO - [2026-05-09T17:24:39.651+0000] {dagbag.py:545} INFO - Filling up the DagBag from /home/airflow/.local/lib/python3.12/site-packages/airflow/example_dags/example_params_ui_tutorial.py
[2026-05-09T17:24:39.657+0000] {processor.py:840} INFO - DAG(s) 'example_params_ui_tutorial' retrieved from /home/airflow/.local/lib/python3.12/site-packages/airflow/example_dags/example_params_ui_tutorial.py
[2026-05-09T17:24:39.692+0000] {logging_mixin.py:188} INFO - [2026-05-09T17:24:39.692+0000] {dag.py:3089} INFO - Sync 1 DAGs
[2026-05-09T17:24:39.702+0000] {logging_mixin.py:188} INFO - [2026-05-09T17:24:39.702+0000] {dag.py:3947} INFO - Setting next_dagrun for example_params_ui_tutorial to None, run_after=None
[2026-05-09T17:24:39.715+0000] {processor.py:183} INFO - Processing /home/airflow/.local/lib/python3.12/site-packages/airflow/example_dags/example_params_ui_tutorial.py took 0.075 seconds
[2026-05-09T17:25:10.929+0000] {processor.py:161} INFO - Started process (PID=325) to work on /home/airflow/.local/lib/python3.12/site-packages/airflow/example_dags/example_params_ui_tutorial.py
[2026-05-09T17:25:10.930+0000] {processor.py:830} INFO - Processing file /home/airflow/.local/lib/python3.12/site-packages/airflow/example_dags/example_params_ui_tutorial.py for tasks to queue
[2026-05-09T17:25:10.933+0000] {logging_mixin.py:188} INFO - [2026-05-09T17:25:10.933+0000] {dagbag.py:545} INFO - Filling up the DagBag from /home/airflow/.local/lib/python3.12/site-packages/airflow/example_dags/example_params_ui_tutorial.py
[2026-05-09T17:25:10.943+0000] {processor.py:840} INFO - DAG(s) 'example_params_ui_tutorial' retrieved from /home/airflow/.local/lib/python3.12/site-packages/airflow/example_dags/example_params_ui_tutorial.py
[2026-05-09T17:25:10.998+0000] {logging_mixin.py:188} INFO - [2026-05-09T17:25:10.997+0000] {dag.py:3089} INFO - Sync 1 DAGs
[2026-05-09T17:25:11.012+0000] {logging_mixin.py:188} INFO - [2026-05-09T17:25:11.012+0000] {dag.py:3947} INFO - Setting next_dagrun for example_params_ui_tutorial to None, run_after=None
[2026-05-09T17:25:11.029+0000] {processor.py:183} INFO - Processing /home/airflow/.local/lib/python3.12/site-packages/airflow/example_dags/example_params_ui_tutorial.py took 0.109 seconds
[2026-05-09T17:25:41.505+0000] {processor.py:161} INFO - Started process (PID=385) to work on /home/airflow/.local/lib/python3.12/site-packages/airflow/example_dags/example_params_ui_tutorial.py
[2026-05-09T17:25:41.507+0000] {processor.py:830} INFO - Processing file /home/airflow/.local/lib/python3.12/site-packages/airflow/example_dags/example_params_ui_tutorial.py for tasks to queue
[2026-05-09T17:25:41.510+0000] {logging_mixin.py:188} INFO - [2026-05-09T17:25:41.509+0000] {dagbag.py:545} INFO - Filling up the DagBag from /home/airflow/.local/lib/python3.12/site-packages/airflow/example_dags/example_params_ui_tutorial.py
[2026-05-09T17:25:41.516+0000] {processor.py:840} INFO - DAG(s) 'example_params_ui_tutorial' retrieved from /home/airflow/.local/lib/python3.12/site-packages/airflow/example_dags/example_params_ui_tutorial.py
[2026-05-09T17:25:41.560+0000] {logging_mixin.py:188} INFO - [2026-05-09T17:25:41.560+0000] {dag.py:3089} INFO - Sync 1 DAGs
[2026-05-09T17:25:41.572+0000] {logging_mixin.py:188} INFO - [2026-05-09T17:25:41.571+0000] {dag.py:3947} INFO - Setting next_dagrun for example_params_ui_tutorial to None, run_after=None
[2026-05-09T17:25:41.587+0000] {processor.py:183} INFO - Processing /home/airflow/.local/lib/python3.12/site-packages/airflow/example_dags/example_params_ui_tutorial.py took 0.091 seconds
[2026-05-09T17:26:12.334+0000] {processor.py:161} INFO - Started process (PID=445) to work on /home/airflow/.local/lib/python3.12/site-packages/airflow/example_dags/example_params_ui_tutorial.py
[2026-05-09T17:26:12.335+0000] {processor.py:830} INFO - Processing file /home/airflow/.local/lib/python3.12/site-packages/airflow/example_dags/example_params_ui_tutorial.py for tasks to queue
[2026-05-09T17:26:12.337+0000] {logging_mixin.py:188} INFO - [2026-05-09T17:26:12.336+0000] {dagbag.py:545} INFO - Filling up the DagBag from /home/airflow/.local/lib/python3.12/site-packages/airflow/example_dags/example_params_ui_tutorial.py
[2026-05-09T17:26:12.342+0000] {processor.py:840} INFO - DAG(s) 'example_params_ui_tutorial' retrieved from /home/airflow/.local/lib/python3.12/site-packages/airflow/example_dags/example_params_ui_tutorial.py
[2026-05-09T17:26:12.374+0000] {logging_mixin.py:188} INFO - [2026-05-09T17:26:12.374+0000] {dag.py:3089} INFO - Sync 1 DAGs
[2026-05-09T17:26:12.383+0000] {logging_mixin.py:188} INFO - [2026-05-09T17:26:12.383+0000] {dag.py:3947} INFO - Setting next_dagrun for example_params_ui_tutorial to None, run_after=None
[2026-05-09T17:26:12.395+0000] {processor.py:183} INFO - Processing /home/airflow/.local/lib/python3.12/site-packages/airflow/example_dags/example_params_ui_tutorial.py took 0.068 seconds
[2026-05-09T17:26:43.181+0000] {processor.py:161} INFO - Started process (PID=506) to work on /home/airflow/.local/lib/python3.12/site-packages/airflow/example_dags/example_params_ui_tutorial.py
[2026-05-09T17:26:43.182+0000] {processor.py:830} INFO - Processing file /home/airflow/.local/lib/python3.12/site-packages/airflow/example_dags/example_params_ui_tutorial.py for tasks to queue
[2026-05-09T17:26:43.183+0000] {logging_mixin.py:188} INFO - [2026-05-09T17:26:43.183+0000] {dagbag.py:545} INFO - Filling up the DagBag from /home/airflow/.local/lib/python3.12/site-packages/airflow/example_dags/example_params_ui_tutorial.py
[2026-05-09T17:26:43.188+0000] {processor.py:840} INFO - DAG(s) 'example_params_ui_tutorial' retrieved from /home/airflow/.local/lib/python3.12/site-packages/airflow/example_dags/example_params_ui_tutorial.py
[2026-05-09T17:26:43.221+0000] {logging_mixin.py:188} INFO - [2026-05-09T17:26:43.221+0000] {dag.py:3089} INFO - Sync 1 DAGs
[2026-05-09T17:26:43.230+0000] {logging_mixin.py:188} INFO - [2026-05-09T17:26:43.230+0000] {dag.py:3947} INFO - Setting next_dagrun for example_params_ui_tutorial to None, run_after=None
[2026-05-09T17:26:43.241+0000] {processor.py:183} INFO - Processing /home/airflow/.local/lib/python3.12/site-packages/airflow/example_dags/example_params_ui_tutorial.py took 0.066 seconds
[2026-05-09T17:27:14.064+0000] {processor.py:161} INFO - Started process (PID=566) to work on /home/airflow/.local/lib/python3.12/site-packages/airflow/example_dags/example_params_ui_tutorial.py
[2026-05-09T17:27:14.065+0000] {processor.py:830} INFO - Processing file /home/airflow/.local/lib/python3.12/site-packages/airflow/example_dags/example_params_ui_tutorial.py for tasks to queue
[2026-05-09T17:27:14.066+0000] {logging_mixin.py:188} INFO - [2026-05-09T17:27:14.066+0000] {dagbag.py:545} INFO - Filling up the DagBag from /home/airflow/.local/lib/python3.12/site-packages/airflow/example_dags/example_params_ui_tutorial.py
[2026-05-09T17:27:14.072+0000] {processor.py:840} INFO - DAG(s) 'example_params_ui_tutorial' retrieved from /home/airflow/.local/lib/python3.12/site-packages/airflow/example_dags/example_params_ui_tutorial.py
[2026-05-09T17:27:14.105+0000] {logging_mixin.py:188} INFO - [2026-05-09T17:27:14.105+0000] {dag.py:3089} INFO - Sync 1 DAGs
[2026-05-09T17:27:14.113+0000] {logging_mixin.py:188} INFO - [2026-05-09T17:27:14.113+0000] {dag.py:3947} INFO - Setting next_dagrun for example_params_ui_tutorial to None, run_after=None
[2026-05-09T17:27:14.124+0000] {processor.py:183} INFO - Processing /home/airflow/.local/lib/python3.12/site-packages/airflow/example_dags/example_params_ui_tutorial.py took 0.066 seconds
[2026-05-09T17:27:44.709+0000] {processor.py:161} INFO - Started process (PID=626) to work on /home/airflow/.local/lib/python3.12/site-packages/airflow/example_dags/example_params_ui_tutorial.py
[2026-05-09T17:27:44.710+0000] {processor.py:830} INFO - Processing file /home/airflow/.local/lib/python3.12/site-packages/airflow/example_dags/example_params_ui_tutorial.py for tasks to queue
[2026-05-09T17:27:44.712+0000] {logging_mixin.py:188} INFO - [2026-05-09T17:27:44.711+0000] {dagbag.py:545} INFO - Filling up the DagBag from /home/airflow/.local/lib/python3.12/site-packages/airflow/example_dags/example_params_ui_tutorial.py
[2026-05-09T17:27:44.718+0000] {processor.py:840} INFO - DAG(s) 'example_params_ui_tutorial' retrieved from /home/airflow/.local/lib/python3.12/site-packages/airflow/example_dags/example_params_ui_tutorial.py
[2026-05-09T17:27:44.753+0000] {logging_mixin.py:188} INFO - [2026-05-09T17:27:44.753+0000] {dag.py:3089} INFO - Sync 1 DAGs
[2026-05-09T17:27:44.763+0000] {logging_mixin.py:188} INFO - [2026-05-09T17:27:44.762+0000] {dag.py:3947} INFO - Setting next_dagrun for example_params_ui_tutorial to None, run_after=None
[2026-05-09T17:27:44.777+0000] {processor.py:183} INFO - Processing /home/airflow/.local/lib/python3.12/site-packages/airflow/example_dags/example_params_ui_tutorial.py took 0.075 seconds
[2026-05-09T17:28:55.366+0000] {processor.py:161} INFO - Started process (PID=85) to work on /home/airflow/.local/lib/python3.12/site-packages/airflow/example_dags/example_params_ui_tutorial.py
[2026-05-09T17:28:55.367+0000] {processor.py:830} INFO - Processing file /home/airflow/.local/lib/python3.12/site-packages/airflow/example_dags/example_params_ui_tutorial.py for tasks to queue
[2026-05-09T17:28:55.368+0000] {logging_mixin.py:188} INFO - [2026-05-09T17:28:55.368+0000] {dagbag.py:545} INFO - Filling up the DagBag from /home/airflow/.local/lib/python3.12/site-packages/airflow/example_dags/example_params_ui_tutorial.py
[2026-05-09T17:28:55.376+0000] {processor.py:840} INFO - DAG(s) 'example_params_ui_tutorial' retrieved from /home/airflow/.local/lib/python3.12/site-packages/airflow/example_dags/example_params_ui_tutorial.py
[2026-05-09T17:28:55.386+0000] {logging_mixin.py:188} INFO - [2026-05-09T17:28:55.386+0000] {dag.py:3089} INFO - Sync 1 DAGs
[2026-05-09T17:28:55.396+0000] {logging_mixin.py:188} INFO - [2026-05-09T17:28:55.396+0000] {dag.py:3947} INFO - Setting next_dagrun for example_params_ui_tutorial to None, run_after=None
[2026-05-09T17:28:55.410+0000] {processor.py:183} INFO - Processing /home/airflow/.local/lib/python3.12/site-packages/airflow/example_dags/example_params_ui_tutorial.py took 0.049 seconds
[2026-05-09T17:29:26.917+0000] {processor.py:161} INFO - Started process (PID=145) to work on /home/airflow/.local/lib/python3.12/site-packages/airflow/example_dags/example_params_ui_tutorial.py
[2026-05-09T17:29:26.918+0000] {processor.py:830} INFO - Processing file /home/airflow/.local/lib/python3.12/site-packages/airflow/example_dags/example_params_ui_tutorial.py for tasks to queue
[2026-05-09T17:29:26.920+0000] {logging_mixin.py:188} INFO - [2026-05-09T17:29:26.920+0000] {dagbag.py:545} INFO - Filling up the DagBag from /home/airflow/.local/lib/python3.12/site-packages/airflow/example_dags/example_params_ui_tutorial.py
[2026-05-09T17:29:26.928+0000] {processor.py:840} INFO - DAG(s) 'example_params_ui_tutorial' retrieved from /home/airflow/.local/lib/python3.12/site-packages/airflow/example_dags/example_params_ui_tutorial.py
[2026-05-09T17:29:27.020+0000] {logging_mixin.py:188} INFO - [2026-05-09T17:29:27.020+0000] {dag.py:3089} INFO - Sync 1 DAGs
[2026-05-09T17:29:27.027+0000] {logging_mixin.py:188} INFO - [2026-05-09T17:29:27.026+0000] {dag.py:3947} INFO - Setting next_dagrun for example_params_ui_tutorial to None, run_after=None
[2026-05-09T17:29:27.039+0000] {processor.py:183} INFO - Processing /home/airflow/.local/lib/python3.12/site-packages/airflow/example_dags/example_params_ui_tutorial.py took 0.128 seconds
[2026-05-09T17:29:57.606+0000] {processor.py:161} INFO - Started process (PID=205) to work on /home/airflow/.local/lib/python3.12/site-packages/airflow/example_dags/example_params_ui_tutorial.py
[2026-05-09T17:29:57.607+0000] {processor.py:830} INFO - Processing file /home/airflow/.local/lib/python3.12/site-packages/airflow/example_dags/example_params_ui_tutorial.py for tasks to queue
[2026-05-09T17:29:57.610+0000] {logging_mixin.py:188} INFO - [2026-05-09T17:29:57.609+0000] {dagbag.py:545} INFO - Filling up the DagBag from /home/airflow/.local/lib/python3.12/site-packages/airflow/example_dags/example_params_ui_tutorial.py
[2026-05-09T17:29:57.616+0000] {processor.py:840} INFO - DAG(s) 'example_params_ui_tutorial' retrieved from /home/airflow/.local/lib/python3.12/site-packages/airflow/example_dags/example_params_ui_tutorial.py
[2026-05-09T17:29:57.652+0000] {logging_mixin.py:188} INFO - [2026-05-09T17:29:57.652+0000] {dag.py:3089} INFO - Sync 1 DAGs
[2026-05-09T17:29:57.662+0000] {logging_mixin.py:188} INFO - [2026-05-09T17:29:57.661+0000] {dag.py:3947} INFO - Setting next_dagrun for example_params_ui_tutorial to None, run_after=None
[2026-05-09T17:29:57.676+0000] {processor.py:183} INFO - Processing /home/airflow/.local/lib/python3.12/site-packages/airflow/example_dags/example_params_ui_tutorial.py took 0.077 seconds
[2026-05-09T17:30:28.393+0000] {processor.py:161} INFO - Started process (PID=265) to work on /home/airflow/.local/lib/python3.12/site-packages/airflow/example_dags/example_params_ui_tutorial.py
[2026-05-09T17:30:28.393+0000] {processor.py:830} INFO - Processing file /home/airflow/.local/lib/python3.12/site-packages/airflow/example_dags/example_params_ui_tutorial.py for tasks to queue
[2026-05-09T17:30:28.395+0000] {logging_mixin.py:188} INFO - [2026-05-09T17:30:28.395+0000] {dagbag.py:545} INFO - Filling up the DagBag from /home/airflow/.local/lib/python3.12/site-packages/airflow/example_dags/example_params_ui_tutorial.py
[2026-05-09T17:30:28.400+0000] {processor.py:840} INFO - DAG(s) 'example_params_ui_tutorial' retrieved from /home/airflow/.local/lib/python3.12/site-packages/airflow/example_dags/example_params_ui_tutorial.py
[2026-05-09T17:30:28.434+0000] {logging_mixin.py:188} INFO - [2026-05-09T17:30:28.433+0000] {dag.py:3089} INFO - Sync 1 DAGs
[2026-05-09T17:30:28.443+0000] {logging_mixin.py:188} INFO - [2026-05-09T17:30:28.442+0000] {dag.py:3947} INFO - Setting next_dagrun for example_params_ui_tutorial to None, run_after=None
[2026-05-09T17:30:28.459+0000] {processor.py:183} INFO - Processing /home/airflow/.local/lib/python3.12/site-packages/airflow/example_dags/example_params_ui_tutorial.py took 0.072 seconds
[2026-05-09T17:30:59.403+0000] {processor.py:161} INFO - Started process (PID=325) to work on /home/airflow/.local/lib/python3.12/site-packages/airflow/example_dags/example_params_ui_tutorial.py
[2026-05-09T17:30:59.404+0000] {processor.py:830} INFO - Processing file /home/airflow/.local/lib/python3.12/site-packages/airflow/example_dags/example_params_ui_tutorial.py for tasks to queue
[2026-05-09T17:30:59.407+0000] {logging_mixin.py:188} INFO - [2026-05-09T17:30:59.407+0000] {dagbag.py:545} INFO - Filling up the DagBag from /home/airflow/.local/lib/python3.12/site-packages/airflow/example_dags/example_params_ui_tutorial.py
[2026-05-09T17:30:59.413+0000] {processor.py:840} INFO - DAG(s) 'example_params_ui_tutorial' retrieved from /home/airflow/.local/lib/python3.12/site-packages/airflow/example_dags/example_params_ui_tutorial.py
[2026-05-09T17:30:59.452+0000] {logging_mixin.py:188} INFO - [2026-05-09T17:30:59.452+0000] {dag.py:3089} INFO - Sync 1 DAGs
[2026-05-09T17:30:59.462+0000] {logging_mixin.py:188} INFO - [2026-05-09T17:30:59.461+0000] {dag.py:3947} INFO - Setting next_dagrun for example_params_ui_tutorial to None, run_after=None
[2026-05-09T17:30:59.475+0000] {processor.py:183} INFO - Processing /home/airflow/.local/lib/python3.12/site-packages/airflow/example_dags/example_params_ui_tutorial.py took 0.081 seconds
[2026-05-09T17:31:30.349+0000] {processor.py:161} INFO - Started process (PID=385) to work on /home/airflow/.local/lib/python3.12/site-packages/airflow/example_dags/example_params_ui_tutorial.py
[2026-05-09T17:31:30.349+0000] {processor.py:830} INFO - Processing file /home/airflow/.local/lib/python3.12/site-packages/airflow/example_dags/example_params_ui_tutorial.py for tasks to queue
[2026-05-09T17:31:30.351+0000] {logging_mixin.py:188} INFO - [2026-05-09T17:31:30.351+0000] {dagbag.py:545} INFO - Filling up the DagBag from /home/airflow/.local/lib/python3.12/site-packages/airflow/example_dags/example_params_ui_tutorial.py
[2026-05-09T17:31:30.357+0000] {processor.py:840} INFO - DAG(s) 'example_params_ui_tutorial' retrieved from /home/airflow/.local/lib/python3.12/site-packages/airflow/example_dags/example_params_ui_tutorial.py
[2026-05-09T17:31:30.389+0000] {logging_mixin.py:188} INFO - [2026-05-09T17:31:30.389+0000] {dag.py:3089} INFO - Sync 1 DAGs
[2026-05-09T17:31:30.398+0000] {logging_mixin.py:188} INFO - [2026-05-09T17:31:30.398+0000] {dag.py:3947} INFO - Setting next_dagrun for example_params_ui_tutorial to None, run_after=None
[2026-05-09T17:31:30.410+0000] {processor.py:183} INFO - Processing /home/airflow/.local/lib/python3.12/site-packages/airflow/example_dags/example_params_ui_tutorial.py took 0.067 seconds
[2026-05-09T17:32:00.528+0000] {processor.py:161} INFO - Started process (PID=445) to work on /home/airflow/.local/lib/python3.12/site-packages/airflow/example_dags/example_params_ui_tutorial.py
[2026-05-09T17:32:00.529+0000] {processor.py:830} INFO - Processing file /home/airflow/.local/lib/python3.12/site-packages/airflow/example_dags/example_params_ui_tutorial.py for tasks to queue
[2026-05-09T17:32:00.530+0000] {logging_mixin.py:188} INFO - [2026-05-09T17:32:00.530+0000] {dagbag.py:545} INFO - Filling up the DagBag from /home/airflow/.local/lib/python3.12/site-packages/airflow/example_dags/example_params_ui_tutorial.py
[2026-05-09T17:32:00.536+0000] {processor.py:840} INFO - DAG(s) 'example_params_ui_tutorial' retrieved from /home/airflow/.local/lib/python3.12/site-packages/airflow/example_dags/example_params_ui_tutorial.py
[2026-05-09T17:32:00.572+0000] {logging_mixin.py:188} INFO - [2026-05-09T17:32:00.572+0000] {dag.py:3089} INFO - Sync 1 DAGs
[2026-05-09T17:32:00.582+0000] {logging_mixin.py:188} INFO - [2026-05-09T17:32:00.582+0000] {dag.py:3947} INFO - Setting next_dagrun for example_params_ui_tutorial to None, run_after=None
[2026-05-09T17:32:00.598+0000] {processor.py:183} INFO - Processing /home/airflow/.local/lib/python3.12/site-packages/airflow/example_dags/example_params_ui_tutorial.py took 0.077 seconds
[2026-05-09T17:32:31.003+0000] {processor.py:161} INFO - Started process (PID=505) to work on /home/airflow/.local/lib/python3.12/site-packages/airflow/example_dags/example_params_ui_tutorial.py
[2026-05-09T17:32:31.004+0000] {processor.py:830} INFO - Processing file /home/airflow/.local/lib/python3.12/site-packages/airflow/example_dags/example_params_ui_tutorial.py for tasks to queue
[2026-05-09T17:32:31.006+0000] {logging_mixin.py:188} INFO - [2026-05-09T17:32:31.005+0000] {dagbag.py:545} INFO - Filling up the DagBag from /home/airflow/.local/lib/python3.12/site-packages/airflow/example_dags/example_params_ui_tutorial.py
[2026-05-09T17:32:31.011+0000] {processor.py:840} INFO - DAG(s) 'example_params_ui_tutorial' retrieved from /home/airflow/.local/lib/python3.12/site-packages/airflow/example_dags/example_params_ui_tutorial.py
[2026-05-09T17:32:31.046+0000] {logging_mixin.py:188} INFO - [2026-05-09T17:32:31.046+0000] {dag.py:3089} INFO - Sync 1 DAGs
[2026-05-09T17:32:31.054+0000] {logging_mixin.py:188} INFO - [2026-05-09T17:32:31.054+0000] {dag.py:3947} INFO - Setting next_dagrun for example_params_ui_tutorial to None, run_after=None
[2026-05-09T17:32:31.066+0000] {processor.py:183} INFO - Processing /home/airflow/.local/lib/python3.12/site-packages/airflow/example_dags/example_params_ui_tutorial.py took 0.069 seconds
[2026-05-09T17:33:01.913+0000] {processor.py:161} INFO - Started process (PID=565) to work on /home/airflow/.local/lib/python3.12/site-packages/airflow/example_dags/example_params_ui_tutorial.py
[2026-05-09T17:33:01.914+0000] {processor.py:830} INFO - Processing file /home/airflow/.local/lib/python3.12/site-packages/airflow/example_dags/example_params_ui_tutorial.py for tasks to queue
[2026-05-09T17:33:01.915+0000] {logging_mixin.py:188} INFO - [2026-05-09T17:33:01.915+0000] {dagbag.py:545} INFO - Filling up the DagBag from /home/airflow/.local/lib/python3.12/site-packages/airflow/example_dags/example_params_ui_tutorial.py
[2026-05-09T17:33:01.921+0000] {processor.py:840} INFO - DAG(s) 'example_params_ui_tutorial' retrieved from /home/airflow/.local/lib/python3.12/site-packages/airflow/example_dags/example_params_ui_tutorial.py
[2026-05-09T17:33:01.954+0000] {logging_mixin.py:188} INFO - [2026-05-09T17:33:01.954+0000] {dag.py:3089} INFO - Sync 1 DAGs
[2026-05-09T17:33:01.963+0000] {logging_mixin.py:188} INFO - [2026-05-09T17:33:01.963+0000] {dag.py:3947} INFO - Setting next_dagrun for example_params_ui_tutorial to None, run_after=None
[2026-05-09T17:33:01.975+0000] {processor.py:183} INFO - Processing /home/airflow/.local/lib/python3.12/site-packages/airflow/example_dags/example_params_ui_tutorial.py took 0.067 seconds
[2026-05-09T17:33:32.793+0000] {processor.py:161} INFO - Started process (PID=625) to work on /home/airflow/.local/lib/python3.12/site-packages/airflow/example_dags/example_params_ui_tutorial.py
[2026-05-09T17:33:32.794+0000] {processor.py:830} INFO - Processing file /home/airflow/.local/lib/python3.12/site-packages/airflow/example_dags/example_params_ui_tutorial.py for tasks to queue
[2026-05-09T17:33:32.796+0000] {logging_mixin.py:188} INFO - [2026-05-09T17:33:32.796+0000] {dagbag.py:545} INFO - Filling up the DagBag from /home/airflow/.local/lib/python3.12/site-packages/airflow/example_dags/example_params_ui_tutorial.py
[2026-05-09T17:33:32.802+0000] {processor.py:840} INFO - DAG(s) 'example_params_ui_tutorial' retrieved from /home/airflow/.local/lib/python3.12/site-packages/airflow/example_dags/example_params_ui_tutorial.py
[2026-05-09T17:33:32.845+0000] {logging_mixin.py:188} INFO - [2026-05-09T17:33:32.844+0000] {dag.py:3089} INFO - Sync 1 DAGs
[2026-05-09T17:33:32.854+0000] {logging_mixin.py:188} INFO - [2026-05-09T17:33:32.854+0000] {dag.py:3947} INFO - Setting next_dagrun for example_params_ui_tutorial to None, run_after=None
[2026-05-09T17:33:32.869+0000] {processor.py:183} INFO - Processing /home/airflow/.local/lib/python3.12/site-packages/airflow/example_dags/example_params_ui_tutorial.py took 0.081 seconds
[2026-05-09T17:34:03.906+0000] {processor.py:161} INFO - Started process (PID=685) to work on /home/airflow/.local/lib/python3.12/site-packages/airflow/example_dags/example_params_ui_tutorial.py
[2026-05-09T17:34:03.907+0000] {processor.py:830} INFO - Processing file /home/airflow/.local/lib/python3.12/site-packages/airflow/example_dags/example_params_ui_tutorial.py for tasks to queue
[2026-05-09T17:34:03.909+0000] {logging_mixin.py:188} INFO - [2026-05-09T17:34:03.908+0000] {dagbag.py:545} INFO - Filling up the DagBag from /home/airflow/.local/lib/python3.12/site-packages/airflow/example_dags/example_params_ui_tutorial.py
[2026-05-09T17:34:03.914+0000] {processor.py:840} INFO - DAG(s) 'example_params_ui_tutorial' retrieved from /home/airflow/.local/lib/python3.12/site-packages/airflow/example_dags/example_params_ui_tutorial.py
[2026-05-09T17:34:03.948+0000] {logging_mixin.py:188} INFO - [2026-05-09T17:34:03.948+0000] {dag.py:3089} INFO - Sync 1 DAGs
[2026-05-09T17:34:03.957+0000] {logging_mixin.py:188} INFO - [2026-05-09T17:34:03.957+0000] {dag.py:3947} INFO - Setting next_dagrun for example_params_ui_tutorial to None, run_after=None
[2026-05-09T17:34:03.971+0000] {processor.py:183} INFO - Processing /home/airflow/.local/lib/python3.12/site-packages/airflow/example_dags/example_params_ui_tutorial.py took 0.071 seconds
[2026-05-09T17:34:34.297+0000] {processor.py:161} INFO - Started process (PID=746) to work on /home/airflow/.local/lib/python3.12/site-packages/airflow/example_dags/example_params_ui_tutorial.py
[2026-05-09T17:34:34.298+0000] {processor.py:830} INFO - Processing file /home/airflow/.local/lib/python3.12/site-packages/airflow/example_dags/example_params_ui_tutorial.py for tasks to queue
[2026-05-09T17:34:34.300+0000] {logging_mixin.py:188} INFO - [2026-05-09T17:34:34.299+0000] {dagbag.py:545} INFO - Filling up the DagBag from /home/airflow/.local/lib/python3.12/site-packages/airflow/example_dags/example_params_ui_tutorial.py
[2026-05-09T17:34:34.305+0000] {processor.py:840} INFO - DAG(s) 'example_params_ui_tutorial' retrieved from /home/airflow/.local/lib/python3.12/site-packages/airflow/example_dags/example_params_ui_tutorial.py
[2026-05-09T17:34:34.339+0000] {logging_mixin.py:188} INFO - [2026-05-09T17:34:34.339+0000] {dag.py:3089} INFO - Sync 1 DAGs
[2026-05-09T17:34:34.348+0000] {logging_mixin.py:188} INFO - [2026-05-09T17:34:34.348+0000] {dag.py:3947} INFO - Setting next_dagrun for example_params_ui_tutorial to None, run_after=None
[2026-05-09T17:34:34.360+0000] {processor.py:183} INFO - Processing /home/airflow/.local/lib/python3.12/site-packages/airflow/example_dags/example_params_ui_tutorial.py took 0.069 seconds
[2026-05-09T17:46:36.890+0000] {processor.py:161} INFO - Started process (PID=91) to work on /home/airflow/.local/lib/python3.12/site-packages/airflow/example_dags/example_params_ui_tutorial.py
[2026-05-09T17:46:36.891+0000] {processor.py:830} INFO - Processing file /home/airflow/.local/lib/python3.12/site-packages/airflow/example_dags/example_params_ui_tutorial.py for tasks to queue
[2026-05-09T17:46:36.892+0000] {logging_mixin.py:188} INFO - [2026-05-09T17:46:36.892+0000] {dagbag.py:545} INFO - Filling up the DagBag from /home/airflow/.local/lib/python3.12/site-packages/airflow/example_dags/example_params_ui_tutorial.py
[2026-05-09T17:46:36.902+0000] {processor.py:840} INFO - DAG(s) 'example_params_ui_tutorial' retrieved from /home/airflow/.local/lib/python3.12/site-packages/airflow/example_dags/example_params_ui_tutorial.py
[2026-05-09T17:46:37.019+0000] {logging_mixin.py:188} INFO - [2026-05-09T17:46:37.018+0000] {override.py:1858} INFO - Created Permission View: can read on DAG:example_params_ui_tutorial
[2026-05-09T17:46:37.027+0000] {logging_mixin.py:188} INFO - [2026-05-09T17:46:37.026+0000] {override.py:1858} INFO - Created Permission View: can delete on DAG:example_params_ui_tutorial
[2026-05-09T17:46:37.031+0000] {logging_mixin.py:188} INFO - [2026-05-09T17:46:37.031+0000] {override.py:1858} INFO - Created Permission View: can edit on DAG:example_params_ui_tutorial
[2026-05-09T17:46:37.032+0000] {logging_mixin.py:188} INFO - [2026-05-09T17:46:37.032+0000] {dag.py:3089} INFO - Sync 1 DAGs
[2026-05-09T17:46:37.041+0000] {logging_mixin.py:188} INFO - [2026-05-09T17:46:37.040+0000] {dag.py:3111} INFO - Creating ORM DAG for example_params_ui_tutorial
[2026-05-09T17:46:37.042+0000] {logging_mixin.py:188} INFO - [2026-05-09T17:46:37.041+0000] {dag.py:3947} INFO - Setting next_dagrun for example_params_ui_tutorial to None, run_after=None
[2026-05-09T17:46:37.060+0000] {processor.py:183} INFO - Processing /home/airflow/.local/lib/python3.12/site-packages/airflow/example_dags/example_params_ui_tutorial.py took 0.176 seconds
[2026-05-09T17:47:07.194+0000] {processor.py:161} INFO - Started process (PID=151) to work on /home/airflow/.local/lib/python3.12/site-packages/airflow/example_dags/example_params_ui_tutorial.py
[2026-05-09T17:47:07.195+0000] {processor.py:830} INFO - Processing file /home/airflow/.local/lib/python3.12/site-packages/airflow/example_dags/example_params_ui_tutorial.py for tasks to queue
[2026-05-09T17:47:07.196+0000] {logging_mixin.py:188} INFO - [2026-05-09T17:47:07.196+0000] {dagbag.py:545} INFO - Filling up the DagBag from /home/airflow/.local/lib/python3.12/site-packages/airflow/example_dags/example_params_ui_tutorial.py
[2026-05-09T17:47:07.203+0000] {processor.py:840} INFO - DAG(s) 'example_params_ui_tutorial' retrieved from /home/airflow/.local/lib/python3.12/site-packages/airflow/example_dags/example_params_ui_tutorial.py
[2026-05-09T17:47:07.243+0000] {logging_mixin.py:188} INFO - [2026-05-09T17:47:07.243+0000] {dag.py:3089} INFO - Sync 1 DAGs
[2026-05-09T17:47:07.255+0000] {logging_mixin.py:188} INFO - [2026-05-09T17:47:07.255+0000] {dag.py:3947} INFO - Setting next_dagrun for example_params_ui_tutorial to None, run_after=None
[2026-05-09T17:47:07.278+0000] {processor.py:183} INFO - Processing /home/airflow/.local/lib/python3.12/site-packages/airflow/example_dags/example_params_ui_tutorial.py took 0.090 seconds
[2026-05-09T17:47:37.691+0000] {processor.py:161} INFO - Started process (PID=211) to work on /home/airflow/.local/lib/python3.12/site-packages/airflow/example_dags/example_params_ui_tutorial.py
[2026-05-09T17:47:37.692+0000] {processor.py:830} INFO - Processing file /home/airflow/.local/lib/python3.12/site-packages/airflow/example_dags/example_params_ui_tutorial.py for tasks to queue
[2026-05-09T17:47:37.694+0000] {logging_mixin.py:188} INFO - [2026-05-09T17:47:37.694+0000] {dagbag.py:545} INFO - Filling up the DagBag from /home/airflow/.local/lib/python3.12/site-packages/airflow/example_dags/example_params_ui_tutorial.py
[2026-05-09T17:47:37.702+0000] {processor.py:840} INFO - DAG(s) 'example_params_ui_tutorial' retrieved from /home/airflow/.local/lib/python3.12/site-packages/airflow/example_dags/example_params_ui_tutorial.py
[2026-05-09T17:47:37.743+0000] {logging_mixin.py:188} INFO - [2026-05-09T17:47:37.743+0000] {dag.py:3089} INFO - Sync 1 DAGs
[2026-05-09T17:47:37.755+0000] {logging_mixin.py:188} INFO - [2026-05-09T17:47:37.754+0000] {dag.py:3947} INFO - Setting next_dagrun for example_params_ui_tutorial to None, run_after=None
[2026-05-09T17:47:37.772+0000] {processor.py:183} INFO - Processing /home/airflow/.local/lib/python3.12/site-packages/airflow/example_dags/example_params_ui_tutorial.py took 0.087 seconds
[2026-05-09T17:48:08.366+0000] {processor.py:161} INFO - Started process (PID=271) to work on /home/airflow/.local/lib/python3.12/site-packages/airflow/example_dags/example_params_ui_tutorial.py
[2026-05-09T17:48:08.367+0000] {processor.py:830} INFO - Processing file /home/airflow/.local/lib/python3.12/site-packages/airflow/example_dags/example_params_ui_tutorial.py for tasks to queue
[2026-05-09T17:48:08.369+0000] {logging_mixin.py:188} INFO - [2026-05-09T17:48:08.369+0000] {dagbag.py:545} INFO - Filling up the DagBag from /home/airflow/.local/lib/python3.12/site-packages/airflow/example_dags/example_params_ui_tutorial.py
[2026-05-09T17:48:08.378+0000] {processor.py:840} INFO - DAG(s) 'example_params_ui_tutorial' retrieved from /home/airflow/.local/lib/python3.12/site-packages/airflow/example_dags/example_params_ui_tutorial.py
[2026-05-09T17:48:08.422+0000] {logging_mixin.py:188} INFO - [2026-05-09T17:48:08.422+0000] {dag.py:3089} INFO - Sync 1 DAGs
[2026-05-09T17:48:08.436+0000] {logging_mixin.py:188} INFO - [2026-05-09T17:48:08.436+0000] {dag.py:3947} INFO - Setting next_dagrun for example_params_ui_tutorial to None, run_after=None
[2026-05-09T17:48:08.455+0000] {processor.py:183} INFO - Processing /home/airflow/.local/lib/python3.12/site-packages/airflow/example_dags/example_params_ui_tutorial.py took 0.098 seconds
[2026-05-09T17:48:39.569+0000] {processor.py:161} INFO - Started process (PID=331) to work on /home/airflow/.local/lib/python3.12/site-packages/airflow/example_dags/example_params_ui_tutorial.py
[2026-05-09T17:48:39.569+0000] {processor.py:830} INFO - Processing file /home/airflow/.local/lib/python3.12/site-packages/airflow/example_dags/example_params_ui_tutorial.py for tasks to queue
[2026-05-09T17:48:39.571+0000] {logging_mixin.py:188} INFO - [2026-05-09T17:48:39.571+0000] {dagbag.py:545} INFO - Filling up the DagBag from /home/airflow/.local/lib/python3.12/site-packages/airflow/example_dags/example_params_ui_tutorial.py
[2026-05-09T17:48:39.577+0000] {processor.py:840} INFO - DAG(s) 'example_params_ui_tutorial' retrieved from /home/airflow/.local/lib/python3.12/site-packages/airflow/example_dags/example_params_ui_tutorial.py
[2026-05-09T17:48:39.613+0000] {logging_mixin.py:188} INFO - [2026-05-09T17:48:39.613+0000] {dag.py:3089} INFO - Sync 1 DAGs
[2026-05-09T17:48:39.623+0000] {logging_mixin.py:188} INFO - [2026-05-09T17:48:39.623+0000] {dag.py:3947} INFO - Setting next_dagrun for example_params_ui_tutorial to None, run_after=None
[2026-05-09T17:48:39.639+0000] {processor.py:183} INFO - Processing /home/airflow/.local/lib/python3.12/site-packages/airflow/example_dags/example_params_ui_tutorial.py took 0.076 seconds
[2026-05-09T17:58:24.548+0000] {processor.py:161} INFO - Started process (PID=85) to work on /home/airflow/.local/lib/python3.12/site-packages/airflow/example_dags/example_params_ui_tutorial.py
[2026-05-09T17:58:24.549+0000] {processor.py:830} INFO - Processing file /home/airflow/.local/lib/python3.12/site-packages/airflow/example_dags/example_params_ui_tutorial.py for tasks to queue
[2026-05-09T17:58:24.551+0000] {logging_mixin.py:188} INFO - [2026-05-09T17:58:24.550+0000] {dagbag.py:545} INFO - Filling up the DagBag from /home/airflow/.local/lib/python3.12/site-packages/airflow/example_dags/example_params_ui_tutorial.py
[2026-05-09T17:58:24.559+0000] {processor.py:840} INFO - DAG(s) 'example_params_ui_tutorial' retrieved from /home/airflow/.local/lib/python3.12/site-packages/airflow/example_dags/example_params_ui_tutorial.py
[2026-05-09T17:58:24.569+0000] {logging_mixin.py:188} INFO - [2026-05-09T17:58:24.569+0000] {dag.py:3089} INFO - Sync 1 DAGs
[2026-05-09T17:58:24.579+0000] {logging_mixin.py:188} INFO - [2026-05-09T17:58:24.579+0000] {dag.py:3947} INFO - Setting next_dagrun for example_params_ui_tutorial to None, run_after=None
[2026-05-09T17:58:24.595+0000] {processor.py:183} INFO - Processing /home/airflow/.local/lib/python3.12/site-packages/airflow/example_dags/example_params_ui_tutorial.py took 0.055 seconds
[2026-05-09T17:58:56.442+0000] {processor.py:161} INFO - Started process (PID=145) to work on /home/airflow/.local/lib/python3.12/site-packages/airflow/example_dags/example_params_ui_tutorial.py
[2026-05-09T17:58:56.443+0000] {processor.py:830} INFO - Processing file /home/airflow/.local/lib/python3.12/site-packages/airflow/example_dags/example_params_ui_tutorial.py for tasks to queue
[2026-05-09T17:58:56.445+0000] {logging_mixin.py:188} INFO - [2026-05-09T17:58:56.445+0000] {dagbag.py:545} INFO - Filling up the DagBag from /home/airflow/.local/lib/python3.12/site-packages/airflow/example_dags/example_params_ui_tutorial.py
[2026-05-09T17:58:56.450+0000] {processor.py:840} INFO - DAG(s) 'example_params_ui_tutorial' retrieved from /home/airflow/.local/lib/python3.12/site-packages/airflow/example_dags/example_params_ui_tutorial.py
[2026-05-09T17:58:56.553+0000] {logging_mixin.py:188} INFO - [2026-05-09T17:58:56.552+0000] {dag.py:3089} INFO - Sync 1 DAGs
[2026-05-09T17:58:56.561+0000] {logging_mixin.py:188} INFO - [2026-05-09T17:58:56.561+0000] {dag.py:3947} INFO - Setting next_dagrun for example_params_ui_tutorial to None, run_after=None
[2026-05-09T17:58:56.577+0000] {processor.py:183} INFO - Processing /home/airflow/.local/lib/python3.12/site-packages/airflow/example_dags/example_params_ui_tutorial.py took 0.143 seconds
[2026-05-09T17:59:27.306+0000] {processor.py:161} INFO - Started process (PID=205) to work on /home/airflow/.local/lib/python3.12/site-packages/airflow/example_dags/example_params_ui_tutorial.py
[2026-05-09T17:59:27.306+0000] {processor.py:830} INFO - Processing file /home/airflow/.local/lib/python3.12/site-packages/airflow/example_dags/example_params_ui_tutorial.py for tasks to queue
[2026-05-09T17:59:27.308+0000] {logging_mixin.py:188} INFO - [2026-05-09T17:59:27.308+0000] {dagbag.py:545} INFO - Filling up the DagBag from /home/airflow/.local/lib/python3.12/site-packages/airflow/example_dags/example_params_ui_tutorial.py
[2026-05-09T17:59:27.314+0000] {processor.py:840} INFO - DAG(s) 'example_params_ui_tutorial' retrieved from /home/airflow/.local/lib/python3.12/site-packages/airflow/example_dags/example_params_ui_tutorial.py
[2026-05-09T17:59:27.348+0000] {logging_mixin.py:188} INFO - [2026-05-09T17:59:27.348+0000] {dag.py:3089} INFO - Sync 1 DAGs
[2026-05-09T17:59:27.358+0000] {logging_mixin.py:188} INFO - [2026-05-09T17:59:27.357+0000] {dag.py:3947} INFO - Setting next_dagrun for example_params_ui_tutorial to None, run_after=None
[2026-05-09T17:59:27.371+0000] {processor.py:183} INFO - Processing /home/airflow/.local/lib/python3.12/site-packages/airflow/example_dags/example_params_ui_tutorial.py took 0.072 seconds
[2026-05-09T17:59:57.969+0000] {processor.py:161} INFO - Started process (PID=265) to work on /home/airflow/.local/lib/python3.12/site-packages/airflow/example_dags/example_params_ui_tutorial.py
[2026-05-09T17:59:57.970+0000] {processor.py:830} INFO - Processing file /home/airflow/.local/lib/python3.12/site-packages/airflow/example_dags/example_params_ui_tutorial.py for tasks to queue
[2026-05-09T17:59:57.972+0000] {logging_mixin.py:188} INFO - [2026-05-09T17:59:57.972+0000] {dagbag.py:545} INFO - Filling up the DagBag from /home/airflow/.local/lib/python3.12/site-packages/airflow/example_dags/example_params_ui_tutorial.py
[2026-05-09T17:59:57.978+0000] {processor.py:840} INFO - DAG(s) 'example_params_ui_tutorial' retrieved from /home/airflow/.local/lib/python3.12/site-packages/airflow/example_dags/example_params_ui_tutorial.py
[2026-05-09T17:59:58.016+0000] {logging_mixin.py:188} INFO - [2026-05-09T17:59:58.016+0000] {dag.py:3089} INFO - Sync 1 DAGs
[2026-05-09T17:59:58.026+0000] {logging_mixin.py:188} INFO - [2026-05-09T17:59:58.026+0000] {dag.py:3947} INFO - Setting next_dagrun for example_params_ui_tutorial to None, run_after=None
[2026-05-09T17:59:58.039+0000] {processor.py:183} INFO - Processing /home/airflow/.local/lib/python3.12/site-packages/airflow/example_dags/example_params_ui_tutorial.py took 0.075 seconds
[2026-05-09T18:00:28.225+0000] {processor.py:161} INFO - Started process (PID=325) to work on /home/airflow/.local/lib/python3.12/site-packages/airflow/example_dags/example_params_ui_tutorial.py
[2026-05-09T18:00:28.226+0000] {processor.py:830} INFO - Processing file /home/airflow/.local/lib/python3.12/site-packages/airflow/example_dags/example_params_ui_tutorial.py for tasks to queue
[2026-05-09T18:00:28.230+0000] {logging_mixin.py:188} INFO - [2026-05-09T18:00:28.229+0000] {dagbag.py:545} INFO - Filling up the DagBag from /home/airflow/.local/lib/python3.12/site-packages/airflow/example_dags/example_params_ui_tutorial.py
[2026-05-09T18:00:28.235+0000] {processor.py:840} INFO - DAG(s) 'example_params_ui_tutorial' retrieved from /home/airflow/.local/lib/python3.12/site-packages/airflow/example_dags/example_params_ui_tutorial.py
[2026-05-09T18:00:28.272+0000] {logging_mixin.py:188} INFO - [2026-05-09T18:00:28.271+0000] {dag.py:3089} INFO - Sync 1 DAGs
[2026-05-09T18:00:28.282+0000] {logging_mixin.py:188} INFO - [2026-05-09T18:00:28.281+0000] {dag.py:3947} INFO - Setting next_dagrun for example_params_ui_tutorial to None, run_after=None
[2026-05-09T18:00:28.296+0000] {processor.py:183} INFO - Processing /home/airflow/.local/lib/python3.12/site-packages/airflow/example_dags/example_params_ui_tutorial.py took 0.077 seconds
[2026-05-09T18:00:58.604+0000] {processor.py:161} INFO - Started process (PID=385) to work on /home/airflow/.local/lib/python3.12/site-packages/airflow/example_dags/example_params_ui_tutorial.py
[2026-05-09T18:00:58.605+0000] {processor.py:830} INFO - Processing file /home/airflow/.local/lib/python3.12/site-packages/airflow/example_dags/example_params_ui_tutorial.py for tasks to queue
[2026-05-09T18:00:58.606+0000] {logging_mixin.py:188} INFO - [2026-05-09T18:00:58.606+0000] {dagbag.py:545} INFO - Filling up the DagBag from /home/airflow/.local/lib/python3.12/site-packages/airflow/example_dags/example_params_ui_tutorial.py
[2026-05-09T18:00:58.612+0000] {processor.py:840} INFO - DAG(s) 'example_params_ui_tutorial' retrieved from /home/airflow/.local/lib/python3.12/site-packages/airflow/example_dags/example_params_ui_tutorial.py
[2026-05-09T18:00:58.648+0000] {logging_mixin.py:188} INFO - [2026-05-09T18:00:58.647+0000] {dag.py:3089} INFO - Sync 1 DAGs
[2026-05-09T18:00:58.657+0000] {logging_mixin.py:188} INFO - [2026-05-09T18:00:58.657+0000] {dag.py:3947} INFO - Setting next_dagrun for example_params_ui_tutorial to None, run_after=None
[2026-05-09T18:00:58.671+0000] {processor.py:183} INFO - Processing /home/airflow/.local/lib/python3.12/site-packages/airflow/example_dags/example_params_ui_tutorial.py took 0.073 seconds
[2026-05-09T18:01:29.072+0000] {processor.py:161} INFO - Started process (PID=445) to work on /home/airflow/.local/lib/python3.12/site-packages/airflow/example_dags/example_params_ui_tutorial.py
[2026-05-09T18:01:29.072+0000] {processor.py:830} INFO - Processing file /home/airflow/.local/lib/python3.12/site-packages/airflow/example_dags/example_params_ui_tutorial.py for tasks to queue
[2026-05-09T18:01:29.074+0000] {logging_mixin.py:188} INFO - [2026-05-09T18:01:29.074+0000] {dagbag.py:545} INFO - Filling up the DagBag from /home/airflow/.local/lib/python3.12/site-packages/airflow/example_dags/example_params_ui_tutorial.py
[2026-05-09T18:01:29.080+0000] {processor.py:840} INFO - DAG(s) 'example_params_ui_tutorial' retrieved from /home/airflow/.local/lib/python3.12/site-packages/airflow/example_dags/example_params_ui_tutorial.py
[2026-05-09T18:01:29.113+0000] {logging_mixin.py:188} INFO - [2026-05-09T18:01:29.113+0000] {dag.py:3089} INFO - Sync 1 DAGs
[2026-05-09T18:01:29.122+0000] {logging_mixin.py:188} INFO - [2026-05-09T18:01:29.122+0000] {dag.py:3947} INFO - Setting next_dagrun for example_params_ui_tutorial to None, run_after=None
[2026-05-09T18:01:29.135+0000] {processor.py:183} INFO - Processing /home/airflow/.local/lib/python3.12/site-packages/airflow/example_dags/example_params_ui_tutorial.py took 0.069 seconds
[2026-05-09T18:01:59.802+0000] {processor.py:161} INFO - Started process (PID=505) to work on /home/airflow/.local/lib/python3.12/site-packages/airflow/example_dags/example_params_ui_tutorial.py
[2026-05-09T18:01:59.803+0000] {processor.py:830} INFO - Processing file /home/airflow/.local/lib/python3.12/site-packages/airflow/example_dags/example_params_ui_tutorial.py for tasks to queue
[2026-05-09T18:01:59.805+0000] {logging_mixin.py:188} INFO - [2026-05-09T18:01:59.804+0000] {dagbag.py:545} INFO - Filling up the DagBag from /home/airflow/.local/lib/python3.12/site-packages/airflow/example_dags/example_params_ui_tutorial.py
[2026-05-09T18:01:59.810+0000] {processor.py:840} INFO - DAG(s) 'example_params_ui_tutorial' retrieved from /home/airflow/.local/lib/python3.12/site-packages/airflow/example_dags/example_params_ui_tutorial.py
[2026-05-09T18:01:59.846+0000] {logging_mixin.py:188} INFO - [2026-05-09T18:01:59.845+0000] {dag.py:3089} INFO - Sync 1 DAGs
[2026-05-09T18:01:59.855+0000] {logging_mixin.py:188} INFO - [2026-05-09T18:01:59.855+0000] {dag.py:3947} INFO - Setting next_dagrun for example_params_ui_tutorial to None, run_after=None
[2026-05-09T18:01:59.868+0000] {processor.py:183} INFO - Processing /home/airflow/.local/lib/python3.12/site-packages/airflow/example_dags/example_params_ui_tutorial.py took 0.071 seconds
[2026-05-09T18:02:30.130+0000] {processor.py:161} INFO - Started process (PID=565) to work on /home/airflow/.local/lib/python3.12/site-packages/airflow/example_dags/example_params_ui_tutorial.py
[2026-05-09T18:02:30.131+0000] {processor.py:830} INFO - Processing file /home/airflow/.local/lib/python3.12/site-packages/airflow/example_dags/example_params_ui_tutorial.py for tasks to queue
[2026-05-09T18:02:30.133+0000] {logging_mixin.py:188} INFO - [2026-05-09T18:02:30.132+0000] {dagbag.py:545} INFO - Filling up the DagBag from /home/airflow/.local/lib/python3.12/site-packages/airflow/example_dags/example_params_ui_tutorial.py
[2026-05-09T18:02:30.138+0000] {processor.py:840} INFO - DAG(s) 'example_params_ui_tutorial' retrieved from /home/airflow/.local/lib/python3.12/site-packages/airflow/example_dags/example_params_ui_tutorial.py
[2026-05-09T18:02:30.175+0000] {logging_mixin.py:188} INFO - [2026-05-09T18:02:30.174+0000] {dag.py:3089} INFO - Sync 1 DAGs
[2026-05-09T18:02:30.185+0000] {logging_mixin.py:188} INFO - [2026-05-09T18:02:30.185+0000] {dag.py:3947} INFO - Setting next_dagrun for example_params_ui_tutorial to None, run_after=None
[2026-05-09T18:02:30.199+0000] {processor.py:183} INFO - Processing /home/airflow/.local/lib/python3.12/site-packages/airflow/example_dags/example_params_ui_tutorial.py took 0.075 seconds
[2026-05-09T18:03:00.570+0000] {processor.py:161} INFO - Started process (PID=625) to work on /home/airflow/.local/lib/python3.12/site-packages/airflow/example_dags/example_params_ui_tutorial.py
[2026-05-09T18:03:00.571+0000] {processor.py:830} INFO - Processing file /home/airflow/.local/lib/python3.12/site-packages/airflow/example_dags/example_params_ui_tutorial.py for tasks to queue
[2026-05-09T18:03:00.573+0000] {logging_mixin.py:188} INFO - [2026-05-09T18:03:00.572+0000] {dagbag.py:545} INFO - Filling up the DagBag from /home/airflow/.local/lib/python3.12/site-packages/airflow/example_dags/example_params_ui_tutorial.py
[2026-05-09T18:03:00.578+0000] {processor.py:840} INFO - DAG(s) 'example_params_ui_tutorial' retrieved from /home/airflow/.local/lib/python3.12/site-packages/airflow/example_dags/example_params_ui_tutorial.py
[2026-05-09T18:03:00.614+0000] {logging_mixin.py:188} INFO - [2026-05-09T18:03:00.614+0000] {dag.py:3089} INFO - Sync 1 DAGs
[2026-05-09T18:03:00.623+0000] {logging_mixin.py:188} INFO - [2026-05-09T18:03:00.623+0000] {dag.py:3947} INFO - Setting next_dagrun for example_params_ui_tutorial to None, run_after=None
[2026-05-09T18:03:00.638+0000] {processor.py:183} INFO - Processing /home/airflow/.local/lib/python3.12/site-packages/airflow/example_dags/example_params_ui_tutorial.py took 0.073 seconds
[2026-05-09T18:03:31.066+0000] {processor.py:161} INFO - Started process (PID=685) to work on /home/airflow/.local/lib/python3.12/site-packages/airflow/example_dags/example_params_ui_tutorial.py
[2026-05-09T18:03:31.067+0000] {processor.py:830} INFO - Processing file /home/airflow/.local/lib/python3.12/site-packages/airflow/example_dags/example_params_ui_tutorial.py for tasks to queue
[2026-05-09T18:03:31.069+0000] {logging_mixin.py:188} INFO - [2026-05-09T18:03:31.068+0000] {dagbag.py:545} INFO - Filling up the DagBag from /home/airflow/.local/lib/python3.12/site-packages/airflow/example_dags/example_params_ui_tutorial.py
[2026-05-09T18:03:31.074+0000] {processor.py:840} INFO - DAG(s) 'example_params_ui_tutorial' retrieved from /home/airflow/.local/lib/python3.12/site-packages/airflow/example_dags/example_params_ui_tutorial.py
[2026-05-09T18:03:31.109+0000] {logging_mixin.py:188} INFO - [2026-05-09T18:03:31.108+0000] {dag.py:3089} INFO - Sync 1 DAGs
[2026-05-09T18:03:31.117+0000] {logging_mixin.py:188} INFO - [2026-05-09T18:03:31.117+0000] {dag.py:3947} INFO - Setting next_dagrun for example_params_ui_tutorial to None, run_after=None
[2026-05-09T18:03:31.130+0000] {processor.py:183} INFO - Processing /home/airflow/.local/lib/python3.12/site-packages/airflow/example_dags/example_params_ui_tutorial.py took 0.069 seconds
[2026-05-09T18:04:28.198+0000] {processor.py:161} INFO - Started process (PID=85) to work on /home/airflow/.local/lib/python3.12/site-packages/airflow/example_dags/example_params_ui_tutorial.py
[2026-05-09T18:04:28.199+0000] {processor.py:830} INFO - Processing file /home/airflow/.local/lib/python3.12/site-packages/airflow/example_dags/example_params_ui_tutorial.py for tasks to queue
[2026-05-09T18:04:28.201+0000] {logging_mixin.py:188} INFO - [2026-05-09T18:04:28.201+0000] {dagbag.py:545} INFO - Filling up the DagBag from /home/airflow/.local/lib/python3.12/site-packages/airflow/example_dags/example_params_ui_tutorial.py
[2026-05-09T18:04:28.216+0000] {processor.py:840} INFO - DAG(s) 'example_params_ui_tutorial' retrieved from /home/airflow/.local/lib/python3.12/site-packages/airflow/example_dags/example_params_ui_tutorial.py
[2026-05-09T18:04:28.229+0000] {logging_mixin.py:188} INFO - [2026-05-09T18:04:28.229+0000] {dag.py:3089} INFO - Sync 1 DAGs
[2026-05-09T18:04:28.240+0000] {logging_mixin.py:188} INFO - [2026-05-09T18:04:28.240+0000] {dag.py:3947} INFO - Setting next_dagrun for example_params_ui_tutorial to None, run_after=None
[2026-05-09T18:04:28.257+0000] {processor.py:183} INFO - Processing /home/airflow/.local/lib/python3.12/site-packages/airflow/example_dags/example_params_ui_tutorial.py took 0.069 seconds
[2026-05-09T18:04:59.711+0000] {processor.py:161} INFO - Started process (PID=145) to work on /home/airflow/.local/lib/python3.12/site-packages/airflow/example_dags/example_params_ui_tutorial.py
[2026-05-09T18:04:59.712+0000] {processor.py:830} INFO - Processing file /home/airflow/.local/lib/python3.12/site-packages/airflow/example_dags/example_params_ui_tutorial.py for tasks to queue
[2026-05-09T18:04:59.713+0000] {logging_mixin.py:188} INFO - [2026-05-09T18:04:59.713+0000] {dagbag.py:545} INFO - Filling up the DagBag from /home/airflow/.local/lib/python3.12/site-packages/airflow/example_dags/example_params_ui_tutorial.py
[2026-05-09T18:04:59.719+0000] {processor.py:840} INFO - DAG(s) 'example_params_ui_tutorial' retrieved from /home/airflow/.local/lib/python3.12/site-packages/airflow/example_dags/example_params_ui_tutorial.py
[2026-05-09T18:04:59.813+0000] {logging_mixin.py:188} INFO - [2026-05-09T18:04:59.812+0000] {dag.py:3089} INFO - Sync 1 DAGs
[2026-05-09T18:04:59.821+0000] {logging_mixin.py:188} INFO - [2026-05-09T18:04:59.820+0000] {dag.py:3947} INFO - Setting next_dagrun for example_params_ui_tutorial to None, run_after=None
[2026-05-09T18:04:59.836+0000] {processor.py:183} INFO - Processing /home/airflow/.local/lib/python3.12/site-packages/airflow/example_dags/example_params_ui_tutorial.py took 0.131 seconds
[2026-05-09T18:05:30.572+0000] {processor.py:161} INFO - Started process (PID=205) to work on /home/airflow/.local/lib/python3.12/site-packages/airflow/example_dags/example_params_ui_tutorial.py
[2026-05-09T18:05:30.573+0000] {processor.py:830} INFO - Processing file /home/airflow/.local/lib/python3.12/site-packages/airflow/example_dags/example_params_ui_tutorial.py for tasks to queue
[2026-05-09T18:05:30.575+0000] {logging_mixin.py:188} INFO - [2026-05-09T18:05:30.575+0000] {dagbag.py:545} INFO - Filling up the DagBag from /home/airflow/.local/lib/python3.12/site-packages/airflow/example_dags/example_params_ui_tutorial.py
[2026-05-09T18:05:30.581+0000] {processor.py:840} INFO - DAG(s) 'example_params_ui_tutorial' retrieved from /home/airflow/.local/lib/python3.12/site-packages/airflow/example_dags/example_params_ui_tutorial.py
[2026-05-09T18:05:30.623+0000] {logging_mixin.py:188} INFO - [2026-05-09T18:05:30.622+0000] {dag.py:3089} INFO - Sync 1 DAGs
[2026-05-09T18:05:30.632+0000] {logging_mixin.py:188} INFO - [2026-05-09T18:05:30.632+0000] {dag.py:3947} INFO - Setting next_dagrun for example_params_ui_tutorial to None, run_after=None
[2026-05-09T18:05:30.647+0000] {processor.py:183} INFO - Processing /home/airflow/.local/lib/python3.12/site-packages/airflow/example_dags/example_params_ui_tutorial.py took 0.083 seconds
[2026-05-09T18:06:00.697+0000] {processor.py:161} INFO - Started process (PID=265) to work on /home/airflow/.local/lib/python3.12/site-packages/airflow/example_dags/example_params_ui_tutorial.py
[2026-05-09T18:06:00.698+0000] {processor.py:830} INFO - Processing file /home/airflow/.local/lib/python3.12/site-packages/airflow/example_dags/example_params_ui_tutorial.py for tasks to queue
[2026-05-09T18:06:00.700+0000] {logging_mixin.py:188} INFO - [2026-05-09T18:06:00.700+0000] {dagbag.py:545} INFO - Filling up the DagBag from /home/airflow/.local/lib/python3.12/site-packages/airflow/example_dags/example_params_ui_tutorial.py
[2026-05-09T18:06:00.707+0000] {processor.py:840} INFO - DAG(s) 'example_params_ui_tutorial' retrieved from /home/airflow/.local/lib/python3.12/site-packages/airflow/example_dags/example_params_ui_tutorial.py
[2026-05-09T18:06:00.744+0000] {logging_mixin.py:188} INFO - [2026-05-09T18:06:00.744+0000] {dag.py:3089} INFO - Sync 1 DAGs
[2026-05-09T18:06:00.753+0000] {logging_mixin.py:188} INFO - [2026-05-09T18:06:00.753+0000] {dag.py:3947} INFO - Setting next_dagrun for example_params_ui_tutorial to None, run_after=None
[2026-05-09T18:06:00.767+0000] {processor.py:183} INFO - Processing /home/airflow/.local/lib/python3.12/site-packages/airflow/example_dags/example_params_ui_tutorial.py took 0.076 seconds
[2026-05-09T18:06:31.441+0000] {processor.py:161} INFO - Started process (PID=325) to work on /home/airflow/.local/lib/python3.12/site-packages/airflow/example_dags/example_params_ui_tutorial.py
[2026-05-09T18:06:31.442+0000] {processor.py:830} INFO - Processing file /home/airflow/.local/lib/python3.12/site-packages/airflow/example_dags/example_params_ui_tutorial.py for tasks to queue
[2026-05-09T18:06:31.444+0000] {logging_mixin.py:188} INFO - [2026-05-09T18:06:31.444+0000] {dagbag.py:545} INFO - Filling up the DagBag from /home/airflow/.local/lib/python3.12/site-packages/airflow/example_dags/example_params_ui_tutorial.py
[2026-05-09T18:06:31.451+0000] {processor.py:840} INFO - DAG(s) 'example_params_ui_tutorial' retrieved from /home/airflow/.local/lib/python3.12/site-packages/airflow/example_dags/example_params_ui_tutorial.py
[2026-05-09T18:06:31.491+0000] {logging_mixin.py:188} INFO - [2026-05-09T18:06:31.490+0000] {dag.py:3089} INFO - Sync 1 DAGs
[2026-05-09T18:06:31.501+0000] {logging_mixin.py:188} INFO - [2026-05-09T18:06:31.501+0000] {dag.py:3947} INFO - Setting next_dagrun for example_params_ui_tutorial to None, run_after=None
[2026-05-09T18:06:31.514+0000] {processor.py:183} INFO - Processing /home/airflow/.local/lib/python3.12/site-packages/airflow/example_dags/example_params_ui_tutorial.py took 0.080 seconds
[2026-05-09T18:07:01.939+0000] {processor.py:161} INFO - Started process (PID=391) to work on /home/airflow/.local/lib/python3.12/site-packages/airflow/example_dags/example_params_ui_tutorial.py
[2026-05-09T18:07:01.940+0000] {processor.py:830} INFO - Processing file /home/airflow/.local/lib/python3.12/site-packages/airflow/example_dags/example_params_ui_tutorial.py for tasks to queue
[2026-05-09T18:07:01.942+0000] {logging_mixin.py:188} INFO - [2026-05-09T18:07:01.942+0000] {dagbag.py:545} INFO - Filling up the DagBag from /home/airflow/.local/lib/python3.12/site-packages/airflow/example_dags/example_params_ui_tutorial.py
[2026-05-09T18:07:01.947+0000] {processor.py:840} INFO - DAG(s) 'example_params_ui_tutorial' retrieved from /home/airflow/.local/lib/python3.12/site-packages/airflow/example_dags/example_params_ui_tutorial.py
[2026-05-09T18:07:01.982+0000] {logging_mixin.py:188} INFO - [2026-05-09T18:07:01.981+0000] {dag.py:3089} INFO - Sync 1 DAGs
[2026-05-09T18:07:01.990+0000] {logging_mixin.py:188} INFO - [2026-05-09T18:07:01.990+0000] {dag.py:3947} INFO - Setting next_dagrun for example_params_ui_tutorial to None, run_after=None
[2026-05-09T18:07:02.002+0000] {processor.py:183} INFO - Processing /home/airflow/.local/lib/python3.12/site-packages/airflow/example_dags/example_params_ui_tutorial.py took 0.069 seconds
[2026-05-09T18:07:32.866+0000] {processor.py:161} INFO - Started process (PID=451) to work on /home/airflow/.local/lib/python3.12/site-packages/airflow/example_dags/example_params_ui_tutorial.py
[2026-05-09T18:07:32.867+0000] {processor.py:830} INFO - Processing file /home/airflow/.local/lib/python3.12/site-packages/airflow/example_dags/example_params_ui_tutorial.py for tasks to queue
[2026-05-09T18:07:32.869+0000] {logging_mixin.py:188} INFO - [2026-05-09T18:07:32.869+0000] {dagbag.py:545} INFO - Filling up the DagBag from /home/airflow/.local/lib/python3.12/site-packages/airflow/example_dags/example_params_ui_tutorial.py
[2026-05-09T18:07:32.875+0000] {processor.py:840} INFO - DAG(s) 'example_params_ui_tutorial' retrieved from /home/airflow/.local/lib/python3.12/site-packages/airflow/example_dags/example_params_ui_tutorial.py
[2026-05-09T18:07:32.910+0000] {logging_mixin.py:188} INFO - [2026-05-09T18:07:32.910+0000] {dag.py:3089} INFO - Sync 1 DAGs
[2026-05-09T18:07:32.919+0000] {logging_mixin.py:188} INFO - [2026-05-09T18:07:32.919+0000] {dag.py:3947} INFO - Setting next_dagrun for example_params_ui_tutorial to None, run_after=None
[2026-05-09T18:07:32.933+0000] {processor.py:183} INFO - Processing /home/airflow/.local/lib/python3.12/site-packages/airflow/example_dags/example_params_ui_tutorial.py took 0.072 seconds
[2026-05-09T18:09:00.107+0000] {processor.py:161} INFO - Started process (PID=85) to work on /home/airflow/.local/lib/python3.12/site-packages/airflow/example_dags/example_params_ui_tutorial.py
[2026-05-09T18:09:00.107+0000] {processor.py:830} INFO - Processing file /home/airflow/.local/lib/python3.12/site-packages/airflow/example_dags/example_params_ui_tutorial.py for tasks to queue
[2026-05-09T18:09:00.109+0000] {logging_mixin.py:188} INFO - [2026-05-09T18:09:00.109+0000] {dagbag.py:545} INFO - Filling up the DagBag from /home/airflow/.local/lib/python3.12/site-packages/airflow/example_dags/example_params_ui_tutorial.py
[2026-05-09T18:09:00.118+0000] {processor.py:840} INFO - DAG(s) 'example_params_ui_tutorial' retrieved from /home/airflow/.local/lib/python3.12/site-packages/airflow/example_dags/example_params_ui_tutorial.py
[2026-05-09T18:09:00.129+0000] {logging_mixin.py:188} INFO - [2026-05-09T18:09:00.129+0000] {dag.py:3089} INFO - Sync 1 DAGs
[2026-05-09T18:09:00.140+0000] {logging_mixin.py:188} INFO - [2026-05-09T18:09:00.140+0000] {dag.py:3947} INFO - Setting next_dagrun for example_params_ui_tutorial to None, run_after=None
[2026-05-09T18:09:00.157+0000] {processor.py:183} INFO - Processing /home/airflow/.local/lib/python3.12/site-packages/airflow/example_dags/example_params_ui_tutorial.py took 0.057 seconds
[2026-05-09T18:09:31.460+0000] {processor.py:161} INFO - Started process (PID=145) to work on /home/airflow/.local/lib/python3.12/site-packages/airflow/example_dags/example_params_ui_tutorial.py
[2026-05-09T18:09:31.461+0000] {processor.py:830} INFO - Processing file /home/airflow/.local/lib/python3.12/site-packages/airflow/example_dags/example_params_ui_tutorial.py for tasks to queue
[2026-05-09T18:09:31.462+0000] {logging_mixin.py:188} INFO - [2026-05-09T18:09:31.462+0000] {dagbag.py:545} INFO - Filling up the DagBag from /home/airflow/.local/lib/python3.12/site-packages/airflow/example_dags/example_params_ui_tutorial.py
[2026-05-09T18:09:31.468+0000] {processor.py:840} INFO - DAG(s) 'example_params_ui_tutorial' retrieved from /home/airflow/.local/lib/python3.12/site-packages/airflow/example_dags/example_params_ui_tutorial.py
[2026-05-09T18:09:31.560+0000] {logging_mixin.py:188} INFO - [2026-05-09T18:09:31.560+0000] {dag.py:3089} INFO - Sync 1 DAGs
[2026-05-09T18:09:31.567+0000] {logging_mixin.py:188} INFO - [2026-05-09T18:09:31.567+0000] {dag.py:3947} INFO - Setting next_dagrun for example_params_ui_tutorial to None, run_after=None
[2026-05-09T18:09:31.581+0000] {processor.py:183} INFO - Processing /home/airflow/.local/lib/python3.12/site-packages/airflow/example_dags/example_params_ui_tutorial.py took 0.126 seconds
[2026-05-09T18:10:02.523+0000] {processor.py:161} INFO - Started process (PID=205) to work on /home/airflow/.local/lib/python3.12/site-packages/airflow/example_dags/example_params_ui_tutorial.py
[2026-05-09T18:10:02.524+0000] {processor.py:830} INFO - Processing file /home/airflow/.local/lib/python3.12/site-packages/airflow/example_dags/example_params_ui_tutorial.py for tasks to queue
[2026-05-09T18:10:02.525+0000] {logging_mixin.py:188} INFO - [2026-05-09T18:10:02.525+0000] {dagbag.py:545} INFO - Filling up the DagBag from /home/airflow/.local/lib/python3.12/site-packages/airflow/example_dags/example_params_ui_tutorial.py
[2026-05-09T18:10:02.531+0000] {processor.py:840} INFO - DAG(s) 'example_params_ui_tutorial' retrieved from /home/airflow/.local/lib/python3.12/site-packages/airflow/example_dags/example_params_ui_tutorial.py
[2026-05-09T18:10:02.568+0000] {logging_mixin.py:188} INFO - [2026-05-09T18:10:02.568+0000] {dag.py:3089} INFO - Sync 1 DAGs
[2026-05-09T18:10:02.578+0000] {logging_mixin.py:188} INFO - [2026-05-09T18:10:02.578+0000] {dag.py:3947} INFO - Setting next_dagrun for example_params_ui_tutorial to None, run_after=None
[2026-05-09T18:10:02.594+0000] {processor.py:183} INFO - Processing /home/airflow/.local/lib/python3.12/site-packages/airflow/example_dags/example_params_ui_tutorial.py took 0.077 seconds
[2026-05-09T18:10:32.637+0000] {processor.py:161} INFO - Started process (PID=265) to work on /home/airflow/.local/lib/python3.12/site-packages/airflow/example_dags/example_params_ui_tutorial.py
[2026-05-09T18:10:32.637+0000] {processor.py:830} INFO - Processing file /home/airflow/.local/lib/python3.12/site-packages/airflow/example_dags/example_params_ui_tutorial.py for tasks to queue
[2026-05-09T18:10:32.639+0000] {logging_mixin.py:188} INFO - [2026-05-09T18:10:32.639+0000] {dagbag.py:545} INFO - Filling up the DagBag from /home/airflow/.local/lib/python3.12/site-packages/airflow/example_dags/example_params_ui_tutorial.py
[2026-05-09T18:10:32.645+0000] {processor.py:840} INFO - DAG(s) 'example_params_ui_tutorial' retrieved from /home/airflow/.local/lib/python3.12/site-packages/airflow/example_dags/example_params_ui_tutorial.py
[2026-05-09T18:10:32.678+0000] {logging_mixin.py:188} INFO - [2026-05-09T18:10:32.678+0000] {dag.py:3089} INFO - Sync 1 DAGs
[2026-05-09T18:10:32.686+0000] {logging_mixin.py:188} INFO - [2026-05-09T18:10:32.686+0000] {dag.py:3947} INFO - Setting next_dagrun for example_params_ui_tutorial to None, run_after=None
[2026-05-09T18:10:32.698+0000] {processor.py:183} INFO - Processing /home/airflow/.local/lib/python3.12/site-packages/airflow/example_dags/example_params_ui_tutorial.py took 0.067 seconds
[2026-05-09T18:11:03.117+0000] {processor.py:161} INFO - Started process (PID=325) to work on /home/airflow/.local/lib/python3.12/site-packages/airflow/example_dags/example_params_ui_tutorial.py
[2026-05-09T18:11:03.118+0000] {processor.py:830} INFO - Processing file /home/airflow/.local/lib/python3.12/site-packages/airflow/example_dags/example_params_ui_tutorial.py for tasks to queue
[2026-05-09T18:11:03.119+0000] {logging_mixin.py:188} INFO - [2026-05-09T18:11:03.119+0000] {dagbag.py:545} INFO - Filling up the DagBag from /home/airflow/.local/lib/python3.12/site-packages/airflow/example_dags/example_params_ui_tutorial.py
[2026-05-09T18:11:03.125+0000] {processor.py:840} INFO - DAG(s) 'example_params_ui_tutorial' retrieved from /home/airflow/.local/lib/python3.12/site-packages/airflow/example_dags/example_params_ui_tutorial.py
[2026-05-09T18:11:03.161+0000] {logging_mixin.py:188} INFO - [2026-05-09T18:11:03.161+0000] {dag.py:3089} INFO - Sync 1 DAGs
[2026-05-09T18:11:03.170+0000] {logging_mixin.py:188} INFO - [2026-05-09T18:11:03.170+0000] {dag.py:3947} INFO - Setting next_dagrun for example_params_ui_tutorial to None, run_after=None
[2026-05-09T18:11:03.185+0000] {processor.py:183} INFO - Processing /home/airflow/.local/lib/python3.12/site-packages/airflow/example_dags/example_params_ui_tutorial.py took 0.074 seconds
[2026-05-09T18:11:34.012+0000] {processor.py:161} INFO - Started process (PID=385) to work on /home/airflow/.local/lib/python3.12/site-packages/airflow/example_dags/example_params_ui_tutorial.py
[2026-05-09T18:11:34.013+0000] {processor.py:830} INFO - Processing file /home/airflow/.local/lib/python3.12/site-packages/airflow/example_dags/example_params_ui_tutorial.py for tasks to queue
[2026-05-09T18:11:34.015+0000] {logging_mixin.py:188} INFO - [2026-05-09T18:11:34.014+0000] {dagbag.py:545} INFO - Filling up the DagBag from /home/airflow/.local/lib/python3.12/site-packages/airflow/example_dags/example_params_ui_tutorial.py
[2026-05-09T18:11:34.020+0000] {processor.py:840} INFO - DAG(s) 'example_params_ui_tutorial' retrieved from /home/airflow/.local/lib/python3.12/site-packages/airflow/example_dags/example_params_ui_tutorial.py
[2026-05-09T18:11:34.055+0000] {logging_mixin.py:188} INFO - [2026-05-09T18:11:34.055+0000] {dag.py:3089} INFO - Sync 1 DAGs
[2026-05-09T18:11:34.067+0000] {logging_mixin.py:188} INFO - [2026-05-09T18:11:34.066+0000] {dag.py:3947} INFO - Setting next_dagrun for example_params_ui_tutorial to None, run_after=None
[2026-05-09T18:11:34.080+0000] {processor.py:183} INFO - Processing /home/airflow/.local/lib/python3.12/site-packages/airflow/example_dags/example_params_ui_tutorial.py took 0.073 seconds
[2026-05-09T18:12:04.661+0000] {processor.py:161} INFO - Started process (PID=445) to work on /home/airflow/.local/lib/python3.12/site-packages/airflow/example_dags/example_params_ui_tutorial.py
[2026-05-09T18:12:04.661+0000] {processor.py:830} INFO - Processing file /home/airflow/.local/lib/python3.12/site-packages/airflow/example_dags/example_params_ui_tutorial.py for tasks to queue
[2026-05-09T18:12:04.663+0000] {logging_mixin.py:188} INFO - [2026-05-09T18:12:04.663+0000] {dagbag.py:545} INFO - Filling up the DagBag from /home/airflow/.local/lib/python3.12/site-packages/airflow/example_dags/example_params_ui_tutorial.py
[2026-05-09T18:12:04.668+0000] {processor.py:840} INFO - DAG(s) 'example_params_ui_tutorial' retrieved from /home/airflow/.local/lib/python3.12/site-packages/airflow/example_dags/example_params_ui_tutorial.py
[2026-05-09T18:12:04.704+0000] {logging_mixin.py:188} INFO - [2026-05-09T18:12:04.704+0000] {dag.py:3089} INFO - Sync 1 DAGs
[2026-05-09T18:12:04.715+0000] {logging_mixin.py:188} INFO - [2026-05-09T18:12:04.714+0000] {dag.py:3947} INFO - Setting next_dagrun for example_params_ui_tutorial to None, run_after=None
[2026-05-09T18:12:04.729+0000] {processor.py:183} INFO - Processing /home/airflow/.local/lib/python3.12/site-packages/airflow/example_dags/example_params_ui_tutorial.py took 0.074 seconds
[2026-05-09T18:12:35.031+0000] {processor.py:161} INFO - Started process (PID=505) to work on /home/airflow/.local/lib/python3.12/site-packages/airflow/example_dags/example_params_ui_tutorial.py
[2026-05-09T18:12:35.032+0000] {processor.py:830} INFO - Processing file /home/airflow/.local/lib/python3.12/site-packages/airflow/example_dags/example_params_ui_tutorial.py for tasks to queue
[2026-05-09T18:12:35.034+0000] {logging_mixin.py:188} INFO - [2026-05-09T18:12:35.034+0000] {dagbag.py:545} INFO - Filling up the DagBag from /home/airflow/.local/lib/python3.12/site-packages/airflow/example_dags/example_params_ui_tutorial.py
[2026-05-09T18:12:35.041+0000] {processor.py:840} INFO - DAG(s) 'example_params_ui_tutorial' retrieved from /home/airflow/.local/lib/python3.12/site-packages/airflow/example_dags/example_params_ui_tutorial.py
[2026-05-09T18:12:35.077+0000] {logging_mixin.py:188} INFO - [2026-05-09T18:12:35.077+0000] {dag.py:3089} INFO - Sync 1 DAGs
[2026-05-09T18:12:35.087+0000] {logging_mixin.py:188} INFO - [2026-05-09T18:12:35.086+0000] {dag.py:3947} INFO - Setting next_dagrun for example_params_ui_tutorial to None, run_after=None
[2026-05-09T18:12:35.099+0000] {processor.py:183} INFO - Processing /home/airflow/.local/lib/python3.12/site-packages/airflow/example_dags/example_params_ui_tutorial.py took 0.073 seconds
[2026-05-09T18:13:05.562+0000] {processor.py:161} INFO - Started process (PID=565) to work on /home/airflow/.local/lib/python3.12/site-packages/airflow/example_dags/example_params_ui_tutorial.py
[2026-05-09T18:13:05.563+0000] {processor.py:830} INFO - Processing file /home/airflow/.local/lib/python3.12/site-packages/airflow/example_dags/example_params_ui_tutorial.py for tasks to queue
[2026-05-09T18:13:05.565+0000] {logging_mixin.py:188} INFO - [2026-05-09T18:13:05.564+0000] {dagbag.py:545} INFO - Filling up the DagBag from /home/airflow/.local/lib/python3.12/site-packages/airflow/example_dags/example_params_ui_tutorial.py
[2026-05-09T18:13:05.571+0000] {processor.py:840} INFO - DAG(s) 'example_params_ui_tutorial' retrieved from /home/airflow/.local/lib/python3.12/site-packages/airflow/example_dags/example_params_ui_tutorial.py
[2026-05-09T18:13:05.605+0000] {logging_mixin.py:188} INFO - [2026-05-09T18:13:05.605+0000] {dag.py:3089} INFO - Sync 1 DAGs
[2026-05-09T18:13:05.614+0000] {logging_mixin.py:188} INFO - [2026-05-09T18:13:05.614+0000] {dag.py:3947} INFO - Setting next_dagrun for example_params_ui_tutorial to None, run_after=None
[2026-05-09T18:13:05.632+0000] {processor.py:183} INFO - Processing /home/airflow/.local/lib/python3.12/site-packages/airflow/example_dags/example_params_ui_tutorial.py took 0.075 seconds
[2026-05-09T18:13:36.317+0000] {processor.py:161} INFO - Started process (PID=625) to work on /home/airflow/.local/lib/python3.12/site-packages/airflow/example_dags/example_params_ui_tutorial.py
[2026-05-09T18:13:36.317+0000] {processor.py:830} INFO - Processing file /home/airflow/.local/lib/python3.12/site-packages/airflow/example_dags/example_params_ui_tutorial.py for tasks to queue
[2026-05-09T18:13:36.319+0000] {logging_mixin.py:188} INFO - [2026-05-09T18:13:36.319+0000] {dagbag.py:545} INFO - Filling up the DagBag from /home/airflow/.local/lib/python3.12/site-packages/airflow/example_dags/example_params_ui_tutorial.py
[2026-05-09T18:13:36.325+0000] {processor.py:840} INFO - DAG(s) 'example_params_ui_tutorial' retrieved from /home/airflow/.local/lib/python3.12/site-packages/airflow/example_dags/example_params_ui_tutorial.py
[2026-05-09T18:13:36.359+0000] {logging_mixin.py:188} INFO - [2026-05-09T18:13:36.359+0000] {dag.py:3089} INFO - Sync 1 DAGs
[2026-05-09T18:13:36.368+0000] {logging_mixin.py:188} INFO - [2026-05-09T18:13:36.368+0000] {dag.py:3947} INFO - Setting next_dagrun for example_params_ui_tutorial to None, run_after=None
[2026-05-09T18:13:36.382+0000] {processor.py:183} INFO - Processing /home/airflow/.local/lib/python3.12/site-packages/airflow/example_dags/example_params_ui_tutorial.py took 0.071 seconds
[2026-05-09T18:14:07.372+0000] {processor.py:161} INFO - Started process (PID=685) to work on /home/airflow/.local/lib/python3.12/site-packages/airflow/example_dags/example_params_ui_tutorial.py
[2026-05-09T18:14:07.373+0000] {processor.py:830} INFO - Processing file /home/airflow/.local/lib/python3.12/site-packages/airflow/example_dags/example_params_ui_tutorial.py for tasks to queue
[2026-05-09T18:14:07.374+0000] {logging_mixin.py:188} INFO - [2026-05-09T18:14:07.374+0000] {dagbag.py:545} INFO - Filling up the DagBag from /home/airflow/.local/lib/python3.12/site-packages/airflow/example_dags/example_params_ui_tutorial.py
[2026-05-09T18:14:07.381+0000] {processor.py:840} INFO - DAG(s) 'example_params_ui_tutorial' retrieved from /home/airflow/.local/lib/python3.12/site-packages/airflow/example_dags/example_params_ui_tutorial.py
[2026-05-09T18:14:07.420+0000] {logging_mixin.py:188} INFO - [2026-05-09T18:14:07.420+0000] {dag.py:3089} INFO - Sync 1 DAGs
[2026-05-09T18:14:07.430+0000] {logging_mixin.py:188} INFO - [2026-05-09T18:14:07.430+0000] {dag.py:3947} INFO - Setting next_dagrun for example_params_ui_tutorial to None, run_after=None
[2026-05-09T18:14:07.444+0000] {processor.py:183} INFO - Processing /home/airflow/.local/lib/python3.12/site-packages/airflow/example_dags/example_params_ui_tutorial.py took 0.081 seconds
[2026-05-09T18:14:37.900+0000] {processor.py:161} INFO - Started process (PID=745) to work on /home/airflow/.local/lib/python3.12/site-packages/airflow/example_dags/example_params_ui_tutorial.py
[2026-05-09T18:14:37.901+0000] {processor.py:830} INFO - Processing file /home/airflow/.local/lib/python3.12/site-packages/airflow/example_dags/example_params_ui_tutorial.py for tasks to queue
[2026-05-09T18:14:37.902+0000] {logging_mixin.py:188} INFO - [2026-05-09T18:14:37.902+0000] {dagbag.py:545} INFO - Filling up the DagBag from /home/airflow/.local/lib/python3.12/site-packages/airflow/example_dags/example_params_ui_tutorial.py
[2026-05-09T18:14:37.907+0000] {processor.py:840} INFO - DAG(s) 'example_params_ui_tutorial' retrieved from /home/airflow/.local/lib/python3.12/site-packages/airflow/example_dags/example_params_ui_tutorial.py
[2026-05-09T18:14:37.941+0000] {logging_mixin.py:188} INFO - [2026-05-09T18:14:37.941+0000] {dag.py:3089} INFO - Sync 1 DAGs
[2026-05-09T18:14:37.950+0000] {logging_mixin.py:188} INFO - [2026-05-09T18:14:37.950+0000] {dag.py:3947} INFO - Setting next_dagrun for example_params_ui_tutorial to None, run_after=None
[2026-05-09T18:14:37.964+0000] {processor.py:183} INFO - Processing /home/airflow/.local/lib/python3.12/site-packages/airflow/example_dags/example_params_ui_tutorial.py took 0.070 seconds
[2026-05-09T18:15:08.912+0000] {processor.py:161} INFO - Started process (PID=805) to work on /home/airflow/.local/lib/python3.12/site-packages/airflow/example_dags/example_params_ui_tutorial.py
[2026-05-09T18:15:08.913+0000] {processor.py:830} INFO - Processing file /home/airflow/.local/lib/python3.12/site-packages/airflow/example_dags/example_params_ui_tutorial.py for tasks to queue
[2026-05-09T18:15:08.914+0000] {logging_mixin.py:188} INFO - [2026-05-09T18:15:08.914+0000] {dagbag.py:545} INFO - Filling up the DagBag from /home/airflow/.local/lib/python3.12/site-packages/airflow/example_dags/example_params_ui_tutorial.py
[2026-05-09T18:15:08.919+0000] {processor.py:840} INFO - DAG(s) 'example_params_ui_tutorial' retrieved from /home/airflow/.local/lib/python3.12/site-packages/airflow/example_dags/example_params_ui_tutorial.py
[2026-05-09T18:15:08.952+0000] {logging_mixin.py:188} INFO - [2026-05-09T18:15:08.952+0000] {dag.py:3089} INFO - Sync 1 DAGs
[2026-05-09T18:15:08.961+0000] {logging_mixin.py:188} INFO - [2026-05-09T18:15:08.961+0000] {dag.py:3947} INFO - Setting next_dagrun for example_params_ui_tutorial to None, run_after=None
[2026-05-09T18:15:08.974+0000] {processor.py:183} INFO - Processing /home/airflow/.local/lib/python3.12/site-packages/airflow/example_dags/example_params_ui_tutorial.py took 0.068 seconds
[2026-05-09T18:15:39.938+0000] {processor.py:161} INFO - Started process (PID=865) to work on /home/airflow/.local/lib/python3.12/site-packages/airflow/example_dags/example_params_ui_tutorial.py
[2026-05-09T18:15:39.939+0000] {processor.py:830} INFO - Processing file /home/airflow/.local/lib/python3.12/site-packages/airflow/example_dags/example_params_ui_tutorial.py for tasks to queue
[2026-05-09T18:15:39.941+0000] {logging_mixin.py:188} INFO - [2026-05-09T18:15:39.940+0000] {dagbag.py:545} INFO - Filling up the DagBag from /home/airflow/.local/lib/python3.12/site-packages/airflow/example_dags/example_params_ui_tutorial.py
[2026-05-09T18:15:39.946+0000] {processor.py:840} INFO - DAG(s) 'example_params_ui_tutorial' retrieved from /home/airflow/.local/lib/python3.12/site-packages/airflow/example_dags/example_params_ui_tutorial.py
[2026-05-09T18:15:39.979+0000] {logging_mixin.py:188} INFO - [2026-05-09T18:15:39.979+0000] {dag.py:3089} INFO - Sync 1 DAGs
[2026-05-09T18:15:39.988+0000] {logging_mixin.py:188} INFO - [2026-05-09T18:15:39.988+0000] {dag.py:3947} INFO - Setting next_dagrun for example_params_ui_tutorial to None, run_after=None
[2026-05-09T18:15:40.005+0000] {processor.py:183} INFO - Processing /home/airflow/.local/lib/python3.12/site-packages/airflow/example_dags/example_params_ui_tutorial.py took 0.072 seconds
[2026-05-09T18:16:10.522+0000] {processor.py:161} INFO - Started process (PID=925) to work on /home/airflow/.local/lib/python3.12/site-packages/airflow/example_dags/example_params_ui_tutorial.py
[2026-05-09T18:16:10.523+0000] {processor.py:830} INFO - Processing file /home/airflow/.local/lib/python3.12/site-packages/airflow/example_dags/example_params_ui_tutorial.py for tasks to queue
[2026-05-09T18:16:10.525+0000] {logging_mixin.py:188} INFO - [2026-05-09T18:16:10.525+0000] {dagbag.py:545} INFO - Filling up the DagBag from /home/airflow/.local/lib/python3.12/site-packages/airflow/example_dags/example_params_ui_tutorial.py
[2026-05-09T18:16:10.530+0000] {processor.py:840} INFO - DAG(s) 'example_params_ui_tutorial' retrieved from /home/airflow/.local/lib/python3.12/site-packages/airflow/example_dags/example_params_ui_tutorial.py
[2026-05-09T18:16:10.563+0000] {logging_mixin.py:188} INFO - [2026-05-09T18:16:10.563+0000] {dag.py:3089} INFO - Sync 1 DAGs
[2026-05-09T18:16:10.572+0000] {logging_mixin.py:188} INFO - [2026-05-09T18:16:10.572+0000] {dag.py:3947} INFO - Setting next_dagrun for example_params_ui_tutorial to None, run_after=None
[2026-05-09T18:16:10.586+0000] {processor.py:183} INFO - Processing /home/airflow/.local/lib/python3.12/site-packages/airflow/example_dags/example_params_ui_tutorial.py took 0.069 seconds
[2026-05-09T18:16:41.430+0000] {processor.py:161} INFO - Started process (PID=985) to work on /home/airflow/.local/lib/python3.12/site-packages/airflow/example_dags/example_params_ui_tutorial.py
[2026-05-09T18:16:41.431+0000] {processor.py:830} INFO - Processing file /home/airflow/.local/lib/python3.12/site-packages/airflow/example_dags/example_params_ui_tutorial.py for tasks to queue
[2026-05-09T18:16:41.433+0000] {logging_mixin.py:188} INFO - [2026-05-09T18:16:41.433+0000] {dagbag.py:545} INFO - Filling up the DagBag from /home/airflow/.local/lib/python3.12/site-packages/airflow/example_dags/example_params_ui_tutorial.py
[2026-05-09T18:16:41.438+0000] {processor.py:840} INFO - DAG(s) 'example_params_ui_tutorial' retrieved from /home/airflow/.local/lib/python3.12/site-packages/airflow/example_dags/example_params_ui_tutorial.py
[2026-05-09T18:16:41.473+0000] {logging_mixin.py:188} INFO - [2026-05-09T18:16:41.473+0000] {dag.py:3089} INFO - Sync 1 DAGs
[2026-05-09T18:16:41.483+0000] {logging_mixin.py:188} INFO - [2026-05-09T18:16:41.483+0000] {dag.py:3947} INFO - Setting next_dagrun for example_params_ui_tutorial to None, run_after=None
[2026-05-09T18:16:41.497+0000] {processor.py:183} INFO - Processing /home/airflow/.local/lib/python3.12/site-packages/airflow/example_dags/example_params_ui_tutorial.py took 0.072 seconds
[2026-05-09T18:17:12.346+0000] {processor.py:161} INFO - Started process (PID=1046) to work on /home/airflow/.local/lib/python3.12/site-packages/airflow/example_dags/example_params_ui_tutorial.py
[2026-05-09T18:17:12.347+0000] {processor.py:830} INFO - Processing file /home/airflow/.local/lib/python3.12/site-packages/airflow/example_dags/example_params_ui_tutorial.py for tasks to queue
[2026-05-09T18:17:12.349+0000] {logging_mixin.py:188} INFO - [2026-05-09T18:17:12.349+0000] {dagbag.py:545} INFO - Filling up the DagBag from /home/airflow/.local/lib/python3.12/site-packages/airflow/example_dags/example_params_ui_tutorial.py
[2026-05-09T18:17:12.354+0000] {processor.py:840} INFO - DAG(s) 'example_params_ui_tutorial' retrieved from /home/airflow/.local/lib/python3.12/site-packages/airflow/example_dags/example_params_ui_tutorial.py
[2026-05-09T18:17:12.387+0000] {logging_mixin.py:188} INFO - [2026-05-09T18:17:12.387+0000] {dag.py:3089} INFO - Sync 1 DAGs
[2026-05-09T18:17:12.397+0000] {logging_mixin.py:188} INFO - [2026-05-09T18:17:12.397+0000] {dag.py:3947} INFO - Setting next_dagrun for example_params_ui_tutorial to None, run_after=None
[2026-05-09T18:17:12.411+0000] {processor.py:183} INFO - Processing /home/airflow/.local/lib/python3.12/site-packages/airflow/example_dags/example_params_ui_tutorial.py took 0.070 seconds
[2026-05-09T18:17:43.437+0000] {processor.py:161} INFO - Started process (PID=1107) to work on /home/airflow/.local/lib/python3.12/site-packages/airflow/example_dags/example_params_ui_tutorial.py
[2026-05-09T18:17:43.438+0000] {processor.py:830} INFO - Processing file /home/airflow/.local/lib/python3.12/site-packages/airflow/example_dags/example_params_ui_tutorial.py for tasks to queue
[2026-05-09T18:17:43.439+0000] {logging_mixin.py:188} INFO - [2026-05-09T18:17:43.439+0000] {dagbag.py:545} INFO - Filling up the DagBag from /home/airflow/.local/lib/python3.12/site-packages/airflow/example_dags/example_params_ui_tutorial.py
[2026-05-09T18:17:43.445+0000] {processor.py:840} INFO - DAG(s) 'example_params_ui_tutorial' retrieved from /home/airflow/.local/lib/python3.12/site-packages/airflow/example_dags/example_params_ui_tutorial.py
[2026-05-09T18:17:43.481+0000] {logging_mixin.py:188} INFO - [2026-05-09T18:17:43.481+0000] {dag.py:3089} INFO - Sync 1 DAGs
[2026-05-09T18:17:43.491+0000] {logging_mixin.py:188} INFO - [2026-05-09T18:17:43.490+0000] {dag.py:3947} INFO - Setting next_dagrun for example_params_ui_tutorial to None, run_after=None
[2026-05-09T18:17:43.506+0000] {processor.py:183} INFO - Processing /home/airflow/.local/lib/python3.12/site-packages/airflow/example_dags/example_params_ui_tutorial.py took 0.074 seconds
[2026-05-09T18:18:14.972+0000] {processor.py:161} INFO - Started process (PID=1167) to work on /home/airflow/.local/lib/python3.12/site-packages/airflow/example_dags/example_params_ui_tutorial.py
[2026-05-09T18:18:14.973+0000] {processor.py:830} INFO - Processing file /home/airflow/.local/lib/python3.12/site-packages/airflow/example_dags/example_params_ui_tutorial.py for tasks to queue
[2026-05-09T18:18:14.975+0000] {logging_mixin.py:188} INFO - [2026-05-09T18:18:14.974+0000] {dagbag.py:545} INFO - Filling up the DagBag from /home/airflow/.local/lib/python3.12/site-packages/airflow/example_dags/example_params_ui_tutorial.py
[2026-05-09T18:18:14.981+0000] {processor.py:840} INFO - DAG(s) 'example_params_ui_tutorial' retrieved from /home/airflow/.local/lib/python3.12/site-packages/airflow/example_dags/example_params_ui_tutorial.py
[2026-05-09T18:18:15.019+0000] {logging_mixin.py:188} INFO - [2026-05-09T18:18:15.018+0000] {dag.py:3089} INFO - Sync 1 DAGs
[2026-05-09T18:18:15.030+0000] {logging_mixin.py:188} INFO - [2026-05-09T18:18:15.030+0000] {dag.py:3947} INFO - Setting next_dagrun for example_params_ui_tutorial to None, run_after=None
[2026-05-09T18:18:15.046+0000] {processor.py:183} INFO - Processing /home/airflow/.local/lib/python3.12/site-packages/airflow/example_dags/example_params_ui_tutorial.py took 0.079 seconds
[2026-05-09T18:18:45.373+0000] {processor.py:161} INFO - Started process (PID=1227) to work on /home/airflow/.local/lib/python3.12/site-packages/airflow/example_dags/example_params_ui_tutorial.py
[2026-05-09T18:18:45.374+0000] {processor.py:830} INFO - Processing file /home/airflow/.local/lib/python3.12/site-packages/airflow/example_dags/example_params_ui_tutorial.py for tasks to queue
[2026-05-09T18:18:45.376+0000] {logging_mixin.py:188} INFO - [2026-05-09T18:18:45.376+0000] {dagbag.py:545} INFO - Filling up the DagBag from /home/airflow/.local/lib/python3.12/site-packages/airflow/example_dags/example_params_ui_tutorial.py
[2026-05-09T18:18:45.382+0000] {processor.py:840} INFO - DAG(s) 'example_params_ui_tutorial' retrieved from /home/airflow/.local/lib/python3.12/site-packages/airflow/example_dags/example_params_ui_tutorial.py
[2026-05-09T18:18:45.421+0000] {logging_mixin.py:188} INFO - [2026-05-09T18:18:45.421+0000] {dag.py:3089} INFO - Sync 1 DAGs
[2026-05-09T18:18:45.430+0000] {logging_mixin.py:188} INFO - [2026-05-09T18:18:45.430+0000] {dag.py:3947} INFO - Setting next_dagrun for example_params_ui_tutorial to None, run_after=None
[2026-05-09T18:18:45.444+0000] {processor.py:183} INFO - Processing /home/airflow/.local/lib/python3.12/site-packages/airflow/example_dags/example_params_ui_tutorial.py took 0.077 seconds
[2026-05-09T18:19:15.674+0000] {processor.py:161} INFO - Started process (PID=1287) to work on /home/airflow/.local/lib/python3.12/site-packages/airflow/example_dags/example_params_ui_tutorial.py
[2026-05-09T18:19:15.675+0000] {processor.py:830} INFO - Processing file /home/airflow/.local/lib/python3.12/site-packages/airflow/example_dags/example_params_ui_tutorial.py for tasks to queue
[2026-05-09T18:19:15.676+0000] {logging_mixin.py:188} INFO - [2026-05-09T18:19:15.676+0000] {dagbag.py:545} INFO - Filling up the DagBag from /home/airflow/.local/lib/python3.12/site-packages/airflow/example_dags/example_params_ui_tutorial.py
[2026-05-09T18:19:15.682+0000] {processor.py:840} INFO - DAG(s) 'example_params_ui_tutorial' retrieved from /home/airflow/.local/lib/python3.12/site-packages/airflow/example_dags/example_params_ui_tutorial.py
[2026-05-09T18:19:15.718+0000] {logging_mixin.py:188} INFO - [2026-05-09T18:19:15.718+0000] {dag.py:3089} INFO - Sync 1 DAGs
[2026-05-09T18:19:15.727+0000] {logging_mixin.py:188} INFO - [2026-05-09T18:19:15.727+0000] {dag.py:3947} INFO - Setting next_dagrun for example_params_ui_tutorial to None, run_after=None
[2026-05-09T18:19:15.740+0000] {processor.py:183} INFO - Processing /home/airflow/.local/lib/python3.12/site-packages/airflow/example_dags/example_params_ui_tutorial.py took 0.072 seconds
[2026-05-09T18:19:46.741+0000] {processor.py:161} INFO - Started process (PID=1347) to work on /home/airflow/.local/lib/python3.12/site-packages/airflow/example_dags/example_params_ui_tutorial.py
[2026-05-09T18:19:46.742+0000] {processor.py:830} INFO - Processing file /home/airflow/.local/lib/python3.12/site-packages/airflow/example_dags/example_params_ui_tutorial.py for tasks to queue
[2026-05-09T18:19:46.744+0000] {logging_mixin.py:188} INFO - [2026-05-09T18:19:46.744+0000] {dagbag.py:545} INFO - Filling up the DagBag from /home/airflow/.local/lib/python3.12/site-packages/airflow/example_dags/example_params_ui_tutorial.py
[2026-05-09T18:19:46.750+0000] {processor.py:840} INFO - DAG(s) 'example_params_ui_tutorial' retrieved from /home/airflow/.local/lib/python3.12/site-packages/airflow/example_dags/example_params_ui_tutorial.py
[2026-05-09T18:19:46.788+0000] {logging_mixin.py:188} INFO - [2026-05-09T18:19:46.787+0000] {dag.py:3089} INFO - Sync 1 DAGs
[2026-05-09T18:19:46.798+0000] {logging_mixin.py:188} INFO - [2026-05-09T18:19:46.797+0000] {dag.py:3947} INFO - Setting next_dagrun for example_params_ui_tutorial to None, run_after=None
[2026-05-09T18:19:46.814+0000] {processor.py:183} INFO - Processing /home/airflow/.local/lib/python3.12/site-packages/airflow/example_dags/example_params_ui_tutorial.py took 0.079 seconds
[2026-05-09T18:20:17.941+0000] {processor.py:161} INFO - Started process (PID=1407) to work on /home/airflow/.local/lib/python3.12/site-packages/airflow/example_dags/example_params_ui_tutorial.py
[2026-05-09T18:20:17.942+0000] {processor.py:830} INFO - Processing file /home/airflow/.local/lib/python3.12/site-packages/airflow/example_dags/example_params_ui_tutorial.py for tasks to queue
[2026-05-09T18:20:17.944+0000] {logging_mixin.py:188} INFO - [2026-05-09T18:20:17.944+0000] {dagbag.py:545} INFO - Filling up the DagBag from /home/airflow/.local/lib/python3.12/site-packages/airflow/example_dags/example_params_ui_tutorial.py
[2026-05-09T18:20:17.950+0000] {processor.py:840} INFO - DAG(s) 'example_params_ui_tutorial' retrieved from /home/airflow/.local/lib/python3.12/site-packages/airflow/example_dags/example_params_ui_tutorial.py
[2026-05-09T18:20:17.989+0000] {logging_mixin.py:188} INFO - [2026-05-09T18:20:17.988+0000] {dag.py:3089} INFO - Sync 1 DAGs
[2026-05-09T18:20:17.998+0000] {logging_mixin.py:188} INFO - [2026-05-09T18:20:17.998+0000] {dag.py:3947} INFO - Setting next_dagrun for example_params_ui_tutorial to None, run_after=None
[2026-05-09T18:20:18.015+0000] {processor.py:183} INFO - Processing /home/airflow/.local/lib/python3.12/site-packages/airflow/example_dags/example_params_ui_tutorial.py took 0.079 seconds
[2026-05-09T18:20:48.551+0000] {processor.py:161} INFO - Started process (PID=1467) to work on /home/airflow/.local/lib/python3.12/site-packages/airflow/example_dags/example_params_ui_tutorial.py
[2026-05-09T18:20:48.552+0000] {processor.py:830} INFO - Processing file /home/airflow/.local/lib/python3.12/site-packages/airflow/example_dags/example_params_ui_tutorial.py for tasks to queue
[2026-05-09T18:20:48.554+0000] {logging_mixin.py:188} INFO - [2026-05-09T18:20:48.554+0000] {dagbag.py:545} INFO - Filling up the DagBag from /home/airflow/.local/lib/python3.12/site-packages/airflow/example_dags/example_params_ui_tutorial.py
[2026-05-09T18:20:48.560+0000] {processor.py:840} INFO - DAG(s) 'example_params_ui_tutorial' retrieved from /home/airflow/.local/lib/python3.12/site-packages/airflow/example_dags/example_params_ui_tutorial.py
[2026-05-09T18:20:48.594+0000] {logging_mixin.py:188} INFO - [2026-05-09T18:20:48.594+0000] {dag.py:3089} INFO - Sync 1 DAGs
[2026-05-09T18:20:48.603+0000] {logging_mixin.py:188} INFO - [2026-05-09T18:20:48.603+0000] {dag.py:3947} INFO - Setting next_dagrun for example_params_ui_tutorial to None, run_after=None
[2026-05-09T18:20:48.616+0000] {processor.py:183} INFO - Processing /home/airflow/.local/lib/python3.12/site-packages/airflow/example_dags/example_params_ui_tutorial.py took 0.071 seconds
[2026-05-09T18:21:19.247+0000] {processor.py:161} INFO - Started process (PID=1527) to work on /home/airflow/.local/lib/python3.12/site-packages/airflow/example_dags/example_params_ui_tutorial.py
[2026-05-09T18:21:19.248+0000] {processor.py:830} INFO - Processing file /home/airflow/.local/lib/python3.12/site-packages/airflow/example_dags/example_params_ui_tutorial.py for tasks to queue
[2026-05-09T18:21:19.250+0000] {logging_mixin.py:188} INFO - [2026-05-09T18:21:19.250+0000] {dagbag.py:545} INFO - Filling up the DagBag from /home/airflow/.local/lib/python3.12/site-packages/airflow/example_dags/example_params_ui_tutorial.py
[2026-05-09T18:21:19.256+0000] {processor.py:840} INFO - DAG(s) 'example_params_ui_tutorial' retrieved from /home/airflow/.local/lib/python3.12/site-packages/airflow/example_dags/example_params_ui_tutorial.py
[2026-05-09T18:21:19.289+0000] {logging_mixin.py:188} INFO - [2026-05-09T18:21:19.289+0000] {dag.py:3089} INFO - Sync 1 DAGs
[2026-05-09T18:21:19.298+0000] {logging_mixin.py:188} INFO - [2026-05-09T18:21:19.298+0000] {dag.py:3947} INFO - Setting next_dagrun for example_params_ui_tutorial to None, run_after=None
[2026-05-09T18:21:19.310+0000] {processor.py:183} INFO - Processing /home/airflow/.local/lib/python3.12/site-packages/airflow/example_dags/example_params_ui_tutorial.py took 0.069 seconds
[2026-05-09T18:21:50.142+0000] {processor.py:161} INFO - Started process (PID=1587) to work on /home/airflow/.local/lib/python3.12/site-packages/airflow/example_dags/example_params_ui_tutorial.py
[2026-05-09T18:21:50.143+0000] {processor.py:830} INFO - Processing file /home/airflow/.local/lib/python3.12/site-packages/airflow/example_dags/example_params_ui_tutorial.py for tasks to queue
[2026-05-09T18:21:50.144+0000] {logging_mixin.py:188} INFO - [2026-05-09T18:21:50.144+0000] {dagbag.py:545} INFO - Filling up the DagBag from /home/airflow/.local/lib/python3.12/site-packages/airflow/example_dags/example_params_ui_tutorial.py
[2026-05-09T18:21:50.150+0000] {processor.py:840} INFO - DAG(s) 'example_params_ui_tutorial' retrieved from /home/airflow/.local/lib/python3.12/site-packages/airflow/example_dags/example_params_ui_tutorial.py
[2026-05-09T18:21:50.184+0000] {logging_mixin.py:188} INFO - [2026-05-09T18:21:50.184+0000] {dag.py:3089} INFO - Sync 1 DAGs
[2026-05-09T18:21:50.194+0000] {logging_mixin.py:188} INFO - [2026-05-09T18:21:50.194+0000] {dag.py:3947} INFO - Setting next_dagrun for example_params_ui_tutorial to None, run_after=None
[2026-05-09T18:21:50.209+0000] {processor.py:183} INFO - Processing /home/airflow/.local/lib/python3.12/site-packages/airflow/example_dags/example_params_ui_tutorial.py took 0.072 seconds
[2026-05-09T18:22:22.053+0000] {processor.py:161} INFO - Started process (PID=1647) to work on /home/airflow/.local/lib/python3.12/site-packages/airflow/example_dags/example_params_ui_tutorial.py
[2026-05-09T18:22:22.054+0000] {processor.py:830} INFO - Processing file /home/airflow/.local/lib/python3.12/site-packages/airflow/example_dags/example_params_ui_tutorial.py for tasks to queue
[2026-05-09T18:22:22.056+0000] {logging_mixin.py:188} INFO - [2026-05-09T18:22:22.056+0000] {dagbag.py:545} INFO - Filling up the DagBag from /home/airflow/.local/lib/python3.12/site-packages/airflow/example_dags/example_params_ui_tutorial.py
[2026-05-09T18:22:22.061+0000] {processor.py:840} INFO - DAG(s) 'example_params_ui_tutorial' retrieved from /home/airflow/.local/lib/python3.12/site-packages/airflow/example_dags/example_params_ui_tutorial.py
[2026-05-09T18:22:22.097+0000] {logging_mixin.py:188} INFO - [2026-05-09T18:22:22.097+0000] {dag.py:3089} INFO - Sync 1 DAGs
[2026-05-09T18:22:22.106+0000] {logging_mixin.py:188} INFO - [2026-05-09T18:22:22.106+0000] {dag.py:3947} INFO - Setting next_dagrun for example_params_ui_tutorial to None, run_after=None
[2026-05-09T18:22:22.119+0000] {processor.py:183} INFO - Processing /home/airflow/.local/lib/python3.12/site-packages/airflow/example_dags/example_params_ui_tutorial.py took 0.071 seconds
[2026-05-09T18:22:53.292+0000] {processor.py:161} INFO - Started process (PID=1707) to work on /home/airflow/.local/lib/python3.12/site-packages/airflow/example_dags/example_params_ui_tutorial.py
[2026-05-09T18:22:53.293+0000] {processor.py:830} INFO - Processing file /home/airflow/.local/lib/python3.12/site-packages/airflow/example_dags/example_params_ui_tutorial.py for tasks to queue
[2026-05-09T18:22:53.295+0000] {logging_mixin.py:188} INFO - [2026-05-09T18:22:53.294+0000] {dagbag.py:545} INFO - Filling up the DagBag from /home/airflow/.local/lib/python3.12/site-packages/airflow/example_dags/example_params_ui_tutorial.py
[2026-05-09T18:22:53.300+0000] {processor.py:840} INFO - DAG(s) 'example_params_ui_tutorial' retrieved from /home/airflow/.local/lib/python3.12/site-packages/airflow/example_dags/example_params_ui_tutorial.py
[2026-05-09T18:22:53.479+0000] {logging_mixin.py:188} INFO - [2026-05-09T18:22:53.479+0000] {dag.py:3089} INFO - Sync 1 DAGs
[2026-05-09T18:22:53.489+0000] {logging_mixin.py:188} INFO - [2026-05-09T18:22:53.489+0000] {dag.py:3947} INFO - Setting next_dagrun for example_params_ui_tutorial to None, run_after=None
[2026-05-09T18:22:53.501+0000] {processor.py:183} INFO - Processing /home/airflow/.local/lib/python3.12/site-packages/airflow/example_dags/example_params_ui_tutorial.py took 0.214 seconds
[2026-05-09T18:23:23.572+0000] {processor.py:161} INFO - Started process (PID=1767) to work on /home/airflow/.local/lib/python3.12/site-packages/airflow/example_dags/example_params_ui_tutorial.py
[2026-05-09T18:23:23.573+0000] {processor.py:830} INFO - Processing file /home/airflow/.local/lib/python3.12/site-packages/airflow/example_dags/example_params_ui_tutorial.py for tasks to queue
[2026-05-09T18:23:23.575+0000] {logging_mixin.py:188} INFO - [2026-05-09T18:23:23.574+0000] {dagbag.py:545} INFO - Filling up the DagBag from /home/airflow/.local/lib/python3.12/site-packages/airflow/example_dags/example_params_ui_tutorial.py
[2026-05-09T18:23:23.580+0000] {processor.py:840} INFO - DAG(s) 'example_params_ui_tutorial' retrieved from /home/airflow/.local/lib/python3.12/site-packages/airflow/example_dags/example_params_ui_tutorial.py
[2026-05-09T18:23:23.616+0000] {logging_mixin.py:188} INFO - [2026-05-09T18:23:23.616+0000] {dag.py:3089} INFO - Sync 1 DAGs
[2026-05-09T18:23:23.762+0000] {logging_mixin.py:188} INFO - [2026-05-09T18:23:23.762+0000] {dag.py:3947} INFO - Setting next_dagrun for example_params_ui_tutorial to None, run_after=None
[2026-05-09T18:23:23.775+0000] {processor.py:183} INFO - Processing /home/airflow/.local/lib/python3.12/site-packages/airflow/example_dags/example_params_ui_tutorial.py took 0.208 seconds
[2026-05-09T18:23:53.840+0000] {processor.py:161} INFO - Started process (PID=1827) to work on /home/airflow/.local/lib/python3.12/site-packages/airflow/example_dags/example_params_ui_tutorial.py
[2026-05-09T18:23:53.840+0000] {processor.py:830} INFO - Processing file /home/airflow/.local/lib/python3.12/site-packages/airflow/example_dags/example_params_ui_tutorial.py for tasks to queue
[2026-05-09T18:23:53.842+0000] {logging_mixin.py:188} INFO - [2026-05-09T18:23:53.842+0000] {dagbag.py:545} INFO - Filling up the DagBag from /home/airflow/.local/lib/python3.12/site-packages/airflow/example_dags/example_params_ui_tutorial.py
[2026-05-09T18:23:53.847+0000] {processor.py:840} INFO - DAG(s) 'example_params_ui_tutorial' retrieved from /home/airflow/.local/lib/python3.12/site-packages/airflow/example_dags/example_params_ui_tutorial.py
[2026-05-09T18:23:53.881+0000] {logging_mixin.py:188} INFO - [2026-05-09T18:23:53.881+0000] {dag.py:3089} INFO - Sync 1 DAGs
[2026-05-09T18:23:53.890+0000] {logging_mixin.py:188} INFO - [2026-05-09T18:23:53.890+0000] {dag.py:3947} INFO - Setting next_dagrun for example_params_ui_tutorial to None, run_after=None
[2026-05-09T18:23:53.903+0000] {processor.py:183} INFO - Processing /home/airflow/.local/lib/python3.12/site-packages/airflow/example_dags/example_params_ui_tutorial.py took 0.069 seconds
[2026-05-09T18:24:25.149+0000] {processor.py:161} INFO - Started process (PID=1887) to work on /home/airflow/.local/lib/python3.12/site-packages/airflow/example_dags/example_params_ui_tutorial.py
[2026-05-09T18:24:25.150+0000] {processor.py:830} INFO - Processing file /home/airflow/.local/lib/python3.12/site-packages/airflow/example_dags/example_params_ui_tutorial.py for tasks to queue
[2026-05-09T18:24:25.152+0000] {logging_mixin.py:188} INFO - [2026-05-09T18:24:25.152+0000] {dagbag.py:545} INFO - Filling up the DagBag from /home/airflow/.local/lib/python3.12/site-packages/airflow/example_dags/example_params_ui_tutorial.py
[2026-05-09T18:24:25.160+0000] {processor.py:840} INFO - DAG(s) 'example_params_ui_tutorial' retrieved from /home/airflow/.local/lib/python3.12/site-packages/airflow/example_dags/example_params_ui_tutorial.py
[2026-05-09T18:24:25.199+0000] {logging_mixin.py:188} INFO - [2026-05-09T18:24:25.199+0000] {dag.py:3089} INFO - Sync 1 DAGs
[2026-05-09T18:24:25.209+0000] {logging_mixin.py:188} INFO - [2026-05-09T18:24:25.209+0000] {dag.py:3947} INFO - Setting next_dagrun for example_params_ui_tutorial to None, run_after=None
[2026-05-09T18:24:25.225+0000] {processor.py:183} INFO - Processing /home/airflow/.local/lib/python3.12/site-packages/airflow/example_dags/example_params_ui_tutorial.py took 0.082 seconds
[2026-05-09T18:24:56.028+0000] {processor.py:161} INFO - Started process (PID=1947) to work on /home/airflow/.local/lib/python3.12/site-packages/airflow/example_dags/example_params_ui_tutorial.py
[2026-05-09T18:24:56.029+0000] {processor.py:830} INFO - Processing file /home/airflow/.local/lib/python3.12/site-packages/airflow/example_dags/example_params_ui_tutorial.py for tasks to queue
[2026-05-09T18:24:56.030+0000] {logging_mixin.py:188} INFO - [2026-05-09T18:24:56.030+0000] {dagbag.py:545} INFO - Filling up the DagBag from /home/airflow/.local/lib/python3.12/site-packages/airflow/example_dags/example_params_ui_tutorial.py
[2026-05-09T18:24:56.035+0000] {processor.py:840} INFO - DAG(s) 'example_params_ui_tutorial' retrieved from /home/airflow/.local/lib/python3.12/site-packages/airflow/example_dags/example_params_ui_tutorial.py
[2026-05-09T18:24:56.067+0000] {logging_mixin.py:188} INFO - [2026-05-09T18:24:56.067+0000] {dag.py:3089} INFO - Sync 1 DAGs
[2026-05-09T18:24:56.076+0000] {logging_mixin.py:188} INFO - [2026-05-09T18:24:56.075+0000] {dag.py:3947} INFO - Setting next_dagrun for example_params_ui_tutorial to None, run_after=None
[2026-05-09T18:24:56.088+0000] {processor.py:183} INFO - Processing /home/airflow/.local/lib/python3.12/site-packages/airflow/example_dags/example_params_ui_tutorial.py took 0.067 seconds
[2026-05-09T18:25:26.539+0000] {processor.py:161} INFO - Started process (PID=2007) to work on /home/airflow/.local/lib/python3.12/site-packages/airflow/example_dags/example_params_ui_tutorial.py
[2026-05-09T18:25:26.540+0000] {processor.py:830} INFO - Processing file /home/airflow/.local/lib/python3.12/site-packages/airflow/example_dags/example_params_ui_tutorial.py for tasks to queue
[2026-05-09T18:25:26.542+0000] {logging_mixin.py:188} INFO - [2026-05-09T18:25:26.542+0000] {dagbag.py:545} INFO - Filling up the DagBag from /home/airflow/.local/lib/python3.12/site-packages/airflow/example_dags/example_params_ui_tutorial.py
[2026-05-09T18:25:26.548+0000] {processor.py:840} INFO - DAG(s) 'example_params_ui_tutorial' retrieved from /home/airflow/.local/lib/python3.12/site-packages/airflow/example_dags/example_params_ui_tutorial.py
[2026-05-09T18:25:26.582+0000] {logging_mixin.py:188} INFO - [2026-05-09T18:25:26.582+0000] {dag.py:3089} INFO - Sync 1 DAGs
[2026-05-09T18:25:26.591+0000] {logging_mixin.py:188} INFO - [2026-05-09T18:25:26.591+0000] {dag.py:3947} INFO - Setting next_dagrun for example_params_ui_tutorial to None, run_after=None
[2026-05-09T18:25:26.605+0000] {processor.py:183} INFO - Processing /home/airflow/.local/lib/python3.12/site-packages/airflow/example_dags/example_params_ui_tutorial.py took 0.071 seconds
[2026-05-09T18:25:57.356+0000] {processor.py:161} INFO - Started process (PID=2067) to work on /home/airflow/.local/lib/python3.12/site-packages/airflow/example_dags/example_params_ui_tutorial.py
[2026-05-09T18:25:57.357+0000] {processor.py:830} INFO - Processing file /home/airflow/.local/lib/python3.12/site-packages/airflow/example_dags/example_params_ui_tutorial.py for tasks to queue
[2026-05-09T18:25:57.358+0000] {logging_mixin.py:188} INFO - [2026-05-09T18:25:57.358+0000] {dagbag.py:545} INFO - Filling up the DagBag from /home/airflow/.local/lib/python3.12/site-packages/airflow/example_dags/example_params_ui_tutorial.py
[2026-05-09T18:25:57.364+0000] {processor.py:840} INFO - DAG(s) 'example_params_ui_tutorial' retrieved from /home/airflow/.local/lib/python3.12/site-packages/airflow/example_dags/example_params_ui_tutorial.py
[2026-05-09T18:25:57.400+0000] {logging_mixin.py:188} INFO - [2026-05-09T18:25:57.400+0000] {dag.py:3089} INFO - Sync 1 DAGs
[2026-05-09T18:25:57.409+0000] {logging_mixin.py:188} INFO - [2026-05-09T18:25:57.409+0000] {dag.py:3947} INFO - Setting next_dagrun for example_params_ui_tutorial to None, run_after=None
[2026-05-09T18:25:57.423+0000] {processor.py:183} INFO - Processing /home/airflow/.local/lib/python3.12/site-packages/airflow/example_dags/example_params_ui_tutorial.py took 0.073 seconds
[2026-05-09T18:26:28.137+0000] {processor.py:161} INFO - Started process (PID=2126) to work on /home/airflow/.local/lib/python3.12/site-packages/airflow/example_dags/example_params_ui_tutorial.py
[2026-05-09T18:26:28.138+0000] {processor.py:830} INFO - Processing file /home/airflow/.local/lib/python3.12/site-packages/airflow/example_dags/example_params_ui_tutorial.py for tasks to queue
[2026-05-09T18:26:28.138+0000] {logging_mixin.py:188} INFO - [2026-05-09T18:26:28.138+0000] {dagbag.py:545} INFO - Filling up the DagBag from /home/airflow/.local/lib/python3.12/site-packages/airflow/example_dags/example_params_ui_tutorial.py
[2026-05-09T18:26:28.144+0000] {processor.py:840} INFO - DAG(s) 'example_params_ui_tutorial' retrieved from /home/airflow/.local/lib/python3.12/site-packages/airflow/example_dags/example_params_ui_tutorial.py
[2026-05-09T18:26:28.184+0000] {logging_mixin.py:188} INFO - [2026-05-09T18:26:28.184+0000] {dag.py:3089} INFO - Sync 1 DAGs
[2026-05-09T18:26:28.194+0000] {logging_mixin.py:188} INFO - [2026-05-09T18:26:28.194+0000] {dag.py:3947} INFO - Setting next_dagrun for example_params_ui_tutorial to None, run_after=None
[2026-05-09T18:26:28.208+0000] {processor.py:183} INFO - Processing /home/airflow/.local/lib/python3.12/site-packages/airflow/example_dags/example_params_ui_tutorial.py took 0.078 seconds
[2026-05-09T18:26:58.650+0000] {processor.py:161} INFO - Started process (PID=2185) to work on /home/airflow/.local/lib/python3.12/site-packages/airflow/example_dags/example_params_ui_tutorial.py
[2026-05-09T18:26:58.651+0000] {processor.py:830} INFO - Processing file /home/airflow/.local/lib/python3.12/site-packages/airflow/example_dags/example_params_ui_tutorial.py for tasks to queue
[2026-05-09T18:26:58.656+0000] {logging_mixin.py:188} INFO - [2026-05-09T18:26:58.656+0000] {dagbag.py:545} INFO - Filling up the DagBag from /home/airflow/.local/lib/python3.12/site-packages/airflow/example_dags/example_params_ui_tutorial.py
[2026-05-09T18:26:58.662+0000] {processor.py:840} INFO - DAG(s) 'example_params_ui_tutorial' retrieved from /home/airflow/.local/lib/python3.12/site-packages/airflow/example_dags/example_params_ui_tutorial.py
[2026-05-09T18:26:58.700+0000] {logging_mixin.py:188} INFO - [2026-05-09T18:26:58.700+0000] {dag.py:3089} INFO - Sync 1 DAGs
[2026-05-09T18:26:58.709+0000] {logging_mixin.py:188} INFO - [2026-05-09T18:26:58.709+0000] {dag.py:3947} INFO - Setting next_dagrun for example_params_ui_tutorial to None, run_after=None
[2026-05-09T18:26:58.723+0000] {processor.py:183} INFO - Processing /home/airflow/.local/lib/python3.12/site-packages/airflow/example_dags/example_params_ui_tutorial.py took 0.079 seconds
[2026-05-09T18:27:58.048+0000] {processor.py:161} INFO - Started process (PID=84) to work on /home/airflow/.local/lib/python3.12/site-packages/airflow/example_dags/example_params_ui_tutorial.py
[2026-05-09T18:27:58.049+0000] {processor.py:830} INFO - Processing file /home/airflow/.local/lib/python3.12/site-packages/airflow/example_dags/example_params_ui_tutorial.py for tasks to queue
[2026-05-09T18:27:58.051+0000] {logging_mixin.py:188} INFO - [2026-05-09T18:27:58.051+0000] {dagbag.py:545} INFO - Filling up the DagBag from /home/airflow/.local/lib/python3.12/site-packages/airflow/example_dags/example_params_ui_tutorial.py
[2026-05-09T18:27:58.059+0000] {processor.py:840} INFO - DAG(s) 'example_params_ui_tutorial' retrieved from /home/airflow/.local/lib/python3.12/site-packages/airflow/example_dags/example_params_ui_tutorial.py
[2026-05-09T18:27:58.071+0000] {logging_mixin.py:188} INFO - [2026-05-09T18:27:58.070+0000] {dag.py:3089} INFO - Sync 1 DAGs
[2026-05-09T18:27:58.082+0000] {logging_mixin.py:188} INFO - [2026-05-09T18:27:58.082+0000] {dag.py:3947} INFO - Setting next_dagrun for example_params_ui_tutorial to None, run_after=None
[2026-05-09T18:27:58.097+0000] {processor.py:183} INFO - Processing /home/airflow/.local/lib/python3.12/site-packages/airflow/example_dags/example_params_ui_tutorial.py took 0.054 seconds
[2026-05-09T18:28:29.943+0000] {processor.py:161} INFO - Started process (PID=143) to work on /home/airflow/.local/lib/python3.12/site-packages/airflow/example_dags/example_params_ui_tutorial.py
[2026-05-09T18:28:29.944+0000] {processor.py:830} INFO - Processing file /home/airflow/.local/lib/python3.12/site-packages/airflow/example_dags/example_params_ui_tutorial.py for tasks to queue
[2026-05-09T18:28:29.945+0000] {logging_mixin.py:188} INFO - [2026-05-09T18:28:29.945+0000] {dagbag.py:545} INFO - Filling up the DagBag from /home/airflow/.local/lib/python3.12/site-packages/airflow/example_dags/example_params_ui_tutorial.py
[2026-05-09T18:28:29.951+0000] {processor.py:840} INFO - DAG(s) 'example_params_ui_tutorial' retrieved from /home/airflow/.local/lib/python3.12/site-packages/airflow/example_dags/example_params_ui_tutorial.py
[2026-05-09T18:28:30.050+0000] {logging_mixin.py:188} INFO - [2026-05-09T18:28:30.050+0000] {dag.py:3089} INFO - Sync 1 DAGs
[2026-05-09T18:28:30.058+0000] {logging_mixin.py:188} INFO - [2026-05-09T18:28:30.058+0000] {dag.py:3947} INFO - Setting next_dagrun for example_params_ui_tutorial to None, run_after=None
[2026-05-09T18:28:30.072+0000] {processor.py:183} INFO - Processing /home/airflow/.local/lib/python3.12/site-packages/airflow/example_dags/example_params_ui_tutorial.py took 0.136 seconds
[2026-05-09T18:29:00.806+0000] {processor.py:161} INFO - Started process (PID=204) to work on /home/airflow/.local/lib/python3.12/site-packages/airflow/example_dags/example_params_ui_tutorial.py
[2026-05-09T18:29:00.807+0000] {processor.py:830} INFO - Processing file /home/airflow/.local/lib/python3.12/site-packages/airflow/example_dags/example_params_ui_tutorial.py for tasks to queue
[2026-05-09T18:29:00.810+0000] {logging_mixin.py:188} INFO - [2026-05-09T18:29:00.809+0000] {dagbag.py:545} INFO - Filling up the DagBag from /home/airflow/.local/lib/python3.12/site-packages/airflow/example_dags/example_params_ui_tutorial.py
[2026-05-09T18:29:00.816+0000] {processor.py:840} INFO - DAG(s) 'example_params_ui_tutorial' retrieved from /home/airflow/.local/lib/python3.12/site-packages/airflow/example_dags/example_params_ui_tutorial.py
[2026-05-09T18:29:00.857+0000] {logging_mixin.py:188} INFO - [2026-05-09T18:29:00.857+0000] {dag.py:3089} INFO - Sync 1 DAGs
[2026-05-09T18:29:00.869+0000] {logging_mixin.py:188} INFO - [2026-05-09T18:29:00.868+0000] {dag.py:3947} INFO - Setting next_dagrun for example_params_ui_tutorial to None, run_after=None
[2026-05-09T18:29:00.888+0000] {processor.py:183} INFO - Processing /home/airflow/.local/lib/python3.12/site-packages/airflow/example_dags/example_params_ui_tutorial.py took 0.090 seconds
[2026-05-09T18:30:23.314+0000] {processor.py:161} INFO - Started process (PID=90) to work on /home/airflow/.local/lib/python3.12/site-packages/airflow/example_dags/example_params_ui_tutorial.py
[2026-05-09T18:30:23.315+0000] {processor.py:830} INFO - Processing file /home/airflow/.local/lib/python3.12/site-packages/airflow/example_dags/example_params_ui_tutorial.py for tasks to queue
[2026-05-09T18:30:23.318+0000] {logging_mixin.py:188} INFO - [2026-05-09T18:30:23.317+0000] {dagbag.py:545} INFO - Filling up the DagBag from /home/airflow/.local/lib/python3.12/site-packages/airflow/example_dags/example_params_ui_tutorial.py
[2026-05-09T18:30:23.329+0000] {processor.py:840} INFO - DAG(s) 'example_params_ui_tutorial' retrieved from /home/airflow/.local/lib/python3.12/site-packages/airflow/example_dags/example_params_ui_tutorial.py
[2026-05-09T18:30:23.343+0000] {logging_mixin.py:188} INFO - [2026-05-09T18:30:23.342+0000] {dag.py:3089} INFO - Sync 1 DAGs
[2026-05-09T18:30:23.355+0000] {logging_mixin.py:188} INFO - [2026-05-09T18:30:23.355+0000] {dag.py:3947} INFO - Setting next_dagrun for example_params_ui_tutorial to None, run_after=None
[2026-05-09T18:30:23.372+0000] {processor.py:183} INFO - Processing /home/airflow/.local/lib/python3.12/site-packages/airflow/example_dags/example_params_ui_tutorial.py took 0.065 seconds
[2026-05-09T18:30:54.463+0000] {processor.py:161} INFO - Started process (PID=149) to work on /home/airflow/.local/lib/python3.12/site-packages/airflow/example_dags/example_params_ui_tutorial.py
[2026-05-09T18:30:54.464+0000] {processor.py:830} INFO - Processing file /home/airflow/.local/lib/python3.12/site-packages/airflow/example_dags/example_params_ui_tutorial.py for tasks to queue
[2026-05-09T18:30:54.466+0000] {logging_mixin.py:188} INFO - [2026-05-09T18:30:54.465+0000] {dagbag.py:545} INFO - Filling up the DagBag from /home/airflow/.local/lib/python3.12/site-packages/airflow/example_dags/example_params_ui_tutorial.py
[2026-05-09T18:30:54.472+0000] {processor.py:840} INFO - DAG(s) 'example_params_ui_tutorial' retrieved from /home/airflow/.local/lib/python3.12/site-packages/airflow/example_dags/example_params_ui_tutorial.py
[2026-05-09T18:30:54.576+0000] {logging_mixin.py:188} INFO - [2026-05-09T18:30:54.576+0000] {dag.py:3089} INFO - Sync 1 DAGs
[2026-05-09T18:30:54.584+0000] {logging_mixin.py:188} INFO - [2026-05-09T18:30:54.584+0000] {dag.py:3947} INFO - Setting next_dagrun for example_params_ui_tutorial to None, run_after=None
[2026-05-09T18:30:54.597+0000] {processor.py:183} INFO - Processing /home/airflow/.local/lib/python3.12/site-packages/airflow/example_dags/example_params_ui_tutorial.py took 0.140 seconds
[2026-05-09T18:31:24.984+0000] {processor.py:161} INFO - Started process (PID=208) to work on /home/airflow/.local/lib/python3.12/site-packages/airflow/example_dags/example_params_ui_tutorial.py
[2026-05-09T18:31:24.985+0000] {processor.py:830} INFO - Processing file /home/airflow/.local/lib/python3.12/site-packages/airflow/example_dags/example_params_ui_tutorial.py for tasks to queue
[2026-05-09T18:31:24.987+0000] {logging_mixin.py:188} INFO - [2026-05-09T18:31:24.986+0000] {dagbag.py:545} INFO - Filling up the DagBag from /home/airflow/.local/lib/python3.12/site-packages/airflow/example_dags/example_params_ui_tutorial.py
[2026-05-09T18:31:24.992+0000] {processor.py:840} INFO - DAG(s) 'example_params_ui_tutorial' retrieved from /home/airflow/.local/lib/python3.12/site-packages/airflow/example_dags/example_params_ui_tutorial.py
[2026-05-09T18:31:25.027+0000] {logging_mixin.py:188} INFO - [2026-05-09T18:31:25.027+0000] {dag.py:3089} INFO - Sync 1 DAGs
[2026-05-09T18:31:25.037+0000] {logging_mixin.py:188} INFO - [2026-05-09T18:31:25.037+0000] {dag.py:3947} INFO - Setting next_dagrun for example_params_ui_tutorial to None, run_after=None
[2026-05-09T18:31:25.053+0000] {processor.py:183} INFO - Processing /home/airflow/.local/lib/python3.12/site-packages/airflow/example_dags/example_params_ui_tutorial.py took 0.075 seconds
[2026-05-09T18:31:55.954+0000] {processor.py:161} INFO - Started process (PID=267) to work on /home/airflow/.local/lib/python3.12/site-packages/airflow/example_dags/example_params_ui_tutorial.py
[2026-05-09T18:31:55.955+0000] {processor.py:830} INFO - Processing file /home/airflow/.local/lib/python3.12/site-packages/airflow/example_dags/example_params_ui_tutorial.py for tasks to queue
[2026-05-09T18:31:55.957+0000] {logging_mixin.py:188} INFO - [2026-05-09T18:31:55.957+0000] {dagbag.py:545} INFO - Filling up the DagBag from /home/airflow/.local/lib/python3.12/site-packages/airflow/example_dags/example_params_ui_tutorial.py
[2026-05-09T18:31:55.964+0000] {processor.py:840} INFO - DAG(s) 'example_params_ui_tutorial' retrieved from /home/airflow/.local/lib/python3.12/site-packages/airflow/example_dags/example_params_ui_tutorial.py
[2026-05-09T18:31:55.999+0000] {logging_mixin.py:188} INFO - [2026-05-09T18:31:55.999+0000] {dag.py:3089} INFO - Sync 1 DAGs
[2026-05-09T18:31:56.008+0000] {logging_mixin.py:188} INFO - [2026-05-09T18:31:56.008+0000] {dag.py:3947} INFO - Setting next_dagrun for example_params_ui_tutorial to None, run_after=None
[2026-05-09T18:31:56.021+0000] {processor.py:183} INFO - Processing /home/airflow/.local/lib/python3.12/site-packages/airflow/example_dags/example_params_ui_tutorial.py took 0.074 seconds
[2026-05-09T18:32:26.745+0000] {processor.py:161} INFO - Started process (PID=326) to work on /home/airflow/.local/lib/python3.12/site-packages/airflow/example_dags/example_params_ui_tutorial.py
[2026-05-09T18:32:26.746+0000] {processor.py:830} INFO - Processing file /home/airflow/.local/lib/python3.12/site-packages/airflow/example_dags/example_params_ui_tutorial.py for tasks to queue
[2026-05-09T18:32:26.748+0000] {logging_mixin.py:188} INFO - [2026-05-09T18:32:26.747+0000] {dagbag.py:545} INFO - Filling up the DagBag from /home/airflow/.local/lib/python3.12/site-packages/airflow/example_dags/example_params_ui_tutorial.py
[2026-05-09T18:32:26.754+0000] {processor.py:840} INFO - DAG(s) 'example_params_ui_tutorial' retrieved from /home/airflow/.local/lib/python3.12/site-packages/airflow/example_dags/example_params_ui_tutorial.py
[2026-05-09T18:32:26.791+0000] {logging_mixin.py:188} INFO - [2026-05-09T18:32:26.791+0000] {dag.py:3089} INFO - Sync 1 DAGs
[2026-05-09T18:32:26.802+0000] {logging_mixin.py:188} INFO - [2026-05-09T18:32:26.801+0000] {dag.py:3947} INFO - Setting next_dagrun for example_params_ui_tutorial to None, run_after=None
[2026-05-09T18:32:26.816+0000] {processor.py:183} INFO - Processing /home/airflow/.local/lib/python3.12/site-packages/airflow/example_dags/example_params_ui_tutorial.py took 0.076 seconds
[2026-05-09T18:32:57.559+0000] {processor.py:161} INFO - Started process (PID=385) to work on /home/airflow/.local/lib/python3.12/site-packages/airflow/example_dags/example_params_ui_tutorial.py
[2026-05-09T18:32:57.559+0000] {processor.py:830} INFO - Processing file /home/airflow/.local/lib/python3.12/site-packages/airflow/example_dags/example_params_ui_tutorial.py for tasks to queue
[2026-05-09T18:32:57.561+0000] {logging_mixin.py:188} INFO - [2026-05-09T18:32:57.561+0000] {dagbag.py:545} INFO - Filling up the DagBag from /home/airflow/.local/lib/python3.12/site-packages/airflow/example_dags/example_params_ui_tutorial.py
[2026-05-09T18:32:57.567+0000] {processor.py:840} INFO - DAG(s) 'example_params_ui_tutorial' retrieved from /home/airflow/.local/lib/python3.12/site-packages/airflow/example_dags/example_params_ui_tutorial.py
[2026-05-09T18:32:57.605+0000] {logging_mixin.py:188} INFO - [2026-05-09T18:32:57.605+0000] {dag.py:3089} INFO - Sync 1 DAGs
[2026-05-09T18:32:57.615+0000] {logging_mixin.py:188} INFO - [2026-05-09T18:32:57.615+0000] {dag.py:3947} INFO - Setting next_dagrun for example_params_ui_tutorial to None, run_after=None
[2026-05-09T18:32:57.630+0000] {processor.py:183} INFO - Processing /home/airflow/.local/lib/python3.12/site-packages/airflow/example_dags/example_params_ui_tutorial.py took 0.077 seconds
[2026-05-09T18:33:28.316+0000] {processor.py:161} INFO - Started process (PID=444) to work on /home/airflow/.local/lib/python3.12/site-packages/airflow/example_dags/example_params_ui_tutorial.py
[2026-05-09T18:33:28.317+0000] {processor.py:830} INFO - Processing file /home/airflow/.local/lib/python3.12/site-packages/airflow/example_dags/example_params_ui_tutorial.py for tasks to queue
[2026-05-09T18:33:28.319+0000] {logging_mixin.py:188} INFO - [2026-05-09T18:33:28.318+0000] {dagbag.py:545} INFO - Filling up the DagBag from /home/airflow/.local/lib/python3.12/site-packages/airflow/example_dags/example_params_ui_tutorial.py
[2026-05-09T18:33:28.325+0000] {processor.py:840} INFO - DAG(s) 'example_params_ui_tutorial' retrieved from /home/airflow/.local/lib/python3.12/site-packages/airflow/example_dags/example_params_ui_tutorial.py
[2026-05-09T18:33:28.362+0000] {logging_mixin.py:188} INFO - [2026-05-09T18:33:28.361+0000] {dag.py:3089} INFO - Sync 1 DAGs
[2026-05-09T18:33:28.372+0000] {logging_mixin.py:188} INFO - [2026-05-09T18:33:28.371+0000] {dag.py:3947} INFO - Setting next_dagrun for example_params_ui_tutorial to None, run_after=None
[2026-05-09T18:33:28.385+0000] {processor.py:183} INFO - Processing /home/airflow/.local/lib/python3.12/site-packages/airflow/example_dags/example_params_ui_tutorial.py took 0.077 seconds
[2026-05-09T18:33:59.508+0000] {processor.py:161} INFO - Started process (PID=503) to work on /home/airflow/.local/lib/python3.12/site-packages/airflow/example_dags/example_params_ui_tutorial.py
[2026-05-09T18:33:59.509+0000] {processor.py:830} INFO - Processing file /home/airflow/.local/lib/python3.12/site-packages/airflow/example_dags/example_params_ui_tutorial.py for tasks to queue
[2026-05-09T18:33:59.510+0000] {logging_mixin.py:188} INFO - [2026-05-09T18:33:59.510+0000] {dagbag.py:545} INFO - Filling up the DagBag from /home/airflow/.local/lib/python3.12/site-packages/airflow/example_dags/example_params_ui_tutorial.py
[2026-05-09T18:33:59.516+0000] {processor.py:840} INFO - DAG(s) 'example_params_ui_tutorial' retrieved from /home/airflow/.local/lib/python3.12/site-packages/airflow/example_dags/example_params_ui_tutorial.py
[2026-05-09T18:33:59.550+0000] {logging_mixin.py:188} INFO - [2026-05-09T18:33:59.550+0000] {dag.py:3089} INFO - Sync 1 DAGs
[2026-05-09T18:33:59.560+0000] {logging_mixin.py:188} INFO - [2026-05-09T18:33:59.559+0000] {dag.py:3947} INFO - Setting next_dagrun for example_params_ui_tutorial to None, run_after=None
[2026-05-09T18:33:59.572+0000] {processor.py:183} INFO - Processing /home/airflow/.local/lib/python3.12/site-packages/airflow/example_dags/example_params_ui_tutorial.py took 0.070 seconds
[2026-05-09T18:34:30.580+0000] {processor.py:161} INFO - Started process (PID=562) to work on /home/airflow/.local/lib/python3.12/site-packages/airflow/example_dags/example_params_ui_tutorial.py
[2026-05-09T18:34:30.581+0000] {processor.py:830} INFO - Processing file /home/airflow/.local/lib/python3.12/site-packages/airflow/example_dags/example_params_ui_tutorial.py for tasks to queue
[2026-05-09T18:34:30.582+0000] {logging_mixin.py:188} INFO - [2026-05-09T18:34:30.582+0000] {dagbag.py:545} INFO - Filling up the DagBag from /home/airflow/.local/lib/python3.12/site-packages/airflow/example_dags/example_params_ui_tutorial.py
[2026-05-09T18:34:30.588+0000] {processor.py:840} INFO - DAG(s) 'example_params_ui_tutorial' retrieved from /home/airflow/.local/lib/python3.12/site-packages/airflow/example_dags/example_params_ui_tutorial.py
[2026-05-09T18:34:30.625+0000] {logging_mixin.py:188} INFO - [2026-05-09T18:34:30.625+0000] {dag.py:3089} INFO - Sync 1 DAGs
[2026-05-09T18:34:30.634+0000] {logging_mixin.py:188} INFO - [2026-05-09T18:34:30.634+0000] {dag.py:3947} INFO - Setting next_dagrun for example_params_ui_tutorial to None, run_after=None
[2026-05-09T18:34:30.648+0000] {processor.py:183} INFO - Processing /home/airflow/.local/lib/python3.12/site-packages/airflow/example_dags/example_params_ui_tutorial.py took 0.073 seconds
[2026-05-09T18:35:01.780+0000] {processor.py:161} INFO - Started process (PID=621) to work on /home/airflow/.local/lib/python3.12/site-packages/airflow/example_dags/example_params_ui_tutorial.py
[2026-05-09T18:35:01.781+0000] {processor.py:830} INFO - Processing file /home/airflow/.local/lib/python3.12/site-packages/airflow/example_dags/example_params_ui_tutorial.py for tasks to queue
[2026-05-09T18:35:01.782+0000] {logging_mixin.py:188} INFO - [2026-05-09T18:35:01.782+0000] {dagbag.py:545} INFO - Filling up the DagBag from /home/airflow/.local/lib/python3.12/site-packages/airflow/example_dags/example_params_ui_tutorial.py
[2026-05-09T18:35:01.788+0000] {processor.py:840} INFO - DAG(s) 'example_params_ui_tutorial' retrieved from /home/airflow/.local/lib/python3.12/site-packages/airflow/example_dags/example_params_ui_tutorial.py
[2026-05-09T18:35:01.825+0000] {logging_mixin.py:188} INFO - [2026-05-09T18:35:01.824+0000] {dag.py:3089} INFO - Sync 1 DAGs
[2026-05-09T18:35:01.836+0000] {logging_mixin.py:188} INFO - [2026-05-09T18:35:01.835+0000] {dag.py:3947} INFO - Setting next_dagrun for example_params_ui_tutorial to None, run_after=None
[2026-05-09T18:35:01.855+0000] {processor.py:183} INFO - Processing /home/airflow/.local/lib/python3.12/site-packages/airflow/example_dags/example_params_ui_tutorial.py took 0.082 seconds
[2026-05-09T18:35:33.136+0000] {processor.py:161} INFO - Started process (PID=680) to work on /home/airflow/.local/lib/python3.12/site-packages/airflow/example_dags/example_params_ui_tutorial.py
[2026-05-09T18:35:33.137+0000] {processor.py:830} INFO - Processing file /home/airflow/.local/lib/python3.12/site-packages/airflow/example_dags/example_params_ui_tutorial.py for tasks to queue
[2026-05-09T18:35:33.138+0000] {logging_mixin.py:188} INFO - [2026-05-09T18:35:33.138+0000] {dagbag.py:545} INFO - Filling up the DagBag from /home/airflow/.local/lib/python3.12/site-packages/airflow/example_dags/example_params_ui_tutorial.py
[2026-05-09T18:35:33.144+0000] {processor.py:840} INFO - DAG(s) 'example_params_ui_tutorial' retrieved from /home/airflow/.local/lib/python3.12/site-packages/airflow/example_dags/example_params_ui_tutorial.py
[2026-05-09T18:35:33.178+0000] {logging_mixin.py:188} INFO - [2026-05-09T18:35:33.177+0000] {dag.py:3089} INFO - Sync 1 DAGs
[2026-05-09T18:35:33.186+0000] {logging_mixin.py:188} INFO - [2026-05-09T18:35:33.186+0000] {dag.py:3947} INFO - Setting next_dagrun for example_params_ui_tutorial to None, run_after=None
[2026-05-09T18:35:33.199+0000] {processor.py:183} INFO - Processing /home/airflow/.local/lib/python3.12/site-packages/airflow/example_dags/example_params_ui_tutorial.py took 0.068 seconds
[2026-05-09T18:36:04.326+0000] {processor.py:161} INFO - Started process (PID=739) to work on /home/airflow/.local/lib/python3.12/site-packages/airflow/example_dags/example_params_ui_tutorial.py
[2026-05-09T18:36:04.327+0000] {processor.py:830} INFO - Processing file /home/airflow/.local/lib/python3.12/site-packages/airflow/example_dags/example_params_ui_tutorial.py for tasks to queue
[2026-05-09T18:36:04.329+0000] {logging_mixin.py:188} INFO - [2026-05-09T18:36:04.329+0000] {dagbag.py:545} INFO - Filling up the DagBag from /home/airflow/.local/lib/python3.12/site-packages/airflow/example_dags/example_params_ui_tutorial.py
[2026-05-09T18:36:04.336+0000] {processor.py:840} INFO - DAG(s) 'example_params_ui_tutorial' retrieved from /home/airflow/.local/lib/python3.12/site-packages/airflow/example_dags/example_params_ui_tutorial.py
[2026-05-09T18:36:04.375+0000] {logging_mixin.py:188} INFO - [2026-05-09T18:36:04.374+0000] {dag.py:3089} INFO - Sync 1 DAGs
[2026-05-09T18:36:04.384+0000] {logging_mixin.py:188} INFO - [2026-05-09T18:36:04.384+0000] {dag.py:3947} INFO - Setting next_dagrun for example_params_ui_tutorial to None, run_after=None
[2026-05-09T18:36:04.398+0000] {processor.py:183} INFO - Processing /home/airflow/.local/lib/python3.12/site-packages/airflow/example_dags/example_params_ui_tutorial.py took 0.078 seconds
[2026-05-09T18:36:35.604+0000] {processor.py:161} INFO - Started process (PID=798) to work on /home/airflow/.local/lib/python3.12/site-packages/airflow/example_dags/example_params_ui_tutorial.py
[2026-05-09T18:36:35.605+0000] {processor.py:830} INFO - Processing file /home/airflow/.local/lib/python3.12/site-packages/airflow/example_dags/example_params_ui_tutorial.py for tasks to queue
[2026-05-09T18:36:35.607+0000] {logging_mixin.py:188} INFO - [2026-05-09T18:36:35.607+0000] {dagbag.py:545} INFO - Filling up the DagBag from /home/airflow/.local/lib/python3.12/site-packages/airflow/example_dags/example_params_ui_tutorial.py
[2026-05-09T18:36:35.613+0000] {processor.py:840} INFO - DAG(s) 'example_params_ui_tutorial' retrieved from /home/airflow/.local/lib/python3.12/site-packages/airflow/example_dags/example_params_ui_tutorial.py
[2026-05-09T18:36:35.652+0000] {logging_mixin.py:188} INFO - [2026-05-09T18:36:35.651+0000] {dag.py:3089} INFO - Sync 1 DAGs
[2026-05-09T18:36:35.661+0000] {logging_mixin.py:188} INFO - [2026-05-09T18:36:35.661+0000] {dag.py:3947} INFO - Setting next_dagrun for example_params_ui_tutorial to None, run_after=None
[2026-05-09T18:36:35.677+0000] {processor.py:183} INFO - Processing /home/airflow/.local/lib/python3.12/site-packages/airflow/example_dags/example_params_ui_tutorial.py took 0.079 seconds
[2026-05-09T18:37:06.093+0000] {processor.py:161} INFO - Started process (PID=857) to work on /home/airflow/.local/lib/python3.12/site-packages/airflow/example_dags/example_params_ui_tutorial.py
[2026-05-09T18:37:06.094+0000] {processor.py:830} INFO - Processing file /home/airflow/.local/lib/python3.12/site-packages/airflow/example_dags/example_params_ui_tutorial.py for tasks to queue
[2026-05-09T18:37:06.096+0000] {logging_mixin.py:188} INFO - [2026-05-09T18:37:06.095+0000] {dagbag.py:545} INFO - Filling up the DagBag from /home/airflow/.local/lib/python3.12/site-packages/airflow/example_dags/example_params_ui_tutorial.py
[2026-05-09T18:37:06.101+0000] {processor.py:840} INFO - DAG(s) 'example_params_ui_tutorial' retrieved from /home/airflow/.local/lib/python3.12/site-packages/airflow/example_dags/example_params_ui_tutorial.py
[2026-05-09T18:37:06.140+0000] {logging_mixin.py:188} INFO - [2026-05-09T18:37:06.140+0000] {dag.py:3089} INFO - Sync 1 DAGs
[2026-05-09T18:37:06.150+0000] {logging_mixin.py:188} INFO - [2026-05-09T18:37:06.149+0000] {dag.py:3947} INFO - Setting next_dagrun for example_params_ui_tutorial to None, run_after=None
[2026-05-09T18:37:06.164+0000] {processor.py:183} INFO - Processing /home/airflow/.local/lib/python3.12/site-packages/airflow/example_dags/example_params_ui_tutorial.py took 0.076 seconds
[2026-05-09T18:37:37.578+0000] {processor.py:161} INFO - Started process (PID=916) to work on /home/airflow/.local/lib/python3.12/site-packages/airflow/example_dags/example_params_ui_tutorial.py
[2026-05-09T18:37:37.579+0000] {processor.py:830} INFO - Processing file /home/airflow/.local/lib/python3.12/site-packages/airflow/example_dags/example_params_ui_tutorial.py for tasks to queue
[2026-05-09T18:37:37.581+0000] {logging_mixin.py:188} INFO - [2026-05-09T18:37:37.580+0000] {dagbag.py:545} INFO - Filling up the DagBag from /home/airflow/.local/lib/python3.12/site-packages/airflow/example_dags/example_params_ui_tutorial.py
[2026-05-09T18:37:37.586+0000] {processor.py:840} INFO - DAG(s) 'example_params_ui_tutorial' retrieved from /home/airflow/.local/lib/python3.12/site-packages/airflow/example_dags/example_params_ui_tutorial.py
[2026-05-09T18:37:37.621+0000] {logging_mixin.py:188} INFO - [2026-05-09T18:37:37.621+0000] {dag.py:3089} INFO - Sync 1 DAGs
[2026-05-09T18:37:37.631+0000] {logging_mixin.py:188} INFO - [2026-05-09T18:37:37.630+0000] {dag.py:3947} INFO - Setting next_dagrun for example_params_ui_tutorial to None, run_after=None
[2026-05-09T18:37:37.645+0000] {processor.py:183} INFO - Processing /home/airflow/.local/lib/python3.12/site-packages/airflow/example_dags/example_params_ui_tutorial.py took 0.073 seconds
[2026-05-09T18:38:08.334+0000] {processor.py:161} INFO - Started process (PID=975) to work on /home/airflow/.local/lib/python3.12/site-packages/airflow/example_dags/example_params_ui_tutorial.py
[2026-05-09T18:38:08.335+0000] {processor.py:830} INFO - Processing file /home/airflow/.local/lib/python3.12/site-packages/airflow/example_dags/example_params_ui_tutorial.py for tasks to queue
[2026-05-09T18:38:08.336+0000] {logging_mixin.py:188} INFO - [2026-05-09T18:38:08.336+0000] {dagbag.py:545} INFO - Filling up the DagBag from /home/airflow/.local/lib/python3.12/site-packages/airflow/example_dags/example_params_ui_tutorial.py
[2026-05-09T18:38:08.344+0000] {processor.py:840} INFO - DAG(s) 'example_params_ui_tutorial' retrieved from /home/airflow/.local/lib/python3.12/site-packages/airflow/example_dags/example_params_ui_tutorial.py
[2026-05-09T18:38:08.384+0000] {logging_mixin.py:188} INFO - [2026-05-09T18:38:08.384+0000] {dag.py:3089} INFO - Sync 1 DAGs
[2026-05-09T18:38:08.394+0000] {logging_mixin.py:188} INFO - [2026-05-09T18:38:08.394+0000] {dag.py:3947} INFO - Setting next_dagrun for example_params_ui_tutorial to None, run_after=None
[2026-05-09T18:38:08.409+0000] {processor.py:183} INFO - Processing /home/airflow/.local/lib/python3.12/site-packages/airflow/example_dags/example_params_ui_tutorial.py took 0.080 seconds
[2026-05-09T18:38:39.083+0000] {processor.py:161} INFO - Started process (PID=1034) to work on /home/airflow/.local/lib/python3.12/site-packages/airflow/example_dags/example_params_ui_tutorial.py
[2026-05-09T18:38:39.084+0000] {processor.py:830} INFO - Processing file /home/airflow/.local/lib/python3.12/site-packages/airflow/example_dags/example_params_ui_tutorial.py for tasks to queue
[2026-05-09T18:38:39.086+0000] {logging_mixin.py:188} INFO - [2026-05-09T18:38:39.085+0000] {dagbag.py:545} INFO - Filling up the DagBag from /home/airflow/.local/lib/python3.12/site-packages/airflow/example_dags/example_params_ui_tutorial.py
[2026-05-09T18:38:39.091+0000] {processor.py:840} INFO - DAG(s) 'example_params_ui_tutorial' retrieved from /home/airflow/.local/lib/python3.12/site-packages/airflow/example_dags/example_params_ui_tutorial.py
[2026-05-09T18:38:39.125+0000] {logging_mixin.py:188} INFO - [2026-05-09T18:38:39.125+0000] {dag.py:3089} INFO - Sync 1 DAGs
[2026-05-09T18:38:39.137+0000] {logging_mixin.py:188} INFO - [2026-05-09T18:38:39.136+0000] {dag.py:3947} INFO - Setting next_dagrun for example_params_ui_tutorial to None, run_after=None
[2026-05-09T18:38:39.151+0000] {processor.py:183} INFO - Processing /home/airflow/.local/lib/python3.12/site-packages/airflow/example_dags/example_params_ui_tutorial.py took 0.074 seconds
[2026-05-09T18:39:10.370+0000] {processor.py:161} INFO - Started process (PID=1093) to work on /home/airflow/.local/lib/python3.12/site-packages/airflow/example_dags/example_params_ui_tutorial.py
[2026-05-09T18:39:10.371+0000] {processor.py:830} INFO - Processing file /home/airflow/.local/lib/python3.12/site-packages/airflow/example_dags/example_params_ui_tutorial.py for tasks to queue
[2026-05-09T18:39:10.373+0000] {logging_mixin.py:188} INFO - [2026-05-09T18:39:10.372+0000] {dagbag.py:545} INFO - Filling up the DagBag from /home/airflow/.local/lib/python3.12/site-packages/airflow/example_dags/example_params_ui_tutorial.py
[2026-05-09T18:39:10.378+0000] {processor.py:840} INFO - DAG(s) 'example_params_ui_tutorial' retrieved from /home/airflow/.local/lib/python3.12/site-packages/airflow/example_dags/example_params_ui_tutorial.py
[2026-05-09T18:39:10.415+0000] {logging_mixin.py:188} INFO - [2026-05-09T18:39:10.414+0000] {dag.py:3089} INFO - Sync 1 DAGs
[2026-05-09T18:39:10.423+0000] {logging_mixin.py:188} INFO - [2026-05-09T18:39:10.423+0000] {dag.py:3947} INFO - Setting next_dagrun for example_params_ui_tutorial to None, run_after=None
[2026-05-09T18:39:10.438+0000] {processor.py:183} INFO - Processing /home/airflow/.local/lib/python3.12/site-packages/airflow/example_dags/example_params_ui_tutorial.py took 0.074 seconds
[2026-05-09T18:39:41.720+0000] {processor.py:161} INFO - Started process (PID=1152) to work on /home/airflow/.local/lib/python3.12/site-packages/airflow/example_dags/example_params_ui_tutorial.py
[2026-05-09T18:39:41.721+0000] {processor.py:830} INFO - Processing file /home/airflow/.local/lib/python3.12/site-packages/airflow/example_dags/example_params_ui_tutorial.py for tasks to queue
[2026-05-09T18:39:41.722+0000] {logging_mixin.py:188} INFO - [2026-05-09T18:39:41.722+0000] {dagbag.py:545} INFO - Filling up the DagBag from /home/airflow/.local/lib/python3.12/site-packages/airflow/example_dags/example_params_ui_tutorial.py
[2026-05-09T18:39:41.728+0000] {processor.py:840} INFO - DAG(s) 'example_params_ui_tutorial' retrieved from /home/airflow/.local/lib/python3.12/site-packages/airflow/example_dags/example_params_ui_tutorial.py
[2026-05-09T18:39:41.771+0000] {logging_mixin.py:188} INFO - [2026-05-09T18:39:41.771+0000] {dag.py:3089} INFO - Sync 1 DAGs
[2026-05-09T18:39:41.782+0000] {logging_mixin.py:188} INFO - [2026-05-09T18:39:41.781+0000] {dag.py:3947} INFO - Setting next_dagrun for example_params_ui_tutorial to None, run_after=None
[2026-05-09T18:39:41.796+0000] {processor.py:183} INFO - Processing /home/airflow/.local/lib/python3.12/site-packages/airflow/example_dags/example_params_ui_tutorial.py took 0.083 seconds
[2026-05-09T18:40:12.245+0000] {processor.py:161} INFO - Started process (PID=1211) to work on /home/airflow/.local/lib/python3.12/site-packages/airflow/example_dags/example_params_ui_tutorial.py
[2026-05-09T18:40:12.246+0000] {processor.py:830} INFO - Processing file /home/airflow/.local/lib/python3.12/site-packages/airflow/example_dags/example_params_ui_tutorial.py for tasks to queue
[2026-05-09T18:40:12.248+0000] {logging_mixin.py:188} INFO - [2026-05-09T18:40:12.247+0000] {dagbag.py:545} INFO - Filling up the DagBag from /home/airflow/.local/lib/python3.12/site-packages/airflow/example_dags/example_params_ui_tutorial.py
[2026-05-09T18:40:12.253+0000] {processor.py:840} INFO - DAG(s) 'example_params_ui_tutorial' retrieved from /home/airflow/.local/lib/python3.12/site-packages/airflow/example_dags/example_params_ui_tutorial.py
[2026-05-09T18:40:12.287+0000] {logging_mixin.py:188} INFO - [2026-05-09T18:40:12.287+0000] {dag.py:3089} INFO - Sync 1 DAGs
[2026-05-09T18:40:12.297+0000] {logging_mixin.py:188} INFO - [2026-05-09T18:40:12.297+0000] {dag.py:3947} INFO - Setting next_dagrun for example_params_ui_tutorial to None, run_after=None
[2026-05-09T18:40:12.310+0000] {processor.py:183} INFO - Processing /home/airflow/.local/lib/python3.12/site-packages/airflow/example_dags/example_params_ui_tutorial.py took 0.071 seconds
[2026-05-09T18:40:43.261+0000] {processor.py:161} INFO - Started process (PID=1270) to work on /home/airflow/.local/lib/python3.12/site-packages/airflow/example_dags/example_params_ui_tutorial.py
[2026-05-09T18:40:43.262+0000] {processor.py:830} INFO - Processing file /home/airflow/.local/lib/python3.12/site-packages/airflow/example_dags/example_params_ui_tutorial.py for tasks to queue
[2026-05-09T18:40:43.264+0000] {logging_mixin.py:188} INFO - [2026-05-09T18:40:43.263+0000] {dagbag.py:545} INFO - Filling up the DagBag from /home/airflow/.local/lib/python3.12/site-packages/airflow/example_dags/example_params_ui_tutorial.py
[2026-05-09T18:40:43.270+0000] {processor.py:840} INFO - DAG(s) 'example_params_ui_tutorial' retrieved from /home/airflow/.local/lib/python3.12/site-packages/airflow/example_dags/example_params_ui_tutorial.py
[2026-05-09T18:40:43.306+0000] {logging_mixin.py:188} INFO - [2026-05-09T18:40:43.306+0000] {dag.py:3089} INFO - Sync 1 DAGs
[2026-05-09T18:40:43.315+0000] {logging_mixin.py:188} INFO - [2026-05-09T18:40:43.315+0000] {dag.py:3947} INFO - Setting next_dagrun for example_params_ui_tutorial to None, run_after=None
[2026-05-09T18:40:43.329+0000] {processor.py:183} INFO - Processing /home/airflow/.local/lib/python3.12/site-packages/airflow/example_dags/example_params_ui_tutorial.py took 0.076 seconds
[2026-05-09T18:41:13.804+0000] {processor.py:161} INFO - Started process (PID=1329) to work on /home/airflow/.local/lib/python3.12/site-packages/airflow/example_dags/example_params_ui_tutorial.py
[2026-05-09T18:41:13.805+0000] {processor.py:830} INFO - Processing file /home/airflow/.local/lib/python3.12/site-packages/airflow/example_dags/example_params_ui_tutorial.py for tasks to queue
[2026-05-09T18:41:13.807+0000] {logging_mixin.py:188} INFO - [2026-05-09T18:41:13.806+0000] {dagbag.py:545} INFO - Filling up the DagBag from /home/airflow/.local/lib/python3.12/site-packages/airflow/example_dags/example_params_ui_tutorial.py
[2026-05-09T18:41:13.813+0000] {processor.py:840} INFO - DAG(s) 'example_params_ui_tutorial' retrieved from /home/airflow/.local/lib/python3.12/site-packages/airflow/example_dags/example_params_ui_tutorial.py
[2026-05-09T18:41:13.850+0000] {logging_mixin.py:188} INFO - [2026-05-09T18:41:13.849+0000] {dag.py:3089} INFO - Sync 1 DAGs
[2026-05-09T18:41:13.859+0000] {logging_mixin.py:188} INFO - [2026-05-09T18:41:13.859+0000] {dag.py:3947} INFO - Setting next_dagrun for example_params_ui_tutorial to None, run_after=None
[2026-05-09T18:41:13.873+0000] {processor.py:183} INFO - Processing /home/airflow/.local/lib/python3.12/site-packages/airflow/example_dags/example_params_ui_tutorial.py took 0.075 seconds
[2026-05-09T18:41:44.130+0000] {processor.py:161} INFO - Started process (PID=1388) to work on /home/airflow/.local/lib/python3.12/site-packages/airflow/example_dags/example_params_ui_tutorial.py
[2026-05-09T18:41:44.130+0000] {processor.py:830} INFO - Processing file /home/airflow/.local/lib/python3.12/site-packages/airflow/example_dags/example_params_ui_tutorial.py for tasks to queue
[2026-05-09T18:41:44.132+0000] {logging_mixin.py:188} INFO - [2026-05-09T18:41:44.132+0000] {dagbag.py:545} INFO - Filling up the DagBag from /home/airflow/.local/lib/python3.12/site-packages/airflow/example_dags/example_params_ui_tutorial.py
[2026-05-09T18:41:44.137+0000] {processor.py:840} INFO - DAG(s) 'example_params_ui_tutorial' retrieved from /home/airflow/.local/lib/python3.12/site-packages/airflow/example_dags/example_params_ui_tutorial.py
[2026-05-09T18:41:44.173+0000] {logging_mixin.py:188} INFO - [2026-05-09T18:41:44.173+0000] {dag.py:3089} INFO - Sync 1 DAGs
[2026-05-09T18:41:44.183+0000] {logging_mixin.py:188} INFO - [2026-05-09T18:41:44.183+0000] {dag.py:3947} INFO - Setting next_dagrun for example_params_ui_tutorial to None, run_after=None
[2026-05-09T18:41:44.197+0000] {processor.py:183} INFO - Processing /home/airflow/.local/lib/python3.12/site-packages/airflow/example_dags/example_params_ui_tutorial.py took 0.073 seconds
[2026-05-09T18:42:14.592+0000] {processor.py:161} INFO - Started process (PID=1447) to work on /home/airflow/.local/lib/python3.12/site-packages/airflow/example_dags/example_params_ui_tutorial.py
[2026-05-09T18:42:14.593+0000] {processor.py:830} INFO - Processing file /home/airflow/.local/lib/python3.12/site-packages/airflow/example_dags/example_params_ui_tutorial.py for tasks to queue
[2026-05-09T18:42:14.594+0000] {logging_mixin.py:188} INFO - [2026-05-09T18:42:14.594+0000] {dagbag.py:545} INFO - Filling up the DagBag from /home/airflow/.local/lib/python3.12/site-packages/airflow/example_dags/example_params_ui_tutorial.py
[2026-05-09T18:42:14.600+0000] {processor.py:840} INFO - DAG(s) 'example_params_ui_tutorial' retrieved from /home/airflow/.local/lib/python3.12/site-packages/airflow/example_dags/example_params_ui_tutorial.py
[2026-05-09T18:42:14.634+0000] {logging_mixin.py:188} INFO - [2026-05-09T18:42:14.633+0000] {dag.py:3089} INFO - Sync 1 DAGs
[2026-05-09T18:42:14.643+0000] {logging_mixin.py:188} INFO - [2026-05-09T18:42:14.643+0000] {dag.py:3947} INFO - Setting next_dagrun for example_params_ui_tutorial to None, run_after=None
[2026-05-09T18:42:14.655+0000] {processor.py:183} INFO - Processing /home/airflow/.local/lib/python3.12/site-packages/airflow/example_dags/example_params_ui_tutorial.py took 0.069 seconds
[2026-05-09T18:42:45.574+0000] {processor.py:161} INFO - Started process (PID=1506) to work on /home/airflow/.local/lib/python3.12/site-packages/airflow/example_dags/example_params_ui_tutorial.py
[2026-05-09T18:42:45.575+0000] {processor.py:830} INFO - Processing file /home/airflow/.local/lib/python3.12/site-packages/airflow/example_dags/example_params_ui_tutorial.py for tasks to queue
[2026-05-09T18:42:45.576+0000] {logging_mixin.py:188} INFO - [2026-05-09T18:42:45.576+0000] {dagbag.py:545} INFO - Filling up the DagBag from /home/airflow/.local/lib/python3.12/site-packages/airflow/example_dags/example_params_ui_tutorial.py
[2026-05-09T18:42:45.582+0000] {processor.py:840} INFO - DAG(s) 'example_params_ui_tutorial' retrieved from /home/airflow/.local/lib/python3.12/site-packages/airflow/example_dags/example_params_ui_tutorial.py
[2026-05-09T18:42:45.616+0000] {logging_mixin.py:188} INFO - [2026-05-09T18:42:45.615+0000] {dag.py:3089} INFO - Sync 1 DAGs
[2026-05-09T18:42:45.625+0000] {logging_mixin.py:188} INFO - [2026-05-09T18:42:45.625+0000] {dag.py:3947} INFO - Setting next_dagrun for example_params_ui_tutorial to None, run_after=None
[2026-05-09T18:42:45.638+0000] {processor.py:183} INFO - Processing /home/airflow/.local/lib/python3.12/site-packages/airflow/example_dags/example_params_ui_tutorial.py took 0.070 seconds
[2026-05-09T18:43:15.950+0000] {processor.py:161} INFO - Started process (PID=1565) to work on /home/airflow/.local/lib/python3.12/site-packages/airflow/example_dags/example_params_ui_tutorial.py
[2026-05-09T18:43:15.951+0000] {processor.py:830} INFO - Processing file /home/airflow/.local/lib/python3.12/site-packages/airflow/example_dags/example_params_ui_tutorial.py for tasks to queue
[2026-05-09T18:43:15.952+0000] {logging_mixin.py:188} INFO - [2026-05-09T18:43:15.952+0000] {dagbag.py:545} INFO - Filling up the DagBag from /home/airflow/.local/lib/python3.12/site-packages/airflow/example_dags/example_params_ui_tutorial.py
[2026-05-09T18:43:15.958+0000] {processor.py:840} INFO - DAG(s) 'example_params_ui_tutorial' retrieved from /home/airflow/.local/lib/python3.12/site-packages/airflow/example_dags/example_params_ui_tutorial.py
[2026-05-09T18:43:15.993+0000] {logging_mixin.py:188} INFO - [2026-05-09T18:43:15.993+0000] {dag.py:3089} INFO - Sync 1 DAGs
[2026-05-09T18:43:16.002+0000] {logging_mixin.py:188} INFO - [2026-05-09T18:43:16.002+0000] {dag.py:3947} INFO - Setting next_dagrun for example_params_ui_tutorial to None, run_after=None
[2026-05-09T18:43:16.017+0000] {processor.py:183} INFO - Processing /home/airflow/.local/lib/python3.12/site-packages/airflow/example_dags/example_params_ui_tutorial.py took 0.073 seconds
[2026-05-09T18:46:10.901+0000] {processor.py:161} INFO - Started process (PID=84) to work on /home/airflow/.local/lib/python3.12/site-packages/airflow/example_dags/example_params_ui_tutorial.py
[2026-05-09T18:46:10.902+0000] {processor.py:830} INFO - Processing file /home/airflow/.local/lib/python3.12/site-packages/airflow/example_dags/example_params_ui_tutorial.py for tasks to queue
[2026-05-09T18:46:10.904+0000] {logging_mixin.py:188} INFO - [2026-05-09T18:46:10.904+0000] {dagbag.py:545} INFO - Filling up the DagBag from /home/airflow/.local/lib/python3.12/site-packages/airflow/example_dags/example_params_ui_tutorial.py
[2026-05-09T18:46:10.915+0000] {processor.py:840} INFO - DAG(s) 'example_params_ui_tutorial' retrieved from /home/airflow/.local/lib/python3.12/site-packages/airflow/example_dags/example_params_ui_tutorial.py
[2026-05-09T18:46:10.928+0000] {logging_mixin.py:188} INFO - [2026-05-09T18:46:10.927+0000] {dag.py:3089} INFO - Sync 1 DAGs
[2026-05-09T18:46:10.942+0000] {logging_mixin.py:188} INFO - [2026-05-09T18:46:10.941+0000] {dag.py:3947} INFO - Setting next_dagrun for example_params_ui_tutorial to None, run_after=None
[2026-05-09T18:46:10.961+0000] {processor.py:183} INFO - Processing /home/airflow/.local/lib/python3.12/site-packages/airflow/example_dags/example_params_ui_tutorial.py took 0.068 seconds
[2026-05-09T18:46:42.102+0000] {processor.py:161} INFO - Started process (PID=143) to work on /home/airflow/.local/lib/python3.12/site-packages/airflow/example_dags/example_params_ui_tutorial.py
[2026-05-09T18:46:42.103+0000] {processor.py:830} INFO - Processing file /home/airflow/.local/lib/python3.12/site-packages/airflow/example_dags/example_params_ui_tutorial.py for tasks to queue
[2026-05-09T18:46:42.105+0000] {logging_mixin.py:188} INFO - [2026-05-09T18:46:42.105+0000] {dagbag.py:545} INFO - Filling up the DagBag from /home/airflow/.local/lib/python3.12/site-packages/airflow/example_dags/example_params_ui_tutorial.py
[2026-05-09T18:46:42.111+0000] {processor.py:840} INFO - DAG(s) 'example_params_ui_tutorial' retrieved from /home/airflow/.local/lib/python3.12/site-packages/airflow/example_dags/example_params_ui_tutorial.py
[2026-05-09T18:46:42.210+0000] {logging_mixin.py:188} INFO - [2026-05-09T18:46:42.210+0000] {dag.py:3089} INFO - Sync 1 DAGs
[2026-05-09T18:46:42.217+0000] {logging_mixin.py:188} INFO - [2026-05-09T18:46:42.217+0000] {dag.py:3947} INFO - Setting next_dagrun for example_params_ui_tutorial to None, run_after=None
[2026-05-09T18:46:42.231+0000] {processor.py:183} INFO - Processing /home/airflow/.local/lib/python3.12/site-packages/airflow/example_dags/example_params_ui_tutorial.py took 0.135 seconds
[2026-05-09T18:47:12.906+0000] {processor.py:161} INFO - Started process (PID=202) to work on /home/airflow/.local/lib/python3.12/site-packages/airflow/example_dags/example_params_ui_tutorial.py
[2026-05-09T18:47:12.907+0000] {processor.py:830} INFO - Processing file /home/airflow/.local/lib/python3.12/site-packages/airflow/example_dags/example_params_ui_tutorial.py for tasks to queue
[2026-05-09T18:47:12.908+0000] {logging_mixin.py:188} INFO - [2026-05-09T18:47:12.908+0000] {dagbag.py:545} INFO - Filling up the DagBag from /home/airflow/.local/lib/python3.12/site-packages/airflow/example_dags/example_params_ui_tutorial.py
[2026-05-09T18:47:12.914+0000] {processor.py:840} INFO - DAG(s) 'example_params_ui_tutorial' retrieved from /home/airflow/.local/lib/python3.12/site-packages/airflow/example_dags/example_params_ui_tutorial.py
[2026-05-09T18:47:12.949+0000] {logging_mixin.py:188} INFO - [2026-05-09T18:47:12.949+0000] {dag.py:3089} INFO - Sync 1 DAGs
[2026-05-09T18:47:12.958+0000] {logging_mixin.py:188} INFO - [2026-05-09T18:47:12.958+0000] {dag.py:3947} INFO - Setting next_dagrun for example_params_ui_tutorial to None, run_after=None
[2026-05-09T18:47:12.971+0000] {processor.py:183} INFO - Processing /home/airflow/.local/lib/python3.12/site-packages/airflow/example_dags/example_params_ui_tutorial.py took 0.071 seconds
[2026-05-09T18:47:43.800+0000] {processor.py:161} INFO - Started process (PID=261) to work on /home/airflow/.local/lib/python3.12/site-packages/airflow/example_dags/example_params_ui_tutorial.py
[2026-05-09T18:47:43.801+0000] {processor.py:830} INFO - Processing file /home/airflow/.local/lib/python3.12/site-packages/airflow/example_dags/example_params_ui_tutorial.py for tasks to queue
[2026-05-09T18:47:43.803+0000] {logging_mixin.py:188} INFO - [2026-05-09T18:47:43.803+0000] {dagbag.py:545} INFO - Filling up the DagBag from /home/airflow/.local/lib/python3.12/site-packages/airflow/example_dags/example_params_ui_tutorial.py
[2026-05-09T18:47:43.809+0000] {processor.py:840} INFO - DAG(s) 'example_params_ui_tutorial' retrieved from /home/airflow/.local/lib/python3.12/site-packages/airflow/example_dags/example_params_ui_tutorial.py
[2026-05-09T18:47:43.848+0000] {logging_mixin.py:188} INFO - [2026-05-09T18:47:43.848+0000] {dag.py:3089} INFO - Sync 1 DAGs
[2026-05-09T18:47:43.858+0000] {logging_mixin.py:188} INFO - [2026-05-09T18:47:43.858+0000] {dag.py:3947} INFO - Setting next_dagrun for example_params_ui_tutorial to None, run_after=None
[2026-05-09T18:47:43.873+0000] {processor.py:183} INFO - Processing /home/airflow/.local/lib/python3.12/site-packages/airflow/example_dags/example_params_ui_tutorial.py took 0.080 seconds
[2026-05-09T18:48:14.224+0000] {processor.py:161} INFO - Started process (PID=320) to work on /home/airflow/.local/lib/python3.12/site-packages/airflow/example_dags/example_params_ui_tutorial.py
[2026-05-09T18:48:14.225+0000] {processor.py:830} INFO - Processing file /home/airflow/.local/lib/python3.12/site-packages/airflow/example_dags/example_params_ui_tutorial.py for tasks to queue
[2026-05-09T18:48:14.227+0000] {logging_mixin.py:188} INFO - [2026-05-09T18:48:14.227+0000] {dagbag.py:545} INFO - Filling up the DagBag from /home/airflow/.local/lib/python3.12/site-packages/airflow/example_dags/example_params_ui_tutorial.py
[2026-05-09T18:48:14.232+0000] {processor.py:840} INFO - DAG(s) 'example_params_ui_tutorial' retrieved from /home/airflow/.local/lib/python3.12/site-packages/airflow/example_dags/example_params_ui_tutorial.py
[2026-05-09T18:48:14.268+0000] {logging_mixin.py:188} INFO - [2026-05-09T18:48:14.268+0000] {dag.py:3089} INFO - Sync 1 DAGs
[2026-05-09T18:48:14.278+0000] {logging_mixin.py:188} INFO - [2026-05-09T18:48:14.278+0000] {dag.py:3947} INFO - Setting next_dagrun for example_params_ui_tutorial to None, run_after=None
[2026-05-09T18:48:14.293+0000] {processor.py:183} INFO - Processing /home/airflow/.local/lib/python3.12/site-packages/airflow/example_dags/example_params_ui_tutorial.py took 0.074 seconds
[2026-05-09T18:48:45.188+0000] {processor.py:161} INFO - Started process (PID=379) to work on /home/airflow/.local/lib/python3.12/site-packages/airflow/example_dags/example_params_ui_tutorial.py
[2026-05-09T18:48:45.189+0000] {processor.py:830} INFO - Processing file /home/airflow/.local/lib/python3.12/site-packages/airflow/example_dags/example_params_ui_tutorial.py for tasks to queue
[2026-05-09T18:48:45.191+0000] {logging_mixin.py:188} INFO - [2026-05-09T18:48:45.190+0000] {dagbag.py:545} INFO - Filling up the DagBag from /home/airflow/.local/lib/python3.12/site-packages/airflow/example_dags/example_params_ui_tutorial.py
[2026-05-09T18:48:45.196+0000] {processor.py:840} INFO - DAG(s) 'example_params_ui_tutorial' retrieved from /home/airflow/.local/lib/python3.12/site-packages/airflow/example_dags/example_params_ui_tutorial.py
[2026-05-09T18:48:45.231+0000] {logging_mixin.py:188} INFO - [2026-05-09T18:48:45.231+0000] {dag.py:3089} INFO - Sync 1 DAGs
[2026-05-09T18:48:45.240+0000] {logging_mixin.py:188} INFO - [2026-05-09T18:48:45.240+0000] {dag.py:3947} INFO - Setting next_dagrun for example_params_ui_tutorial to None, run_after=None
[2026-05-09T18:48:45.254+0000] {processor.py:183} INFO - Processing /home/airflow/.local/lib/python3.12/site-packages/airflow/example_dags/example_params_ui_tutorial.py took 0.072 seconds
[2026-05-09T18:49:16.698+0000] {processor.py:161} INFO - Started process (PID=438) to work on /home/airflow/.local/lib/python3.12/site-packages/airflow/example_dags/example_params_ui_tutorial.py
[2026-05-09T18:49:16.699+0000] {processor.py:830} INFO - Processing file /home/airflow/.local/lib/python3.12/site-packages/airflow/example_dags/example_params_ui_tutorial.py for tasks to queue
[2026-05-09T18:49:16.701+0000] {logging_mixin.py:188} INFO - [2026-05-09T18:49:16.701+0000] {dagbag.py:545} INFO - Filling up the DagBag from /home/airflow/.local/lib/python3.12/site-packages/airflow/example_dags/example_params_ui_tutorial.py
[2026-05-09T18:49:16.707+0000] {processor.py:840} INFO - DAG(s) 'example_params_ui_tutorial' retrieved from /home/airflow/.local/lib/python3.12/site-packages/airflow/example_dags/example_params_ui_tutorial.py
[2026-05-09T18:49:16.745+0000] {logging_mixin.py:188} INFO - [2026-05-09T18:49:16.745+0000] {dag.py:3089} INFO - Sync 1 DAGs
[2026-05-09T18:49:16.755+0000] {logging_mixin.py:188} INFO - [2026-05-09T18:49:16.754+0000] {dag.py:3947} INFO - Setting next_dagrun for example_params_ui_tutorial to None, run_after=None
[2026-05-09T18:49:16.768+0000] {processor.py:183} INFO - Processing /home/airflow/.local/lib/python3.12/site-packages/airflow/example_dags/example_params_ui_tutorial.py took 0.076 seconds
[2026-05-09T18:49:47.609+0000] {processor.py:161} INFO - Started process (PID=497) to work on /home/airflow/.local/lib/python3.12/site-packages/airflow/example_dags/example_params_ui_tutorial.py
[2026-05-09T18:49:47.610+0000] {processor.py:830} INFO - Processing file /home/airflow/.local/lib/python3.12/site-packages/airflow/example_dags/example_params_ui_tutorial.py for tasks to queue
[2026-05-09T18:49:47.612+0000] {logging_mixin.py:188} INFO - [2026-05-09T18:49:47.611+0000] {dagbag.py:545} INFO - Filling up the DagBag from /home/airflow/.local/lib/python3.12/site-packages/airflow/example_dags/example_params_ui_tutorial.py
[2026-05-09T18:49:47.618+0000] {processor.py:840} INFO - DAG(s) 'example_params_ui_tutorial' retrieved from /home/airflow/.local/lib/python3.12/site-packages/airflow/example_dags/example_params_ui_tutorial.py
[2026-05-09T18:49:47.656+0000] {logging_mixin.py:188} INFO - [2026-05-09T18:49:47.656+0000] {dag.py:3089} INFO - Sync 1 DAGs
[2026-05-09T18:49:47.665+0000] {logging_mixin.py:188} INFO - [2026-05-09T18:49:47.665+0000] {dag.py:3947} INFO - Setting next_dagrun for example_params_ui_tutorial to None, run_after=None
[2026-05-09T18:49:47.680+0000] {processor.py:183} INFO - Processing /home/airflow/.local/lib/python3.12/site-packages/airflow/example_dags/example_params_ui_tutorial.py took 0.077 seconds
[2026-05-09T18:50:18.050+0000] {processor.py:161} INFO - Started process (PID=556) to work on /home/airflow/.local/lib/python3.12/site-packages/airflow/example_dags/example_params_ui_tutorial.py
[2026-05-09T18:50:18.051+0000] {processor.py:830} INFO - Processing file /home/airflow/.local/lib/python3.12/site-packages/airflow/example_dags/example_params_ui_tutorial.py for tasks to queue
[2026-05-09T18:50:18.054+0000] {logging_mixin.py:188} INFO - [2026-05-09T18:50:18.054+0000] {dagbag.py:545} INFO - Filling up the DagBag from /home/airflow/.local/lib/python3.12/site-packages/airflow/example_dags/example_params_ui_tutorial.py
[2026-05-09T18:50:18.060+0000] {processor.py:840} INFO - DAG(s) 'example_params_ui_tutorial' retrieved from /home/airflow/.local/lib/python3.12/site-packages/airflow/example_dags/example_params_ui_tutorial.py
[2026-05-09T18:50:18.092+0000] {logging_mixin.py:188} INFO - [2026-05-09T18:50:18.092+0000] {dag.py:3089} INFO - Sync 1 DAGs
[2026-05-09T18:50:18.102+0000] {logging_mixin.py:188} INFO - [2026-05-09T18:50:18.102+0000] {dag.py:3947} INFO - Setting next_dagrun for example_params_ui_tutorial to None, run_after=None
[2026-05-09T18:50:18.114+0000] {processor.py:183} INFO - Processing /home/airflow/.local/lib/python3.12/site-packages/airflow/example_dags/example_params_ui_tutorial.py took 0.071 seconds
[2026-05-09T18:50:49.222+0000] {processor.py:161} INFO - Started process (PID=615) to work on /home/airflow/.local/lib/python3.12/site-packages/airflow/example_dags/example_params_ui_tutorial.py
[2026-05-09T18:50:49.223+0000] {processor.py:830} INFO - Processing file /home/airflow/.local/lib/python3.12/site-packages/airflow/example_dags/example_params_ui_tutorial.py for tasks to queue
[2026-05-09T18:50:49.224+0000] {logging_mixin.py:188} INFO - [2026-05-09T18:50:49.224+0000] {dagbag.py:545} INFO - Filling up the DagBag from /home/airflow/.local/lib/python3.12/site-packages/airflow/example_dags/example_params_ui_tutorial.py
[2026-05-09T18:50:49.230+0000] {processor.py:840} INFO - DAG(s) 'example_params_ui_tutorial' retrieved from /home/airflow/.local/lib/python3.12/site-packages/airflow/example_dags/example_params_ui_tutorial.py
[2026-05-09T18:50:49.269+0000] {logging_mixin.py:188} INFO - [2026-05-09T18:50:49.269+0000] {dag.py:3089} INFO - Sync 1 DAGs
[2026-05-09T18:50:49.278+0000] {logging_mixin.py:188} INFO - [2026-05-09T18:50:49.278+0000] {dag.py:3947} INFO - Setting next_dagrun for example_params_ui_tutorial to None, run_after=None
[2026-05-09T18:50:49.293+0000] {processor.py:183} INFO - Processing /home/airflow/.local/lib/python3.12/site-packages/airflow/example_dags/example_params_ui_tutorial.py took 0.076 seconds
[2026-05-09T18:51:20.408+0000] {processor.py:161} INFO - Started process (PID=674) to work on /home/airflow/.local/lib/python3.12/site-packages/airflow/example_dags/example_params_ui_tutorial.py
[2026-05-09T18:51:20.409+0000] {processor.py:830} INFO - Processing file /home/airflow/.local/lib/python3.12/site-packages/airflow/example_dags/example_params_ui_tutorial.py for tasks to queue
[2026-05-09T18:51:20.410+0000] {logging_mixin.py:188} INFO - [2026-05-09T18:51:20.410+0000] {dagbag.py:545} INFO - Filling up the DagBag from /home/airflow/.local/lib/python3.12/site-packages/airflow/example_dags/example_params_ui_tutorial.py
[2026-05-09T18:51:20.417+0000] {processor.py:840} INFO - DAG(s) 'example_params_ui_tutorial' retrieved from /home/airflow/.local/lib/python3.12/site-packages/airflow/example_dags/example_params_ui_tutorial.py
[2026-05-09T18:51:20.453+0000] {logging_mixin.py:188} INFO - [2026-05-09T18:51:20.453+0000] {dag.py:3089} INFO - Sync 1 DAGs
[2026-05-09T18:51:20.462+0000] {logging_mixin.py:188} INFO - [2026-05-09T18:51:20.462+0000] {dag.py:3947} INFO - Setting next_dagrun for example_params_ui_tutorial to None, run_after=None
[2026-05-09T18:51:20.474+0000] {processor.py:183} INFO - Processing /home/airflow/.local/lib/python3.12/site-packages/airflow/example_dags/example_params_ui_tutorial.py took 0.073 seconds
[2026-05-09T18:51:50.910+0000] {processor.py:161} INFO - Started process (PID=733) to work on /home/airflow/.local/lib/python3.12/site-packages/airflow/example_dags/example_params_ui_tutorial.py
[2026-05-09T18:51:50.911+0000] {processor.py:830} INFO - Processing file /home/airflow/.local/lib/python3.12/site-packages/airflow/example_dags/example_params_ui_tutorial.py for tasks to queue
[2026-05-09T18:51:50.912+0000] {logging_mixin.py:188} INFO - [2026-05-09T18:51:50.912+0000] {dagbag.py:545} INFO - Filling up the DagBag from /home/airflow/.local/lib/python3.12/site-packages/airflow/example_dags/example_params_ui_tutorial.py
[2026-05-09T18:51:50.918+0000] {processor.py:840} INFO - DAG(s) 'example_params_ui_tutorial' retrieved from /home/airflow/.local/lib/python3.12/site-packages/airflow/example_dags/example_params_ui_tutorial.py
[2026-05-09T18:51:50.951+0000] {logging_mixin.py:188} INFO - [2026-05-09T18:51:50.951+0000] {dag.py:3089} INFO - Sync 1 DAGs
[2026-05-09T18:51:50.961+0000] {logging_mixin.py:188} INFO - [2026-05-09T18:51:50.961+0000] {dag.py:3947} INFO - Setting next_dagrun for example_params_ui_tutorial to None, run_after=None
[2026-05-09T18:51:50.973+0000] {processor.py:183} INFO - Processing /home/airflow/.local/lib/python3.12/site-packages/airflow/example_dags/example_params_ui_tutorial.py took 0.069 seconds
[2026-05-09T18:53:33.552+0000] {processor.py:161} INFO - Started process (PID=85) to work on /home/airflow/.local/lib/python3.12/site-packages/airflow/example_dags/example_params_ui_tutorial.py
[2026-05-09T18:53:33.553+0000] {processor.py:830} INFO - Processing file /home/airflow/.local/lib/python3.12/site-packages/airflow/example_dags/example_params_ui_tutorial.py for tasks to queue
[2026-05-09T18:53:33.555+0000] {logging_mixin.py:188} INFO - [2026-05-09T18:53:33.554+0000] {dagbag.py:545} INFO - Filling up the DagBag from /home/airflow/.local/lib/python3.12/site-packages/airflow/example_dags/example_params_ui_tutorial.py
[2026-05-09T18:53:33.564+0000] {processor.py:840} INFO - DAG(s) 'example_params_ui_tutorial' retrieved from /home/airflow/.local/lib/python3.12/site-packages/airflow/example_dags/example_params_ui_tutorial.py
[2026-05-09T18:53:33.576+0000] {logging_mixin.py:188} INFO - [2026-05-09T18:53:33.576+0000] {dag.py:3089} INFO - Sync 1 DAGs
[2026-05-09T18:53:33.589+0000] {logging_mixin.py:188} INFO - [2026-05-09T18:53:33.589+0000] {dag.py:3947} INFO - Setting next_dagrun for example_params_ui_tutorial to None, run_after=None
[2026-05-09T18:53:33.608+0000] {processor.py:183} INFO - Processing /home/airflow/.local/lib/python3.12/site-packages/airflow/example_dags/example_params_ui_tutorial.py took 0.063 seconds
[2026-05-09T18:54:04.885+0000] {processor.py:161} INFO - Started process (PID=144) to work on /home/airflow/.local/lib/python3.12/site-packages/airflow/example_dags/example_params_ui_tutorial.py
[2026-05-09T18:54:04.886+0000] {processor.py:830} INFO - Processing file /home/airflow/.local/lib/python3.12/site-packages/airflow/example_dags/example_params_ui_tutorial.py for tasks to queue
[2026-05-09T18:54:04.888+0000] {logging_mixin.py:188} INFO - [2026-05-09T18:54:04.888+0000] {dagbag.py:545} INFO - Filling up the DagBag from /home/airflow/.local/lib/python3.12/site-packages/airflow/example_dags/example_params_ui_tutorial.py
[2026-05-09T18:54:04.894+0000] {processor.py:840} INFO - DAG(s) 'example_params_ui_tutorial' retrieved from /home/airflow/.local/lib/python3.12/site-packages/airflow/example_dags/example_params_ui_tutorial.py
[2026-05-09T18:54:04.991+0000] {logging_mixin.py:188} INFO - [2026-05-09T18:54:04.991+0000] {dag.py:3089} INFO - Sync 1 DAGs
[2026-05-09T18:54:04.998+0000] {logging_mixin.py:188} INFO - [2026-05-09T18:54:04.998+0000] {dag.py:3947} INFO - Setting next_dagrun for example_params_ui_tutorial to None, run_after=None
[2026-05-09T18:54:05.011+0000] {processor.py:183} INFO - Processing /home/airflow/.local/lib/python3.12/site-packages/airflow/example_dags/example_params_ui_tutorial.py took 0.133 seconds
[2026-05-09T18:54:35.282+0000] {processor.py:161} INFO - Started process (PID=203) to work on /home/airflow/.local/lib/python3.12/site-packages/airflow/example_dags/example_params_ui_tutorial.py
[2026-05-09T18:54:35.283+0000] {processor.py:830} INFO - Processing file /home/airflow/.local/lib/python3.12/site-packages/airflow/example_dags/example_params_ui_tutorial.py for tasks to queue
[2026-05-09T18:54:35.285+0000] {logging_mixin.py:188} INFO - [2026-05-09T18:54:35.284+0000] {dagbag.py:545} INFO - Filling up the DagBag from /home/airflow/.local/lib/python3.12/site-packages/airflow/example_dags/example_params_ui_tutorial.py
[2026-05-09T18:54:35.291+0000] {processor.py:840} INFO - DAG(s) 'example_params_ui_tutorial' retrieved from /home/airflow/.local/lib/python3.12/site-packages/airflow/example_dags/example_params_ui_tutorial.py
[2026-05-09T18:54:35.337+0000] {logging_mixin.py:188} INFO - [2026-05-09T18:54:35.336+0000] {dag.py:3089} INFO - Sync 1 DAGs
[2026-05-09T18:54:35.363+0000] {logging_mixin.py:188} INFO - [2026-05-09T18:54:35.362+0000] {dag.py:3947} INFO - Setting next_dagrun for example_params_ui_tutorial to None, run_after=None
[2026-05-09T18:54:35.402+0000] {processor.py:183} INFO - Processing /home/airflow/.local/lib/python3.12/site-packages/airflow/example_dags/example_params_ui_tutorial.py took 0.126 seconds
[2026-05-09T18:55:05.969+0000] {processor.py:161} INFO - Started process (PID=262) to work on /home/airflow/.local/lib/python3.12/site-packages/airflow/example_dags/example_params_ui_tutorial.py
[2026-05-09T18:55:05.970+0000] {processor.py:830} INFO - Processing file /home/airflow/.local/lib/python3.12/site-packages/airflow/example_dags/example_params_ui_tutorial.py for tasks to queue
[2026-05-09T18:55:05.972+0000] {logging_mixin.py:188} INFO - [2026-05-09T18:55:05.971+0000] {dagbag.py:545} INFO - Filling up the DagBag from /home/airflow/.local/lib/python3.12/site-packages/airflow/example_dags/example_params_ui_tutorial.py
[2026-05-09T18:55:05.978+0000] {processor.py:840} INFO - DAG(s) 'example_params_ui_tutorial' retrieved from /home/airflow/.local/lib/python3.12/site-packages/airflow/example_dags/example_params_ui_tutorial.py
[2026-05-09T18:55:06.012+0000] {logging_mixin.py:188} INFO - [2026-05-09T18:55:06.012+0000] {dag.py:3089} INFO - Sync 1 DAGs
[2026-05-09T18:55:06.021+0000] {logging_mixin.py:188} INFO - [2026-05-09T18:55:06.021+0000] {dag.py:3947} INFO - Setting next_dagrun for example_params_ui_tutorial to None, run_after=None
[2026-05-09T18:55:06.034+0000] {processor.py:183} INFO - Processing /home/airflow/.local/lib/python3.12/site-packages/airflow/example_dags/example_params_ui_tutorial.py took 0.071 seconds
[2026-05-09T18:55:36.968+0000] {processor.py:161} INFO - Started process (PID=321) to work on /home/airflow/.local/lib/python3.12/site-packages/airflow/example_dags/example_params_ui_tutorial.py
[2026-05-09T18:55:36.969+0000] {processor.py:830} INFO - Processing file /home/airflow/.local/lib/python3.12/site-packages/airflow/example_dags/example_params_ui_tutorial.py for tasks to queue
[2026-05-09T18:55:36.970+0000] {logging_mixin.py:188} INFO - [2026-05-09T18:55:36.970+0000] {dagbag.py:545} INFO - Filling up the DagBag from /home/airflow/.local/lib/python3.12/site-packages/airflow/example_dags/example_params_ui_tutorial.py
[2026-05-09T18:55:36.976+0000] {processor.py:840} INFO - DAG(s) 'example_params_ui_tutorial' retrieved from /home/airflow/.local/lib/python3.12/site-packages/airflow/example_dags/example_params_ui_tutorial.py
[2026-05-09T18:55:37.021+0000] {logging_mixin.py:188} INFO - [2026-05-09T18:55:37.021+0000] {dag.py:3089} INFO - Sync 1 DAGs
[2026-05-09T18:55:37.033+0000] {logging_mixin.py:188} INFO - [2026-05-09T18:55:37.033+0000] {dag.py:3947} INFO - Setting next_dagrun for example_params_ui_tutorial to None, run_after=None
[2026-05-09T18:55:37.050+0000] {processor.py:183} INFO - Processing /home/airflow/.local/lib/python3.12/site-packages/airflow/example_dags/example_params_ui_tutorial.py took 0.089 seconds
[2026-05-09T18:56:08.247+0000] {processor.py:161} INFO - Started process (PID=380) to work on /home/airflow/.local/lib/python3.12/site-packages/airflow/example_dags/example_params_ui_tutorial.py
[2026-05-09T18:56:08.248+0000] {processor.py:830} INFO - Processing file /home/airflow/.local/lib/python3.12/site-packages/airflow/example_dags/example_params_ui_tutorial.py for tasks to queue
[2026-05-09T18:56:08.250+0000] {logging_mixin.py:188} INFO - [2026-05-09T18:56:08.250+0000] {dagbag.py:545} INFO - Filling up the DagBag from /home/airflow/.local/lib/python3.12/site-packages/airflow/example_dags/example_params_ui_tutorial.py
[2026-05-09T18:56:08.256+0000] {processor.py:840} INFO - DAG(s) 'example_params_ui_tutorial' retrieved from /home/airflow/.local/lib/python3.12/site-packages/airflow/example_dags/example_params_ui_tutorial.py
[2026-05-09T18:56:08.290+0000] {logging_mixin.py:188} INFO - [2026-05-09T18:56:08.290+0000] {dag.py:3089} INFO - Sync 1 DAGs
[2026-05-09T18:56:08.300+0000] {logging_mixin.py:188} INFO - [2026-05-09T18:56:08.300+0000] {dag.py:3947} INFO - Setting next_dagrun for example_params_ui_tutorial to None, run_after=None
[2026-05-09T18:56:08.314+0000] {processor.py:183} INFO - Processing /home/airflow/.local/lib/python3.12/site-packages/airflow/example_dags/example_params_ui_tutorial.py took 0.073 seconds
[2026-05-09T18:56:39.502+0000] {processor.py:161} INFO - Started process (PID=439) to work on /home/airflow/.local/lib/python3.12/site-packages/airflow/example_dags/example_params_ui_tutorial.py
[2026-05-09T18:56:39.503+0000] {processor.py:830} INFO - Processing file /home/airflow/.local/lib/python3.12/site-packages/airflow/example_dags/example_params_ui_tutorial.py for tasks to queue
[2026-05-09T18:56:39.505+0000] {logging_mixin.py:188} INFO - [2026-05-09T18:56:39.505+0000] {dagbag.py:545} INFO - Filling up the DagBag from /home/airflow/.local/lib/python3.12/site-packages/airflow/example_dags/example_params_ui_tutorial.py
[2026-05-09T18:56:39.511+0000] {processor.py:840} INFO - DAG(s) 'example_params_ui_tutorial' retrieved from /home/airflow/.local/lib/python3.12/site-packages/airflow/example_dags/example_params_ui_tutorial.py
[2026-05-09T18:56:39.546+0000] {logging_mixin.py:188} INFO - [2026-05-09T18:56:39.546+0000] {dag.py:3089} INFO - Sync 1 DAGs
[2026-05-09T18:56:39.555+0000] {logging_mixin.py:188} INFO - [2026-05-09T18:56:39.555+0000] {dag.py:3947} INFO - Setting next_dagrun for example_params_ui_tutorial to None, run_after=None
[2026-05-09T18:56:39.569+0000] {processor.py:183} INFO - Processing /home/airflow/.local/lib/python3.12/site-packages/airflow/example_dags/example_params_ui_tutorial.py took 0.073 seconds
[2026-05-09T18:57:10.848+0000] {processor.py:161} INFO - Started process (PID=498) to work on /home/airflow/.local/lib/python3.12/site-packages/airflow/example_dags/example_params_ui_tutorial.py
[2026-05-09T18:57:10.849+0000] {processor.py:830} INFO - Processing file /home/airflow/.local/lib/python3.12/site-packages/airflow/example_dags/example_params_ui_tutorial.py for tasks to queue
[2026-05-09T18:57:10.850+0000] {logging_mixin.py:188} INFO - [2026-05-09T18:57:10.850+0000] {dagbag.py:545} INFO - Filling up the DagBag from /home/airflow/.local/lib/python3.12/site-packages/airflow/example_dags/example_params_ui_tutorial.py
[2026-05-09T18:57:10.856+0000] {processor.py:840} INFO - DAG(s) 'example_params_ui_tutorial' retrieved from /home/airflow/.local/lib/python3.12/site-packages/airflow/example_dags/example_params_ui_tutorial.py
[2026-05-09T18:57:10.890+0000] {logging_mixin.py:188} INFO - [2026-05-09T18:57:10.890+0000] {dag.py:3089} INFO - Sync 1 DAGs
[2026-05-09T18:57:10.900+0000] {logging_mixin.py:188} INFO - [2026-05-09T18:57:10.899+0000] {dag.py:3947} INFO - Setting next_dagrun for example_params_ui_tutorial to None, run_after=None
[2026-05-09T18:57:10.912+0000] {processor.py:183} INFO - Processing /home/airflow/.local/lib/python3.12/site-packages/airflow/example_dags/example_params_ui_tutorial.py took 0.071 seconds
[2026-05-09T18:57:42.040+0000] {processor.py:161} INFO - Started process (PID=557) to work on /home/airflow/.local/lib/python3.12/site-packages/airflow/example_dags/example_params_ui_tutorial.py
[2026-05-09T18:57:42.041+0000] {processor.py:830} INFO - Processing file /home/airflow/.local/lib/python3.12/site-packages/airflow/example_dags/example_params_ui_tutorial.py for tasks to queue
[2026-05-09T18:57:42.042+0000] {logging_mixin.py:188} INFO - [2026-05-09T18:57:42.042+0000] {dagbag.py:545} INFO - Filling up the DagBag from /home/airflow/.local/lib/python3.12/site-packages/airflow/example_dags/example_params_ui_tutorial.py
[2026-05-09T18:57:42.048+0000] {processor.py:840} INFO - DAG(s) 'example_params_ui_tutorial' retrieved from /home/airflow/.local/lib/python3.12/site-packages/airflow/example_dags/example_params_ui_tutorial.py
[2026-05-09T18:57:42.082+0000] {logging_mixin.py:188} INFO - [2026-05-09T18:57:42.082+0000] {dag.py:3089} INFO - Sync 1 DAGs
[2026-05-09T18:57:42.092+0000] {logging_mixin.py:188} INFO - [2026-05-09T18:57:42.091+0000] {dag.py:3947} INFO - Setting next_dagrun for example_params_ui_tutorial to None, run_after=None
[2026-05-09T18:57:42.105+0000] {processor.py:183} INFO - Processing /home/airflow/.local/lib/python3.12/site-packages/airflow/example_dags/example_params_ui_tutorial.py took 0.071 seconds
[2026-05-09T18:58:13.142+0000] {processor.py:161} INFO - Started process (PID=616) to work on /home/airflow/.local/lib/python3.12/site-packages/airflow/example_dags/example_params_ui_tutorial.py
[2026-05-09T18:58:13.143+0000] {processor.py:830} INFO - Processing file /home/airflow/.local/lib/python3.12/site-packages/airflow/example_dags/example_params_ui_tutorial.py for tasks to queue
[2026-05-09T18:58:13.144+0000] {logging_mixin.py:188} INFO - [2026-05-09T18:58:13.144+0000] {dagbag.py:545} INFO - Filling up the DagBag from /home/airflow/.local/lib/python3.12/site-packages/airflow/example_dags/example_params_ui_tutorial.py
[2026-05-09T18:58:13.149+0000] {processor.py:840} INFO - DAG(s) 'example_params_ui_tutorial' retrieved from /home/airflow/.local/lib/python3.12/site-packages/airflow/example_dags/example_params_ui_tutorial.py
[2026-05-09T18:58:13.188+0000] {logging_mixin.py:188} INFO - [2026-05-09T18:58:13.188+0000] {dag.py:3089} INFO - Sync 1 DAGs
[2026-05-09T18:58:13.201+0000] {logging_mixin.py:188} INFO - [2026-05-09T18:58:13.201+0000] {dag.py:3947} INFO - Setting next_dagrun for example_params_ui_tutorial to None, run_after=None
[2026-05-09T18:58:13.216+0000] {processor.py:183} INFO - Processing /home/airflow/.local/lib/python3.12/site-packages/airflow/example_dags/example_params_ui_tutorial.py took 0.080 seconds
[2026-05-09T18:58:43.998+0000] {processor.py:161} INFO - Started process (PID=675) to work on /home/airflow/.local/lib/python3.12/site-packages/airflow/example_dags/example_params_ui_tutorial.py
[2026-05-09T18:58:43.999+0000] {processor.py:830} INFO - Processing file /home/airflow/.local/lib/python3.12/site-packages/airflow/example_dags/example_params_ui_tutorial.py for tasks to queue
[2026-05-09T18:58:44.001+0000] {logging_mixin.py:188} INFO - [2026-05-09T18:58:44.001+0000] {dagbag.py:545} INFO - Filling up the DagBag from /home/airflow/.local/lib/python3.12/site-packages/airflow/example_dags/example_params_ui_tutorial.py
[2026-05-09T18:58:44.007+0000] {processor.py:840} INFO - DAG(s) 'example_params_ui_tutorial' retrieved from /home/airflow/.local/lib/python3.12/site-packages/airflow/example_dags/example_params_ui_tutorial.py
[2026-05-09T18:58:44.043+0000] {logging_mixin.py:188} INFO - [2026-05-09T18:58:44.043+0000] {dag.py:3089} INFO - Sync 1 DAGs
[2026-05-09T18:58:44.052+0000] {logging_mixin.py:188} INFO - [2026-05-09T18:58:44.052+0000] {dag.py:3947} INFO - Setting next_dagrun for example_params_ui_tutorial to None, run_after=None
[2026-05-09T18:58:44.066+0000] {processor.py:183} INFO - Processing /home/airflow/.local/lib/python3.12/site-packages/airflow/example_dags/example_params_ui_tutorial.py took 0.074 seconds
[2026-05-09T18:59:15.189+0000] {processor.py:161} INFO - Started process (PID=734) to work on /home/airflow/.local/lib/python3.12/site-packages/airflow/example_dags/example_params_ui_tutorial.py
[2026-05-09T18:59:15.190+0000] {processor.py:830} INFO - Processing file /home/airflow/.local/lib/python3.12/site-packages/airflow/example_dags/example_params_ui_tutorial.py for tasks to queue
[2026-05-09T18:59:15.191+0000] {logging_mixin.py:188} INFO - [2026-05-09T18:59:15.191+0000] {dagbag.py:545} INFO - Filling up the DagBag from /home/airflow/.local/lib/python3.12/site-packages/airflow/example_dags/example_params_ui_tutorial.py
[2026-05-09T18:59:15.197+0000] {processor.py:840} INFO - DAG(s) 'example_params_ui_tutorial' retrieved from /home/airflow/.local/lib/python3.12/site-packages/airflow/example_dags/example_params_ui_tutorial.py
[2026-05-09T18:59:15.238+0000] {logging_mixin.py:188} INFO - [2026-05-09T18:59:15.238+0000] {dag.py:3089} INFO - Sync 1 DAGs
[2026-05-09T18:59:15.249+0000] {logging_mixin.py:188} INFO - [2026-05-09T18:59:15.249+0000] {dag.py:3947} INFO - Setting next_dagrun for example_params_ui_tutorial to None, run_after=None
[2026-05-09T18:59:15.266+0000] {processor.py:183} INFO - Processing /home/airflow/.local/lib/python3.12/site-packages/airflow/example_dags/example_params_ui_tutorial.py took 0.083 seconds
[2026-05-09T18:59:46.429+0000] {processor.py:161} INFO - Started process (PID=793) to work on /home/airflow/.local/lib/python3.12/site-packages/airflow/example_dags/example_params_ui_tutorial.py
[2026-05-09T18:59:46.429+0000] {processor.py:830} INFO - Processing file /home/airflow/.local/lib/python3.12/site-packages/airflow/example_dags/example_params_ui_tutorial.py for tasks to queue
[2026-05-09T18:59:46.431+0000] {logging_mixin.py:188} INFO - [2026-05-09T18:59:46.431+0000] {dagbag.py:545} INFO - Filling up the DagBag from /home/airflow/.local/lib/python3.12/site-packages/airflow/example_dags/example_params_ui_tutorial.py
[2026-05-09T18:59:46.436+0000] {processor.py:840} INFO - DAG(s) 'example_params_ui_tutorial' retrieved from /home/airflow/.local/lib/python3.12/site-packages/airflow/example_dags/example_params_ui_tutorial.py
[2026-05-09T18:59:46.473+0000] {logging_mixin.py:188} INFO - [2026-05-09T18:59:46.473+0000] {dag.py:3089} INFO - Sync 1 DAGs
[2026-05-09T18:59:46.484+0000] {logging_mixin.py:188} INFO - [2026-05-09T18:59:46.483+0000] {dag.py:3947} INFO - Setting next_dagrun for example_params_ui_tutorial to None, run_after=None
[2026-05-09T18:59:46.498+0000] {processor.py:183} INFO - Processing /home/airflow/.local/lib/python3.12/site-packages/airflow/example_dags/example_params_ui_tutorial.py took 0.075 seconds
[2026-05-09T19:00:17.558+0000] {processor.py:161} INFO - Started process (PID=852) to work on /home/airflow/.local/lib/python3.12/site-packages/airflow/example_dags/example_params_ui_tutorial.py
[2026-05-09T19:00:17.559+0000] {processor.py:830} INFO - Processing file /home/airflow/.local/lib/python3.12/site-packages/airflow/example_dags/example_params_ui_tutorial.py for tasks to queue
[2026-05-09T19:00:17.560+0000] {logging_mixin.py:188} INFO - [2026-05-09T19:00:17.560+0000] {dagbag.py:545} INFO - Filling up the DagBag from /home/airflow/.local/lib/python3.12/site-packages/airflow/example_dags/example_params_ui_tutorial.py
[2026-05-09T19:00:17.566+0000] {processor.py:840} INFO - DAG(s) 'example_params_ui_tutorial' retrieved from /home/airflow/.local/lib/python3.12/site-packages/airflow/example_dags/example_params_ui_tutorial.py
[2026-05-09T19:00:17.600+0000] {logging_mixin.py:188} INFO - [2026-05-09T19:00:17.599+0000] {dag.py:3089} INFO - Sync 1 DAGs
[2026-05-09T19:00:17.608+0000] {logging_mixin.py:188} INFO - [2026-05-09T19:00:17.608+0000] {dag.py:3947} INFO - Setting next_dagrun for example_params_ui_tutorial to None, run_after=None
[2026-05-09T19:00:17.622+0000] {processor.py:183} INFO - Processing /home/airflow/.local/lib/python3.12/site-packages/airflow/example_dags/example_params_ui_tutorial.py took 0.069 seconds
[2026-05-09T19:00:48.547+0000] {processor.py:161} INFO - Started process (PID=911) to work on /home/airflow/.local/lib/python3.12/site-packages/airflow/example_dags/example_params_ui_tutorial.py
[2026-05-09T19:00:48.548+0000] {processor.py:830} INFO - Processing file /home/airflow/.local/lib/python3.12/site-packages/airflow/example_dags/example_params_ui_tutorial.py for tasks to queue
[2026-05-09T19:00:48.550+0000] {logging_mixin.py:188} INFO - [2026-05-09T19:00:48.549+0000] {dagbag.py:545} INFO - Filling up the DagBag from /home/airflow/.local/lib/python3.12/site-packages/airflow/example_dags/example_params_ui_tutorial.py
[2026-05-09T19:00:48.556+0000] {processor.py:840} INFO - DAG(s) 'example_params_ui_tutorial' retrieved from /home/airflow/.local/lib/python3.12/site-packages/airflow/example_dags/example_params_ui_tutorial.py
[2026-05-09T19:00:48.594+0000] {logging_mixin.py:188} INFO - [2026-05-09T19:00:48.593+0000] {dag.py:3089} INFO - Sync 1 DAGs
[2026-05-09T19:00:48.604+0000] {logging_mixin.py:188} INFO - [2026-05-09T19:00:48.604+0000] {dag.py:3947} INFO - Setting next_dagrun for example_params_ui_tutorial to None, run_after=None
[2026-05-09T19:00:48.619+0000] {processor.py:183} INFO - Processing /home/airflow/.local/lib/python3.12/site-packages/airflow/example_dags/example_params_ui_tutorial.py took 0.079 seconds
[2026-05-09T19:01:19.774+0000] {processor.py:161} INFO - Started process (PID=970) to work on /home/airflow/.local/lib/python3.12/site-packages/airflow/example_dags/example_params_ui_tutorial.py
[2026-05-09T19:01:19.775+0000] {processor.py:830} INFO - Processing file /home/airflow/.local/lib/python3.12/site-packages/airflow/example_dags/example_params_ui_tutorial.py for tasks to queue
[2026-05-09T19:01:19.776+0000] {logging_mixin.py:188} INFO - [2026-05-09T19:01:19.776+0000] {dagbag.py:545} INFO - Filling up the DagBag from /home/airflow/.local/lib/python3.12/site-packages/airflow/example_dags/example_params_ui_tutorial.py
[2026-05-09T19:01:19.781+0000] {processor.py:840} INFO - DAG(s) 'example_params_ui_tutorial' retrieved from /home/airflow/.local/lib/python3.12/site-packages/airflow/example_dags/example_params_ui_tutorial.py
[2026-05-09T19:01:19.814+0000] {logging_mixin.py:188} INFO - [2026-05-09T19:01:19.814+0000] {dag.py:3089} INFO - Sync 1 DAGs
[2026-05-09T19:01:19.823+0000] {logging_mixin.py:188} INFO - [2026-05-09T19:01:19.822+0000] {dag.py:3947} INFO - Setting next_dagrun for example_params_ui_tutorial to None, run_after=None
[2026-05-09T19:01:19.835+0000] {processor.py:183} INFO - Processing /home/airflow/.local/lib/python3.12/site-packages/airflow/example_dags/example_params_ui_tutorial.py took 0.067 seconds
[2026-05-09T19:01:50.352+0000] {processor.py:161} INFO - Started process (PID=1029) to work on /home/airflow/.local/lib/python3.12/site-packages/airflow/example_dags/example_params_ui_tutorial.py
[2026-05-09T19:01:50.353+0000] {processor.py:830} INFO - Processing file /home/airflow/.local/lib/python3.12/site-packages/airflow/example_dags/example_params_ui_tutorial.py for tasks to queue
[2026-05-09T19:01:50.354+0000] {logging_mixin.py:188} INFO - [2026-05-09T19:01:50.354+0000] {dagbag.py:545} INFO - Filling up the DagBag from /home/airflow/.local/lib/python3.12/site-packages/airflow/example_dags/example_params_ui_tutorial.py
[2026-05-09T19:01:50.360+0000] {processor.py:840} INFO - DAG(s) 'example_params_ui_tutorial' retrieved from /home/airflow/.local/lib/python3.12/site-packages/airflow/example_dags/example_params_ui_tutorial.py
[2026-05-09T19:01:50.395+0000] {logging_mixin.py:188} INFO - [2026-05-09T19:01:50.394+0000] {dag.py:3089} INFO - Sync 1 DAGs
[2026-05-09T19:01:50.404+0000] {logging_mixin.py:188} INFO - [2026-05-09T19:01:50.404+0000] {dag.py:3947} INFO - Setting next_dagrun for example_params_ui_tutorial to None, run_after=None
[2026-05-09T19:01:50.418+0000] {processor.py:183} INFO - Processing /home/airflow/.local/lib/python3.12/site-packages/airflow/example_dags/example_params_ui_tutorial.py took 0.071 seconds
[2026-05-09T19:02:21.750+0000] {processor.py:161} INFO - Started process (PID=1088) to work on /home/airflow/.local/lib/python3.12/site-packages/airflow/example_dags/example_params_ui_tutorial.py
[2026-05-09T19:02:21.751+0000] {processor.py:830} INFO - Processing file /home/airflow/.local/lib/python3.12/site-packages/airflow/example_dags/example_params_ui_tutorial.py for tasks to queue
[2026-05-09T19:02:21.753+0000] {logging_mixin.py:188} INFO - [2026-05-09T19:02:21.753+0000] {dagbag.py:545} INFO - Filling up the DagBag from /home/airflow/.local/lib/python3.12/site-packages/airflow/example_dags/example_params_ui_tutorial.py
[2026-05-09T19:02:21.758+0000] {processor.py:840} INFO - DAG(s) 'example_params_ui_tutorial' retrieved from /home/airflow/.local/lib/python3.12/site-packages/airflow/example_dags/example_params_ui_tutorial.py
[2026-05-09T19:02:21.794+0000] {logging_mixin.py:188} INFO - [2026-05-09T19:02:21.793+0000] {dag.py:3089} INFO - Sync 1 DAGs
[2026-05-09T19:02:21.804+0000] {logging_mixin.py:188} INFO - [2026-05-09T19:02:21.804+0000] {dag.py:3947} INFO - Setting next_dagrun for example_params_ui_tutorial to None, run_after=None
[2026-05-09T19:02:21.819+0000] {processor.py:183} INFO - Processing /home/airflow/.local/lib/python3.12/site-packages/airflow/example_dags/example_params_ui_tutorial.py took 0.074 seconds
[2026-05-09T19:02:52.346+0000] {processor.py:161} INFO - Started process (PID=1147) to work on /home/airflow/.local/lib/python3.12/site-packages/airflow/example_dags/example_params_ui_tutorial.py
[2026-05-09T19:02:52.347+0000] {processor.py:830} INFO - Processing file /home/airflow/.local/lib/python3.12/site-packages/airflow/example_dags/example_params_ui_tutorial.py for tasks to queue
[2026-05-09T19:02:52.349+0000] {logging_mixin.py:188} INFO - [2026-05-09T19:02:52.348+0000] {dagbag.py:545} INFO - Filling up the DagBag from /home/airflow/.local/lib/python3.12/site-packages/airflow/example_dags/example_params_ui_tutorial.py
[2026-05-09T19:02:52.354+0000] {processor.py:840} INFO - DAG(s) 'example_params_ui_tutorial' retrieved from /home/airflow/.local/lib/python3.12/site-packages/airflow/example_dags/example_params_ui_tutorial.py
[2026-05-09T19:02:52.387+0000] {logging_mixin.py:188} INFO - [2026-05-09T19:02:52.387+0000] {dag.py:3089} INFO - Sync 1 DAGs
[2026-05-09T19:02:52.397+0000] {logging_mixin.py:188} INFO - [2026-05-09T19:02:52.397+0000] {dag.py:3947} INFO - Setting next_dagrun for example_params_ui_tutorial to None, run_after=None
[2026-05-09T19:02:52.412+0000] {processor.py:183} INFO - Processing /home/airflow/.local/lib/python3.12/site-packages/airflow/example_dags/example_params_ui_tutorial.py took 0.072 seconds
[2026-05-09T19:03:23.256+0000] {processor.py:161} INFO - Started process (PID=1206) to work on /home/airflow/.local/lib/python3.12/site-packages/airflow/example_dags/example_params_ui_tutorial.py
[2026-05-09T19:03:23.257+0000] {processor.py:830} INFO - Processing file /home/airflow/.local/lib/python3.12/site-packages/airflow/example_dags/example_params_ui_tutorial.py for tasks to queue
[2026-05-09T19:03:23.259+0000] {logging_mixin.py:188} INFO - [2026-05-09T19:03:23.258+0000] {dagbag.py:545} INFO - Filling up the DagBag from /home/airflow/.local/lib/python3.12/site-packages/airflow/example_dags/example_params_ui_tutorial.py
[2026-05-09T19:03:23.264+0000] {processor.py:840} INFO - DAG(s) 'example_params_ui_tutorial' retrieved from /home/airflow/.local/lib/python3.12/site-packages/airflow/example_dags/example_params_ui_tutorial.py
[2026-05-09T19:03:23.298+0000] {logging_mixin.py:188} INFO - [2026-05-09T19:03:23.298+0000] {dag.py:3089} INFO - Sync 1 DAGs
[2026-05-09T19:03:23.308+0000] {logging_mixin.py:188} INFO - [2026-05-09T19:03:23.308+0000] {dag.py:3947} INFO - Setting next_dagrun for example_params_ui_tutorial to None, run_after=None
[2026-05-09T19:03:23.323+0000] {processor.py:183} INFO - Processing /home/airflow/.local/lib/python3.12/site-packages/airflow/example_dags/example_params_ui_tutorial.py took 0.073 seconds
[2026-05-09T19:03:54.615+0000] {processor.py:161} INFO - Started process (PID=1265) to work on /home/airflow/.local/lib/python3.12/site-packages/airflow/example_dags/example_params_ui_tutorial.py
[2026-05-09T19:03:54.617+0000] {processor.py:830} INFO - Processing file /home/airflow/.local/lib/python3.12/site-packages/airflow/example_dags/example_params_ui_tutorial.py for tasks to queue
[2026-05-09T19:03:54.619+0000] {logging_mixin.py:188} INFO - [2026-05-09T19:03:54.619+0000] {dagbag.py:545} INFO - Filling up the DagBag from /home/airflow/.local/lib/python3.12/site-packages/airflow/example_dags/example_params_ui_tutorial.py
[2026-05-09T19:03:54.625+0000] {processor.py:840} INFO - DAG(s) 'example_params_ui_tutorial' retrieved from /home/airflow/.local/lib/python3.12/site-packages/airflow/example_dags/example_params_ui_tutorial.py
[2026-05-09T19:03:54.661+0000] {logging_mixin.py:188} INFO - [2026-05-09T19:03:54.660+0000] {dag.py:3089} INFO - Sync 1 DAGs
[2026-05-09T19:03:54.670+0000] {logging_mixin.py:188} INFO - [2026-05-09T19:03:54.670+0000] {dag.py:3947} INFO - Setting next_dagrun for example_params_ui_tutorial to None, run_after=None
[2026-05-09T19:03:54.685+0000] {processor.py:183} INFO - Processing /home/airflow/.local/lib/python3.12/site-packages/airflow/example_dags/example_params_ui_tutorial.py took 0.076 seconds
[2026-05-09T19:04:25.874+0000] {processor.py:161} INFO - Started process (PID=1324) to work on /home/airflow/.local/lib/python3.12/site-packages/airflow/example_dags/example_params_ui_tutorial.py
[2026-05-09T19:04:25.875+0000] {processor.py:830} INFO - Processing file /home/airflow/.local/lib/python3.12/site-packages/airflow/example_dags/example_params_ui_tutorial.py for tasks to queue
[2026-05-09T19:04:25.877+0000] {logging_mixin.py:188} INFO - [2026-05-09T19:04:25.877+0000] {dagbag.py:545} INFO - Filling up the DagBag from /home/airflow/.local/lib/python3.12/site-packages/airflow/example_dags/example_params_ui_tutorial.py
[2026-05-09T19:04:25.887+0000] {processor.py:840} INFO - DAG(s) 'example_params_ui_tutorial' retrieved from /home/airflow/.local/lib/python3.12/site-packages/airflow/example_dags/example_params_ui_tutorial.py
[2026-05-09T19:04:25.924+0000] {logging_mixin.py:188} INFO - [2026-05-09T19:04:25.924+0000] {dag.py:3089} INFO - Sync 1 DAGs
[2026-05-09T19:04:25.934+0000] {logging_mixin.py:188} INFO - [2026-05-09T19:04:25.934+0000] {dag.py:3947} INFO - Setting next_dagrun for example_params_ui_tutorial to None, run_after=None
[2026-05-09T19:04:25.949+0000] {processor.py:183} INFO - Processing /home/airflow/.local/lib/python3.12/site-packages/airflow/example_dags/example_params_ui_tutorial.py took 0.082 seconds
[2026-05-09T19:07:00.325+0000] {processor.py:161} INFO - Started process (PID=85) to work on /home/airflow/.local/lib/python3.12/site-packages/airflow/example_dags/example_params_ui_tutorial.py
[2026-05-09T19:07:00.326+0000] {processor.py:830} INFO - Processing file /home/airflow/.local/lib/python3.12/site-packages/airflow/example_dags/example_params_ui_tutorial.py for tasks to queue
[2026-05-09T19:07:00.328+0000] {logging_mixin.py:188} INFO - [2026-05-09T19:07:00.327+0000] {dagbag.py:545} INFO - Filling up the DagBag from /home/airflow/.local/lib/python3.12/site-packages/airflow/example_dags/example_params_ui_tutorial.py
[2026-05-09T19:07:00.338+0000] {processor.py:840} INFO - DAG(s) 'example_params_ui_tutorial' retrieved from /home/airflow/.local/lib/python3.12/site-packages/airflow/example_dags/example_params_ui_tutorial.py
[2026-05-09T19:07:00.350+0000] {logging_mixin.py:188} INFO - [2026-05-09T19:07:00.350+0000] {dag.py:3089} INFO - Sync 1 DAGs
[2026-05-09T19:07:00.362+0000] {logging_mixin.py:188} INFO - [2026-05-09T19:07:00.362+0000] {dag.py:3947} INFO - Setting next_dagrun for example_params_ui_tutorial to None, run_after=None
[2026-05-09T19:07:00.379+0000] {processor.py:183} INFO - Processing /home/airflow/.local/lib/python3.12/site-packages/airflow/example_dags/example_params_ui_tutorial.py took 0.061 seconds
[2026-05-09T22:07:10.299+0000] {processor.py:161} INFO - Started process (PID=85) to work on /home/airflow/.local/lib/python3.12/site-packages/airflow/example_dags/example_params_ui_tutorial.py
[2026-05-09T22:07:10.300+0000] {processor.py:830} INFO - Processing file /home/airflow/.local/lib/python3.12/site-packages/airflow/example_dags/example_params_ui_tutorial.py for tasks to queue
[2026-05-09T22:07:10.302+0000] {logging_mixin.py:188} INFO - [2026-05-09T22:07:10.302+0000] {dagbag.py:545} INFO - Filling up the DagBag from /home/airflow/.local/lib/python3.12/site-packages/airflow/example_dags/example_params_ui_tutorial.py
[2026-05-09T22:07:10.313+0000] {processor.py:840} INFO - DAG(s) 'example_params_ui_tutorial' retrieved from /home/airflow/.local/lib/python3.12/site-packages/airflow/example_dags/example_params_ui_tutorial.py
[2026-05-09T22:07:10.325+0000] {logging_mixin.py:188} INFO - [2026-05-09T22:07:10.324+0000] {dag.py:3089} INFO - Sync 1 DAGs
[2026-05-09T22:07:10.336+0000] {logging_mixin.py:188} INFO - [2026-05-09T22:07:10.336+0000] {dag.py:3947} INFO - Setting next_dagrun for example_params_ui_tutorial to None, run_after=None
[2026-05-09T22:07:10.352+0000] {processor.py:183} INFO - Processing /home/airflow/.local/lib/python3.12/site-packages/airflow/example_dags/example_params_ui_tutorial.py took 0.060 seconds
[2026-05-09T22:07:41.344+0000] {processor.py:161} INFO - Started process (PID=144) to work on /home/airflow/.local/lib/python3.12/site-packages/airflow/example_dags/example_params_ui_tutorial.py
[2026-05-09T22:07:41.344+0000] {processor.py:830} INFO - Processing file /home/airflow/.local/lib/python3.12/site-packages/airflow/example_dags/example_params_ui_tutorial.py for tasks to queue
[2026-05-09T22:07:41.346+0000] {logging_mixin.py:188} INFO - [2026-05-09T22:07:41.346+0000] {dagbag.py:545} INFO - Filling up the DagBag from /home/airflow/.local/lib/python3.12/site-packages/airflow/example_dags/example_params_ui_tutorial.py
[2026-05-09T22:07:41.352+0000] {processor.py:840} INFO - DAG(s) 'example_params_ui_tutorial' retrieved from /home/airflow/.local/lib/python3.12/site-packages/airflow/example_dags/example_params_ui_tutorial.py
[2026-05-09T22:07:41.454+0000] {logging_mixin.py:188} INFO - [2026-05-09T22:07:41.454+0000] {dag.py:3089} INFO - Sync 1 DAGs
[2026-05-09T22:07:41.462+0000] {logging_mixin.py:188} INFO - [2026-05-09T22:07:41.462+0000] {dag.py:3947} INFO - Setting next_dagrun for example_params_ui_tutorial to None, run_after=None
[2026-05-09T22:07:41.479+0000] {processor.py:183} INFO - Processing /home/airflow/.local/lib/python3.12/site-packages/airflow/example_dags/example_params_ui_tutorial.py took 0.142 seconds
[2026-05-09T22:08:12.096+0000] {processor.py:161} INFO - Started process (PID=203) to work on /home/airflow/.local/lib/python3.12/site-packages/airflow/example_dags/example_params_ui_tutorial.py
[2026-05-09T22:08:12.097+0000] {processor.py:830} INFO - Processing file /home/airflow/.local/lib/python3.12/site-packages/airflow/example_dags/example_params_ui_tutorial.py for tasks to queue
[2026-05-09T22:08:12.100+0000] {logging_mixin.py:188} INFO - [2026-05-09T22:08:12.100+0000] {dagbag.py:545} INFO - Filling up the DagBag from /home/airflow/.local/lib/python3.12/site-packages/airflow/example_dags/example_params_ui_tutorial.py
[2026-05-09T22:08:12.106+0000] {processor.py:840} INFO - DAG(s) 'example_params_ui_tutorial' retrieved from /home/airflow/.local/lib/python3.12/site-packages/airflow/example_dags/example_params_ui_tutorial.py
[2026-05-09T22:08:12.141+0000] {logging_mixin.py:188} INFO - [2026-05-09T22:08:12.141+0000] {dag.py:3089} INFO - Sync 1 DAGs
[2026-05-09T22:08:12.151+0000] {logging_mixin.py:188} INFO - [2026-05-09T22:08:12.151+0000] {dag.py:3947} INFO - Setting next_dagrun for example_params_ui_tutorial to None, run_after=None
[2026-05-09T22:08:12.165+0000] {processor.py:183} INFO - Processing /home/airflow/.local/lib/python3.12/site-packages/airflow/example_dags/example_params_ui_tutorial.py took 0.075 seconds
[2026-05-09T22:08:42.950+0000] {processor.py:161} INFO - Started process (PID=262) to work on /home/airflow/.local/lib/python3.12/site-packages/airflow/example_dags/example_params_ui_tutorial.py
[2026-05-09T22:08:42.951+0000] {processor.py:830} INFO - Processing file /home/airflow/.local/lib/python3.12/site-packages/airflow/example_dags/example_params_ui_tutorial.py for tasks to queue
[2026-05-09T22:08:42.953+0000] {logging_mixin.py:188} INFO - [2026-05-09T22:08:42.952+0000] {dagbag.py:545} INFO - Filling up the DagBag from /home/airflow/.local/lib/python3.12/site-packages/airflow/example_dags/example_params_ui_tutorial.py
[2026-05-09T22:08:42.960+0000] {processor.py:840} INFO - DAG(s) 'example_params_ui_tutorial' retrieved from /home/airflow/.local/lib/python3.12/site-packages/airflow/example_dags/example_params_ui_tutorial.py
[2026-05-09T22:08:42.995+0000] {logging_mixin.py:188} INFO - [2026-05-09T22:08:42.995+0000] {dag.py:3089} INFO - Sync 1 DAGs
[2026-05-09T22:08:43.003+0000] {logging_mixin.py:188} INFO - [2026-05-09T22:08:43.003+0000] {dag.py:3947} INFO - Setting next_dagrun for example_params_ui_tutorial to None, run_after=None
[2026-05-09T22:08:43.016+0000] {processor.py:183} INFO - Processing /home/airflow/.local/lib/python3.12/site-packages/airflow/example_dags/example_params_ui_tutorial.py took 0.071 seconds
[2026-05-09T22:09:13.609+0000] {processor.py:161} INFO - Started process (PID=321) to work on /home/airflow/.local/lib/python3.12/site-packages/airflow/example_dags/example_params_ui_tutorial.py
[2026-05-09T22:09:13.609+0000] {processor.py:830} INFO - Processing file /home/airflow/.local/lib/python3.12/site-packages/airflow/example_dags/example_params_ui_tutorial.py for tasks to queue
[2026-05-09T22:09:13.611+0000] {logging_mixin.py:188} INFO - [2026-05-09T22:09:13.611+0000] {dagbag.py:545} INFO - Filling up the DagBag from /home/airflow/.local/lib/python3.12/site-packages/airflow/example_dags/example_params_ui_tutorial.py
[2026-05-09T22:09:13.616+0000] {processor.py:840} INFO - DAG(s) 'example_params_ui_tutorial' retrieved from /home/airflow/.local/lib/python3.12/site-packages/airflow/example_dags/example_params_ui_tutorial.py
[2026-05-09T22:09:13.655+0000] {logging_mixin.py:188} INFO - [2026-05-09T22:09:13.654+0000] {dag.py:3089} INFO - Sync 1 DAGs
[2026-05-09T22:09:13.663+0000] {logging_mixin.py:188} INFO - [2026-05-09T22:09:13.663+0000] {dag.py:3947} INFO - Setting next_dagrun for example_params_ui_tutorial to None, run_after=None
[2026-05-09T22:09:13.676+0000] {processor.py:183} INFO - Processing /home/airflow/.local/lib/python3.12/site-packages/airflow/example_dags/example_params_ui_tutorial.py took 0.073 seconds
[2026-05-09T22:09:43.910+0000] {processor.py:161} INFO - Started process (PID=380) to work on /home/airflow/.local/lib/python3.12/site-packages/airflow/example_dags/example_params_ui_tutorial.py
[2026-05-09T22:09:43.911+0000] {processor.py:830} INFO - Processing file /home/airflow/.local/lib/python3.12/site-packages/airflow/example_dags/example_params_ui_tutorial.py for tasks to queue
[2026-05-09T22:09:43.913+0000] {logging_mixin.py:188} INFO - [2026-05-09T22:09:43.912+0000] {dagbag.py:545} INFO - Filling up the DagBag from /home/airflow/.local/lib/python3.12/site-packages/airflow/example_dags/example_params_ui_tutorial.py
[2026-05-09T22:09:43.922+0000] {processor.py:840} INFO - DAG(s) 'example_params_ui_tutorial' retrieved from /home/airflow/.local/lib/python3.12/site-packages/airflow/example_dags/example_params_ui_tutorial.py
[2026-05-09T22:09:43.965+0000] {logging_mixin.py:188} INFO - [2026-05-09T22:09:43.964+0000] {dag.py:3089} INFO - Sync 1 DAGs
[2026-05-09T22:09:43.981+0000] {logging_mixin.py:188} INFO - [2026-05-09T22:09:43.981+0000] {dag.py:3947} INFO - Setting next_dagrun for example_params_ui_tutorial to None, run_after=None
[2026-05-09T22:09:44.014+0000] {processor.py:183} INFO - Processing /home/airflow/.local/lib/python3.12/site-packages/airflow/example_dags/example_params_ui_tutorial.py took 0.109 seconds
[2026-05-09T22:10:14.980+0000] {processor.py:161} INFO - Started process (PID=439) to work on /home/airflow/.local/lib/python3.12/site-packages/airflow/example_dags/example_params_ui_tutorial.py
[2026-05-09T22:10:14.981+0000] {processor.py:830} INFO - Processing file /home/airflow/.local/lib/python3.12/site-packages/airflow/example_dags/example_params_ui_tutorial.py for tasks to queue
[2026-05-09T22:10:14.982+0000] {logging_mixin.py:188} INFO - [2026-05-09T22:10:14.982+0000] {dagbag.py:545} INFO - Filling up the DagBag from /home/airflow/.local/lib/python3.12/site-packages/airflow/example_dags/example_params_ui_tutorial.py
[2026-05-09T22:10:14.988+0000] {processor.py:840} INFO - DAG(s) 'example_params_ui_tutorial' retrieved from /home/airflow/.local/lib/python3.12/site-packages/airflow/example_dags/example_params_ui_tutorial.py
[2026-05-09T22:10:15.022+0000] {logging_mixin.py:188} INFO - [2026-05-09T22:10:15.021+0000] {dag.py:3089} INFO - Sync 1 DAGs
[2026-05-09T22:10:15.030+0000] {logging_mixin.py:188} INFO - [2026-05-09T22:10:15.030+0000] {dag.py:3947} INFO - Setting next_dagrun for example_params_ui_tutorial to None, run_after=None
[2026-05-09T22:10:15.044+0000] {processor.py:183} INFO - Processing /home/airflow/.local/lib/python3.12/site-packages/airflow/example_dags/example_params_ui_tutorial.py took 0.069 seconds
[2026-05-09T22:10:45.659+0000] {processor.py:161} INFO - Started process (PID=498) to work on /home/airflow/.local/lib/python3.12/site-packages/airflow/example_dags/example_params_ui_tutorial.py
[2026-05-09T22:10:45.660+0000] {processor.py:830} INFO - Processing file /home/airflow/.local/lib/python3.12/site-packages/airflow/example_dags/example_params_ui_tutorial.py for tasks to queue
[2026-05-09T22:10:45.661+0000] {logging_mixin.py:188} INFO - [2026-05-09T22:10:45.661+0000] {dagbag.py:545} INFO - Filling up the DagBag from /home/airflow/.local/lib/python3.12/site-packages/airflow/example_dags/example_params_ui_tutorial.py
[2026-05-09T22:10:45.667+0000] {processor.py:840} INFO - DAG(s) 'example_params_ui_tutorial' retrieved from /home/airflow/.local/lib/python3.12/site-packages/airflow/example_dags/example_params_ui_tutorial.py
[2026-05-09T22:10:45.703+0000] {logging_mixin.py:188} INFO - [2026-05-09T22:10:45.703+0000] {dag.py:3089} INFO - Sync 1 DAGs
[2026-05-09T22:10:45.712+0000] {logging_mixin.py:188} INFO - [2026-05-09T22:10:45.712+0000] {dag.py:3947} INFO - Setting next_dagrun for example_params_ui_tutorial to None, run_after=None
[2026-05-09T22:10:45.725+0000] {processor.py:183} INFO - Processing /home/airflow/.local/lib/python3.12/site-packages/airflow/example_dags/example_params_ui_tutorial.py took 0.072 seconds
[2026-05-09T22:11:16.658+0000] {processor.py:161} INFO - Started process (PID=558) to work on /home/airflow/.local/lib/python3.12/site-packages/airflow/example_dags/example_params_ui_tutorial.py
[2026-05-09T22:11:16.659+0000] {processor.py:830} INFO - Processing file /home/airflow/.local/lib/python3.12/site-packages/airflow/example_dags/example_params_ui_tutorial.py for tasks to queue
[2026-05-09T22:11:16.661+0000] {logging_mixin.py:188} INFO - [2026-05-09T22:11:16.661+0000] {dagbag.py:545} INFO - Filling up the DagBag from /home/airflow/.local/lib/python3.12/site-packages/airflow/example_dags/example_params_ui_tutorial.py
[2026-05-09T22:11:16.669+0000] {processor.py:840} INFO - DAG(s) 'example_params_ui_tutorial' retrieved from /home/airflow/.local/lib/python3.12/site-packages/airflow/example_dags/example_params_ui_tutorial.py
[2026-05-09T22:11:16.711+0000] {logging_mixin.py:188} INFO - [2026-05-09T22:11:16.711+0000] {dag.py:3089} INFO - Sync 1 DAGs
[2026-05-09T22:11:16.721+0000] {logging_mixin.py:188} INFO - [2026-05-09T22:11:16.721+0000] {dag.py:3947} INFO - Setting next_dagrun for example_params_ui_tutorial to None, run_after=None
[2026-05-09T22:11:16.737+0000] {processor.py:183} INFO - Processing /home/airflow/.local/lib/python3.12/site-packages/airflow/example_dags/example_params_ui_tutorial.py took 0.087 seconds
[2026-05-09T22:11:47.753+0000] {processor.py:161} INFO - Started process (PID=617) to work on /home/airflow/.local/lib/python3.12/site-packages/airflow/example_dags/example_params_ui_tutorial.py
[2026-05-09T22:11:47.754+0000] {processor.py:830} INFO - Processing file /home/airflow/.local/lib/python3.12/site-packages/airflow/example_dags/example_params_ui_tutorial.py for tasks to queue
[2026-05-09T22:11:47.756+0000] {logging_mixin.py:188} INFO - [2026-05-09T22:11:47.756+0000] {dagbag.py:545} INFO - Filling up the DagBag from /home/airflow/.local/lib/python3.12/site-packages/airflow/example_dags/example_params_ui_tutorial.py
[2026-05-09T22:11:47.762+0000] {processor.py:840} INFO - DAG(s) 'example_params_ui_tutorial' retrieved from /home/airflow/.local/lib/python3.12/site-packages/airflow/example_dags/example_params_ui_tutorial.py
[2026-05-09T22:11:47.799+0000] {logging_mixin.py:188} INFO - [2026-05-09T22:11:47.799+0000] {dag.py:3089} INFO - Sync 1 DAGs
[2026-05-09T22:11:47.811+0000] {logging_mixin.py:188} INFO - [2026-05-09T22:11:47.811+0000] {dag.py:3947} INFO - Setting next_dagrun for example_params_ui_tutorial to None, run_after=None
[2026-05-09T22:11:47.826+0000] {processor.py:183} INFO - Processing /home/airflow/.local/lib/python3.12/site-packages/airflow/example_dags/example_params_ui_tutorial.py took 0.078 seconds
[2026-05-09T22:12:18.407+0000] {processor.py:161} INFO - Started process (PID=676) to work on /home/airflow/.local/lib/python3.12/site-packages/airflow/example_dags/example_params_ui_tutorial.py
[2026-05-09T22:12:18.408+0000] {processor.py:830} INFO - Processing file /home/airflow/.local/lib/python3.12/site-packages/airflow/example_dags/example_params_ui_tutorial.py for tasks to queue
[2026-05-09T22:12:18.409+0000] {logging_mixin.py:188} INFO - [2026-05-09T22:12:18.409+0000] {dagbag.py:545} INFO - Filling up the DagBag from /home/airflow/.local/lib/python3.12/site-packages/airflow/example_dags/example_params_ui_tutorial.py
[2026-05-09T22:12:18.415+0000] {processor.py:840} INFO - DAG(s) 'example_params_ui_tutorial' retrieved from /home/airflow/.local/lib/python3.12/site-packages/airflow/example_dags/example_params_ui_tutorial.py
[2026-05-09T22:12:18.452+0000] {logging_mixin.py:188} INFO - [2026-05-09T22:12:18.451+0000] {dag.py:3089} INFO - Sync 1 DAGs
[2026-05-09T22:12:18.461+0000] {logging_mixin.py:188} INFO - [2026-05-09T22:12:18.460+0000] {dag.py:3947} INFO - Setting next_dagrun for example_params_ui_tutorial to None, run_after=None
[2026-05-09T22:12:18.475+0000] {processor.py:183} INFO - Processing /home/airflow/.local/lib/python3.12/site-packages/airflow/example_dags/example_params_ui_tutorial.py took 0.073 seconds
[2026-05-09T22:12:50.264+0000] {processor.py:161} INFO - Started process (PID=735) to work on /home/airflow/.local/lib/python3.12/site-packages/airflow/example_dags/example_params_ui_tutorial.py
[2026-05-09T22:12:50.265+0000] {processor.py:830} INFO - Processing file /home/airflow/.local/lib/python3.12/site-packages/airflow/example_dags/example_params_ui_tutorial.py for tasks to queue
[2026-05-09T22:12:50.267+0000] {logging_mixin.py:188} INFO - [2026-05-09T22:12:50.267+0000] {dagbag.py:545} INFO - Filling up the DagBag from /home/airflow/.local/lib/python3.12/site-packages/airflow/example_dags/example_params_ui_tutorial.py
[2026-05-09T22:12:50.273+0000] {processor.py:840} INFO - DAG(s) 'example_params_ui_tutorial' retrieved from /home/airflow/.local/lib/python3.12/site-packages/airflow/example_dags/example_params_ui_tutorial.py
[2026-05-09T22:12:50.313+0000] {logging_mixin.py:188} INFO - [2026-05-09T22:12:50.313+0000] {dag.py:3089} INFO - Sync 1 DAGs
[2026-05-09T22:12:50.323+0000] {logging_mixin.py:188} INFO - [2026-05-09T22:12:50.322+0000] {dag.py:3947} INFO - Setting next_dagrun for example_params_ui_tutorial to None, run_after=None
[2026-05-09T22:12:50.339+0000] {processor.py:183} INFO - Processing /home/airflow/.local/lib/python3.12/site-packages/airflow/example_dags/example_params_ui_tutorial.py took 0.080 seconds
[2026-05-09T22:13:20.433+0000] {processor.py:161} INFO - Started process (PID=794) to work on /home/airflow/.local/lib/python3.12/site-packages/airflow/example_dags/example_params_ui_tutorial.py
[2026-05-09T22:13:20.434+0000] {processor.py:830} INFO - Processing file /home/airflow/.local/lib/python3.12/site-packages/airflow/example_dags/example_params_ui_tutorial.py for tasks to queue
[2026-05-09T22:13:20.435+0000] {logging_mixin.py:188} INFO - [2026-05-09T22:13:20.435+0000] {dagbag.py:545} INFO - Filling up the DagBag from /home/airflow/.local/lib/python3.12/site-packages/airflow/example_dags/example_params_ui_tutorial.py
[2026-05-09T22:13:20.441+0000] {processor.py:840} INFO - DAG(s) 'example_params_ui_tutorial' retrieved from /home/airflow/.local/lib/python3.12/site-packages/airflow/example_dags/example_params_ui_tutorial.py
[2026-05-09T22:13:20.475+0000] {logging_mixin.py:188} INFO - [2026-05-09T22:13:20.474+0000] {dag.py:3089} INFO - Sync 1 DAGs
[2026-05-09T22:13:20.483+0000] {logging_mixin.py:188} INFO - [2026-05-09T22:13:20.483+0000] {dag.py:3947} INFO - Setting next_dagrun for example_params_ui_tutorial to None, run_after=None
[2026-05-09T22:13:20.496+0000] {processor.py:183} INFO - Processing /home/airflow/.local/lib/python3.12/site-packages/airflow/example_dags/example_params_ui_tutorial.py took 0.069 seconds
[2026-05-09T22:13:51.921+0000] {processor.py:161} INFO - Started process (PID=853) to work on /home/airflow/.local/lib/python3.12/site-packages/airflow/example_dags/example_params_ui_tutorial.py
[2026-05-09T22:13:51.921+0000] {processor.py:830} INFO - Processing file /home/airflow/.local/lib/python3.12/site-packages/airflow/example_dags/example_params_ui_tutorial.py for tasks to queue
[2026-05-09T22:13:51.923+0000] {logging_mixin.py:188} INFO - [2026-05-09T22:13:51.923+0000] {dagbag.py:545} INFO - Filling up the DagBag from /home/airflow/.local/lib/python3.12/site-packages/airflow/example_dags/example_params_ui_tutorial.py
[2026-05-09T22:13:51.929+0000] {processor.py:840} INFO - DAG(s) 'example_params_ui_tutorial' retrieved from /home/airflow/.local/lib/python3.12/site-packages/airflow/example_dags/example_params_ui_tutorial.py
[2026-05-09T22:13:51.962+0000] {logging_mixin.py:188} INFO - [2026-05-09T22:13:51.962+0000] {dag.py:3089} INFO - Sync 1 DAGs
[2026-05-09T22:13:51.972+0000] {logging_mixin.py:188} INFO - [2026-05-09T22:13:51.972+0000] {dag.py:3947} INFO - Setting next_dagrun for example_params_ui_tutorial to None, run_after=None
[2026-05-09T22:13:51.985+0000] {processor.py:183} INFO - Processing /home/airflow/.local/lib/python3.12/site-packages/airflow/example_dags/example_params_ui_tutorial.py took 0.070 seconds
[2026-05-09T22:14:22.713+0000] {processor.py:161} INFO - Started process (PID=912) to work on /home/airflow/.local/lib/python3.12/site-packages/airflow/example_dags/example_params_ui_tutorial.py
[2026-05-09T22:14:22.714+0000] {processor.py:830} INFO - Processing file /home/airflow/.local/lib/python3.12/site-packages/airflow/example_dags/example_params_ui_tutorial.py for tasks to queue
[2026-05-09T22:14:22.716+0000] {logging_mixin.py:188} INFO - [2026-05-09T22:14:22.715+0000] {dagbag.py:545} INFO - Filling up the DagBag from /home/airflow/.local/lib/python3.12/site-packages/airflow/example_dags/example_params_ui_tutorial.py
[2026-05-09T22:14:22.722+0000] {processor.py:840} INFO - DAG(s) 'example_params_ui_tutorial' retrieved from /home/airflow/.local/lib/python3.12/site-packages/airflow/example_dags/example_params_ui_tutorial.py
[2026-05-09T22:14:22.757+0000] {logging_mixin.py:188} INFO - [2026-05-09T22:14:22.756+0000] {dag.py:3089} INFO - Sync 1 DAGs
[2026-05-09T22:14:22.765+0000] {logging_mixin.py:188} INFO - [2026-05-09T22:14:22.765+0000] {dag.py:3947} INFO - Setting next_dagrun for example_params_ui_tutorial to None, run_after=None
[2026-05-09T22:14:22.777+0000] {processor.py:183} INFO - Processing /home/airflow/.local/lib/python3.12/site-packages/airflow/example_dags/example_params_ui_tutorial.py took 0.070 seconds
[2026-05-09T22:14:53.324+0000] {processor.py:161} INFO - Started process (PID=971) to work on /home/airflow/.local/lib/python3.12/site-packages/airflow/example_dags/example_params_ui_tutorial.py
[2026-05-09T22:14:53.325+0000] {processor.py:830} INFO - Processing file /home/airflow/.local/lib/python3.12/site-packages/airflow/example_dags/example_params_ui_tutorial.py for tasks to queue
[2026-05-09T22:14:53.327+0000] {logging_mixin.py:188} INFO - [2026-05-09T22:14:53.326+0000] {dagbag.py:545} INFO - Filling up the DagBag from /home/airflow/.local/lib/python3.12/site-packages/airflow/example_dags/example_params_ui_tutorial.py
[2026-05-09T22:14:53.332+0000] {processor.py:840} INFO - DAG(s) 'example_params_ui_tutorial' retrieved from /home/airflow/.local/lib/python3.12/site-packages/airflow/example_dags/example_params_ui_tutorial.py
[2026-05-09T22:14:53.365+0000] {logging_mixin.py:188} INFO - [2026-05-09T22:14:53.365+0000] {dag.py:3089} INFO - Sync 1 DAGs
[2026-05-09T22:14:53.374+0000] {logging_mixin.py:188} INFO - [2026-05-09T22:14:53.374+0000] {dag.py:3947} INFO - Setting next_dagrun for example_params_ui_tutorial to None, run_after=None
[2026-05-09T22:14:53.387+0000] {processor.py:183} INFO - Processing /home/airflow/.local/lib/python3.12/site-packages/airflow/example_dags/example_params_ui_tutorial.py took 0.069 seconds
[2026-05-09T22:15:23.872+0000] {processor.py:161} INFO - Started process (PID=1030) to work on /home/airflow/.local/lib/python3.12/site-packages/airflow/example_dags/example_params_ui_tutorial.py
[2026-05-09T22:15:23.873+0000] {processor.py:830} INFO - Processing file /home/airflow/.local/lib/python3.12/site-packages/airflow/example_dags/example_params_ui_tutorial.py for tasks to queue
[2026-05-09T22:15:23.875+0000] {logging_mixin.py:188} INFO - [2026-05-09T22:15:23.875+0000] {dagbag.py:545} INFO - Filling up the DagBag from /home/airflow/.local/lib/python3.12/site-packages/airflow/example_dags/example_params_ui_tutorial.py
[2026-05-09T22:15:23.881+0000] {processor.py:840} INFO - DAG(s) 'example_params_ui_tutorial' retrieved from /home/airflow/.local/lib/python3.12/site-packages/airflow/example_dags/example_params_ui_tutorial.py
[2026-05-09T22:15:23.916+0000] {logging_mixin.py:188} INFO - [2026-05-09T22:15:23.916+0000] {dag.py:3089} INFO - Sync 1 DAGs
[2026-05-09T22:15:23.925+0000] {logging_mixin.py:188} INFO - [2026-05-09T22:15:23.925+0000] {dag.py:3947} INFO - Setting next_dagrun for example_params_ui_tutorial to None, run_after=None
[2026-05-09T22:15:23.937+0000] {processor.py:183} INFO - Processing /home/airflow/.local/lib/python3.12/site-packages/airflow/example_dags/example_params_ui_tutorial.py took 0.071 seconds
[2026-05-09T22:15:55.042+0000] {processor.py:161} INFO - Started process (PID=1089) to work on /home/airflow/.local/lib/python3.12/site-packages/airflow/example_dags/example_params_ui_tutorial.py
[2026-05-09T22:15:55.043+0000] {processor.py:830} INFO - Processing file /home/airflow/.local/lib/python3.12/site-packages/airflow/example_dags/example_params_ui_tutorial.py for tasks to queue
[2026-05-09T22:15:55.044+0000] {logging_mixin.py:188} INFO - [2026-05-09T22:15:55.044+0000] {dagbag.py:545} INFO - Filling up the DagBag from /home/airflow/.local/lib/python3.12/site-packages/airflow/example_dags/example_params_ui_tutorial.py
[2026-05-09T22:15:55.050+0000] {processor.py:840} INFO - DAG(s) 'example_params_ui_tutorial' retrieved from /home/airflow/.local/lib/python3.12/site-packages/airflow/example_dags/example_params_ui_tutorial.py
[2026-05-09T22:15:55.084+0000] {logging_mixin.py:188} INFO - [2026-05-09T22:15:55.084+0000] {dag.py:3089} INFO - Sync 1 DAGs
[2026-05-09T22:15:55.094+0000] {logging_mixin.py:188} INFO - [2026-05-09T22:15:55.094+0000] {dag.py:3947} INFO - Setting next_dagrun for example_params_ui_tutorial to None, run_after=None
[2026-05-09T22:15:55.107+0000] {processor.py:183} INFO - Processing /home/airflow/.local/lib/python3.12/site-packages/airflow/example_dags/example_params_ui_tutorial.py took 0.071 seconds
[2026-05-09T22:16:26.043+0000] {processor.py:161} INFO - Started process (PID=1148) to work on /home/airflow/.local/lib/python3.12/site-packages/airflow/example_dags/example_params_ui_tutorial.py
[2026-05-09T22:16:26.044+0000] {processor.py:830} INFO - Processing file /home/airflow/.local/lib/python3.12/site-packages/airflow/example_dags/example_params_ui_tutorial.py for tasks to queue
[2026-05-09T22:16:26.047+0000] {logging_mixin.py:188} INFO - [2026-05-09T22:16:26.046+0000] {dagbag.py:545} INFO - Filling up the DagBag from /home/airflow/.local/lib/python3.12/site-packages/airflow/example_dags/example_params_ui_tutorial.py
[2026-05-09T22:16:26.056+0000] {processor.py:840} INFO - DAG(s) 'example_params_ui_tutorial' retrieved from /home/airflow/.local/lib/python3.12/site-packages/airflow/example_dags/example_params_ui_tutorial.py
[2026-05-09T22:16:26.114+0000] {logging_mixin.py:188} INFO - [2026-05-09T22:16:26.113+0000] {dag.py:3089} INFO - Sync 1 DAGs
[2026-05-09T22:16:26.132+0000] {logging_mixin.py:188} INFO - [2026-05-09T22:16:26.132+0000] {dag.py:3947} INFO - Setting next_dagrun for example_params_ui_tutorial to None, run_after=None
[2026-05-09T22:16:26.155+0000] {processor.py:183} INFO - Processing /home/airflow/.local/lib/python3.12/site-packages/airflow/example_dags/example_params_ui_tutorial.py took 0.122 seconds
[2026-05-09T22:16:56.539+0000] {processor.py:161} INFO - Started process (PID=1207) to work on /home/airflow/.local/lib/python3.12/site-packages/airflow/example_dags/example_params_ui_tutorial.py
[2026-05-09T22:16:56.539+0000] {processor.py:830} INFO - Processing file /home/airflow/.local/lib/python3.12/site-packages/airflow/example_dags/example_params_ui_tutorial.py for tasks to queue
[2026-05-09T22:16:56.541+0000] {logging_mixin.py:188} INFO - [2026-05-09T22:16:56.541+0000] {dagbag.py:545} INFO - Filling up the DagBag from /home/airflow/.local/lib/python3.12/site-packages/airflow/example_dags/example_params_ui_tutorial.py
[2026-05-09T22:16:56.547+0000] {processor.py:840} INFO - DAG(s) 'example_params_ui_tutorial' retrieved from /home/airflow/.local/lib/python3.12/site-packages/airflow/example_dags/example_params_ui_tutorial.py
[2026-05-09T22:16:56.583+0000] {logging_mixin.py:188} INFO - [2026-05-09T22:16:56.583+0000] {dag.py:3089} INFO - Sync 1 DAGs
[2026-05-09T22:16:56.593+0000] {logging_mixin.py:188} INFO - [2026-05-09T22:16:56.592+0000] {dag.py:3947} INFO - Setting next_dagrun for example_params_ui_tutorial to None, run_after=None
[2026-05-09T22:16:56.607+0000] {processor.py:183} INFO - Processing /home/airflow/.local/lib/python3.12/site-packages/airflow/example_dags/example_params_ui_tutorial.py took 0.074 seconds
[2026-05-09T22:17:27.609+0000] {processor.py:161} INFO - Started process (PID=1266) to work on /home/airflow/.local/lib/python3.12/site-packages/airflow/example_dags/example_params_ui_tutorial.py
[2026-05-09T22:17:27.610+0000] {processor.py:830} INFO - Processing file /home/airflow/.local/lib/python3.12/site-packages/airflow/example_dags/example_params_ui_tutorial.py for tasks to queue
[2026-05-09T22:17:27.612+0000] {logging_mixin.py:188} INFO - [2026-05-09T22:17:27.611+0000] {dagbag.py:545} INFO - Filling up the DagBag from /home/airflow/.local/lib/python3.12/site-packages/airflow/example_dags/example_params_ui_tutorial.py
[2026-05-09T22:17:27.618+0000] {processor.py:840} INFO - DAG(s) 'example_params_ui_tutorial' retrieved from /home/airflow/.local/lib/python3.12/site-packages/airflow/example_dags/example_params_ui_tutorial.py
[2026-05-09T22:17:27.663+0000] {logging_mixin.py:188} INFO - [2026-05-09T22:17:27.662+0000] {dag.py:3089} INFO - Sync 1 DAGs
[2026-05-09T22:17:27.673+0000] {logging_mixin.py:188} INFO - [2026-05-09T22:17:27.673+0000] {dag.py:3947} INFO - Setting next_dagrun for example_params_ui_tutorial to None, run_after=None
[2026-05-09T22:17:27.691+0000] {processor.py:183} INFO - Processing /home/airflow/.local/lib/python3.12/site-packages/airflow/example_dags/example_params_ui_tutorial.py took 0.088 seconds
[2026-05-09T22:17:57.876+0000] {processor.py:161} INFO - Started process (PID=1325) to work on /home/airflow/.local/lib/python3.12/site-packages/airflow/example_dags/example_params_ui_tutorial.py
[2026-05-09T22:17:57.877+0000] {processor.py:830} INFO - Processing file /home/airflow/.local/lib/python3.12/site-packages/airflow/example_dags/example_params_ui_tutorial.py for tasks to queue
[2026-05-09T22:17:57.878+0000] {logging_mixin.py:188} INFO - [2026-05-09T22:17:57.878+0000] {dagbag.py:545} INFO - Filling up the DagBag from /home/airflow/.local/lib/python3.12/site-packages/airflow/example_dags/example_params_ui_tutorial.py
[2026-05-09T22:17:57.884+0000] {processor.py:840} INFO - DAG(s) 'example_params_ui_tutorial' retrieved from /home/airflow/.local/lib/python3.12/site-packages/airflow/example_dags/example_params_ui_tutorial.py
[2026-05-09T22:17:57.923+0000] {logging_mixin.py:188} INFO - [2026-05-09T22:17:57.922+0000] {dag.py:3089} INFO - Sync 1 DAGs
[2026-05-09T22:17:57.932+0000] {logging_mixin.py:188} INFO - [2026-05-09T22:17:57.932+0000] {dag.py:3947} INFO - Setting next_dagrun for example_params_ui_tutorial to None, run_after=None
[2026-05-09T22:17:57.946+0000] {processor.py:183} INFO - Processing /home/airflow/.local/lib/python3.12/site-packages/airflow/example_dags/example_params_ui_tutorial.py took 0.077 seconds
[2026-05-09T22:18:28.768+0000] {processor.py:161} INFO - Started process (PID=1384) to work on /home/airflow/.local/lib/python3.12/site-packages/airflow/example_dags/example_params_ui_tutorial.py
[2026-05-09T22:18:28.770+0000] {processor.py:830} INFO - Processing file /home/airflow/.local/lib/python3.12/site-packages/airflow/example_dags/example_params_ui_tutorial.py for tasks to queue
[2026-05-09T22:18:28.772+0000] {logging_mixin.py:188} INFO - [2026-05-09T22:18:28.771+0000] {dagbag.py:545} INFO - Filling up the DagBag from /home/airflow/.local/lib/python3.12/site-packages/airflow/example_dags/example_params_ui_tutorial.py
[2026-05-09T22:18:28.781+0000] {processor.py:840} INFO - DAG(s) 'example_params_ui_tutorial' retrieved from /home/airflow/.local/lib/python3.12/site-packages/airflow/example_dags/example_params_ui_tutorial.py
[2026-05-09T22:18:28.823+0000] {logging_mixin.py:188} INFO - [2026-05-09T22:18:28.823+0000] {dag.py:3089} INFO - Sync 1 DAGs
[2026-05-09T22:18:28.836+0000] {logging_mixin.py:188} INFO - [2026-05-09T22:18:28.836+0000] {dag.py:3947} INFO - Setting next_dagrun for example_params_ui_tutorial to None, run_after=None
[2026-05-09T22:18:28.855+0000] {processor.py:183} INFO - Processing /home/airflow/.local/lib/python3.12/site-packages/airflow/example_dags/example_params_ui_tutorial.py took 0.095 seconds
[2026-05-09T22:36:21.542+0000] {processor.py:161} INFO - Started process (PID=84) to work on /home/airflow/.local/lib/python3.12/site-packages/airflow/example_dags/example_params_ui_tutorial.py
[2026-05-09T22:36:21.543+0000] {processor.py:830} INFO - Processing file /home/airflow/.local/lib/python3.12/site-packages/airflow/example_dags/example_params_ui_tutorial.py for tasks to queue
[2026-05-09T22:36:21.545+0000] {logging_mixin.py:188} INFO - [2026-05-09T22:36:21.545+0000] {dagbag.py:545} INFO - Filling up the DagBag from /home/airflow/.local/lib/python3.12/site-packages/airflow/example_dags/example_params_ui_tutorial.py
[2026-05-09T22:36:21.555+0000] {processor.py:840} INFO - DAG(s) 'example_params_ui_tutorial' retrieved from /home/airflow/.local/lib/python3.12/site-packages/airflow/example_dags/example_params_ui_tutorial.py
[2026-05-09T22:36:21.568+0000] {logging_mixin.py:188} INFO - [2026-05-09T22:36:21.568+0000] {dag.py:3089} INFO - Sync 1 DAGs
[2026-05-09T22:36:21.583+0000] {logging_mixin.py:188} INFO - [2026-05-09T22:36:21.583+0000] {dag.py:3947} INFO - Setting next_dagrun for example_params_ui_tutorial to None, run_after=None
[2026-05-09T22:36:21.602+0000] {processor.py:183} INFO - Processing /home/airflow/.local/lib/python3.12/site-packages/airflow/example_dags/example_params_ui_tutorial.py took 0.067 seconds
