[2026-05-09T08:08:22.556+0000] {processor.py:161} INFO - Started process (PID=100) to work on /home/airflow/.local/lib/python3.12/site-packages/airflow/example_dags/plugins/workday.py
[2026-05-09T08:08:22.557+0000] {processor.py:830} INFO - Processing file /home/airflow/.local/lib/python3.12/site-packages/airflow/example_dags/plugins/workday.py for tasks to queue
[2026-05-09T08:08:22.559+0000] {logging_mixin.py:188} INFO - [2026-05-09T08:08:22.558+0000] {dagbag.py:545} INFO - Filling up the DagBag from /home/airflow/.local/lib/python3.12/site-packages/airflow/example_dags/plugins/workday.py
[2026-05-09T08:08:23.842+0000] {processor.py:842} WARNING - No viable dags retrieved from /home/airflow/.local/lib/python3.12/site-packages/airflow/example_dags/plugins/workday.py
[2026-05-09T08:08:23.852+0000] {processor.py:183} INFO - Processing /home/airflow/.local/lib/python3.12/site-packages/airflow/example_dags/plugins/workday.py took 1.302 seconds
[2026-05-09T08:08:54.783+0000] {processor.py:161} INFO - Started process (PID=168) to work on /home/airflow/.local/lib/python3.12/site-packages/airflow/example_dags/plugins/workday.py
[2026-05-09T08:08:54.784+0000] {processor.py:830} INFO - Processing file /home/airflow/.local/lib/python3.12/site-packages/airflow/example_dags/plugins/workday.py for tasks to queue
[2026-05-09T08:08:54.786+0000] {logging_mixin.py:188} INFO - [2026-05-09T08:08:54.786+0000] {dagbag.py:545} INFO - Filling up the DagBag from /home/airflow/.local/lib/python3.12/site-packages/airflow/example_dags/plugins/workday.py
[2026-05-09T08:08:55.274+0000] {processor.py:842} WARNING - No viable dags retrieved from /home/airflow/.local/lib/python3.12/site-packages/airflow/example_dags/plugins/workday.py
[2026-05-09T08:08:55.286+0000] {processor.py:183} INFO - Processing /home/airflow/.local/lib/python3.12/site-packages/airflow/example_dags/plugins/workday.py took 0.509 seconds
[2026-05-09T08:09:25.902+0000] {processor.py:161} INFO - Started process (PID=227) to work on /home/airflow/.local/lib/python3.12/site-packages/airflow/example_dags/plugins/workday.py
[2026-05-09T08:09:25.903+0000] {processor.py:830} INFO - Processing file /home/airflow/.local/lib/python3.12/site-packages/airflow/example_dags/plugins/workday.py for tasks to queue
[2026-05-09T08:09:25.905+0000] {logging_mixin.py:188} INFO - [2026-05-09T08:09:25.905+0000] {dagbag.py:545} INFO - Filling up the DagBag from /home/airflow/.local/lib/python3.12/site-packages/airflow/example_dags/plugins/workday.py
[2026-05-09T08:09:26.327+0000] {processor.py:842} WARNING - No viable dags retrieved from /home/airflow/.local/lib/python3.12/site-packages/airflow/example_dags/plugins/workday.py
[2026-05-09T08:09:26.338+0000] {processor.py:183} INFO - Processing /home/airflow/.local/lib/python3.12/site-packages/airflow/example_dags/plugins/workday.py took 0.443 seconds
[2026-05-09T08:09:56.429+0000] {processor.py:161} INFO - Started process (PID=286) to work on /home/airflow/.local/lib/python3.12/site-packages/airflow/example_dags/plugins/workday.py
[2026-05-09T08:09:56.430+0000] {processor.py:830} INFO - Processing file /home/airflow/.local/lib/python3.12/site-packages/airflow/example_dags/plugins/workday.py for tasks to queue
[2026-05-09T08:09:56.432+0000] {logging_mixin.py:188} INFO - [2026-05-09T08:09:56.432+0000] {dagbag.py:545} INFO - Filling up the DagBag from /home/airflow/.local/lib/python3.12/site-packages/airflow/example_dags/plugins/workday.py
[2026-05-09T08:09:56.807+0000] {processor.py:842} WARNING - No viable dags retrieved from /home/airflow/.local/lib/python3.12/site-packages/airflow/example_dags/plugins/workday.py
[2026-05-09T08:09:56.816+0000] {processor.py:183} INFO - Processing /home/airflow/.local/lib/python3.12/site-packages/airflow/example_dags/plugins/workday.py took 0.395 seconds
[2026-05-09T08:10:26.907+0000] {processor.py:161} INFO - Started process (PID=345) to work on /home/airflow/.local/lib/python3.12/site-packages/airflow/example_dags/plugins/workday.py
[2026-05-09T08:10:26.908+0000] {processor.py:830} INFO - Processing file /home/airflow/.local/lib/python3.12/site-packages/airflow/example_dags/plugins/workday.py for tasks to queue
[2026-05-09T08:10:26.911+0000] {logging_mixin.py:188} INFO - [2026-05-09T08:10:26.911+0000] {dagbag.py:545} INFO - Filling up the DagBag from /home/airflow/.local/lib/python3.12/site-packages/airflow/example_dags/plugins/workday.py
[2026-05-09T08:10:27.390+0000] {processor.py:842} WARNING - No viable dags retrieved from /home/airflow/.local/lib/python3.12/site-packages/airflow/example_dags/plugins/workday.py
[2026-05-09T08:10:27.402+0000] {processor.py:183} INFO - Processing /home/airflow/.local/lib/python3.12/site-packages/airflow/example_dags/plugins/workday.py took 0.500 seconds
[2026-05-09T08:10:57.451+0000] {processor.py:161} INFO - Started process (PID=404) to work on /home/airflow/.local/lib/python3.12/site-packages/airflow/example_dags/plugins/workday.py
[2026-05-09T08:10:57.452+0000] {processor.py:830} INFO - Processing file /home/airflow/.local/lib/python3.12/site-packages/airflow/example_dags/plugins/workday.py for tasks to queue
[2026-05-09T08:10:57.454+0000] {logging_mixin.py:188} INFO - [2026-05-09T08:10:57.453+0000] {dagbag.py:545} INFO - Filling up the DagBag from /home/airflow/.local/lib/python3.12/site-packages/airflow/example_dags/plugins/workday.py
[2026-05-09T08:10:57.800+0000] {processor.py:842} WARNING - No viable dags retrieved from /home/airflow/.local/lib/python3.12/site-packages/airflow/example_dags/plugins/workday.py
[2026-05-09T08:10:57.809+0000] {processor.py:183} INFO - Processing /home/airflow/.local/lib/python3.12/site-packages/airflow/example_dags/plugins/workday.py took 0.364 seconds
[2026-05-09T08:11:28.720+0000] {processor.py:161} INFO - Started process (PID=463) to work on /home/airflow/.local/lib/python3.12/site-packages/airflow/example_dags/plugins/workday.py
[2026-05-09T08:11:28.721+0000] {processor.py:830} INFO - Processing file /home/airflow/.local/lib/python3.12/site-packages/airflow/example_dags/plugins/workday.py for tasks to queue
[2026-05-09T08:11:28.722+0000] {logging_mixin.py:188} INFO - [2026-05-09T08:11:28.722+0000] {dagbag.py:545} INFO - Filling up the DagBag from /home/airflow/.local/lib/python3.12/site-packages/airflow/example_dags/plugins/workday.py
[2026-05-09T08:11:29.085+0000] {processor.py:842} WARNING - No viable dags retrieved from /home/airflow/.local/lib/python3.12/site-packages/airflow/example_dags/plugins/workday.py
[2026-05-09T08:11:29.095+0000] {processor.py:183} INFO - Processing /home/airflow/.local/lib/python3.12/site-packages/airflow/example_dags/plugins/workday.py took 0.381 seconds
[2026-05-09T08:11:59.141+0000] {processor.py:161} INFO - Started process (PID=522) to work on /home/airflow/.local/lib/python3.12/site-packages/airflow/example_dags/plugins/workday.py
[2026-05-09T08:11:59.141+0000] {processor.py:830} INFO - Processing file /home/airflow/.local/lib/python3.12/site-packages/airflow/example_dags/plugins/workday.py for tasks to queue
[2026-05-09T08:11:59.143+0000] {logging_mixin.py:188} INFO - [2026-05-09T08:11:59.143+0000] {dagbag.py:545} INFO - Filling up the DagBag from /home/airflow/.local/lib/python3.12/site-packages/airflow/example_dags/plugins/workday.py
[2026-05-09T08:11:59.509+0000] {processor.py:842} WARNING - No viable dags retrieved from /home/airflow/.local/lib/python3.12/site-packages/airflow/example_dags/plugins/workday.py
[2026-05-09T08:11:59.519+0000] {processor.py:183} INFO - Processing /home/airflow/.local/lib/python3.12/site-packages/airflow/example_dags/plugins/workday.py took 0.384 seconds
[2026-05-09T08:12:30.063+0000] {processor.py:161} INFO - Started process (PID=581) to work on /home/airflow/.local/lib/python3.12/site-packages/airflow/example_dags/plugins/workday.py
[2026-05-09T08:12:30.064+0000] {processor.py:830} INFO - Processing file /home/airflow/.local/lib/python3.12/site-packages/airflow/example_dags/plugins/workday.py for tasks to queue
[2026-05-09T08:12:30.066+0000] {logging_mixin.py:188} INFO - [2026-05-09T08:12:30.066+0000] {dagbag.py:545} INFO - Filling up the DagBag from /home/airflow/.local/lib/python3.12/site-packages/airflow/example_dags/plugins/workday.py
[2026-05-09T08:12:30.445+0000] {processor.py:842} WARNING - No viable dags retrieved from /home/airflow/.local/lib/python3.12/site-packages/airflow/example_dags/plugins/workday.py
[2026-05-09T08:12:30.454+0000] {processor.py:183} INFO - Processing /home/airflow/.local/lib/python3.12/site-packages/airflow/example_dags/plugins/workday.py took 0.398 seconds
[2026-05-09T08:14:01.142+0000] {processor.py:161} INFO - Started process (PID=100) to work on /home/airflow/.local/lib/python3.12/site-packages/airflow/example_dags/plugins/workday.py
[2026-05-09T08:14:01.143+0000] {processor.py:830} INFO - Processing file /home/airflow/.local/lib/python3.12/site-packages/airflow/example_dags/plugins/workday.py for tasks to queue
[2026-05-09T08:14:01.145+0000] {logging_mixin.py:188} INFO - [2026-05-09T08:14:01.144+0000] {dagbag.py:545} INFO - Filling up the DagBag from /home/airflow/.local/lib/python3.12/site-packages/airflow/example_dags/plugins/workday.py
[2026-05-09T08:14:02.222+0000] {processor.py:842} WARNING - No viable dags retrieved from /home/airflow/.local/lib/python3.12/site-packages/airflow/example_dags/plugins/workday.py
[2026-05-09T08:14:02.232+0000] {processor.py:183} INFO - Processing /home/airflow/.local/lib/python3.12/site-packages/airflow/example_dags/plugins/workday.py took 1.096 seconds
[2026-05-09T08:14:34.083+0000] {processor.py:161} INFO - Started process (PID=159) to work on /home/airflow/.local/lib/python3.12/site-packages/airflow/example_dags/plugins/workday.py
[2026-05-09T08:14:34.084+0000] {processor.py:830} INFO - Processing file /home/airflow/.local/lib/python3.12/site-packages/airflow/example_dags/plugins/workday.py for tasks to queue
[2026-05-09T08:14:34.086+0000] {logging_mixin.py:188} INFO - [2026-05-09T08:14:34.086+0000] {dagbag.py:545} INFO - Filling up the DagBag from /home/airflow/.local/lib/python3.12/site-packages/airflow/example_dags/plugins/workday.py
[2026-05-09T08:14:34.531+0000] {processor.py:842} WARNING - No viable dags retrieved from /home/airflow/.local/lib/python3.12/site-packages/airflow/example_dags/plugins/workday.py
[2026-05-09T08:14:34.541+0000] {processor.py:183} INFO - Processing /home/airflow/.local/lib/python3.12/site-packages/airflow/example_dags/plugins/workday.py took 0.464 seconds
[2026-05-09T08:15:05.386+0000] {processor.py:161} INFO - Started process (PID=219) to work on /home/airflow/.local/lib/python3.12/site-packages/airflow/example_dags/plugins/workday.py
[2026-05-09T08:15:05.387+0000] {processor.py:830} INFO - Processing file /home/airflow/.local/lib/python3.12/site-packages/airflow/example_dags/plugins/workday.py for tasks to queue
[2026-05-09T08:15:05.389+0000] {logging_mixin.py:188} INFO - [2026-05-09T08:15:05.389+0000] {dagbag.py:545} INFO - Filling up the DagBag from /home/airflow/.local/lib/python3.12/site-packages/airflow/example_dags/plugins/workday.py
[2026-05-09T08:15:05.780+0000] {processor.py:842} WARNING - No viable dags retrieved from /home/airflow/.local/lib/python3.12/site-packages/airflow/example_dags/plugins/workday.py
[2026-05-09T08:15:05.791+0000] {processor.py:183} INFO - Processing /home/airflow/.local/lib/python3.12/site-packages/airflow/example_dags/plugins/workday.py took 0.413 seconds
[2026-05-09T08:15:36.626+0000] {processor.py:161} INFO - Started process (PID=281) to work on /home/airflow/.local/lib/python3.12/site-packages/airflow/example_dags/plugins/workday.py
[2026-05-09T08:15:36.627+0000] {processor.py:830} INFO - Processing file /home/airflow/.local/lib/python3.12/site-packages/airflow/example_dags/plugins/workday.py for tasks to queue
[2026-05-09T08:15:36.629+0000] {logging_mixin.py:188} INFO - [2026-05-09T08:15:36.629+0000] {dagbag.py:545} INFO - Filling up the DagBag from /home/airflow/.local/lib/python3.12/site-packages/airflow/example_dags/plugins/workday.py
[2026-05-09T08:15:37.015+0000] {processor.py:842} WARNING - No viable dags retrieved from /home/airflow/.local/lib/python3.12/site-packages/airflow/example_dags/plugins/workday.py
[2026-05-09T08:15:37.024+0000] {processor.py:183} INFO - Processing /home/airflow/.local/lib/python3.12/site-packages/airflow/example_dags/plugins/workday.py took 0.403 seconds
[2026-05-09T08:16:07.962+0000] {processor.py:161} INFO - Started process (PID=340) to work on /home/airflow/.local/lib/python3.12/site-packages/airflow/example_dags/plugins/workday.py
[2026-05-09T08:16:07.963+0000] {processor.py:830} INFO - Processing file /home/airflow/.local/lib/python3.12/site-packages/airflow/example_dags/plugins/workday.py for tasks to queue
[2026-05-09T08:16:07.965+0000] {logging_mixin.py:188} INFO - [2026-05-09T08:16:07.964+0000] {dagbag.py:545} INFO - Filling up the DagBag from /home/airflow/.local/lib/python3.12/site-packages/airflow/example_dags/plugins/workday.py
[2026-05-09T08:16:08.385+0000] {processor.py:842} WARNING - No viable dags retrieved from /home/airflow/.local/lib/python3.12/site-packages/airflow/example_dags/plugins/workday.py
[2026-05-09T08:16:08.394+0000] {processor.py:183} INFO - Processing /home/airflow/.local/lib/python3.12/site-packages/airflow/example_dags/plugins/workday.py took 0.441 seconds
[2026-05-09T08:17:08.922+0000] {processor.py:161} INFO - Started process (PID=100) to work on /home/airflow/.local/lib/python3.12/site-packages/airflow/example_dags/plugins/workday.py
[2026-05-09T08:17:08.923+0000] {processor.py:830} INFO - Processing file /home/airflow/.local/lib/python3.12/site-packages/airflow/example_dags/plugins/workday.py for tasks to queue
[2026-05-09T08:17:08.925+0000] {logging_mixin.py:188} INFO - [2026-05-09T08:17:08.924+0000] {dagbag.py:545} INFO - Filling up the DagBag from /home/airflow/.local/lib/python3.12/site-packages/airflow/example_dags/plugins/workday.py
[2026-05-09T08:17:09.893+0000] {processor.py:842} WARNING - No viable dags retrieved from /home/airflow/.local/lib/python3.12/site-packages/airflow/example_dags/plugins/workday.py
[2026-05-09T08:17:09.902+0000] {processor.py:183} INFO - Processing /home/airflow/.local/lib/python3.12/site-packages/airflow/example_dags/plugins/workday.py took 0.986 seconds
[2026-05-09T08:17:41.462+0000] {processor.py:161} INFO - Started process (PID=159) to work on /home/airflow/.local/lib/python3.12/site-packages/airflow/example_dags/plugins/workday.py
[2026-05-09T08:17:41.463+0000] {processor.py:830} INFO - Processing file /home/airflow/.local/lib/python3.12/site-packages/airflow/example_dags/plugins/workday.py for tasks to queue
[2026-05-09T08:17:41.465+0000] {logging_mixin.py:188} INFO - [2026-05-09T08:17:41.464+0000] {dagbag.py:545} INFO - Filling up the DagBag from /home/airflow/.local/lib/python3.12/site-packages/airflow/example_dags/plugins/workday.py
[2026-05-09T08:17:41.927+0000] {processor.py:842} WARNING - No viable dags retrieved from /home/airflow/.local/lib/python3.12/site-packages/airflow/example_dags/plugins/workday.py
[2026-05-09T08:17:41.940+0000] {processor.py:183} INFO - Processing /home/airflow/.local/lib/python3.12/site-packages/airflow/example_dags/plugins/workday.py took 0.484 seconds
[2026-05-09T08:18:12.008+0000] {processor.py:161} INFO - Started process (PID=218) to work on /home/airflow/.local/lib/python3.12/site-packages/airflow/example_dags/plugins/workday.py
[2026-05-09T08:18:12.009+0000] {processor.py:830} INFO - Processing file /home/airflow/.local/lib/python3.12/site-packages/airflow/example_dags/plugins/workday.py for tasks to queue
[2026-05-09T08:18:12.010+0000] {logging_mixin.py:188} INFO - [2026-05-09T08:18:12.010+0000] {dagbag.py:545} INFO - Filling up the DagBag from /home/airflow/.local/lib/python3.12/site-packages/airflow/example_dags/plugins/workday.py
[2026-05-09T08:18:12.346+0000] {processor.py:842} WARNING - No viable dags retrieved from /home/airflow/.local/lib/python3.12/site-packages/airflow/example_dags/plugins/workday.py
[2026-05-09T08:18:12.355+0000] {processor.py:183} INFO - Processing /home/airflow/.local/lib/python3.12/site-packages/airflow/example_dags/plugins/workday.py took 0.353 seconds
[2026-05-09T08:18:42.399+0000] {processor.py:161} INFO - Started process (PID=277) to work on /home/airflow/.local/lib/python3.12/site-packages/airflow/example_dags/plugins/workday.py
[2026-05-09T08:18:42.400+0000] {processor.py:830} INFO - Processing file /home/airflow/.local/lib/python3.12/site-packages/airflow/example_dags/plugins/workday.py for tasks to queue
[2026-05-09T08:18:42.402+0000] {logging_mixin.py:188} INFO - [2026-05-09T08:18:42.401+0000] {dagbag.py:545} INFO - Filling up the DagBag from /home/airflow/.local/lib/python3.12/site-packages/airflow/example_dags/plugins/workday.py
[2026-05-09T08:18:42.774+0000] {processor.py:842} WARNING - No viable dags retrieved from /home/airflow/.local/lib/python3.12/site-packages/airflow/example_dags/plugins/workday.py
[2026-05-09T08:18:42.783+0000] {processor.py:183} INFO - Processing /home/airflow/.local/lib/python3.12/site-packages/airflow/example_dags/plugins/workday.py took 0.390 seconds
[2026-05-09T08:19:13.565+0000] {processor.py:161} INFO - Started process (PID=337) to work on /home/airflow/.local/lib/python3.12/site-packages/airflow/example_dags/plugins/workday.py
[2026-05-09T08:19:13.566+0000] {processor.py:830} INFO - Processing file /home/airflow/.local/lib/python3.12/site-packages/airflow/example_dags/plugins/workday.py for tasks to queue
[2026-05-09T08:19:13.567+0000] {logging_mixin.py:188} INFO - [2026-05-09T08:19:13.567+0000] {dagbag.py:545} INFO - Filling up the DagBag from /home/airflow/.local/lib/python3.12/site-packages/airflow/example_dags/plugins/workday.py
[2026-05-09T08:19:13.944+0000] {processor.py:842} WARNING - No viable dags retrieved from /home/airflow/.local/lib/python3.12/site-packages/airflow/example_dags/plugins/workday.py
[2026-05-09T08:19:13.953+0000] {processor.py:183} INFO - Processing /home/airflow/.local/lib/python3.12/site-packages/airflow/example_dags/plugins/workday.py took 0.393 seconds
[2026-05-09T08:19:44.067+0000] {processor.py:161} INFO - Started process (PID=399) to work on /home/airflow/.local/lib/python3.12/site-packages/airflow/example_dags/plugins/workday.py
[2026-05-09T08:19:44.068+0000] {processor.py:830} INFO - Processing file /home/airflow/.local/lib/python3.12/site-packages/airflow/example_dags/plugins/workday.py for tasks to queue
[2026-05-09T08:19:44.069+0000] {logging_mixin.py:188} INFO - [2026-05-09T08:19:44.069+0000] {dagbag.py:545} INFO - Filling up the DagBag from /home/airflow/.local/lib/python3.12/site-packages/airflow/example_dags/plugins/workday.py
[2026-05-09T08:19:44.416+0000] {processor.py:842} WARNING - No viable dags retrieved from /home/airflow/.local/lib/python3.12/site-packages/airflow/example_dags/plugins/workday.py
[2026-05-09T08:19:44.426+0000] {processor.py:183} INFO - Processing /home/airflow/.local/lib/python3.12/site-packages/airflow/example_dags/plugins/workday.py took 0.365 seconds
[2026-05-09T08:20:14.501+0000] {processor.py:161} INFO - Started process (PID=458) to work on /home/airflow/.local/lib/python3.12/site-packages/airflow/example_dags/plugins/workday.py
[2026-05-09T08:20:14.502+0000] {processor.py:830} INFO - Processing file /home/airflow/.local/lib/python3.12/site-packages/airflow/example_dags/plugins/workday.py for tasks to queue
[2026-05-09T08:20:14.503+0000] {logging_mixin.py:188} INFO - [2026-05-09T08:20:14.503+0000] {dagbag.py:545} INFO - Filling up the DagBag from /home/airflow/.local/lib/python3.12/site-packages/airflow/example_dags/plugins/workday.py
[2026-05-09T08:20:14.861+0000] {processor.py:842} WARNING - No viable dags retrieved from /home/airflow/.local/lib/python3.12/site-packages/airflow/example_dags/plugins/workday.py
[2026-05-09T08:20:14.870+0000] {processor.py:183} INFO - Processing /home/airflow/.local/lib/python3.12/site-packages/airflow/example_dags/plugins/workday.py took 0.375 seconds
[2026-05-09T08:21:03.433+0000] {processor.py:161} INFO - Started process (PID=100) to work on /home/airflow/.local/lib/python3.12/site-packages/airflow/example_dags/plugins/workday.py
[2026-05-09T08:21:03.434+0000] {processor.py:830} INFO - Processing file /home/airflow/.local/lib/python3.12/site-packages/airflow/example_dags/plugins/workday.py for tasks to queue
[2026-05-09T08:21:03.436+0000] {logging_mixin.py:188} INFO - [2026-05-09T08:21:03.435+0000] {dagbag.py:545} INFO - Filling up the DagBag from /home/airflow/.local/lib/python3.12/site-packages/airflow/example_dags/plugins/workday.py
[2026-05-09T08:21:04.437+0000] {processor.py:842} WARNING - No viable dags retrieved from /home/airflow/.local/lib/python3.12/site-packages/airflow/example_dags/plugins/workday.py
[2026-05-09T08:21:04.448+0000] {processor.py:183} INFO - Processing /home/airflow/.local/lib/python3.12/site-packages/airflow/example_dags/plugins/workday.py took 1.021 seconds
[2026-05-09T08:21:36.182+0000] {processor.py:161} INFO - Started process (PID=159) to work on /home/airflow/.local/lib/python3.12/site-packages/airflow/example_dags/plugins/workday.py
[2026-05-09T08:21:36.183+0000] {processor.py:830} INFO - Processing file /home/airflow/.local/lib/python3.12/site-packages/airflow/example_dags/plugins/workday.py for tasks to queue
[2026-05-09T08:21:36.184+0000] {logging_mixin.py:188} INFO - [2026-05-09T08:21:36.184+0000] {dagbag.py:545} INFO - Filling up the DagBag from /home/airflow/.local/lib/python3.12/site-packages/airflow/example_dags/plugins/workday.py
[2026-05-09T08:21:36.601+0000] {processor.py:842} WARNING - No viable dags retrieved from /home/airflow/.local/lib/python3.12/site-packages/airflow/example_dags/plugins/workday.py
[2026-05-09T08:21:36.610+0000] {processor.py:183} INFO - Processing /home/airflow/.local/lib/python3.12/site-packages/airflow/example_dags/plugins/workday.py took 0.435 seconds
[2026-05-09T08:22:07.174+0000] {processor.py:161} INFO - Started process (PID=218) to work on /home/airflow/.local/lib/python3.12/site-packages/airflow/example_dags/plugins/workday.py
[2026-05-09T08:22:07.175+0000] {processor.py:830} INFO - Processing file /home/airflow/.local/lib/python3.12/site-packages/airflow/example_dags/plugins/workday.py for tasks to queue
[2026-05-09T08:22:07.176+0000] {logging_mixin.py:188} INFO - [2026-05-09T08:22:07.176+0000] {dagbag.py:545} INFO - Filling up the DagBag from /home/airflow/.local/lib/python3.12/site-packages/airflow/example_dags/plugins/workday.py
[2026-05-09T08:22:07.521+0000] {processor.py:842} WARNING - No viable dags retrieved from /home/airflow/.local/lib/python3.12/site-packages/airflow/example_dags/plugins/workday.py
[2026-05-09T08:22:07.529+0000] {processor.py:183} INFO - Processing /home/airflow/.local/lib/python3.12/site-packages/airflow/example_dags/plugins/workday.py took 0.361 seconds
[2026-05-09T08:22:38.122+0000] {processor.py:161} INFO - Started process (PID=277) to work on /home/airflow/.local/lib/python3.12/site-packages/airflow/example_dags/plugins/workday.py
[2026-05-09T08:22:38.123+0000] {processor.py:830} INFO - Processing file /home/airflow/.local/lib/python3.12/site-packages/airflow/example_dags/plugins/workday.py for tasks to queue
[2026-05-09T08:22:38.125+0000] {logging_mixin.py:188} INFO - [2026-05-09T08:22:38.124+0000] {dagbag.py:545} INFO - Filling up the DagBag from /home/airflow/.local/lib/python3.12/site-packages/airflow/example_dags/plugins/workday.py
[2026-05-09T08:22:38.562+0000] {processor.py:842} WARNING - No viable dags retrieved from /home/airflow/.local/lib/python3.12/site-packages/airflow/example_dags/plugins/workday.py
[2026-05-09T08:22:38.572+0000] {processor.py:183} INFO - Processing /home/airflow/.local/lib/python3.12/site-packages/airflow/example_dags/plugins/workday.py took 0.456 seconds
[2026-05-09T08:23:08.929+0000] {processor.py:161} INFO - Started process (PID=336) to work on /home/airflow/.local/lib/python3.12/site-packages/airflow/example_dags/plugins/workday.py
[2026-05-09T08:23:08.930+0000] {processor.py:830} INFO - Processing file /home/airflow/.local/lib/python3.12/site-packages/airflow/example_dags/plugins/workday.py for tasks to queue
[2026-05-09T08:23:08.932+0000] {logging_mixin.py:188} INFO - [2026-05-09T08:23:08.931+0000] {dagbag.py:545} INFO - Filling up the DagBag from /home/airflow/.local/lib/python3.12/site-packages/airflow/example_dags/plugins/workday.py
[2026-05-09T08:23:09.320+0000] {processor.py:842} WARNING - No viable dags retrieved from /home/airflow/.local/lib/python3.12/site-packages/airflow/example_dags/plugins/workday.py
[2026-05-09T08:23:09.330+0000] {processor.py:183} INFO - Processing /home/airflow/.local/lib/python3.12/site-packages/airflow/example_dags/plugins/workday.py took 0.410 seconds
[2026-05-09T08:23:40.155+0000] {processor.py:161} INFO - Started process (PID=398) to work on /home/airflow/.local/lib/python3.12/site-packages/airflow/example_dags/plugins/workday.py
[2026-05-09T08:23:40.156+0000] {processor.py:830} INFO - Processing file /home/airflow/.local/lib/python3.12/site-packages/airflow/example_dags/plugins/workday.py for tasks to queue
[2026-05-09T08:23:40.158+0000] {logging_mixin.py:188} INFO - [2026-05-09T08:23:40.158+0000] {dagbag.py:545} INFO - Filling up the DagBag from /home/airflow/.local/lib/python3.12/site-packages/airflow/example_dags/plugins/workday.py
[2026-05-09T08:23:40.591+0000] {processor.py:842} WARNING - No viable dags retrieved from /home/airflow/.local/lib/python3.12/site-packages/airflow/example_dags/plugins/workday.py
[2026-05-09T08:23:40.601+0000] {processor.py:183} INFO - Processing /home/airflow/.local/lib/python3.12/site-packages/airflow/example_dags/plugins/workday.py took 0.454 seconds
[2026-05-09T08:24:11.267+0000] {processor.py:161} INFO - Started process (PID=457) to work on /home/airflow/.local/lib/python3.12/site-packages/airflow/example_dags/plugins/workday.py
[2026-05-09T08:24:11.268+0000] {processor.py:830} INFO - Processing file /home/airflow/.local/lib/python3.12/site-packages/airflow/example_dags/plugins/workday.py for tasks to queue
[2026-05-09T08:24:11.270+0000] {logging_mixin.py:188} INFO - [2026-05-09T08:24:11.269+0000] {dagbag.py:545} INFO - Filling up the DagBag from /home/airflow/.local/lib/python3.12/site-packages/airflow/example_dags/plugins/workday.py
[2026-05-09T08:24:11.644+0000] {processor.py:842} WARNING - No viable dags retrieved from /home/airflow/.local/lib/python3.12/site-packages/airflow/example_dags/plugins/workday.py
[2026-05-09T08:24:11.653+0000] {processor.py:183} INFO - Processing /home/airflow/.local/lib/python3.12/site-packages/airflow/example_dags/plugins/workday.py took 0.394 seconds
[2026-05-09T08:24:41.910+0000] {processor.py:161} INFO - Started process (PID=516) to work on /home/airflow/.local/lib/python3.12/site-packages/airflow/example_dags/plugins/workday.py
[2026-05-09T08:24:41.911+0000] {processor.py:830} INFO - Processing file /home/airflow/.local/lib/python3.12/site-packages/airflow/example_dags/plugins/workday.py for tasks to queue
[2026-05-09T08:24:41.913+0000] {logging_mixin.py:188} INFO - [2026-05-09T08:24:41.912+0000] {dagbag.py:545} INFO - Filling up the DagBag from /home/airflow/.local/lib/python3.12/site-packages/airflow/example_dags/plugins/workday.py
[2026-05-09T08:24:42.279+0000] {processor.py:842} WARNING - No viable dags retrieved from /home/airflow/.local/lib/python3.12/site-packages/airflow/example_dags/plugins/workday.py
[2026-05-09T08:24:42.288+0000] {processor.py:183} INFO - Processing /home/airflow/.local/lib/python3.12/site-packages/airflow/example_dags/plugins/workday.py took 0.386 seconds
[2026-05-09T08:25:44.441+0000] {processor.py:161} INFO - Started process (PID=100) to work on /home/airflow/.local/lib/python3.12/site-packages/airflow/example_dags/plugins/workday.py
[2026-05-09T08:25:44.442+0000] {processor.py:830} INFO - Processing file /home/airflow/.local/lib/python3.12/site-packages/airflow/example_dags/plugins/workday.py for tasks to queue
[2026-05-09T08:25:44.444+0000] {logging_mixin.py:188} INFO - [2026-05-09T08:25:44.444+0000] {dagbag.py:545} INFO - Filling up the DagBag from /home/airflow/.local/lib/python3.12/site-packages/airflow/example_dags/plugins/workday.py
[2026-05-09T08:25:45.612+0000] {processor.py:842} WARNING - No viable dags retrieved from /home/airflow/.local/lib/python3.12/site-packages/airflow/example_dags/plugins/workday.py
[2026-05-09T08:25:45.848+0000] {processor.py:183} INFO - Processing /home/airflow/.local/lib/python3.12/site-packages/airflow/example_dags/plugins/workday.py took 1.414 seconds
[2026-05-09T08:26:16.605+0000] {processor.py:161} INFO - Started process (PID=161) to work on /home/airflow/.local/lib/python3.12/site-packages/airflow/example_dags/plugins/workday.py
[2026-05-09T08:26:16.606+0000] {processor.py:830} INFO - Processing file /home/airflow/.local/lib/python3.12/site-packages/airflow/example_dags/plugins/workday.py for tasks to queue
[2026-05-09T08:26:16.608+0000] {logging_mixin.py:188} INFO - [2026-05-09T08:26:16.608+0000] {dagbag.py:545} INFO - Filling up the DagBag from /home/airflow/.local/lib/python3.12/site-packages/airflow/example_dags/plugins/workday.py
[2026-05-09T08:26:16.979+0000] {processor.py:842} WARNING - No viable dags retrieved from /home/airflow/.local/lib/python3.12/site-packages/airflow/example_dags/plugins/workday.py
[2026-05-09T08:26:16.988+0000] {processor.py:183} INFO - Processing /home/airflow/.local/lib/python3.12/site-packages/airflow/example_dags/plugins/workday.py took 0.389 seconds
[2026-05-09T08:26:47.877+0000] {processor.py:161} INFO - Started process (PID=220) to work on /home/airflow/.local/lib/python3.12/site-packages/airflow/example_dags/plugins/workday.py
[2026-05-09T08:26:47.877+0000] {processor.py:830} INFO - Processing file /home/airflow/.local/lib/python3.12/site-packages/airflow/example_dags/plugins/workday.py for tasks to queue
[2026-05-09T08:26:47.879+0000] {logging_mixin.py:188} INFO - [2026-05-09T08:26:47.879+0000] {dagbag.py:545} INFO - Filling up the DagBag from /home/airflow/.local/lib/python3.12/site-packages/airflow/example_dags/plugins/workday.py
[2026-05-09T08:26:48.250+0000] {processor.py:842} WARNING - No viable dags retrieved from /home/airflow/.local/lib/python3.12/site-packages/airflow/example_dags/plugins/workday.py
[2026-05-09T08:26:48.258+0000] {processor.py:183} INFO - Processing /home/airflow/.local/lib/python3.12/site-packages/airflow/example_dags/plugins/workday.py took 0.388 seconds
[2026-05-09T08:27:18.904+0000] {processor.py:161} INFO - Started process (PID=279) to work on /home/airflow/.local/lib/python3.12/site-packages/airflow/example_dags/plugins/workday.py
[2026-05-09T08:27:18.904+0000] {processor.py:830} INFO - Processing file /home/airflow/.local/lib/python3.12/site-packages/airflow/example_dags/plugins/workday.py for tasks to queue
[2026-05-09T08:27:18.907+0000] {logging_mixin.py:188} INFO - [2026-05-09T08:27:18.907+0000] {dagbag.py:545} INFO - Filling up the DagBag from /home/airflow/.local/lib/python3.12/site-packages/airflow/example_dags/plugins/workday.py
[2026-05-09T08:27:19.316+0000] {processor.py:842} WARNING - No viable dags retrieved from /home/airflow/.local/lib/python3.12/site-packages/airflow/example_dags/plugins/workday.py
[2026-05-09T08:27:19.327+0000] {processor.py:183} INFO - Processing /home/airflow/.local/lib/python3.12/site-packages/airflow/example_dags/plugins/workday.py took 0.429 seconds
[2026-05-09T08:27:49.417+0000] {processor.py:161} INFO - Started process (PID=338) to work on /home/airflow/.local/lib/python3.12/site-packages/airflow/example_dags/plugins/workday.py
[2026-05-09T08:27:49.418+0000] {processor.py:830} INFO - Processing file /home/airflow/.local/lib/python3.12/site-packages/airflow/example_dags/plugins/workday.py for tasks to queue
[2026-05-09T08:27:49.419+0000] {logging_mixin.py:188} INFO - [2026-05-09T08:27:49.419+0000] {dagbag.py:545} INFO - Filling up the DagBag from /home/airflow/.local/lib/python3.12/site-packages/airflow/example_dags/plugins/workday.py
[2026-05-09T08:27:49.787+0000] {processor.py:842} WARNING - No viable dags retrieved from /home/airflow/.local/lib/python3.12/site-packages/airflow/example_dags/plugins/workday.py
[2026-05-09T08:27:49.796+0000] {processor.py:183} INFO - Processing /home/airflow/.local/lib/python3.12/site-packages/airflow/example_dags/plugins/workday.py took 0.385 seconds
[2026-05-09T08:28:20.268+0000] {processor.py:161} INFO - Started process (PID=397) to work on /home/airflow/.local/lib/python3.12/site-packages/airflow/example_dags/plugins/workday.py
[2026-05-09T08:28:20.269+0000] {processor.py:830} INFO - Processing file /home/airflow/.local/lib/python3.12/site-packages/airflow/example_dags/plugins/workday.py for tasks to queue
[2026-05-09T08:28:20.270+0000] {logging_mixin.py:188} INFO - [2026-05-09T08:28:20.270+0000] {dagbag.py:545} INFO - Filling up the DagBag from /home/airflow/.local/lib/python3.12/site-packages/airflow/example_dags/plugins/workday.py
[2026-05-09T08:28:20.625+0000] {processor.py:842} WARNING - No viable dags retrieved from /home/airflow/.local/lib/python3.12/site-packages/airflow/example_dags/plugins/workday.py
[2026-05-09T08:28:20.634+0000] {processor.py:183} INFO - Processing /home/airflow/.local/lib/python3.12/site-packages/airflow/example_dags/plugins/workday.py took 0.371 seconds
[2026-05-09T08:28:51.583+0000] {processor.py:161} INFO - Started process (PID=457) to work on /home/airflow/.local/lib/python3.12/site-packages/airflow/example_dags/plugins/workday.py
[2026-05-09T08:28:51.584+0000] {processor.py:830} INFO - Processing file /home/airflow/.local/lib/python3.12/site-packages/airflow/example_dags/plugins/workday.py for tasks to queue
[2026-05-09T08:28:51.586+0000] {logging_mixin.py:188} INFO - [2026-05-09T08:28:51.586+0000] {dagbag.py:545} INFO - Filling up the DagBag from /home/airflow/.local/lib/python3.12/site-packages/airflow/example_dags/plugins/workday.py
[2026-05-09T08:28:51.969+0000] {processor.py:842} WARNING - No viable dags retrieved from /home/airflow/.local/lib/python3.12/site-packages/airflow/example_dags/plugins/workday.py
[2026-05-09T08:28:51.979+0000] {processor.py:183} INFO - Processing /home/airflow/.local/lib/python3.12/site-packages/airflow/example_dags/plugins/workday.py took 0.402 seconds
[2026-05-09T08:29:22.534+0000] {processor.py:161} INFO - Started process (PID=516) to work on /home/airflow/.local/lib/python3.12/site-packages/airflow/example_dags/plugins/workday.py
[2026-05-09T08:29:22.535+0000] {processor.py:830} INFO - Processing file /home/airflow/.local/lib/python3.12/site-packages/airflow/example_dags/plugins/workday.py for tasks to queue
[2026-05-09T08:29:22.537+0000] {logging_mixin.py:188} INFO - [2026-05-09T08:29:22.537+0000] {dagbag.py:545} INFO - Filling up the DagBag from /home/airflow/.local/lib/python3.12/site-packages/airflow/example_dags/plugins/workday.py
[2026-05-09T08:29:22.890+0000] {processor.py:842} WARNING - No viable dags retrieved from /home/airflow/.local/lib/python3.12/site-packages/airflow/example_dags/plugins/workday.py
[2026-05-09T08:29:22.900+0000] {processor.py:183} INFO - Processing /home/airflow/.local/lib/python3.12/site-packages/airflow/example_dags/plugins/workday.py took 0.372 seconds
[2026-05-09T08:29:53.175+0000] {processor.py:161} INFO - Started process (PID=575) to work on /home/airflow/.local/lib/python3.12/site-packages/airflow/example_dags/plugins/workday.py
[2026-05-09T08:29:53.176+0000] {processor.py:830} INFO - Processing file /home/airflow/.local/lib/python3.12/site-packages/airflow/example_dags/plugins/workday.py for tasks to queue
[2026-05-09T08:29:53.178+0000] {logging_mixin.py:188} INFO - [2026-05-09T08:29:53.178+0000] {dagbag.py:545} INFO - Filling up the DagBag from /home/airflow/.local/lib/python3.12/site-packages/airflow/example_dags/plugins/workday.py
[2026-05-09T08:29:53.532+0000] {processor.py:842} WARNING - No viable dags retrieved from /home/airflow/.local/lib/python3.12/site-packages/airflow/example_dags/plugins/workday.py
[2026-05-09T08:29:53.541+0000] {processor.py:183} INFO - Processing /home/airflow/.local/lib/python3.12/site-packages/airflow/example_dags/plugins/workday.py took 0.372 seconds
[2026-05-09T08:30:23.913+0000] {processor.py:161} INFO - Started process (PID=634) to work on /home/airflow/.local/lib/python3.12/site-packages/airflow/example_dags/plugins/workday.py
[2026-05-09T08:30:23.914+0000] {processor.py:830} INFO - Processing file /home/airflow/.local/lib/python3.12/site-packages/airflow/example_dags/plugins/workday.py for tasks to queue
[2026-05-09T08:30:23.916+0000] {logging_mixin.py:188} INFO - [2026-05-09T08:30:23.915+0000] {dagbag.py:545} INFO - Filling up the DagBag from /home/airflow/.local/lib/python3.12/site-packages/airflow/example_dags/plugins/workday.py
[2026-05-09T08:30:24.306+0000] {processor.py:842} WARNING - No viable dags retrieved from /home/airflow/.local/lib/python3.12/site-packages/airflow/example_dags/plugins/workday.py
[2026-05-09T08:30:24.316+0000] {processor.py:183} INFO - Processing /home/airflow/.local/lib/python3.12/site-packages/airflow/example_dags/plugins/workday.py took 0.409 seconds
[2026-05-09T08:30:55.146+0000] {processor.py:161} INFO - Started process (PID=693) to work on /home/airflow/.local/lib/python3.12/site-packages/airflow/example_dags/plugins/workday.py
[2026-05-09T08:30:55.147+0000] {processor.py:830} INFO - Processing file /home/airflow/.local/lib/python3.12/site-packages/airflow/example_dags/plugins/workday.py for tasks to queue
[2026-05-09T08:30:55.149+0000] {logging_mixin.py:188} INFO - [2026-05-09T08:30:55.148+0000] {dagbag.py:545} INFO - Filling up the DagBag from /home/airflow/.local/lib/python3.12/site-packages/airflow/example_dags/plugins/workday.py
[2026-05-09T08:30:55.547+0000] {processor.py:842} WARNING - No viable dags retrieved from /home/airflow/.local/lib/python3.12/site-packages/airflow/example_dags/plugins/workday.py
[2026-05-09T08:30:55.558+0000] {processor.py:183} INFO - Processing /home/airflow/.local/lib/python3.12/site-packages/airflow/example_dags/plugins/workday.py took 0.419 seconds
[2026-05-09T08:31:26.289+0000] {processor.py:161} INFO - Started process (PID=752) to work on /home/airflow/.local/lib/python3.12/site-packages/airflow/example_dags/plugins/workday.py
[2026-05-09T08:31:26.290+0000] {processor.py:830} INFO - Processing file /home/airflow/.local/lib/python3.12/site-packages/airflow/example_dags/plugins/workday.py for tasks to queue
[2026-05-09T08:31:26.291+0000] {logging_mixin.py:188} INFO - [2026-05-09T08:31:26.291+0000] {dagbag.py:545} INFO - Filling up the DagBag from /home/airflow/.local/lib/python3.12/site-packages/airflow/example_dags/plugins/workday.py
[2026-05-09T08:31:26.686+0000] {processor.py:842} WARNING - No viable dags retrieved from /home/airflow/.local/lib/python3.12/site-packages/airflow/example_dags/plugins/workday.py
[2026-05-09T08:31:26.696+0000] {processor.py:183} INFO - Processing /home/airflow/.local/lib/python3.12/site-packages/airflow/example_dags/plugins/workday.py took 0.412 seconds
[2026-05-09T08:31:57.497+0000] {processor.py:161} INFO - Started process (PID=811) to work on /home/airflow/.local/lib/python3.12/site-packages/airflow/example_dags/plugins/workday.py
[2026-05-09T08:31:57.498+0000] {processor.py:830} INFO - Processing file /home/airflow/.local/lib/python3.12/site-packages/airflow/example_dags/plugins/workday.py for tasks to queue
[2026-05-09T08:31:57.500+0000] {logging_mixin.py:188} INFO - [2026-05-09T08:31:57.499+0000] {dagbag.py:545} INFO - Filling up the DagBag from /home/airflow/.local/lib/python3.12/site-packages/airflow/example_dags/plugins/workday.py
[2026-05-09T08:31:57.872+0000] {processor.py:842} WARNING - No viable dags retrieved from /home/airflow/.local/lib/python3.12/site-packages/airflow/example_dags/plugins/workday.py
[2026-05-09T08:31:57.881+0000] {processor.py:183} INFO - Processing /home/airflow/.local/lib/python3.12/site-packages/airflow/example_dags/plugins/workday.py took 0.390 seconds
[2026-05-09T08:32:28.347+0000] {processor.py:161} INFO - Started process (PID=870) to work on /home/airflow/.local/lib/python3.12/site-packages/airflow/example_dags/plugins/workday.py
[2026-05-09T08:32:28.348+0000] {processor.py:830} INFO - Processing file /home/airflow/.local/lib/python3.12/site-packages/airflow/example_dags/plugins/workday.py for tasks to queue
[2026-05-09T08:32:28.350+0000] {logging_mixin.py:188} INFO - [2026-05-09T08:32:28.350+0000] {dagbag.py:545} INFO - Filling up the DagBag from /home/airflow/.local/lib/python3.12/site-packages/airflow/example_dags/plugins/workday.py
[2026-05-09T08:32:28.694+0000] {processor.py:842} WARNING - No viable dags retrieved from /home/airflow/.local/lib/python3.12/site-packages/airflow/example_dags/plugins/workday.py
[2026-05-09T08:32:28.703+0000] {processor.py:183} INFO - Processing /home/airflow/.local/lib/python3.12/site-packages/airflow/example_dags/plugins/workday.py took 0.363 seconds
[2026-05-09T09:12:12.325+0000] {processor.py:161} INFO - Started process (PID=100) to work on /home/airflow/.local/lib/python3.12/site-packages/airflow/example_dags/plugins/workday.py
[2026-05-09T09:12:12.326+0000] {processor.py:830} INFO - Processing file /home/airflow/.local/lib/python3.12/site-packages/airflow/example_dags/plugins/workday.py for tasks to queue
[2026-05-09T09:12:12.328+0000] {logging_mixin.py:188} INFO - [2026-05-09T09:12:12.327+0000] {dagbag.py:545} INFO - Filling up the DagBag from /home/airflow/.local/lib/python3.12/site-packages/airflow/example_dags/plugins/workday.py
[2026-05-09T09:12:13.323+0000] {processor.py:842} WARNING - No viable dags retrieved from /home/airflow/.local/lib/python3.12/site-packages/airflow/example_dags/plugins/workday.py
[2026-05-09T09:12:13.333+0000] {processor.py:183} INFO - Processing /home/airflow/.local/lib/python3.12/site-packages/airflow/example_dags/plugins/workday.py took 1.013 seconds
[2026-05-09T09:12:44.008+0000] {processor.py:161} INFO - Started process (PID=162) to work on /home/airflow/.local/lib/python3.12/site-packages/airflow/example_dags/plugins/workday.py
[2026-05-09T09:12:44.008+0000] {processor.py:830} INFO - Processing file /home/airflow/.local/lib/python3.12/site-packages/airflow/example_dags/plugins/workday.py for tasks to queue
[2026-05-09T09:12:44.010+0000] {logging_mixin.py:188} INFO - [2026-05-09T09:12:44.010+0000] {dagbag.py:545} INFO - Filling up the DagBag from /home/airflow/.local/lib/python3.12/site-packages/airflow/example_dags/plugins/workday.py
[2026-05-09T09:12:44.348+0000] {processor.py:842} WARNING - No viable dags retrieved from /home/airflow/.local/lib/python3.12/site-packages/airflow/example_dags/plugins/workday.py
[2026-05-09T09:12:44.357+0000] {processor.py:183} INFO - Processing /home/airflow/.local/lib/python3.12/site-packages/airflow/example_dags/plugins/workday.py took 0.355 seconds
[2026-05-09T09:13:15.063+0000] {processor.py:161} INFO - Started process (PID=221) to work on /home/airflow/.local/lib/python3.12/site-packages/airflow/example_dags/plugins/workday.py
[2026-05-09T09:13:15.064+0000] {processor.py:830} INFO - Processing file /home/airflow/.local/lib/python3.12/site-packages/airflow/example_dags/plugins/workday.py for tasks to queue
[2026-05-09T09:13:15.065+0000] {logging_mixin.py:188} INFO - [2026-05-09T09:13:15.065+0000] {dagbag.py:545} INFO - Filling up the DagBag from /home/airflow/.local/lib/python3.12/site-packages/airflow/example_dags/plugins/workday.py
[2026-05-09T09:13:15.443+0000] {processor.py:842} WARNING - No viable dags retrieved from /home/airflow/.local/lib/python3.12/site-packages/airflow/example_dags/plugins/workday.py
[2026-05-09T09:13:15.451+0000] {processor.py:183} INFO - Processing /home/airflow/.local/lib/python3.12/site-packages/airflow/example_dags/plugins/workday.py took 0.394 seconds
[2026-05-09T09:13:46.178+0000] {processor.py:161} INFO - Started process (PID=280) to work on /home/airflow/.local/lib/python3.12/site-packages/airflow/example_dags/plugins/workday.py
[2026-05-09T09:13:46.178+0000] {processor.py:830} INFO - Processing file /home/airflow/.local/lib/python3.12/site-packages/airflow/example_dags/plugins/workday.py for tasks to queue
[2026-05-09T09:13:46.180+0000] {logging_mixin.py:188} INFO - [2026-05-09T09:13:46.180+0000] {dagbag.py:545} INFO - Filling up the DagBag from /home/airflow/.local/lib/python3.12/site-packages/airflow/example_dags/plugins/workday.py
[2026-05-09T09:13:46.612+0000] {processor.py:842} WARNING - No viable dags retrieved from /home/airflow/.local/lib/python3.12/site-packages/airflow/example_dags/plugins/workday.py
[2026-05-09T09:13:46.622+0000] {processor.py:183} INFO - Processing /home/airflow/.local/lib/python3.12/site-packages/airflow/example_dags/plugins/workday.py took 0.450 seconds
[2026-05-09T09:14:17.418+0000] {processor.py:161} INFO - Started process (PID=339) to work on /home/airflow/.local/lib/python3.12/site-packages/airflow/example_dags/plugins/workday.py
[2026-05-09T09:14:17.419+0000] {processor.py:830} INFO - Processing file /home/airflow/.local/lib/python3.12/site-packages/airflow/example_dags/plugins/workday.py for tasks to queue
[2026-05-09T09:14:17.420+0000] {logging_mixin.py:188} INFO - [2026-05-09T09:14:17.420+0000] {dagbag.py:545} INFO - Filling up the DagBag from /home/airflow/.local/lib/python3.12/site-packages/airflow/example_dags/plugins/workday.py
[2026-05-09T09:14:17.853+0000] {processor.py:842} WARNING - No viable dags retrieved from /home/airflow/.local/lib/python3.12/site-packages/airflow/example_dags/plugins/workday.py
[2026-05-09T09:14:17.863+0000] {processor.py:183} INFO - Processing /home/airflow/.local/lib/python3.12/site-packages/airflow/example_dags/plugins/workday.py took 0.452 seconds
[2026-05-09T09:14:48.654+0000] {processor.py:161} INFO - Started process (PID=398) to work on /home/airflow/.local/lib/python3.12/site-packages/airflow/example_dags/plugins/workday.py
[2026-05-09T09:14:48.655+0000] {processor.py:830} INFO - Processing file /home/airflow/.local/lib/python3.12/site-packages/airflow/example_dags/plugins/workday.py for tasks to queue
[2026-05-09T09:14:48.656+0000] {logging_mixin.py:188} INFO - [2026-05-09T09:14:48.656+0000] {dagbag.py:545} INFO - Filling up the DagBag from /home/airflow/.local/lib/python3.12/site-packages/airflow/example_dags/plugins/workday.py
[2026-05-09T09:14:49.036+0000] {processor.py:842} WARNING - No viable dags retrieved from /home/airflow/.local/lib/python3.12/site-packages/airflow/example_dags/plugins/workday.py
[2026-05-09T09:14:49.045+0000] {processor.py:183} INFO - Processing /home/airflow/.local/lib/python3.12/site-packages/airflow/example_dags/plugins/workday.py took 0.398 seconds
[2026-05-09T09:15:19.553+0000] {processor.py:161} INFO - Started process (PID=457) to work on /home/airflow/.local/lib/python3.12/site-packages/airflow/example_dags/plugins/workday.py
[2026-05-09T09:15:19.553+0000] {processor.py:830} INFO - Processing file /home/airflow/.local/lib/python3.12/site-packages/airflow/example_dags/plugins/workday.py for tasks to queue
[2026-05-09T09:15:19.555+0000] {logging_mixin.py:188} INFO - [2026-05-09T09:15:19.555+0000] {dagbag.py:545} INFO - Filling up the DagBag from /home/airflow/.local/lib/python3.12/site-packages/airflow/example_dags/plugins/workday.py
[2026-05-09T09:15:19.957+0000] {processor.py:842} WARNING - No viable dags retrieved from /home/airflow/.local/lib/python3.12/site-packages/airflow/example_dags/plugins/workday.py
[2026-05-09T09:15:19.966+0000] {processor.py:183} INFO - Processing /home/airflow/.local/lib/python3.12/site-packages/airflow/example_dags/plugins/workday.py took 0.420 seconds
[2026-05-09T09:15:50.777+0000] {processor.py:161} INFO - Started process (PID=516) to work on /home/airflow/.local/lib/python3.12/site-packages/airflow/example_dags/plugins/workday.py
[2026-05-09T09:15:50.779+0000] {processor.py:830} INFO - Processing file /home/airflow/.local/lib/python3.12/site-packages/airflow/example_dags/plugins/workday.py for tasks to queue
[2026-05-09T09:15:50.781+0000] {logging_mixin.py:188} INFO - [2026-05-09T09:15:50.781+0000] {dagbag.py:545} INFO - Filling up the DagBag from /home/airflow/.local/lib/python3.12/site-packages/airflow/example_dags/plugins/workday.py
[2026-05-09T09:15:51.221+0000] {processor.py:842} WARNING - No viable dags retrieved from /home/airflow/.local/lib/python3.12/site-packages/airflow/example_dags/plugins/workday.py
[2026-05-09T09:15:51.232+0000] {processor.py:183} INFO - Processing /home/airflow/.local/lib/python3.12/site-packages/airflow/example_dags/plugins/workday.py took 0.461 seconds
[2026-05-09T09:16:21.605+0000] {processor.py:161} INFO - Started process (PID=575) to work on /home/airflow/.local/lib/python3.12/site-packages/airflow/example_dags/plugins/workday.py
[2026-05-09T09:16:21.606+0000] {processor.py:830} INFO - Processing file /home/airflow/.local/lib/python3.12/site-packages/airflow/example_dags/plugins/workday.py for tasks to queue
[2026-05-09T09:16:21.608+0000] {logging_mixin.py:188} INFO - [2026-05-09T09:16:21.608+0000] {dagbag.py:545} INFO - Filling up the DagBag from /home/airflow/.local/lib/python3.12/site-packages/airflow/example_dags/plugins/workday.py
[2026-05-09T09:16:22.000+0000] {processor.py:842} WARNING - No viable dags retrieved from /home/airflow/.local/lib/python3.12/site-packages/airflow/example_dags/plugins/workday.py
[2026-05-09T09:16:22.009+0000] {processor.py:183} INFO - Processing /home/airflow/.local/lib/python3.12/site-packages/airflow/example_dags/plugins/workday.py took 0.410 seconds
[2026-05-09T09:16:52.938+0000] {processor.py:161} INFO - Started process (PID=634) to work on /home/airflow/.local/lib/python3.12/site-packages/airflow/example_dags/plugins/workday.py
[2026-05-09T09:16:52.939+0000] {processor.py:830} INFO - Processing file /home/airflow/.local/lib/python3.12/site-packages/airflow/example_dags/plugins/workday.py for tasks to queue
[2026-05-09T09:16:52.942+0000] {logging_mixin.py:188} INFO - [2026-05-09T09:16:52.941+0000] {dagbag.py:545} INFO - Filling up the DagBag from /home/airflow/.local/lib/python3.12/site-packages/airflow/example_dags/plugins/workday.py
[2026-05-09T09:16:53.310+0000] {processor.py:842} WARNING - No viable dags retrieved from /home/airflow/.local/lib/python3.12/site-packages/airflow/example_dags/plugins/workday.py
[2026-05-09T09:16:53.321+0000] {processor.py:183} INFO - Processing /home/airflow/.local/lib/python3.12/site-packages/airflow/example_dags/plugins/workday.py took 0.391 seconds
[2026-05-09T09:17:23.392+0000] {processor.py:161} INFO - Started process (PID=693) to work on /home/airflow/.local/lib/python3.12/site-packages/airflow/example_dags/plugins/workday.py
[2026-05-09T09:17:23.392+0000] {processor.py:830} INFO - Processing file /home/airflow/.local/lib/python3.12/site-packages/airflow/example_dags/plugins/workday.py for tasks to queue
[2026-05-09T09:17:23.394+0000] {logging_mixin.py:188} INFO - [2026-05-09T09:17:23.394+0000] {dagbag.py:545} INFO - Filling up the DagBag from /home/airflow/.local/lib/python3.12/site-packages/airflow/example_dags/plugins/workday.py
[2026-05-09T09:17:23.735+0000] {processor.py:842} WARNING - No viable dags retrieved from /home/airflow/.local/lib/python3.12/site-packages/airflow/example_dags/plugins/workday.py
[2026-05-09T09:17:23.744+0000] {processor.py:183} INFO - Processing /home/airflow/.local/lib/python3.12/site-packages/airflow/example_dags/plugins/workday.py took 0.358 seconds
[2026-05-09T09:17:54.311+0000] {processor.py:161} INFO - Started process (PID=752) to work on /home/airflow/.local/lib/python3.12/site-packages/airflow/example_dags/plugins/workday.py
[2026-05-09T09:17:54.312+0000] {processor.py:830} INFO - Processing file /home/airflow/.local/lib/python3.12/site-packages/airflow/example_dags/plugins/workday.py for tasks to queue
[2026-05-09T09:17:54.313+0000] {logging_mixin.py:188} INFO - [2026-05-09T09:17:54.313+0000] {dagbag.py:545} INFO - Filling up the DagBag from /home/airflow/.local/lib/python3.12/site-packages/airflow/example_dags/plugins/workday.py
[2026-05-09T09:17:54.698+0000] {processor.py:842} WARNING - No viable dags retrieved from /home/airflow/.local/lib/python3.12/site-packages/airflow/example_dags/plugins/workday.py
[2026-05-09T09:17:54.708+0000] {processor.py:183} INFO - Processing /home/airflow/.local/lib/python3.12/site-packages/airflow/example_dags/plugins/workday.py took 0.403 seconds
[2026-05-09T09:18:25.207+0000] {processor.py:161} INFO - Started process (PID=811) to work on /home/airflow/.local/lib/python3.12/site-packages/airflow/example_dags/plugins/workday.py
[2026-05-09T09:18:25.208+0000] {processor.py:830} INFO - Processing file /home/airflow/.local/lib/python3.12/site-packages/airflow/example_dags/plugins/workday.py for tasks to queue
[2026-05-09T09:18:25.209+0000] {logging_mixin.py:188} INFO - [2026-05-09T09:18:25.209+0000] {dagbag.py:545} INFO - Filling up the DagBag from /home/airflow/.local/lib/python3.12/site-packages/airflow/example_dags/plugins/workday.py
[2026-05-09T09:18:25.611+0000] {processor.py:842} WARNING - No viable dags retrieved from /home/airflow/.local/lib/python3.12/site-packages/airflow/example_dags/plugins/workday.py
[2026-05-09T09:18:25.620+0000] {processor.py:183} INFO - Processing /home/airflow/.local/lib/python3.12/site-packages/airflow/example_dags/plugins/workday.py took 0.419 seconds
[2026-05-09T09:18:56.531+0000] {processor.py:161} INFO - Started process (PID=870) to work on /home/airflow/.local/lib/python3.12/site-packages/airflow/example_dags/plugins/workday.py
[2026-05-09T09:18:56.532+0000] {processor.py:830} INFO - Processing file /home/airflow/.local/lib/python3.12/site-packages/airflow/example_dags/plugins/workday.py for tasks to queue
[2026-05-09T09:18:56.533+0000] {logging_mixin.py:188} INFO - [2026-05-09T09:18:56.533+0000] {dagbag.py:545} INFO - Filling up the DagBag from /home/airflow/.local/lib/python3.12/site-packages/airflow/example_dags/plugins/workday.py
[2026-05-09T09:18:56.910+0000] {processor.py:842} WARNING - No viable dags retrieved from /home/airflow/.local/lib/python3.12/site-packages/airflow/example_dags/plugins/workday.py
[2026-05-09T09:18:56.919+0000] {processor.py:183} INFO - Processing /home/airflow/.local/lib/python3.12/site-packages/airflow/example_dags/plugins/workday.py took 0.394 seconds
[2026-05-09T09:19:27.678+0000] {processor.py:161} INFO - Started process (PID=929) to work on /home/airflow/.local/lib/python3.12/site-packages/airflow/example_dags/plugins/workday.py
[2026-05-09T09:19:27.679+0000] {processor.py:830} INFO - Processing file /home/airflow/.local/lib/python3.12/site-packages/airflow/example_dags/plugins/workday.py for tasks to queue
[2026-05-09T09:19:27.681+0000] {logging_mixin.py:188} INFO - [2026-05-09T09:19:27.680+0000] {dagbag.py:545} INFO - Filling up the DagBag from /home/airflow/.local/lib/python3.12/site-packages/airflow/example_dags/plugins/workday.py
[2026-05-09T09:19:28.090+0000] {processor.py:842} WARNING - No viable dags retrieved from /home/airflow/.local/lib/python3.12/site-packages/airflow/example_dags/plugins/workday.py
[2026-05-09T09:19:28.100+0000] {processor.py:183} INFO - Processing /home/airflow/.local/lib/python3.12/site-packages/airflow/example_dags/plugins/workday.py took 0.428 seconds
[2026-05-09T09:19:58.937+0000] {processor.py:161} INFO - Started process (PID=988) to work on /home/airflow/.local/lib/python3.12/site-packages/airflow/example_dags/plugins/workday.py
[2026-05-09T09:19:58.938+0000] {processor.py:830} INFO - Processing file /home/airflow/.local/lib/python3.12/site-packages/airflow/example_dags/plugins/workday.py for tasks to queue
[2026-05-09T09:19:58.939+0000] {logging_mixin.py:188} INFO - [2026-05-09T09:19:58.939+0000] {dagbag.py:545} INFO - Filling up the DagBag from /home/airflow/.local/lib/python3.12/site-packages/airflow/example_dags/plugins/workday.py
[2026-05-09T09:19:59.297+0000] {processor.py:842} WARNING - No viable dags retrieved from /home/airflow/.local/lib/python3.12/site-packages/airflow/example_dags/plugins/workday.py
[2026-05-09T09:19:59.307+0000] {processor.py:183} INFO - Processing /home/airflow/.local/lib/python3.12/site-packages/airflow/example_dags/plugins/workday.py took 0.377 seconds
[2026-05-09T09:20:29.863+0000] {processor.py:161} INFO - Started process (PID=1047) to work on /home/airflow/.local/lib/python3.12/site-packages/airflow/example_dags/plugins/workday.py
[2026-05-09T09:20:29.864+0000] {processor.py:830} INFO - Processing file /home/airflow/.local/lib/python3.12/site-packages/airflow/example_dags/plugins/workday.py for tasks to queue
[2026-05-09T09:20:29.866+0000] {logging_mixin.py:188} INFO - [2026-05-09T09:20:29.866+0000] {dagbag.py:545} INFO - Filling up the DagBag from /home/airflow/.local/lib/python3.12/site-packages/airflow/example_dags/plugins/workday.py
[2026-05-09T09:20:30.212+0000] {processor.py:842} WARNING - No viable dags retrieved from /home/airflow/.local/lib/python3.12/site-packages/airflow/example_dags/plugins/workday.py
[2026-05-09T09:20:30.222+0000] {processor.py:183} INFO - Processing /home/airflow/.local/lib/python3.12/site-packages/airflow/example_dags/plugins/workday.py took 0.364 seconds
[2026-05-09T09:21:00.863+0000] {processor.py:161} INFO - Started process (PID=1106) to work on /home/airflow/.local/lib/python3.12/site-packages/airflow/example_dags/plugins/workday.py
[2026-05-09T09:21:00.863+0000] {processor.py:830} INFO - Processing file /home/airflow/.local/lib/python3.12/site-packages/airflow/example_dags/plugins/workday.py for tasks to queue
[2026-05-09T09:21:00.865+0000] {logging_mixin.py:188} INFO - [2026-05-09T09:21:00.865+0000] {dagbag.py:545} INFO - Filling up the DagBag from /home/airflow/.local/lib/python3.12/site-packages/airflow/example_dags/plugins/workday.py
[2026-05-09T09:21:01.233+0000] {processor.py:842} WARNING - No viable dags retrieved from /home/airflow/.local/lib/python3.12/site-packages/airflow/example_dags/plugins/workday.py
[2026-05-09T09:21:01.243+0000] {processor.py:183} INFO - Processing /home/airflow/.local/lib/python3.12/site-packages/airflow/example_dags/plugins/workday.py took 0.386 seconds
[2026-05-09T09:21:32.135+0000] {processor.py:161} INFO - Started process (PID=1165) to work on /home/airflow/.local/lib/python3.12/site-packages/airflow/example_dags/plugins/workday.py
[2026-05-09T09:21:32.136+0000] {processor.py:830} INFO - Processing file /home/airflow/.local/lib/python3.12/site-packages/airflow/example_dags/plugins/workday.py for tasks to queue
[2026-05-09T09:21:32.138+0000] {logging_mixin.py:188} INFO - [2026-05-09T09:21:32.137+0000] {dagbag.py:545} INFO - Filling up the DagBag from /home/airflow/.local/lib/python3.12/site-packages/airflow/example_dags/plugins/workday.py
[2026-05-09T09:21:32.513+0000] {processor.py:842} WARNING - No viable dags retrieved from /home/airflow/.local/lib/python3.12/site-packages/airflow/example_dags/plugins/workday.py
[2026-05-09T09:21:32.523+0000] {processor.py:183} INFO - Processing /home/airflow/.local/lib/python3.12/site-packages/airflow/example_dags/plugins/workday.py took 0.395 seconds
[2026-05-09T09:22:03.272+0000] {processor.py:161} INFO - Started process (PID=1224) to work on /home/airflow/.local/lib/python3.12/site-packages/airflow/example_dags/plugins/workday.py
[2026-05-09T09:22:03.273+0000] {processor.py:830} INFO - Processing file /home/airflow/.local/lib/python3.12/site-packages/airflow/example_dags/plugins/workday.py for tasks to queue
[2026-05-09T09:22:03.275+0000] {logging_mixin.py:188} INFO - [2026-05-09T09:22:03.274+0000] {dagbag.py:545} INFO - Filling up the DagBag from /home/airflow/.local/lib/python3.12/site-packages/airflow/example_dags/plugins/workday.py
[2026-05-09T09:22:03.631+0000] {processor.py:842} WARNING - No viable dags retrieved from /home/airflow/.local/lib/python3.12/site-packages/airflow/example_dags/plugins/workday.py
[2026-05-09T09:22:03.640+0000] {processor.py:183} INFO - Processing /home/airflow/.local/lib/python3.12/site-packages/airflow/example_dags/plugins/workday.py took 0.374 seconds
[2026-05-09T09:22:34.498+0000] {processor.py:161} INFO - Started process (PID=1283) to work on /home/airflow/.local/lib/python3.12/site-packages/airflow/example_dags/plugins/workday.py
[2026-05-09T09:22:34.499+0000] {processor.py:830} INFO - Processing file /home/airflow/.local/lib/python3.12/site-packages/airflow/example_dags/plugins/workday.py for tasks to queue
[2026-05-09T09:22:34.500+0000] {logging_mixin.py:188} INFO - [2026-05-09T09:22:34.500+0000] {dagbag.py:545} INFO - Filling up the DagBag from /home/airflow/.local/lib/python3.12/site-packages/airflow/example_dags/plugins/workday.py
[2026-05-09T09:22:34.873+0000] {processor.py:842} WARNING - No viable dags retrieved from /home/airflow/.local/lib/python3.12/site-packages/airflow/example_dags/plugins/workday.py
[2026-05-09T09:22:34.883+0000] {processor.py:183} INFO - Processing /home/airflow/.local/lib/python3.12/site-packages/airflow/example_dags/plugins/workday.py took 0.390 seconds
[2026-05-09T09:23:05.288+0000] {processor.py:161} INFO - Started process (PID=1342) to work on /home/airflow/.local/lib/python3.12/site-packages/airflow/example_dags/plugins/workday.py
[2026-05-09T09:23:05.289+0000] {processor.py:830} INFO - Processing file /home/airflow/.local/lib/python3.12/site-packages/airflow/example_dags/plugins/workday.py for tasks to queue
[2026-05-09T09:23:05.290+0000] {logging_mixin.py:188} INFO - [2026-05-09T09:23:05.290+0000] {dagbag.py:545} INFO - Filling up the DagBag from /home/airflow/.local/lib/python3.12/site-packages/airflow/example_dags/plugins/workday.py
[2026-05-09T09:23:05.695+0000] {processor.py:842} WARNING - No viable dags retrieved from /home/airflow/.local/lib/python3.12/site-packages/airflow/example_dags/plugins/workday.py
[2026-05-09T09:23:05.704+0000] {processor.py:183} INFO - Processing /home/airflow/.local/lib/python3.12/site-packages/airflow/example_dags/plugins/workday.py took 0.421 seconds
[2026-05-09T09:23:36.112+0000] {processor.py:161} INFO - Started process (PID=1401) to work on /home/airflow/.local/lib/python3.12/site-packages/airflow/example_dags/plugins/workday.py
[2026-05-09T09:23:36.113+0000] {processor.py:830} INFO - Processing file /home/airflow/.local/lib/python3.12/site-packages/airflow/example_dags/plugins/workday.py for tasks to queue
[2026-05-09T09:23:36.114+0000] {logging_mixin.py:188} INFO - [2026-05-09T09:23:36.114+0000] {dagbag.py:545} INFO - Filling up the DagBag from /home/airflow/.local/lib/python3.12/site-packages/airflow/example_dags/plugins/workday.py
[2026-05-09T09:23:36.458+0000] {processor.py:842} WARNING - No viable dags retrieved from /home/airflow/.local/lib/python3.12/site-packages/airflow/example_dags/plugins/workday.py
[2026-05-09T09:23:36.467+0000] {processor.py:183} INFO - Processing /home/airflow/.local/lib/python3.12/site-packages/airflow/example_dags/plugins/workday.py took 0.362 seconds
[2026-05-09T09:24:07.148+0000] {processor.py:161} INFO - Started process (PID=1460) to work on /home/airflow/.local/lib/python3.12/site-packages/airflow/example_dags/plugins/workday.py
[2026-05-09T09:24:07.149+0000] {processor.py:830} INFO - Processing file /home/airflow/.local/lib/python3.12/site-packages/airflow/example_dags/plugins/workday.py for tasks to queue
[2026-05-09T09:24:07.150+0000] {logging_mixin.py:188} INFO - [2026-05-09T09:24:07.150+0000] {dagbag.py:545} INFO - Filling up the DagBag from /home/airflow/.local/lib/python3.12/site-packages/airflow/example_dags/plugins/workday.py
[2026-05-09T09:24:07.522+0000] {processor.py:842} WARNING - No viable dags retrieved from /home/airflow/.local/lib/python3.12/site-packages/airflow/example_dags/plugins/workday.py
[2026-05-09T09:24:07.531+0000] {processor.py:183} INFO - Processing /home/airflow/.local/lib/python3.12/site-packages/airflow/example_dags/plugins/workday.py took 0.388 seconds
[2026-05-09T09:24:37.645+0000] {processor.py:161} INFO - Started process (PID=1519) to work on /home/airflow/.local/lib/python3.12/site-packages/airflow/example_dags/plugins/workday.py
[2026-05-09T09:24:37.645+0000] {processor.py:830} INFO - Processing file /home/airflow/.local/lib/python3.12/site-packages/airflow/example_dags/plugins/workday.py for tasks to queue
[2026-05-09T09:24:37.647+0000] {logging_mixin.py:188} INFO - [2026-05-09T09:24:37.647+0000] {dagbag.py:545} INFO - Filling up the DagBag from /home/airflow/.local/lib/python3.12/site-packages/airflow/example_dags/plugins/workday.py
[2026-05-09T09:24:38.052+0000] {processor.py:842} WARNING - No viable dags retrieved from /home/airflow/.local/lib/python3.12/site-packages/airflow/example_dags/plugins/workday.py
[2026-05-09T09:24:38.062+0000] {processor.py:183} INFO - Processing /home/airflow/.local/lib/python3.12/site-packages/airflow/example_dags/plugins/workday.py took 0.423 seconds
[2026-05-09T09:25:09.262+0000] {processor.py:161} INFO - Started process (PID=1575) to work on /home/airflow/.local/lib/python3.12/site-packages/airflow/example_dags/plugins/workday.py
[2026-05-09T09:25:09.263+0000] {processor.py:830} INFO - Processing file /home/airflow/.local/lib/python3.12/site-packages/airflow/example_dags/plugins/workday.py for tasks to queue
[2026-05-09T09:25:09.265+0000] {logging_mixin.py:188} INFO - [2026-05-09T09:25:09.264+0000] {dagbag.py:545} INFO - Filling up the DagBag from /home/airflow/.local/lib/python3.12/site-packages/airflow/example_dags/plugins/workday.py
[2026-05-09T09:25:09.591+0000] {processor.py:842} WARNING - No viable dags retrieved from /home/airflow/.local/lib/python3.12/site-packages/airflow/example_dags/plugins/workday.py
[2026-05-09T09:25:09.600+0000] {processor.py:183} INFO - Processing /home/airflow/.local/lib/python3.12/site-packages/airflow/example_dags/plugins/workday.py took 0.344 seconds
[2026-05-09T09:25:40.702+0000] {processor.py:161} INFO - Started process (PID=1634) to work on /home/airflow/.local/lib/python3.12/site-packages/airflow/example_dags/plugins/workday.py
[2026-05-09T09:25:40.703+0000] {processor.py:830} INFO - Processing file /home/airflow/.local/lib/python3.12/site-packages/airflow/example_dags/plugins/workday.py for tasks to queue
[2026-05-09T09:25:40.704+0000] {logging_mixin.py:188} INFO - [2026-05-09T09:25:40.704+0000] {dagbag.py:545} INFO - Filling up the DagBag from /home/airflow/.local/lib/python3.12/site-packages/airflow/example_dags/plugins/workday.py
[2026-05-09T09:25:41.047+0000] {processor.py:842} WARNING - No viable dags retrieved from /home/airflow/.local/lib/python3.12/site-packages/airflow/example_dags/plugins/workday.py
[2026-05-09T09:25:41.055+0000] {processor.py:183} INFO - Processing /home/airflow/.local/lib/python3.12/site-packages/airflow/example_dags/plugins/workday.py took 0.360 seconds
[2026-05-09T09:26:11.869+0000] {processor.py:161} INFO - Started process (PID=1693) to work on /home/airflow/.local/lib/python3.12/site-packages/airflow/example_dags/plugins/workday.py
[2026-05-09T09:26:11.870+0000] {processor.py:830} INFO - Processing file /home/airflow/.local/lib/python3.12/site-packages/airflow/example_dags/plugins/workday.py for tasks to queue
[2026-05-09T09:26:11.871+0000] {logging_mixin.py:188} INFO - [2026-05-09T09:26:11.871+0000] {dagbag.py:545} INFO - Filling up the DagBag from /home/airflow/.local/lib/python3.12/site-packages/airflow/example_dags/plugins/workday.py
[2026-05-09T09:26:12.210+0000] {processor.py:842} WARNING - No viable dags retrieved from /home/airflow/.local/lib/python3.12/site-packages/airflow/example_dags/plugins/workday.py
[2026-05-09T09:26:12.219+0000] {processor.py:183} INFO - Processing /home/airflow/.local/lib/python3.12/site-packages/airflow/example_dags/plugins/workday.py took 0.357 seconds
[2026-05-09T09:26:42.834+0000] {processor.py:161} INFO - Started process (PID=1758) to work on /home/airflow/.local/lib/python3.12/site-packages/airflow/example_dags/plugins/workday.py
[2026-05-09T09:26:42.835+0000] {processor.py:830} INFO - Processing file /home/airflow/.local/lib/python3.12/site-packages/airflow/example_dags/plugins/workday.py for tasks to queue
[2026-05-09T09:26:42.836+0000] {logging_mixin.py:188} INFO - [2026-05-09T09:26:42.836+0000] {dagbag.py:545} INFO - Filling up the DagBag from /home/airflow/.local/lib/python3.12/site-packages/airflow/example_dags/plugins/workday.py
[2026-05-09T09:26:43.169+0000] {processor.py:842} WARNING - No viable dags retrieved from /home/airflow/.local/lib/python3.12/site-packages/airflow/example_dags/plugins/workday.py
[2026-05-09T09:26:43.178+0000] {processor.py:183} INFO - Processing /home/airflow/.local/lib/python3.12/site-packages/airflow/example_dags/plugins/workday.py took 0.349 seconds
[2026-05-09T09:27:13.452+0000] {processor.py:161} INFO - Started process (PID=1817) to work on /home/airflow/.local/lib/python3.12/site-packages/airflow/example_dags/plugins/workday.py
[2026-05-09T09:27:13.453+0000] {processor.py:830} INFO - Processing file /home/airflow/.local/lib/python3.12/site-packages/airflow/example_dags/plugins/workday.py for tasks to queue
[2026-05-09T09:27:13.455+0000] {logging_mixin.py:188} INFO - [2026-05-09T09:27:13.455+0000] {dagbag.py:545} INFO - Filling up the DagBag from /home/airflow/.local/lib/python3.12/site-packages/airflow/example_dags/plugins/workday.py
[2026-05-09T09:27:13.667+0000] {processor.py:842} WARNING - No viable dags retrieved from /home/airflow/.local/lib/python3.12/site-packages/airflow/example_dags/plugins/workday.py
[2026-05-09T09:27:13.678+0000] {processor.py:183} INFO - Processing /home/airflow/.local/lib/python3.12/site-packages/airflow/example_dags/plugins/workday.py took 0.231 seconds
[2026-05-09T09:27:44.154+0000] {processor.py:161} INFO - Started process (PID=1876) to work on /home/airflow/.local/lib/python3.12/site-packages/airflow/example_dags/plugins/workday.py
[2026-05-09T09:27:44.155+0000] {processor.py:830} INFO - Processing file /home/airflow/.local/lib/python3.12/site-packages/airflow/example_dags/plugins/workday.py for tasks to queue
[2026-05-09T09:27:44.157+0000] {logging_mixin.py:188} INFO - [2026-05-09T09:27:44.156+0000] {dagbag.py:545} INFO - Filling up the DagBag from /home/airflow/.local/lib/python3.12/site-packages/airflow/example_dags/plugins/workday.py
[2026-05-09T09:27:44.372+0000] {processor.py:842} WARNING - No viable dags retrieved from /home/airflow/.local/lib/python3.12/site-packages/airflow/example_dags/plugins/workday.py
[2026-05-09T09:27:44.383+0000] {processor.py:183} INFO - Processing /home/airflow/.local/lib/python3.12/site-packages/airflow/example_dags/plugins/workday.py took 0.235 seconds
[2026-05-09T09:28:14.900+0000] {processor.py:161} INFO - Started process (PID=1935) to work on /home/airflow/.local/lib/python3.12/site-packages/airflow/example_dags/plugins/workday.py
[2026-05-09T09:28:14.901+0000] {processor.py:830} INFO - Processing file /home/airflow/.local/lib/python3.12/site-packages/airflow/example_dags/plugins/workday.py for tasks to queue
[2026-05-09T09:28:14.903+0000] {logging_mixin.py:188} INFO - [2026-05-09T09:28:14.902+0000] {dagbag.py:545} INFO - Filling up the DagBag from /home/airflow/.local/lib/python3.12/site-packages/airflow/example_dags/plugins/workday.py
[2026-05-09T09:28:15.151+0000] {processor.py:842} WARNING - No viable dags retrieved from /home/airflow/.local/lib/python3.12/site-packages/airflow/example_dags/plugins/workday.py
[2026-05-09T09:28:15.162+0000] {processor.py:183} INFO - Processing /home/airflow/.local/lib/python3.12/site-packages/airflow/example_dags/plugins/workday.py took 0.272 seconds
[2026-05-09T09:45:05.015+0000] {processor.py:161} INFO - Started process (PID=100) to work on /home/airflow/.local/lib/python3.12/site-packages/airflow/example_dags/plugins/workday.py
[2026-05-09T09:45:05.015+0000] {processor.py:830} INFO - Processing file /home/airflow/.local/lib/python3.12/site-packages/airflow/example_dags/plugins/workday.py for tasks to queue
[2026-05-09T09:45:05.017+0000] {logging_mixin.py:188} INFO - [2026-05-09T09:45:05.017+0000] {dagbag.py:545} INFO - Filling up the DagBag from /home/airflow/.local/lib/python3.12/site-packages/airflow/example_dags/plugins/workday.py
[2026-05-09T09:45:06.021+0000] {processor.py:842} WARNING - No viable dags retrieved from /home/airflow/.local/lib/python3.12/site-packages/airflow/example_dags/plugins/workday.py
[2026-05-09T09:45:06.031+0000] {processor.py:183} INFO - Processing /home/airflow/.local/lib/python3.12/site-packages/airflow/example_dags/plugins/workday.py took 1.022 seconds
[2026-05-09T09:45:36.875+0000] {processor.py:161} INFO - Started process (PID=162) to work on /home/airflow/.local/lib/python3.12/site-packages/airflow/example_dags/plugins/workday.py
[2026-05-09T09:45:36.876+0000] {processor.py:830} INFO - Processing file /home/airflow/.local/lib/python3.12/site-packages/airflow/example_dags/plugins/workday.py for tasks to queue
[2026-05-09T09:45:36.878+0000] {logging_mixin.py:188} INFO - [2026-05-09T09:45:36.878+0000] {dagbag.py:545} INFO - Filling up the DagBag from /home/airflow/.local/lib/python3.12/site-packages/airflow/example_dags/plugins/workday.py
[2026-05-09T09:45:37.270+0000] {processor.py:842} WARNING - No viable dags retrieved from /home/airflow/.local/lib/python3.12/site-packages/airflow/example_dags/plugins/workday.py
[2026-05-09T09:45:37.279+0000] {processor.py:183} INFO - Processing /home/airflow/.local/lib/python3.12/site-packages/airflow/example_dags/plugins/workday.py took 0.410 seconds
[2026-05-09T09:46:08.198+0000] {processor.py:161} INFO - Started process (PID=220) to work on /home/airflow/.local/lib/python3.12/site-packages/airflow/example_dags/plugins/workday.py
[2026-05-09T09:46:08.199+0000] {processor.py:830} INFO - Processing file /home/airflow/.local/lib/python3.12/site-packages/airflow/example_dags/plugins/workday.py for tasks to queue
[2026-05-09T09:46:08.200+0000] {logging_mixin.py:188} INFO - [2026-05-09T09:46:08.200+0000] {dagbag.py:545} INFO - Filling up the DagBag from /home/airflow/.local/lib/python3.12/site-packages/airflow/example_dags/plugins/workday.py
[2026-05-09T09:46:08.534+0000] {processor.py:842} WARNING - No viable dags retrieved from /home/airflow/.local/lib/python3.12/site-packages/airflow/example_dags/plugins/workday.py
[2026-05-09T09:46:08.543+0000] {processor.py:183} INFO - Processing /home/airflow/.local/lib/python3.12/site-packages/airflow/example_dags/plugins/workday.py took 0.350 seconds
[2026-05-09T09:46:39.344+0000] {processor.py:161} INFO - Started process (PID=279) to work on /home/airflow/.local/lib/python3.12/site-packages/airflow/example_dags/plugins/workday.py
[2026-05-09T09:46:39.345+0000] {processor.py:830} INFO - Processing file /home/airflow/.local/lib/python3.12/site-packages/airflow/example_dags/plugins/workday.py for tasks to queue
[2026-05-09T09:46:39.347+0000] {logging_mixin.py:188} INFO - [2026-05-09T09:46:39.347+0000] {dagbag.py:545} INFO - Filling up the DagBag from /home/airflow/.local/lib/python3.12/site-packages/airflow/example_dags/plugins/workday.py
[2026-05-09T09:46:39.712+0000] {processor.py:842} WARNING - No viable dags retrieved from /home/airflow/.local/lib/python3.12/site-packages/airflow/example_dags/plugins/workday.py
[2026-05-09T09:46:39.722+0000] {processor.py:183} INFO - Processing /home/airflow/.local/lib/python3.12/site-packages/airflow/example_dags/plugins/workday.py took 0.384 seconds
[2026-05-09T09:47:10.517+0000] {processor.py:161} INFO - Started process (PID=338) to work on /home/airflow/.local/lib/python3.12/site-packages/airflow/example_dags/plugins/workday.py
[2026-05-09T09:47:10.519+0000] {processor.py:830} INFO - Processing file /home/airflow/.local/lib/python3.12/site-packages/airflow/example_dags/plugins/workday.py for tasks to queue
[2026-05-09T09:47:10.521+0000] {logging_mixin.py:188} INFO - [2026-05-09T09:47:10.521+0000] {dagbag.py:545} INFO - Filling up the DagBag from /home/airflow/.local/lib/python3.12/site-packages/airflow/example_dags/plugins/workday.py
[2026-05-09T09:47:10.982+0000] {processor.py:842} WARNING - No viable dags retrieved from /home/airflow/.local/lib/python3.12/site-packages/airflow/example_dags/plugins/workday.py
[2026-05-09T09:47:10.991+0000] {processor.py:183} INFO - Processing /home/airflow/.local/lib/python3.12/site-packages/airflow/example_dags/plugins/workday.py took 0.484 seconds
[2026-05-09T09:47:41.141+0000] {processor.py:161} INFO - Started process (PID=397) to work on /home/airflow/.local/lib/python3.12/site-packages/airflow/example_dags/plugins/workday.py
[2026-05-09T09:47:41.142+0000] {processor.py:830} INFO - Processing file /home/airflow/.local/lib/python3.12/site-packages/airflow/example_dags/plugins/workday.py for tasks to queue
[2026-05-09T09:47:41.144+0000] {logging_mixin.py:188} INFO - [2026-05-09T09:47:41.143+0000] {dagbag.py:545} INFO - Filling up the DagBag from /home/airflow/.local/lib/python3.12/site-packages/airflow/example_dags/plugins/workday.py
[2026-05-09T09:47:41.627+0000] {processor.py:842} WARNING - No viable dags retrieved from /home/airflow/.local/lib/python3.12/site-packages/airflow/example_dags/plugins/workday.py
[2026-05-09T09:47:41.641+0000] {processor.py:183} INFO - Processing /home/airflow/.local/lib/python3.12/site-packages/airflow/example_dags/plugins/workday.py took 0.507 seconds
[2026-05-09T09:48:11.768+0000] {processor.py:161} INFO - Started process (PID=456) to work on /home/airflow/.local/lib/python3.12/site-packages/airflow/example_dags/plugins/workday.py
[2026-05-09T09:48:11.769+0000] {processor.py:830} INFO - Processing file /home/airflow/.local/lib/python3.12/site-packages/airflow/example_dags/plugins/workday.py for tasks to queue
[2026-05-09T09:48:11.771+0000] {logging_mixin.py:188} INFO - [2026-05-09T09:48:11.770+0000] {dagbag.py:545} INFO - Filling up the DagBag from /home/airflow/.local/lib/python3.12/site-packages/airflow/example_dags/plugins/workday.py
[2026-05-09T09:48:12.178+0000] {processor.py:842} WARNING - No viable dags retrieved from /home/airflow/.local/lib/python3.12/site-packages/airflow/example_dags/plugins/workday.py
[2026-05-09T09:48:12.188+0000] {processor.py:183} INFO - Processing /home/airflow/.local/lib/python3.12/site-packages/airflow/example_dags/plugins/workday.py took 0.427 seconds
[2026-05-09T09:48:43.201+0000] {processor.py:161} INFO - Started process (PID=515) to work on /home/airflow/.local/lib/python3.12/site-packages/airflow/example_dags/plugins/workday.py
[2026-05-09T09:48:43.203+0000] {processor.py:830} INFO - Processing file /home/airflow/.local/lib/python3.12/site-packages/airflow/example_dags/plugins/workday.py for tasks to queue
[2026-05-09T09:48:43.205+0000] {logging_mixin.py:188} INFO - [2026-05-09T09:48:43.205+0000] {dagbag.py:545} INFO - Filling up the DagBag from /home/airflow/.local/lib/python3.12/site-packages/airflow/example_dags/plugins/workday.py
[2026-05-09T09:48:43.624+0000] {processor.py:842} WARNING - No viable dags retrieved from /home/airflow/.local/lib/python3.12/site-packages/airflow/example_dags/plugins/workday.py
[2026-05-09T09:48:43.633+0000] {processor.py:183} INFO - Processing /home/airflow/.local/lib/python3.12/site-packages/airflow/example_dags/plugins/workday.py took 0.440 seconds
[2026-05-09T10:24:24.036+0000] {processor.py:161} INFO - Started process (PID=100) to work on /home/airflow/.local/lib/python3.12/site-packages/airflow/example_dags/plugins/workday.py
[2026-05-09T10:24:24.037+0000] {processor.py:830} INFO - Processing file /home/airflow/.local/lib/python3.12/site-packages/airflow/example_dags/plugins/workday.py for tasks to queue
[2026-05-09T10:24:24.039+0000] {logging_mixin.py:188} INFO - [2026-05-09T10:24:24.038+0000] {dagbag.py:545} INFO - Filling up the DagBag from /home/airflow/.local/lib/python3.12/site-packages/airflow/example_dags/plugins/workday.py
[2026-05-09T10:24:24.976+0000] {processor.py:842} WARNING - No viable dags retrieved from /home/airflow/.local/lib/python3.12/site-packages/airflow/example_dags/plugins/workday.py
[2026-05-09T10:24:24.986+0000] {processor.py:183} INFO - Processing /home/airflow/.local/lib/python3.12/site-packages/airflow/example_dags/plugins/workday.py took 0.959 seconds
[2026-05-09T10:24:55.096+0000] {processor.py:161} INFO - Started process (PID=162) to work on /home/airflow/.local/lib/python3.12/site-packages/airflow/example_dags/plugins/workday.py
[2026-05-09T10:24:55.097+0000] {processor.py:830} INFO - Processing file /home/airflow/.local/lib/python3.12/site-packages/airflow/example_dags/plugins/workday.py for tasks to queue
[2026-05-09T10:24:55.098+0000] {logging_mixin.py:188} INFO - [2026-05-09T10:24:55.098+0000] {dagbag.py:545} INFO - Filling up the DagBag from /home/airflow/.local/lib/python3.12/site-packages/airflow/example_dags/plugins/workday.py
[2026-05-09T10:24:55.498+0000] {processor.py:842} WARNING - No viable dags retrieved from /home/airflow/.local/lib/python3.12/site-packages/airflow/example_dags/plugins/workday.py
[2026-05-09T10:24:55.509+0000] {processor.py:183} INFO - Processing /home/airflow/.local/lib/python3.12/site-packages/airflow/example_dags/plugins/workday.py took 0.418 seconds
[2026-05-09T10:25:25.735+0000] {processor.py:161} INFO - Started process (PID=218) to work on /home/airflow/.local/lib/python3.12/site-packages/airflow/example_dags/plugins/workday.py
[2026-05-09T10:25:25.736+0000] {processor.py:830} INFO - Processing file /home/airflow/.local/lib/python3.12/site-packages/airflow/example_dags/plugins/workday.py for tasks to queue
[2026-05-09T10:25:25.738+0000] {logging_mixin.py:188} INFO - [2026-05-09T10:25:25.737+0000] {dagbag.py:545} INFO - Filling up the DagBag from /home/airflow/.local/lib/python3.12/site-packages/airflow/example_dags/plugins/workday.py
[2026-05-09T10:25:26.137+0000] {processor.py:842} WARNING - No viable dags retrieved from /home/airflow/.local/lib/python3.12/site-packages/airflow/example_dags/plugins/workday.py
[2026-05-09T10:25:26.147+0000] {processor.py:183} INFO - Processing /home/airflow/.local/lib/python3.12/site-packages/airflow/example_dags/plugins/workday.py took 0.418 seconds
[2026-05-09T10:25:56.256+0000] {processor.py:161} INFO - Started process (PID=280) to work on /home/airflow/.local/lib/python3.12/site-packages/airflow/example_dags/plugins/workday.py
[2026-05-09T10:25:56.257+0000] {processor.py:830} INFO - Processing file /home/airflow/.local/lib/python3.12/site-packages/airflow/example_dags/plugins/workday.py for tasks to queue
[2026-05-09T10:25:56.258+0000] {logging_mixin.py:188} INFO - [2026-05-09T10:25:56.258+0000] {dagbag.py:545} INFO - Filling up the DagBag from /home/airflow/.local/lib/python3.12/site-packages/airflow/example_dags/plugins/workday.py
[2026-05-09T10:25:56.691+0000] {processor.py:842} WARNING - No viable dags retrieved from /home/airflow/.local/lib/python3.12/site-packages/airflow/example_dags/plugins/workday.py
[2026-05-09T10:25:56.701+0000] {processor.py:183} INFO - Processing /home/airflow/.local/lib/python3.12/site-packages/airflow/example_dags/plugins/workday.py took 0.451 seconds
[2026-05-09T10:26:26.944+0000] {processor.py:161} INFO - Started process (PID=339) to work on /home/airflow/.local/lib/python3.12/site-packages/airflow/example_dags/plugins/workday.py
[2026-05-09T10:26:26.945+0000] {processor.py:830} INFO - Processing file /home/airflow/.local/lib/python3.12/site-packages/airflow/example_dags/plugins/workday.py for tasks to queue
[2026-05-09T10:26:26.947+0000] {logging_mixin.py:188} INFO - [2026-05-09T10:26:26.946+0000] {dagbag.py:545} INFO - Filling up the DagBag from /home/airflow/.local/lib/python3.12/site-packages/airflow/example_dags/plugins/workday.py
[2026-05-09T10:26:27.304+0000] {processor.py:842} WARNING - No viable dags retrieved from /home/airflow/.local/lib/python3.12/site-packages/airflow/example_dags/plugins/workday.py
[2026-05-09T10:26:27.313+0000] {processor.py:183} INFO - Processing /home/airflow/.local/lib/python3.12/site-packages/airflow/example_dags/plugins/workday.py took 0.375 seconds
[2026-05-09T10:26:58.067+0000] {processor.py:161} INFO - Started process (PID=398) to work on /home/airflow/.local/lib/python3.12/site-packages/airflow/example_dags/plugins/workday.py
[2026-05-09T10:26:58.068+0000] {processor.py:830} INFO - Processing file /home/airflow/.local/lib/python3.12/site-packages/airflow/example_dags/plugins/workday.py for tasks to queue
[2026-05-09T10:26:58.069+0000] {logging_mixin.py:188} INFO - [2026-05-09T10:26:58.069+0000] {dagbag.py:545} INFO - Filling up the DagBag from /home/airflow/.local/lib/python3.12/site-packages/airflow/example_dags/plugins/workday.py
[2026-05-09T10:26:58.443+0000] {processor.py:842} WARNING - No viable dags retrieved from /home/airflow/.local/lib/python3.12/site-packages/airflow/example_dags/plugins/workday.py
[2026-05-09T10:26:58.453+0000] {processor.py:183} INFO - Processing /home/airflow/.local/lib/python3.12/site-packages/airflow/example_dags/plugins/workday.py took 0.391 seconds
[2026-05-09T10:27:29.325+0000] {processor.py:161} INFO - Started process (PID=457) to work on /home/airflow/.local/lib/python3.12/site-packages/airflow/example_dags/plugins/workday.py
[2026-05-09T10:27:29.325+0000] {processor.py:830} INFO - Processing file /home/airflow/.local/lib/python3.12/site-packages/airflow/example_dags/plugins/workday.py for tasks to queue
[2026-05-09T10:27:29.327+0000] {logging_mixin.py:188} INFO - [2026-05-09T10:27:29.327+0000] {dagbag.py:545} INFO - Filling up the DagBag from /home/airflow/.local/lib/python3.12/site-packages/airflow/example_dags/plugins/workday.py
[2026-05-09T10:27:29.667+0000] {processor.py:842} WARNING - No viable dags retrieved from /home/airflow/.local/lib/python3.12/site-packages/airflow/example_dags/plugins/workday.py
[2026-05-09T10:27:29.677+0000] {processor.py:183} INFO - Processing /home/airflow/.local/lib/python3.12/site-packages/airflow/example_dags/plugins/workday.py took 0.357 seconds
[2026-05-09T10:31:10.584+0000] {processor.py:161} INFO - Started process (PID=100) to work on /home/airflow/.local/lib/python3.12/site-packages/airflow/example_dags/plugins/workday.py
[2026-05-09T10:31:10.585+0000] {processor.py:830} INFO - Processing file /home/airflow/.local/lib/python3.12/site-packages/airflow/example_dags/plugins/workday.py for tasks to queue
[2026-05-09T10:31:10.587+0000] {logging_mixin.py:188} INFO - [2026-05-09T10:31:10.586+0000] {dagbag.py:545} INFO - Filling up the DagBag from /home/airflow/.local/lib/python3.12/site-packages/airflow/example_dags/plugins/workday.py
[2026-05-09T10:31:11.907+0000] {processor.py:842} WARNING - No viable dags retrieved from /home/airflow/.local/lib/python3.12/site-packages/airflow/example_dags/plugins/workday.py
[2026-05-09T10:31:11.919+0000] {processor.py:183} INFO - Processing /home/airflow/.local/lib/python3.12/site-packages/airflow/example_dags/plugins/workday.py took 1.343 seconds
[2026-05-09T10:31:42.261+0000] {processor.py:161} INFO - Started process (PID=159) to work on /home/airflow/.local/lib/python3.12/site-packages/airflow/example_dags/plugins/workday.py
[2026-05-09T10:31:42.262+0000] {processor.py:830} INFO - Processing file /home/airflow/.local/lib/python3.12/site-packages/airflow/example_dags/plugins/workday.py for tasks to queue
[2026-05-09T10:31:42.263+0000] {logging_mixin.py:188} INFO - [2026-05-09T10:31:42.263+0000] {dagbag.py:545} INFO - Filling up the DagBag from /home/airflow/.local/lib/python3.12/site-packages/airflow/example_dags/plugins/workday.py
[2026-05-09T10:31:42.626+0000] {processor.py:842} WARNING - No viable dags retrieved from /home/airflow/.local/lib/python3.12/site-packages/airflow/example_dags/plugins/workday.py
[2026-05-09T10:31:42.636+0000] {processor.py:183} INFO - Processing /home/airflow/.local/lib/python3.12/site-packages/airflow/example_dags/plugins/workday.py took 0.380 seconds
[2026-05-09T10:32:12.788+0000] {processor.py:161} INFO - Started process (PID=221) to work on /home/airflow/.local/lib/python3.12/site-packages/airflow/example_dags/plugins/workday.py
[2026-05-09T10:32:12.790+0000] {processor.py:830} INFO - Processing file /home/airflow/.local/lib/python3.12/site-packages/airflow/example_dags/plugins/workday.py for tasks to queue
[2026-05-09T10:32:12.792+0000] {logging_mixin.py:188} INFO - [2026-05-09T10:32:12.792+0000] {dagbag.py:545} INFO - Filling up the DagBag from /home/airflow/.local/lib/python3.12/site-packages/airflow/example_dags/plugins/workday.py
[2026-05-09T10:32:13.229+0000] {processor.py:842} WARNING - No viable dags retrieved from /home/airflow/.local/lib/python3.12/site-packages/airflow/example_dags/plugins/workday.py
[2026-05-09T10:32:13.240+0000] {processor.py:183} INFO - Processing /home/airflow/.local/lib/python3.12/site-packages/airflow/example_dags/plugins/workday.py took 0.458 seconds
[2026-05-09T10:32:43.503+0000] {processor.py:161} INFO - Started process (PID=280) to work on /home/airflow/.local/lib/python3.12/site-packages/airflow/example_dags/plugins/workday.py
[2026-05-09T10:32:43.504+0000] {processor.py:830} INFO - Processing file /home/airflow/.local/lib/python3.12/site-packages/airflow/example_dags/plugins/workday.py for tasks to queue
[2026-05-09T10:32:43.505+0000] {logging_mixin.py:188} INFO - [2026-05-09T10:32:43.505+0000] {dagbag.py:545} INFO - Filling up the DagBag from /home/airflow/.local/lib/python3.12/site-packages/airflow/example_dags/plugins/workday.py
[2026-05-09T10:32:43.897+0000] {processor.py:842} WARNING - No viable dags retrieved from /home/airflow/.local/lib/python3.12/site-packages/airflow/example_dags/plugins/workday.py
[2026-05-09T10:32:43.908+0000] {processor.py:183} INFO - Processing /home/airflow/.local/lib/python3.12/site-packages/airflow/example_dags/plugins/workday.py took 0.411 seconds
[2026-05-09T10:33:14.400+0000] {processor.py:161} INFO - Started process (PID=339) to work on /home/airflow/.local/lib/python3.12/site-packages/airflow/example_dags/plugins/workday.py
[2026-05-09T10:33:14.401+0000] {processor.py:830} INFO - Processing file /home/airflow/.local/lib/python3.12/site-packages/airflow/example_dags/plugins/workday.py for tasks to queue
[2026-05-09T10:33:14.403+0000] {logging_mixin.py:188} INFO - [2026-05-09T10:33:14.403+0000] {dagbag.py:545} INFO - Filling up the DagBag from /home/airflow/.local/lib/python3.12/site-packages/airflow/example_dags/plugins/workday.py
[2026-05-09T10:33:14.808+0000] {processor.py:842} WARNING - No viable dags retrieved from /home/airflow/.local/lib/python3.12/site-packages/airflow/example_dags/plugins/workday.py
[2026-05-09T10:33:14.818+0000] {processor.py:183} INFO - Processing /home/airflow/.local/lib/python3.12/site-packages/airflow/example_dags/plugins/workday.py took 0.423 seconds
[2026-05-09T10:33:45.043+0000] {processor.py:161} INFO - Started process (PID=396) to work on /home/airflow/.local/lib/python3.12/site-packages/airflow/example_dags/plugins/workday.py
[2026-05-09T10:33:45.044+0000] {processor.py:830} INFO - Processing file /home/airflow/.local/lib/python3.12/site-packages/airflow/example_dags/plugins/workday.py for tasks to queue
[2026-05-09T10:33:45.046+0000] {logging_mixin.py:188} INFO - [2026-05-09T10:33:45.045+0000] {dagbag.py:545} INFO - Filling up the DagBag from /home/airflow/.local/lib/python3.12/site-packages/airflow/example_dags/plugins/workday.py
[2026-05-09T10:33:45.420+0000] {processor.py:842} WARNING - No viable dags retrieved from /home/airflow/.local/lib/python3.12/site-packages/airflow/example_dags/plugins/workday.py
[2026-05-09T10:33:45.433+0000] {processor.py:183} INFO - Processing /home/airflow/.local/lib/python3.12/site-packages/airflow/example_dags/plugins/workday.py took 0.395 seconds
[2026-05-09T10:34:15.709+0000] {processor.py:161} INFO - Started process (PID=454) to work on /home/airflow/.local/lib/python3.12/site-packages/airflow/example_dags/plugins/workday.py
[2026-05-09T10:34:15.709+0000] {processor.py:830} INFO - Processing file /home/airflow/.local/lib/python3.12/site-packages/airflow/example_dags/plugins/workday.py for tasks to queue
[2026-05-09T10:34:15.711+0000] {logging_mixin.py:188} INFO - [2026-05-09T10:34:15.711+0000] {dagbag.py:545} INFO - Filling up the DagBag from /home/airflow/.local/lib/python3.12/site-packages/airflow/example_dags/plugins/workday.py
[2026-05-09T10:34:16.106+0000] {processor.py:842} WARNING - No viable dags retrieved from /home/airflow/.local/lib/python3.12/site-packages/airflow/example_dags/plugins/workday.py
[2026-05-09T10:34:16.115+0000] {processor.py:183} INFO - Processing /home/airflow/.local/lib/python3.12/site-packages/airflow/example_dags/plugins/workday.py took 0.413 seconds
[2026-05-09T10:34:46.406+0000] {processor.py:161} INFO - Started process (PID=513) to work on /home/airflow/.local/lib/python3.12/site-packages/airflow/example_dags/plugins/workday.py
[2026-05-09T10:34:46.407+0000] {processor.py:830} INFO - Processing file /home/airflow/.local/lib/python3.12/site-packages/airflow/example_dags/plugins/workday.py for tasks to queue
[2026-05-09T10:34:46.408+0000] {logging_mixin.py:188} INFO - [2026-05-09T10:34:46.408+0000] {dagbag.py:545} INFO - Filling up the DagBag from /home/airflow/.local/lib/python3.12/site-packages/airflow/example_dags/plugins/workday.py
[2026-05-09T10:34:46.781+0000] {processor.py:842} WARNING - No viable dags retrieved from /home/airflow/.local/lib/python3.12/site-packages/airflow/example_dags/plugins/workday.py
[2026-05-09T10:34:46.792+0000] {processor.py:183} INFO - Processing /home/airflow/.local/lib/python3.12/site-packages/airflow/example_dags/plugins/workday.py took 0.392 seconds
[2026-05-09T10:35:16.993+0000] {processor.py:161} INFO - Started process (PID=572) to work on /home/airflow/.local/lib/python3.12/site-packages/airflow/example_dags/plugins/workday.py
[2026-05-09T10:35:16.994+0000] {processor.py:830} INFO - Processing file /home/airflow/.local/lib/python3.12/site-packages/airflow/example_dags/plugins/workday.py for tasks to queue
[2026-05-09T10:35:16.996+0000] {logging_mixin.py:188} INFO - [2026-05-09T10:35:16.995+0000] {dagbag.py:545} INFO - Filling up the DagBag from /home/airflow/.local/lib/python3.12/site-packages/airflow/example_dags/plugins/workday.py
[2026-05-09T10:35:17.353+0000] {processor.py:842} WARNING - No viable dags retrieved from /home/airflow/.local/lib/python3.12/site-packages/airflow/example_dags/plugins/workday.py
[2026-05-09T10:35:17.362+0000] {processor.py:183} INFO - Processing /home/airflow/.local/lib/python3.12/site-packages/airflow/example_dags/plugins/workday.py took 0.374 seconds
[2026-05-09T10:35:47.781+0000] {processor.py:161} INFO - Started process (PID=631) to work on /home/airflow/.local/lib/python3.12/site-packages/airflow/example_dags/plugins/workday.py
[2026-05-09T10:35:47.782+0000] {processor.py:830} INFO - Processing file /home/airflow/.local/lib/python3.12/site-packages/airflow/example_dags/plugins/workday.py for tasks to queue
[2026-05-09T10:35:47.784+0000] {logging_mixin.py:188} INFO - [2026-05-09T10:35:47.783+0000] {dagbag.py:545} INFO - Filling up the DagBag from /home/airflow/.local/lib/python3.12/site-packages/airflow/example_dags/plugins/workday.py
[2026-05-09T10:35:48.161+0000] {processor.py:842} WARNING - No viable dags retrieved from /home/airflow/.local/lib/python3.12/site-packages/airflow/example_dags/plugins/workday.py
[2026-05-09T10:35:48.171+0000] {processor.py:183} INFO - Processing /home/airflow/.local/lib/python3.12/site-packages/airflow/example_dags/plugins/workday.py took 0.396 seconds
[2026-05-09T10:36:18.758+0000] {processor.py:161} INFO - Started process (PID=693) to work on /home/airflow/.local/lib/python3.12/site-packages/airflow/example_dags/plugins/workday.py
[2026-05-09T10:36:18.759+0000] {processor.py:830} INFO - Processing file /home/airflow/.local/lib/python3.12/site-packages/airflow/example_dags/plugins/workday.py for tasks to queue
[2026-05-09T10:36:18.761+0000] {logging_mixin.py:188} INFO - [2026-05-09T10:36:18.760+0000] {dagbag.py:545} INFO - Filling up the DagBag from /home/airflow/.local/lib/python3.12/site-packages/airflow/example_dags/plugins/workday.py
[2026-05-09T10:36:19.178+0000] {processor.py:842} WARNING - No viable dags retrieved from /home/airflow/.local/lib/python3.12/site-packages/airflow/example_dags/plugins/workday.py
[2026-05-09T10:36:19.188+0000] {processor.py:183} INFO - Processing /home/airflow/.local/lib/python3.12/site-packages/airflow/example_dags/plugins/workday.py took 0.436 seconds
[2026-05-09T10:36:49.919+0000] {processor.py:161} INFO - Started process (PID=752) to work on /home/airflow/.local/lib/python3.12/site-packages/airflow/example_dags/plugins/workday.py
[2026-05-09T10:36:49.920+0000] {processor.py:830} INFO - Processing file /home/airflow/.local/lib/python3.12/site-packages/airflow/example_dags/plugins/workday.py for tasks to queue
[2026-05-09T10:36:49.921+0000] {logging_mixin.py:188} INFO - [2026-05-09T10:36:49.921+0000] {dagbag.py:545} INFO - Filling up the DagBag from /home/airflow/.local/lib/python3.12/site-packages/airflow/example_dags/plugins/workday.py
[2026-05-09T10:36:50.284+0000] {processor.py:842} WARNING - No viable dags retrieved from /home/airflow/.local/lib/python3.12/site-packages/airflow/example_dags/plugins/workday.py
[2026-05-09T10:36:50.299+0000] {processor.py:183} INFO - Processing /home/airflow/.local/lib/python3.12/site-packages/airflow/example_dags/plugins/workday.py took 0.385 seconds
[2026-05-09T10:37:21.088+0000] {processor.py:161} INFO - Started process (PID=811) to work on /home/airflow/.local/lib/python3.12/site-packages/airflow/example_dags/plugins/workday.py
[2026-05-09T10:37:21.089+0000] {processor.py:830} INFO - Processing file /home/airflow/.local/lib/python3.12/site-packages/airflow/example_dags/plugins/workday.py for tasks to queue
[2026-05-09T10:37:21.090+0000] {logging_mixin.py:188} INFO - [2026-05-09T10:37:21.090+0000] {dagbag.py:545} INFO - Filling up the DagBag from /home/airflow/.local/lib/python3.12/site-packages/airflow/example_dags/plugins/workday.py
[2026-05-09T10:37:21.465+0000] {processor.py:842} WARNING - No viable dags retrieved from /home/airflow/.local/lib/python3.12/site-packages/airflow/example_dags/plugins/workday.py
[2026-05-09T10:37:21.475+0000] {processor.py:183} INFO - Processing /home/airflow/.local/lib/python3.12/site-packages/airflow/example_dags/plugins/workday.py took 0.393 seconds
[2026-05-09T10:37:51.973+0000] {processor.py:161} INFO - Started process (PID=871) to work on /home/airflow/.local/lib/python3.12/site-packages/airflow/example_dags/plugins/workday.py
[2026-05-09T10:37:51.974+0000] {processor.py:830} INFO - Processing file /home/airflow/.local/lib/python3.12/site-packages/airflow/example_dags/plugins/workday.py for tasks to queue
[2026-05-09T10:37:51.976+0000] {logging_mixin.py:188} INFO - [2026-05-09T10:37:51.975+0000] {dagbag.py:545} INFO - Filling up the DagBag from /home/airflow/.local/lib/python3.12/site-packages/airflow/example_dags/plugins/workday.py
[2026-05-09T10:37:52.353+0000] {processor.py:842} WARNING - No viable dags retrieved from /home/airflow/.local/lib/python3.12/site-packages/airflow/example_dags/plugins/workday.py
[2026-05-09T10:37:52.363+0000] {processor.py:183} INFO - Processing /home/airflow/.local/lib/python3.12/site-packages/airflow/example_dags/plugins/workday.py took 0.396 seconds
[2026-05-09T10:38:23.314+0000] {processor.py:161} INFO - Started process (PID=930) to work on /home/airflow/.local/lib/python3.12/site-packages/airflow/example_dags/plugins/workday.py
[2026-05-09T10:38:23.315+0000] {processor.py:830} INFO - Processing file /home/airflow/.local/lib/python3.12/site-packages/airflow/example_dags/plugins/workday.py for tasks to queue
[2026-05-09T10:38:23.317+0000] {logging_mixin.py:188} INFO - [2026-05-09T10:38:23.317+0000] {dagbag.py:545} INFO - Filling up the DagBag from /home/airflow/.local/lib/python3.12/site-packages/airflow/example_dags/plugins/workday.py
[2026-05-09T10:38:23.676+0000] {processor.py:842} WARNING - No viable dags retrieved from /home/airflow/.local/lib/python3.12/site-packages/airflow/example_dags/plugins/workday.py
[2026-05-09T10:38:23.685+0000] {processor.py:183} INFO - Processing /home/airflow/.local/lib/python3.12/site-packages/airflow/example_dags/plugins/workday.py took 0.378 seconds
[2026-05-09T10:38:54.687+0000] {processor.py:161} INFO - Started process (PID=989) to work on /home/airflow/.local/lib/python3.12/site-packages/airflow/example_dags/plugins/workday.py
[2026-05-09T10:38:54.688+0000] {processor.py:830} INFO - Processing file /home/airflow/.local/lib/python3.12/site-packages/airflow/example_dags/plugins/workday.py for tasks to queue
[2026-05-09T10:38:54.690+0000] {logging_mixin.py:188} INFO - [2026-05-09T10:38:54.690+0000] {dagbag.py:545} INFO - Filling up the DagBag from /home/airflow/.local/lib/python3.12/site-packages/airflow/example_dags/plugins/workday.py
[2026-05-09T10:38:55.087+0000] {processor.py:842} WARNING - No viable dags retrieved from /home/airflow/.local/lib/python3.12/site-packages/airflow/example_dags/plugins/workday.py
[2026-05-09T10:38:55.097+0000] {processor.py:183} INFO - Processing /home/airflow/.local/lib/python3.12/site-packages/airflow/example_dags/plugins/workday.py took 0.417 seconds
[2026-05-09T10:39:25.522+0000] {processor.py:161} INFO - Started process (PID=1048) to work on /home/airflow/.local/lib/python3.12/site-packages/airflow/example_dags/plugins/workday.py
[2026-05-09T10:39:25.523+0000] {processor.py:830} INFO - Processing file /home/airflow/.local/lib/python3.12/site-packages/airflow/example_dags/plugins/workday.py for tasks to queue
[2026-05-09T10:39:25.525+0000] {logging_mixin.py:188} INFO - [2026-05-09T10:39:25.525+0000] {dagbag.py:545} INFO - Filling up the DagBag from /home/airflow/.local/lib/python3.12/site-packages/airflow/example_dags/plugins/workday.py
[2026-05-09T10:39:25.943+0000] {processor.py:842} WARNING - No viable dags retrieved from /home/airflow/.local/lib/python3.12/site-packages/airflow/example_dags/plugins/workday.py
[2026-05-09T10:39:25.954+0000] {processor.py:183} INFO - Processing /home/airflow/.local/lib/python3.12/site-packages/airflow/example_dags/plugins/workday.py took 0.441 seconds
[2026-05-09T10:39:56.823+0000] {processor.py:161} INFO - Started process (PID=1107) to work on /home/airflow/.local/lib/python3.12/site-packages/airflow/example_dags/plugins/workday.py
[2026-05-09T10:39:56.824+0000] {processor.py:830} INFO - Processing file /home/airflow/.local/lib/python3.12/site-packages/airflow/example_dags/plugins/workday.py for tasks to queue
[2026-05-09T10:39:56.825+0000] {logging_mixin.py:188} INFO - [2026-05-09T10:39:56.825+0000] {dagbag.py:545} INFO - Filling up the DagBag from /home/airflow/.local/lib/python3.12/site-packages/airflow/example_dags/plugins/workday.py
[2026-05-09T10:39:57.215+0000] {processor.py:842} WARNING - No viable dags retrieved from /home/airflow/.local/lib/python3.12/site-packages/airflow/example_dags/plugins/workday.py
[2026-05-09T10:39:57.224+0000] {processor.py:183} INFO - Processing /home/airflow/.local/lib/python3.12/site-packages/airflow/example_dags/plugins/workday.py took 0.408 seconds
[2026-05-09T15:29:39.678+0000] {processor.py:161} INFO - Started process (PID=101) to work on /home/airflow/.local/lib/python3.12/site-packages/airflow/example_dags/plugins/workday.py
[2026-05-09T15:29:39.679+0000] {processor.py:830} INFO - Processing file /home/airflow/.local/lib/python3.12/site-packages/airflow/example_dags/plugins/workday.py for tasks to queue
[2026-05-09T15:29:39.681+0000] {logging_mixin.py:188} INFO - [2026-05-09T15:29:39.681+0000] {dagbag.py:545} INFO - Filling up the DagBag from /home/airflow/.local/lib/python3.12/site-packages/airflow/example_dags/plugins/workday.py
[2026-05-09T15:29:40.804+0000] {processor.py:842} WARNING - No viable dags retrieved from /home/airflow/.local/lib/python3.12/site-packages/airflow/example_dags/plugins/workday.py
[2026-05-09T15:29:40.815+0000] {processor.py:183} INFO - Processing /home/airflow/.local/lib/python3.12/site-packages/airflow/example_dags/plugins/workday.py took 1.144 seconds
[2026-05-09T15:30:11.691+0000] {processor.py:161} INFO - Started process (PID=164) to work on /home/airflow/.local/lib/python3.12/site-packages/airflow/example_dags/plugins/workday.py
[2026-05-09T15:30:11.692+0000] {processor.py:830} INFO - Processing file /home/airflow/.local/lib/python3.12/site-packages/airflow/example_dags/plugins/workday.py for tasks to queue
[2026-05-09T15:30:11.693+0000] {logging_mixin.py:188} INFO - [2026-05-09T15:30:11.693+0000] {dagbag.py:545} INFO - Filling up the DagBag from /home/airflow/.local/lib/python3.12/site-packages/airflow/example_dags/plugins/workday.py
[2026-05-09T15:30:12.112+0000] {processor.py:842} WARNING - No viable dags retrieved from /home/airflow/.local/lib/python3.12/site-packages/airflow/example_dags/plugins/workday.py
[2026-05-09T15:30:12.121+0000] {processor.py:183} INFO - Processing /home/airflow/.local/lib/python3.12/site-packages/airflow/example_dags/plugins/workday.py took 0.436 seconds
[2026-05-09T15:49:27.156+0000] {processor.py:161} INFO - Started process (PID=101) to work on /home/airflow/.local/lib/python3.12/site-packages/airflow/example_dags/plugins/workday.py
[2026-05-09T15:49:27.157+0000] {processor.py:830} INFO - Processing file /home/airflow/.local/lib/python3.12/site-packages/airflow/example_dags/plugins/workday.py for tasks to queue
[2026-05-09T15:49:27.159+0000] {logging_mixin.py:188} INFO - [2026-05-09T15:49:27.158+0000] {dagbag.py:545} INFO - Filling up the DagBag from /home/airflow/.local/lib/python3.12/site-packages/airflow/example_dags/plugins/workday.py
[2026-05-09T15:49:28.251+0000] {processor.py:842} WARNING - No viable dags retrieved from /home/airflow/.local/lib/python3.12/site-packages/airflow/example_dags/plugins/workday.py
[2026-05-09T15:49:28.264+0000] {processor.py:183} INFO - Processing /home/airflow/.local/lib/python3.12/site-packages/airflow/example_dags/plugins/workday.py took 1.114 seconds
[2026-05-09T15:49:59.099+0000] {processor.py:161} INFO - Started process (PID=162) to work on /home/airflow/.local/lib/python3.12/site-packages/airflow/example_dags/plugins/workday.py
[2026-05-09T15:49:59.100+0000] {processor.py:830} INFO - Processing file /home/airflow/.local/lib/python3.12/site-packages/airflow/example_dags/plugins/workday.py for tasks to queue
[2026-05-09T15:49:59.102+0000] {logging_mixin.py:188} INFO - [2026-05-09T15:49:59.101+0000] {dagbag.py:545} INFO - Filling up the DagBag from /home/airflow/.local/lib/python3.12/site-packages/airflow/example_dags/plugins/workday.py
[2026-05-09T15:49:59.481+0000] {processor.py:842} WARNING - No viable dags retrieved from /home/airflow/.local/lib/python3.12/site-packages/airflow/example_dags/plugins/workday.py
[2026-05-09T15:49:59.490+0000] {processor.py:183} INFO - Processing /home/airflow/.local/lib/python3.12/site-packages/airflow/example_dags/plugins/workday.py took 0.396 seconds
[2026-05-09T15:50:30.364+0000] {processor.py:161} INFO - Started process (PID=225) to work on /home/airflow/.local/lib/python3.12/site-packages/airflow/example_dags/plugins/workday.py
[2026-05-09T15:50:30.365+0000] {processor.py:830} INFO - Processing file /home/airflow/.local/lib/python3.12/site-packages/airflow/example_dags/plugins/workday.py for tasks to queue
[2026-05-09T15:50:30.365+0000] {logging_mixin.py:188} INFO - [2026-05-09T15:50:30.365+0000] {dagbag.py:545} INFO - Filling up the DagBag from /home/airflow/.local/lib/python3.12/site-packages/airflow/example_dags/plugins/workday.py
[2026-05-09T15:50:30.732+0000] {processor.py:842} WARNING - No viable dags retrieved from /home/airflow/.local/lib/python3.12/site-packages/airflow/example_dags/plugins/workday.py
[2026-05-09T15:50:30.741+0000] {processor.py:183} INFO - Processing /home/airflow/.local/lib/python3.12/site-packages/airflow/example_dags/plugins/workday.py took 0.383 seconds
[2026-05-09T15:51:01.183+0000] {processor.py:161} INFO - Started process (PID=286) to work on /home/airflow/.local/lib/python3.12/site-packages/airflow/example_dags/plugins/workday.py
[2026-05-09T15:51:01.184+0000] {processor.py:830} INFO - Processing file /home/airflow/.local/lib/python3.12/site-packages/airflow/example_dags/plugins/workday.py for tasks to queue
[2026-05-09T15:51:01.185+0000] {logging_mixin.py:188} INFO - [2026-05-09T15:51:01.185+0000] {dagbag.py:545} INFO - Filling up the DagBag from /home/airflow/.local/lib/python3.12/site-packages/airflow/example_dags/plugins/workday.py
[2026-05-09T15:51:01.527+0000] {processor.py:842} WARNING - No viable dags retrieved from /home/airflow/.local/lib/python3.12/site-packages/airflow/example_dags/plugins/workday.py
[2026-05-09T15:51:01.537+0000] {processor.py:183} INFO - Processing /home/airflow/.local/lib/python3.12/site-packages/airflow/example_dags/plugins/workday.py took 0.360 seconds
[2026-05-09T15:51:32.133+0000] {processor.py:161} INFO - Started process (PID=346) to work on /home/airflow/.local/lib/python3.12/site-packages/airflow/example_dags/plugins/workday.py
[2026-05-09T15:51:32.134+0000] {processor.py:830} INFO - Processing file /home/airflow/.local/lib/python3.12/site-packages/airflow/example_dags/plugins/workday.py for tasks to queue
[2026-05-09T15:51:32.134+0000] {logging_mixin.py:188} INFO - [2026-05-09T15:51:32.134+0000] {dagbag.py:545} INFO - Filling up the DagBag from /home/airflow/.local/lib/python3.12/site-packages/airflow/example_dags/plugins/workday.py
[2026-05-09T15:51:32.547+0000] {processor.py:842} WARNING - No viable dags retrieved from /home/airflow/.local/lib/python3.12/site-packages/airflow/example_dags/plugins/workday.py
[2026-05-09T15:51:32.557+0000] {processor.py:183} INFO - Processing /home/airflow/.local/lib/python3.12/site-packages/airflow/example_dags/plugins/workday.py took 0.430 seconds
[2026-05-09T15:52:03.090+0000] {processor.py:161} INFO - Started process (PID=406) to work on /home/airflow/.local/lib/python3.12/site-packages/airflow/example_dags/plugins/workday.py
[2026-05-09T15:52:03.091+0000] {processor.py:830} INFO - Processing file /home/airflow/.local/lib/python3.12/site-packages/airflow/example_dags/plugins/workday.py for tasks to queue
[2026-05-09T15:52:03.092+0000] {logging_mixin.py:188} INFO - [2026-05-09T15:52:03.092+0000] {dagbag.py:545} INFO - Filling up the DagBag from /home/airflow/.local/lib/python3.12/site-packages/airflow/example_dags/plugins/workday.py
[2026-05-09T15:52:03.479+0000] {processor.py:842} WARNING - No viable dags retrieved from /home/airflow/.local/lib/python3.12/site-packages/airflow/example_dags/plugins/workday.py
[2026-05-09T15:52:03.489+0000] {processor.py:183} INFO - Processing /home/airflow/.local/lib/python3.12/site-packages/airflow/example_dags/plugins/workday.py took 0.405 seconds
[2026-05-09T15:52:34.306+0000] {processor.py:161} INFO - Started process (PID=466) to work on /home/airflow/.local/lib/python3.12/site-packages/airflow/example_dags/plugins/workday.py
[2026-05-09T15:52:34.306+0000] {processor.py:830} INFO - Processing file /home/airflow/.local/lib/python3.12/site-packages/airflow/example_dags/plugins/workday.py for tasks to queue
[2026-05-09T15:52:34.307+0000] {logging_mixin.py:188} INFO - [2026-05-09T15:52:34.307+0000] {dagbag.py:545} INFO - Filling up the DagBag from /home/airflow/.local/lib/python3.12/site-packages/airflow/example_dags/plugins/workday.py
[2026-05-09T15:52:34.673+0000] {processor.py:842} WARNING - No viable dags retrieved from /home/airflow/.local/lib/python3.12/site-packages/airflow/example_dags/plugins/workday.py
[2026-05-09T15:52:34.683+0000] {processor.py:183} INFO - Processing /home/airflow/.local/lib/python3.12/site-packages/airflow/example_dags/plugins/workday.py took 0.382 seconds
[2026-05-09T15:53:04.896+0000] {processor.py:161} INFO - Started process (PID=526) to work on /home/airflow/.local/lib/python3.12/site-packages/airflow/example_dags/plugins/workday.py
[2026-05-09T15:53:04.897+0000] {processor.py:830} INFO - Processing file /home/airflow/.local/lib/python3.12/site-packages/airflow/example_dags/plugins/workday.py for tasks to queue
[2026-05-09T15:53:04.898+0000] {logging_mixin.py:188} INFO - [2026-05-09T15:53:04.898+0000] {dagbag.py:545} INFO - Filling up the DagBag from /home/airflow/.local/lib/python3.12/site-packages/airflow/example_dags/plugins/workday.py
[2026-05-09T15:53:05.299+0000] {processor.py:842} WARNING - No viable dags retrieved from /home/airflow/.local/lib/python3.12/site-packages/airflow/example_dags/plugins/workday.py
[2026-05-09T15:53:05.308+0000] {processor.py:183} INFO - Processing /home/airflow/.local/lib/python3.12/site-packages/airflow/example_dags/plugins/workday.py took 0.419 seconds
[2026-05-09T16:29:58.091+0000] {processor.py:161} INFO - Started process (PID=101) to work on /home/airflow/.local/lib/python3.12/site-packages/airflow/example_dags/plugins/workday.py
[2026-05-09T16:29:58.092+0000] {processor.py:830} INFO - Processing file /home/airflow/.local/lib/python3.12/site-packages/airflow/example_dags/plugins/workday.py for tasks to queue
[2026-05-09T16:29:58.094+0000] {logging_mixin.py:188} INFO - [2026-05-09T16:29:58.094+0000] {dagbag.py:545} INFO - Filling up the DagBag from /home/airflow/.local/lib/python3.12/site-packages/airflow/example_dags/plugins/workday.py
[2026-05-09T16:29:59.043+0000] {processor.py:842} WARNING - No viable dags retrieved from /home/airflow/.local/lib/python3.12/site-packages/airflow/example_dags/plugins/workday.py
[2026-05-09T16:29:59.054+0000] {processor.py:183} INFO - Processing /home/airflow/.local/lib/python3.12/site-packages/airflow/example_dags/plugins/workday.py took 0.969 seconds
[2026-05-09T16:30:29.958+0000] {processor.py:161} INFO - Started process (PID=164) to work on /home/airflow/.local/lib/python3.12/site-packages/airflow/example_dags/plugins/workday.py
[2026-05-09T16:30:29.958+0000] {processor.py:830} INFO - Processing file /home/airflow/.local/lib/python3.12/site-packages/airflow/example_dags/plugins/workday.py for tasks to queue
[2026-05-09T16:30:29.960+0000] {logging_mixin.py:188} INFO - [2026-05-09T16:30:29.960+0000] {dagbag.py:545} INFO - Filling up the DagBag from /home/airflow/.local/lib/python3.12/site-packages/airflow/example_dags/plugins/workday.py
[2026-05-09T16:30:30.322+0000] {processor.py:842} WARNING - No viable dags retrieved from /home/airflow/.local/lib/python3.12/site-packages/airflow/example_dags/plugins/workday.py
[2026-05-09T16:30:30.332+0000] {processor.py:183} INFO - Processing /home/airflow/.local/lib/python3.12/site-packages/airflow/example_dags/plugins/workday.py took 0.380 seconds
[2026-05-09T16:31:00.929+0000] {processor.py:161} INFO - Started process (PID=224) to work on /home/airflow/.local/lib/python3.12/site-packages/airflow/example_dags/plugins/workday.py
[2026-05-09T16:31:00.930+0000] {processor.py:830} INFO - Processing file /home/airflow/.local/lib/python3.12/site-packages/airflow/example_dags/plugins/workday.py for tasks to queue
[2026-05-09T16:31:00.932+0000] {logging_mixin.py:188} INFO - [2026-05-09T16:31:00.932+0000] {dagbag.py:545} INFO - Filling up the DagBag from /home/airflow/.local/lib/python3.12/site-packages/airflow/example_dags/plugins/workday.py
[2026-05-09T16:31:01.324+0000] {processor.py:842} WARNING - No viable dags retrieved from /home/airflow/.local/lib/python3.12/site-packages/airflow/example_dags/plugins/workday.py
[2026-05-09T16:31:01.334+0000] {processor.py:183} INFO - Processing /home/airflow/.local/lib/python3.12/site-packages/airflow/example_dags/plugins/workday.py took 0.410 seconds
[2026-05-09T16:31:31.849+0000] {processor.py:161} INFO - Started process (PID=284) to work on /home/airflow/.local/lib/python3.12/site-packages/airflow/example_dags/plugins/workday.py
[2026-05-09T16:31:31.850+0000] {processor.py:830} INFO - Processing file /home/airflow/.local/lib/python3.12/site-packages/airflow/example_dags/plugins/workday.py for tasks to queue
[2026-05-09T16:31:31.852+0000] {logging_mixin.py:188} INFO - [2026-05-09T16:31:31.851+0000] {dagbag.py:545} INFO - Filling up the DagBag from /home/airflow/.local/lib/python3.12/site-packages/airflow/example_dags/plugins/workday.py
[2026-05-09T16:31:32.233+0000] {processor.py:842} WARNING - No viable dags retrieved from /home/airflow/.local/lib/python3.12/site-packages/airflow/example_dags/plugins/workday.py
[2026-05-09T16:31:32.241+0000] {processor.py:183} INFO - Processing /home/airflow/.local/lib/python3.12/site-packages/airflow/example_dags/plugins/workday.py took 0.400 seconds
[2026-05-09T16:32:03.135+0000] {processor.py:161} INFO - Started process (PID=344) to work on /home/airflow/.local/lib/python3.12/site-packages/airflow/example_dags/plugins/workday.py
[2026-05-09T16:32:03.138+0000] {processor.py:830} INFO - Processing file /home/airflow/.local/lib/python3.12/site-packages/airflow/example_dags/plugins/workday.py for tasks to queue
[2026-05-09T16:32:03.140+0000] {logging_mixin.py:188} INFO - [2026-05-09T16:32:03.139+0000] {dagbag.py:545} INFO - Filling up the DagBag from /home/airflow/.local/lib/python3.12/site-packages/airflow/example_dags/plugins/workday.py
[2026-05-09T16:32:03.514+0000] {processor.py:842} WARNING - No viable dags retrieved from /home/airflow/.local/lib/python3.12/site-packages/airflow/example_dags/plugins/workday.py
[2026-05-09T16:32:03.524+0000] {processor.py:183} INFO - Processing /home/airflow/.local/lib/python3.12/site-packages/airflow/example_dags/plugins/workday.py took 0.395 seconds
[2026-05-09T16:32:33.747+0000] {processor.py:161} INFO - Started process (PID=404) to work on /home/airflow/.local/lib/python3.12/site-packages/airflow/example_dags/plugins/workday.py
[2026-05-09T16:32:33.748+0000] {processor.py:830} INFO - Processing file /home/airflow/.local/lib/python3.12/site-packages/airflow/example_dags/plugins/workday.py for tasks to queue
[2026-05-09T16:32:33.750+0000] {logging_mixin.py:188} INFO - [2026-05-09T16:32:33.750+0000] {dagbag.py:545} INFO - Filling up the DagBag from /home/airflow/.local/lib/python3.12/site-packages/airflow/example_dags/plugins/workday.py
[2026-05-09T16:32:34.144+0000] {processor.py:842} WARNING - No viable dags retrieved from /home/airflow/.local/lib/python3.12/site-packages/airflow/example_dags/plugins/workday.py
[2026-05-09T16:32:34.154+0000] {processor.py:183} INFO - Processing /home/airflow/.local/lib/python3.12/site-packages/airflow/example_dags/plugins/workday.py took 0.413 seconds
[2026-05-09T16:33:05.114+0000] {processor.py:161} INFO - Started process (PID=464) to work on /home/airflow/.local/lib/python3.12/site-packages/airflow/example_dags/plugins/workday.py
[2026-05-09T16:33:05.115+0000] {processor.py:830} INFO - Processing file /home/airflow/.local/lib/python3.12/site-packages/airflow/example_dags/plugins/workday.py for tasks to queue
[2026-05-09T16:33:05.118+0000] {logging_mixin.py:188} INFO - [2026-05-09T16:33:05.117+0000] {dagbag.py:545} INFO - Filling up the DagBag from /home/airflow/.local/lib/python3.12/site-packages/airflow/example_dags/plugins/workday.py
[2026-05-09T16:33:05.548+0000] {processor.py:842} WARNING - No viable dags retrieved from /home/airflow/.local/lib/python3.12/site-packages/airflow/example_dags/plugins/workday.py
[2026-05-09T16:33:05.558+0000] {processor.py:183} INFO - Processing /home/airflow/.local/lib/python3.12/site-packages/airflow/example_dags/plugins/workday.py took 0.451 seconds
[2026-05-09T16:33:36.304+0000] {processor.py:161} INFO - Started process (PID=524) to work on /home/airflow/.local/lib/python3.12/site-packages/airflow/example_dags/plugins/workday.py
[2026-05-09T16:33:36.305+0000] {processor.py:830} INFO - Processing file /home/airflow/.local/lib/python3.12/site-packages/airflow/example_dags/plugins/workday.py for tasks to queue
[2026-05-09T16:33:36.307+0000] {logging_mixin.py:188} INFO - [2026-05-09T16:33:36.306+0000] {dagbag.py:545} INFO - Filling up the DagBag from /home/airflow/.local/lib/python3.12/site-packages/airflow/example_dags/plugins/workday.py
[2026-05-09T16:33:36.734+0000] {processor.py:842} WARNING - No viable dags retrieved from /home/airflow/.local/lib/python3.12/site-packages/airflow/example_dags/plugins/workday.py
[2026-05-09T16:33:36.743+0000] {processor.py:183} INFO - Processing /home/airflow/.local/lib/python3.12/site-packages/airflow/example_dags/plugins/workday.py took 0.445 seconds
[2026-05-09T16:34:07.742+0000] {processor.py:161} INFO - Started process (PID=584) to work on /home/airflow/.local/lib/python3.12/site-packages/airflow/example_dags/plugins/workday.py
[2026-05-09T16:34:07.743+0000] {processor.py:830} INFO - Processing file /home/airflow/.local/lib/python3.12/site-packages/airflow/example_dags/plugins/workday.py for tasks to queue
[2026-05-09T16:34:07.744+0000] {logging_mixin.py:188} INFO - [2026-05-09T16:34:07.744+0000] {dagbag.py:545} INFO - Filling up the DagBag from /home/airflow/.local/lib/python3.12/site-packages/airflow/example_dags/plugins/workday.py
[2026-05-09T16:34:08.123+0000] {processor.py:842} WARNING - No viable dags retrieved from /home/airflow/.local/lib/python3.12/site-packages/airflow/example_dags/plugins/workday.py
[2026-05-09T16:34:08.133+0000] {processor.py:183} INFO - Processing /home/airflow/.local/lib/python3.12/site-packages/airflow/example_dags/plugins/workday.py took 0.397 seconds
[2026-05-09T16:34:38.964+0000] {processor.py:161} INFO - Started process (PID=644) to work on /home/airflow/.local/lib/python3.12/site-packages/airflow/example_dags/plugins/workday.py
[2026-05-09T16:34:38.965+0000] {processor.py:830} INFO - Processing file /home/airflow/.local/lib/python3.12/site-packages/airflow/example_dags/plugins/workday.py for tasks to queue
[2026-05-09T16:34:38.967+0000] {logging_mixin.py:188} INFO - [2026-05-09T16:34:38.966+0000] {dagbag.py:545} INFO - Filling up the DagBag from /home/airflow/.local/lib/python3.12/site-packages/airflow/example_dags/plugins/workday.py
[2026-05-09T16:34:39.354+0000] {processor.py:842} WARNING - No viable dags retrieved from /home/airflow/.local/lib/python3.12/site-packages/airflow/example_dags/plugins/workday.py
[2026-05-09T16:34:39.364+0000] {processor.py:183} INFO - Processing /home/airflow/.local/lib/python3.12/site-packages/airflow/example_dags/plugins/workday.py took 0.405 seconds
[2026-05-09T16:35:09.520+0000] {processor.py:161} INFO - Started process (PID=704) to work on /home/airflow/.local/lib/python3.12/site-packages/airflow/example_dags/plugins/workday.py
[2026-05-09T16:35:09.521+0000] {processor.py:830} INFO - Processing file /home/airflow/.local/lib/python3.12/site-packages/airflow/example_dags/plugins/workday.py for tasks to queue
[2026-05-09T16:35:09.523+0000] {logging_mixin.py:188} INFO - [2026-05-09T16:35:09.522+0000] {dagbag.py:545} INFO - Filling up the DagBag from /home/airflow/.local/lib/python3.12/site-packages/airflow/example_dags/plugins/workday.py
[2026-05-09T16:35:09.904+0000] {processor.py:842} WARNING - No viable dags retrieved from /home/airflow/.local/lib/python3.12/site-packages/airflow/example_dags/plugins/workday.py
[2026-05-09T16:35:09.914+0000] {processor.py:183} INFO - Processing /home/airflow/.local/lib/python3.12/site-packages/airflow/example_dags/plugins/workday.py took 0.401 seconds
[2026-05-09T16:35:40.195+0000] {processor.py:161} INFO - Started process (PID=764) to work on /home/airflow/.local/lib/python3.12/site-packages/airflow/example_dags/plugins/workday.py
[2026-05-09T16:35:40.196+0000] {processor.py:830} INFO - Processing file /home/airflow/.local/lib/python3.12/site-packages/airflow/example_dags/plugins/workday.py for tasks to queue
[2026-05-09T16:35:40.198+0000] {logging_mixin.py:188} INFO - [2026-05-09T16:35:40.197+0000] {dagbag.py:545} INFO - Filling up the DagBag from /home/airflow/.local/lib/python3.12/site-packages/airflow/example_dags/plugins/workday.py
[2026-05-09T16:35:40.589+0000] {processor.py:842} WARNING - No viable dags retrieved from /home/airflow/.local/lib/python3.12/site-packages/airflow/example_dags/plugins/workday.py
[2026-05-09T16:35:40.598+0000] {processor.py:183} INFO - Processing /home/airflow/.local/lib/python3.12/site-packages/airflow/example_dags/plugins/workday.py took 0.408 seconds
[2026-05-09T16:36:10.829+0000] {processor.py:161} INFO - Started process (PID=824) to work on /home/airflow/.local/lib/python3.12/site-packages/airflow/example_dags/plugins/workday.py
[2026-05-09T16:36:10.830+0000] {processor.py:830} INFO - Processing file /home/airflow/.local/lib/python3.12/site-packages/airflow/example_dags/plugins/workday.py for tasks to queue
[2026-05-09T16:36:10.832+0000] {logging_mixin.py:188} INFO - [2026-05-09T16:36:10.831+0000] {dagbag.py:545} INFO - Filling up the DagBag from /home/airflow/.local/lib/python3.12/site-packages/airflow/example_dags/plugins/workday.py
[2026-05-09T16:36:11.227+0000] {processor.py:842} WARNING - No viable dags retrieved from /home/airflow/.local/lib/python3.12/site-packages/airflow/example_dags/plugins/workday.py
[2026-05-09T16:36:11.237+0000] {processor.py:183} INFO - Processing /home/airflow/.local/lib/python3.12/site-packages/airflow/example_dags/plugins/workday.py took 0.414 seconds
[2026-05-09T16:36:41.467+0000] {processor.py:161} INFO - Started process (PID=884) to work on /home/airflow/.local/lib/python3.12/site-packages/airflow/example_dags/plugins/workday.py
[2026-05-09T16:36:41.468+0000] {processor.py:830} INFO - Processing file /home/airflow/.local/lib/python3.12/site-packages/airflow/example_dags/plugins/workday.py for tasks to queue
[2026-05-09T16:36:41.469+0000] {logging_mixin.py:188} INFO - [2026-05-09T16:36:41.469+0000] {dagbag.py:545} INFO - Filling up the DagBag from /home/airflow/.local/lib/python3.12/site-packages/airflow/example_dags/plugins/workday.py
[2026-05-09T16:36:41.855+0000] {processor.py:842} WARNING - No viable dags retrieved from /home/airflow/.local/lib/python3.12/site-packages/airflow/example_dags/plugins/workday.py
[2026-05-09T16:36:41.864+0000] {processor.py:183} INFO - Processing /home/airflow/.local/lib/python3.12/site-packages/airflow/example_dags/plugins/workday.py took 0.402 seconds
[2026-05-09T16:37:12.883+0000] {processor.py:161} INFO - Started process (PID=944) to work on /home/airflow/.local/lib/python3.12/site-packages/airflow/example_dags/plugins/workday.py
[2026-05-09T16:37:12.884+0000] {processor.py:830} INFO - Processing file /home/airflow/.local/lib/python3.12/site-packages/airflow/example_dags/plugins/workday.py for tasks to queue
[2026-05-09T16:37:12.886+0000] {logging_mixin.py:188} INFO - [2026-05-09T16:37:12.886+0000] {dagbag.py:545} INFO - Filling up the DagBag from /home/airflow/.local/lib/python3.12/site-packages/airflow/example_dags/plugins/workday.py
[2026-05-09T16:37:13.255+0000] {processor.py:842} WARNING - No viable dags retrieved from /home/airflow/.local/lib/python3.12/site-packages/airflow/example_dags/plugins/workday.py
[2026-05-09T16:37:13.264+0000] {processor.py:183} INFO - Processing /home/airflow/.local/lib/python3.12/site-packages/airflow/example_dags/plugins/workday.py took 0.386 seconds
[2026-05-09T16:37:43.849+0000] {processor.py:161} INFO - Started process (PID=1004) to work on /home/airflow/.local/lib/python3.12/site-packages/airflow/example_dags/plugins/workday.py
[2026-05-09T16:37:43.849+0000] {processor.py:830} INFO - Processing file /home/airflow/.local/lib/python3.12/site-packages/airflow/example_dags/plugins/workday.py for tasks to queue
[2026-05-09T16:37:43.851+0000] {logging_mixin.py:188} INFO - [2026-05-09T16:37:43.851+0000] {dagbag.py:545} INFO - Filling up the DagBag from /home/airflow/.local/lib/python3.12/site-packages/airflow/example_dags/plugins/workday.py
[2026-05-09T16:37:44.243+0000] {processor.py:842} WARNING - No viable dags retrieved from /home/airflow/.local/lib/python3.12/site-packages/airflow/example_dags/plugins/workday.py
[2026-05-09T16:37:44.252+0000] {processor.py:183} INFO - Processing /home/airflow/.local/lib/python3.12/site-packages/airflow/example_dags/plugins/workday.py took 0.410 seconds
[2026-05-09T16:38:14.749+0000] {processor.py:161} INFO - Started process (PID=1064) to work on /home/airflow/.local/lib/python3.12/site-packages/airflow/example_dags/plugins/workday.py
[2026-05-09T16:38:14.750+0000] {processor.py:830} INFO - Processing file /home/airflow/.local/lib/python3.12/site-packages/airflow/example_dags/plugins/workday.py for tasks to queue
[2026-05-09T16:38:14.752+0000] {logging_mixin.py:188} INFO - [2026-05-09T16:38:14.752+0000] {dagbag.py:545} INFO - Filling up the DagBag from /home/airflow/.local/lib/python3.12/site-packages/airflow/example_dags/plugins/workday.py
[2026-05-09T16:38:15.187+0000] {processor.py:842} WARNING - No viable dags retrieved from /home/airflow/.local/lib/python3.12/site-packages/airflow/example_dags/plugins/workday.py
[2026-05-09T16:38:15.197+0000] {processor.py:183} INFO - Processing /home/airflow/.local/lib/python3.12/site-packages/airflow/example_dags/plugins/workday.py took 0.454 seconds
[2026-05-09T16:38:45.656+0000] {processor.py:161} INFO - Started process (PID=1124) to work on /home/airflow/.local/lib/python3.12/site-packages/airflow/example_dags/plugins/workday.py
[2026-05-09T16:38:45.657+0000] {processor.py:830} INFO - Processing file /home/airflow/.local/lib/python3.12/site-packages/airflow/example_dags/plugins/workday.py for tasks to queue
[2026-05-09T16:38:45.659+0000] {logging_mixin.py:188} INFO - [2026-05-09T16:38:45.659+0000] {dagbag.py:545} INFO - Filling up the DagBag from /home/airflow/.local/lib/python3.12/site-packages/airflow/example_dags/plugins/workday.py
[2026-05-09T16:38:46.035+0000] {processor.py:842} WARNING - No viable dags retrieved from /home/airflow/.local/lib/python3.12/site-packages/airflow/example_dags/plugins/workday.py
[2026-05-09T16:38:46.044+0000] {processor.py:183} INFO - Processing /home/airflow/.local/lib/python3.12/site-packages/airflow/example_dags/plugins/workday.py took 0.393 seconds
[2026-05-09T16:39:16.599+0000] {processor.py:161} INFO - Started process (PID=1184) to work on /home/airflow/.local/lib/python3.12/site-packages/airflow/example_dags/plugins/workday.py
[2026-05-09T16:39:16.599+0000] {processor.py:830} INFO - Processing file /home/airflow/.local/lib/python3.12/site-packages/airflow/example_dags/plugins/workday.py for tasks to queue
[2026-05-09T16:39:16.601+0000] {logging_mixin.py:188} INFO - [2026-05-09T16:39:16.601+0000] {dagbag.py:545} INFO - Filling up the DagBag from /home/airflow/.local/lib/python3.12/site-packages/airflow/example_dags/plugins/workday.py
[2026-05-09T16:39:16.971+0000] {processor.py:842} WARNING - No viable dags retrieved from /home/airflow/.local/lib/python3.12/site-packages/airflow/example_dags/plugins/workday.py
[2026-05-09T16:39:16.984+0000] {processor.py:183} INFO - Processing /home/airflow/.local/lib/python3.12/site-packages/airflow/example_dags/plugins/workday.py took 0.391 seconds
[2026-05-09T16:39:47.414+0000] {processor.py:161} INFO - Started process (PID=1244) to work on /home/airflow/.local/lib/python3.12/site-packages/airflow/example_dags/plugins/workday.py
[2026-05-09T16:39:47.415+0000] {processor.py:830} INFO - Processing file /home/airflow/.local/lib/python3.12/site-packages/airflow/example_dags/plugins/workday.py for tasks to queue
[2026-05-09T16:39:47.417+0000] {logging_mixin.py:188} INFO - [2026-05-09T16:39:47.417+0000] {dagbag.py:545} INFO - Filling up the DagBag from /home/airflow/.local/lib/python3.12/site-packages/airflow/example_dags/plugins/workday.py
[2026-05-09T16:39:47.838+0000] {processor.py:842} WARNING - No viable dags retrieved from /home/airflow/.local/lib/python3.12/site-packages/airflow/example_dags/plugins/workday.py
[2026-05-09T16:39:47.848+0000] {processor.py:183} INFO - Processing /home/airflow/.local/lib/python3.12/site-packages/airflow/example_dags/plugins/workday.py took 0.440 seconds
[2026-05-09T16:40:18.315+0000] {processor.py:161} INFO - Started process (PID=1304) to work on /home/airflow/.local/lib/python3.12/site-packages/airflow/example_dags/plugins/workday.py
[2026-05-09T16:40:18.315+0000] {processor.py:830} INFO - Processing file /home/airflow/.local/lib/python3.12/site-packages/airflow/example_dags/plugins/workday.py for tasks to queue
[2026-05-09T16:40:18.317+0000] {logging_mixin.py:188} INFO - [2026-05-09T16:40:18.317+0000] {dagbag.py:545} INFO - Filling up the DagBag from /home/airflow/.local/lib/python3.12/site-packages/airflow/example_dags/plugins/workday.py
[2026-05-09T16:40:18.691+0000] {processor.py:842} WARNING - No viable dags retrieved from /home/airflow/.local/lib/python3.12/site-packages/airflow/example_dags/plugins/workday.py
[2026-05-09T16:40:18.701+0000] {processor.py:183} INFO - Processing /home/airflow/.local/lib/python3.12/site-packages/airflow/example_dags/plugins/workday.py took 0.393 seconds
[2026-05-09T16:40:49.216+0000] {processor.py:161} INFO - Started process (PID=1364) to work on /home/airflow/.local/lib/python3.12/site-packages/airflow/example_dags/plugins/workday.py
[2026-05-09T16:40:49.216+0000] {processor.py:830} INFO - Processing file /home/airflow/.local/lib/python3.12/site-packages/airflow/example_dags/plugins/workday.py for tasks to queue
[2026-05-09T16:40:49.218+0000] {logging_mixin.py:188} INFO - [2026-05-09T16:40:49.218+0000] {dagbag.py:545} INFO - Filling up the DagBag from /home/airflow/.local/lib/python3.12/site-packages/airflow/example_dags/plugins/workday.py
[2026-05-09T16:40:49.614+0000] {processor.py:842} WARNING - No viable dags retrieved from /home/airflow/.local/lib/python3.12/site-packages/airflow/example_dags/plugins/workday.py
[2026-05-09T16:40:49.622+0000] {processor.py:183} INFO - Processing /home/airflow/.local/lib/python3.12/site-packages/airflow/example_dags/plugins/workday.py took 0.413 seconds
[2026-05-09T16:41:20.189+0000] {processor.py:161} INFO - Started process (PID=1424) to work on /home/airflow/.local/lib/python3.12/site-packages/airflow/example_dags/plugins/workday.py
[2026-05-09T16:41:20.190+0000] {processor.py:830} INFO - Processing file /home/airflow/.local/lib/python3.12/site-packages/airflow/example_dags/plugins/workday.py for tasks to queue
[2026-05-09T16:41:20.191+0000] {logging_mixin.py:188} INFO - [2026-05-09T16:41:20.191+0000] {dagbag.py:545} INFO - Filling up the DagBag from /home/airflow/.local/lib/python3.12/site-packages/airflow/example_dags/plugins/workday.py
[2026-05-09T16:41:20.562+0000] {processor.py:842} WARNING - No viable dags retrieved from /home/airflow/.local/lib/python3.12/site-packages/airflow/example_dags/plugins/workday.py
[2026-05-09T16:41:20.571+0000] {processor.py:183} INFO - Processing /home/airflow/.local/lib/python3.12/site-packages/airflow/example_dags/plugins/workday.py took 0.388 seconds
[2026-05-09T16:41:51.046+0000] {processor.py:161} INFO - Started process (PID=1484) to work on /home/airflow/.local/lib/python3.12/site-packages/airflow/example_dags/plugins/workday.py
[2026-05-09T16:41:51.047+0000] {processor.py:830} INFO - Processing file /home/airflow/.local/lib/python3.12/site-packages/airflow/example_dags/plugins/workday.py for tasks to queue
[2026-05-09T16:41:51.049+0000] {logging_mixin.py:188} INFO - [2026-05-09T16:41:51.049+0000] {dagbag.py:545} INFO - Filling up the DagBag from /home/airflow/.local/lib/python3.12/site-packages/airflow/example_dags/plugins/workday.py
[2026-05-09T16:41:51.429+0000] {processor.py:842} WARNING - No viable dags retrieved from /home/airflow/.local/lib/python3.12/site-packages/airflow/example_dags/plugins/workday.py
[2026-05-09T16:41:51.438+0000] {processor.py:183} INFO - Processing /home/airflow/.local/lib/python3.12/site-packages/airflow/example_dags/plugins/workday.py took 0.397 seconds
[2026-05-09T16:42:21.700+0000] {processor.py:161} INFO - Started process (PID=1544) to work on /home/airflow/.local/lib/python3.12/site-packages/airflow/example_dags/plugins/workday.py
[2026-05-09T16:42:21.701+0000] {processor.py:830} INFO - Processing file /home/airflow/.local/lib/python3.12/site-packages/airflow/example_dags/plugins/workday.py for tasks to queue
[2026-05-09T16:42:21.703+0000] {logging_mixin.py:188} INFO - [2026-05-09T16:42:21.702+0000] {dagbag.py:545} INFO - Filling up the DagBag from /home/airflow/.local/lib/python3.12/site-packages/airflow/example_dags/plugins/workday.py
[2026-05-09T16:42:22.063+0000] {processor.py:842} WARNING - No viable dags retrieved from /home/airflow/.local/lib/python3.12/site-packages/airflow/example_dags/plugins/workday.py
[2026-05-09T16:42:22.071+0000] {processor.py:183} INFO - Processing /home/airflow/.local/lib/python3.12/site-packages/airflow/example_dags/plugins/workday.py took 0.377 seconds
[2026-05-09T16:42:52.357+0000] {processor.py:161} INFO - Started process (PID=1604) to work on /home/airflow/.local/lib/python3.12/site-packages/airflow/example_dags/plugins/workday.py
[2026-05-09T16:42:52.358+0000] {processor.py:830} INFO - Processing file /home/airflow/.local/lib/python3.12/site-packages/airflow/example_dags/plugins/workday.py for tasks to queue
[2026-05-09T16:42:52.359+0000] {logging_mixin.py:188} INFO - [2026-05-09T16:42:52.359+0000] {dagbag.py:545} INFO - Filling up the DagBag from /home/airflow/.local/lib/python3.12/site-packages/airflow/example_dags/plugins/workday.py
[2026-05-09T16:42:52.715+0000] {processor.py:842} WARNING - No viable dags retrieved from /home/airflow/.local/lib/python3.12/site-packages/airflow/example_dags/plugins/workday.py
[2026-05-09T16:42:52.724+0000] {processor.py:183} INFO - Processing /home/airflow/.local/lib/python3.12/site-packages/airflow/example_dags/plugins/workday.py took 0.374 seconds
[2026-05-09T16:43:23.319+0000] {processor.py:161} INFO - Started process (PID=1664) to work on /home/airflow/.local/lib/python3.12/site-packages/airflow/example_dags/plugins/workday.py
[2026-05-09T16:43:23.320+0000] {processor.py:830} INFO - Processing file /home/airflow/.local/lib/python3.12/site-packages/airflow/example_dags/plugins/workday.py for tasks to queue
[2026-05-09T16:43:23.322+0000] {logging_mixin.py:188} INFO - [2026-05-09T16:43:23.321+0000] {dagbag.py:545} INFO - Filling up the DagBag from /home/airflow/.local/lib/python3.12/site-packages/airflow/example_dags/plugins/workday.py
[2026-05-09T16:43:23.685+0000] {processor.py:842} WARNING - No viable dags retrieved from /home/airflow/.local/lib/python3.12/site-packages/airflow/example_dags/plugins/workday.py
[2026-05-09T16:43:23.694+0000] {processor.py:183} INFO - Processing /home/airflow/.local/lib/python3.12/site-packages/airflow/example_dags/plugins/workday.py took 0.381 seconds
[2026-05-09T16:43:54.351+0000] {processor.py:161} INFO - Started process (PID=1724) to work on /home/airflow/.local/lib/python3.12/site-packages/airflow/example_dags/plugins/workday.py
[2026-05-09T16:43:54.352+0000] {processor.py:830} INFO - Processing file /home/airflow/.local/lib/python3.12/site-packages/airflow/example_dags/plugins/workday.py for tasks to queue
[2026-05-09T16:43:54.353+0000] {logging_mixin.py:188} INFO - [2026-05-09T16:43:54.353+0000] {dagbag.py:545} INFO - Filling up the DagBag from /home/airflow/.local/lib/python3.12/site-packages/airflow/example_dags/plugins/workday.py
[2026-05-09T16:43:54.717+0000] {processor.py:842} WARNING - No viable dags retrieved from /home/airflow/.local/lib/python3.12/site-packages/airflow/example_dags/plugins/workday.py
[2026-05-09T16:43:54.728+0000] {processor.py:183} INFO - Processing /home/airflow/.local/lib/python3.12/site-packages/airflow/example_dags/plugins/workday.py took 0.382 seconds
[2026-05-09T16:44:24.789+0000] {processor.py:161} INFO - Started process (PID=1790) to work on /home/airflow/.local/lib/python3.12/site-packages/airflow/example_dags/plugins/workday.py
[2026-05-09T16:44:24.790+0000] {processor.py:830} INFO - Processing file /home/airflow/.local/lib/python3.12/site-packages/airflow/example_dags/plugins/workday.py for tasks to queue
[2026-05-09T16:44:24.791+0000] {logging_mixin.py:188} INFO - [2026-05-09T16:44:24.791+0000] {dagbag.py:545} INFO - Filling up the DagBag from /home/airflow/.local/lib/python3.12/site-packages/airflow/example_dags/plugins/workday.py
[2026-05-09T16:44:25.162+0000] {processor.py:842} WARNING - No viable dags retrieved from /home/airflow/.local/lib/python3.12/site-packages/airflow/example_dags/plugins/workday.py
[2026-05-09T16:44:25.172+0000] {processor.py:183} INFO - Processing /home/airflow/.local/lib/python3.12/site-packages/airflow/example_dags/plugins/workday.py took 0.389 seconds
[2026-05-09T16:44:55.516+0000] {processor.py:161} INFO - Started process (PID=1851) to work on /home/airflow/.local/lib/python3.12/site-packages/airflow/example_dags/plugins/workday.py
[2026-05-09T16:44:55.517+0000] {processor.py:830} INFO - Processing file /home/airflow/.local/lib/python3.12/site-packages/airflow/example_dags/plugins/workday.py for tasks to queue
[2026-05-09T16:44:55.520+0000] {logging_mixin.py:188} INFO - [2026-05-09T16:44:55.519+0000] {dagbag.py:545} INFO - Filling up the DagBag from /home/airflow/.local/lib/python3.12/site-packages/airflow/example_dags/plugins/workday.py
[2026-05-09T16:44:55.771+0000] {processor.py:842} WARNING - No viable dags retrieved from /home/airflow/.local/lib/python3.12/site-packages/airflow/example_dags/plugins/workday.py
[2026-05-09T16:44:55.782+0000] {processor.py:183} INFO - Processing /home/airflow/.local/lib/python3.12/site-packages/airflow/example_dags/plugins/workday.py took 0.279 seconds
[2026-05-09T16:45:26.152+0000] {processor.py:161} INFO - Started process (PID=1911) to work on /home/airflow/.local/lib/python3.12/site-packages/airflow/example_dags/plugins/workday.py
[2026-05-09T16:45:26.153+0000] {processor.py:830} INFO - Processing file /home/airflow/.local/lib/python3.12/site-packages/airflow/example_dags/plugins/workday.py for tasks to queue
[2026-05-09T16:45:26.155+0000] {logging_mixin.py:188} INFO - [2026-05-09T16:45:26.155+0000] {dagbag.py:545} INFO - Filling up the DagBag from /home/airflow/.local/lib/python3.12/site-packages/airflow/example_dags/plugins/workday.py
[2026-05-09T16:45:26.382+0000] {processor.py:842} WARNING - No viable dags retrieved from /home/airflow/.local/lib/python3.12/site-packages/airflow/example_dags/plugins/workday.py
[2026-05-09T16:45:26.394+0000] {processor.py:183} INFO - Processing /home/airflow/.local/lib/python3.12/site-packages/airflow/example_dags/plugins/workday.py took 0.248 seconds
[2026-05-09T16:45:56.456+0000] {processor.py:161} INFO - Started process (PID=1971) to work on /home/airflow/.local/lib/python3.12/site-packages/airflow/example_dags/plugins/workday.py
[2026-05-09T16:45:56.457+0000] {processor.py:830} INFO - Processing file /home/airflow/.local/lib/python3.12/site-packages/airflow/example_dags/plugins/workday.py for tasks to queue
[2026-05-09T16:45:56.459+0000] {logging_mixin.py:188} INFO - [2026-05-09T16:45:56.458+0000] {dagbag.py:545} INFO - Filling up the DagBag from /home/airflow/.local/lib/python3.12/site-packages/airflow/example_dags/plugins/workday.py
[2026-05-09T16:45:56.698+0000] {processor.py:842} WARNING - No viable dags retrieved from /home/airflow/.local/lib/python3.12/site-packages/airflow/example_dags/plugins/workday.py
[2026-05-09T16:45:56.711+0000] {processor.py:183} INFO - Processing /home/airflow/.local/lib/python3.12/site-packages/airflow/example_dags/plugins/workday.py took 0.262 seconds
[2026-05-09T16:53:27.512+0000] {processor.py:161} INFO - Started process (PID=2022) to work on /home/airflow/.local/lib/python3.12/site-packages/airflow/example_dags/plugins/workday.py
[2026-05-09T16:53:27.513+0000] {processor.py:830} INFO - Processing file /home/airflow/.local/lib/python3.12/site-packages/airflow/example_dags/plugins/workday.py for tasks to queue
[2026-05-09T16:53:27.515+0000] {logging_mixin.py:188} INFO - [2026-05-09T16:53:27.515+0000] {dagbag.py:545} INFO - Filling up the DagBag from /home/airflow/.local/lib/python3.12/site-packages/airflow/example_dags/plugins/workday.py
[2026-05-09T16:53:27.745+0000] {processor.py:842} WARNING - No viable dags retrieved from /home/airflow/.local/lib/python3.12/site-packages/airflow/example_dags/plugins/workday.py
[2026-05-09T16:53:27.758+0000] {processor.py:183} INFO - Processing /home/airflow/.local/lib/python3.12/site-packages/airflow/example_dags/plugins/workday.py took 0.253 seconds
[2026-05-09T16:53:58.419+0000] {processor.py:161} INFO - Started process (PID=2082) to work on /home/airflow/.local/lib/python3.12/site-packages/airflow/example_dags/plugins/workday.py
[2026-05-09T16:53:58.420+0000] {processor.py:830} INFO - Processing file /home/airflow/.local/lib/python3.12/site-packages/airflow/example_dags/plugins/workday.py for tasks to queue
[2026-05-09T16:53:58.421+0000] {logging_mixin.py:188} INFO - [2026-05-09T16:53:58.421+0000] {dagbag.py:545} INFO - Filling up the DagBag from /home/airflow/.local/lib/python3.12/site-packages/airflow/example_dags/plugins/workday.py
[2026-05-09T16:53:58.684+0000] {processor.py:842} WARNING - No viable dags retrieved from /home/airflow/.local/lib/python3.12/site-packages/airflow/example_dags/plugins/workday.py
[2026-05-09T16:53:58.701+0000] {processor.py:183} INFO - Processing /home/airflow/.local/lib/python3.12/site-packages/airflow/example_dags/plugins/workday.py took 0.288 seconds
[2026-05-09T16:54:29.525+0000] {processor.py:161} INFO - Started process (PID=2142) to work on /home/airflow/.local/lib/python3.12/site-packages/airflow/example_dags/plugins/workday.py
[2026-05-09T16:54:29.526+0000] {processor.py:830} INFO - Processing file /home/airflow/.local/lib/python3.12/site-packages/airflow/example_dags/plugins/workday.py for tasks to queue
[2026-05-09T16:54:29.527+0000] {logging_mixin.py:188} INFO - [2026-05-09T16:54:29.527+0000] {dagbag.py:545} INFO - Filling up the DagBag from /home/airflow/.local/lib/python3.12/site-packages/airflow/example_dags/plugins/workday.py
[2026-05-09T16:54:29.746+0000] {processor.py:842} WARNING - No viable dags retrieved from /home/airflow/.local/lib/python3.12/site-packages/airflow/example_dags/plugins/workday.py
[2026-05-09T16:54:29.757+0000] {processor.py:183} INFO - Processing /home/airflow/.local/lib/python3.12/site-packages/airflow/example_dags/plugins/workday.py took 0.239 seconds
[2026-05-09T16:55:00.694+0000] {processor.py:161} INFO - Started process (PID=2202) to work on /home/airflow/.local/lib/python3.12/site-packages/airflow/example_dags/plugins/workday.py
[2026-05-09T16:55:00.695+0000] {processor.py:830} INFO - Processing file /home/airflow/.local/lib/python3.12/site-packages/airflow/example_dags/plugins/workday.py for tasks to queue
[2026-05-09T16:55:00.697+0000] {logging_mixin.py:188} INFO - [2026-05-09T16:55:00.697+0000] {dagbag.py:545} INFO - Filling up the DagBag from /home/airflow/.local/lib/python3.12/site-packages/airflow/example_dags/plugins/workday.py
[2026-05-09T16:55:00.948+0000] {processor.py:842} WARNING - No viable dags retrieved from /home/airflow/.local/lib/python3.12/site-packages/airflow/example_dags/plugins/workday.py
[2026-05-09T16:55:00.961+0000] {processor.py:183} INFO - Processing /home/airflow/.local/lib/python3.12/site-packages/airflow/example_dags/plugins/workday.py took 0.273 seconds
[2026-05-09T16:55:31.695+0000] {processor.py:161} INFO - Started process (PID=2262) to work on /home/airflow/.local/lib/python3.12/site-packages/airflow/example_dags/plugins/workday.py
[2026-05-09T16:55:31.696+0000] {processor.py:830} INFO - Processing file /home/airflow/.local/lib/python3.12/site-packages/airflow/example_dags/plugins/workday.py for tasks to queue
[2026-05-09T16:55:31.698+0000] {logging_mixin.py:188} INFO - [2026-05-09T16:55:31.698+0000] {dagbag.py:545} INFO - Filling up the DagBag from /home/airflow/.local/lib/python3.12/site-packages/airflow/example_dags/plugins/workday.py
[2026-05-09T16:55:31.912+0000] {processor.py:842} WARNING - No viable dags retrieved from /home/airflow/.local/lib/python3.12/site-packages/airflow/example_dags/plugins/workday.py
[2026-05-09T16:55:31.926+0000] {processor.py:183} INFO - Processing /home/airflow/.local/lib/python3.12/site-packages/airflow/example_dags/plugins/workday.py took 0.236 seconds
[2026-05-09T16:56:02.803+0000] {processor.py:161} INFO - Started process (PID=2322) to work on /home/airflow/.local/lib/python3.12/site-packages/airflow/example_dags/plugins/workday.py
[2026-05-09T16:56:02.804+0000] {processor.py:830} INFO - Processing file /home/airflow/.local/lib/python3.12/site-packages/airflow/example_dags/plugins/workday.py for tasks to queue
[2026-05-09T16:56:02.806+0000] {logging_mixin.py:188} INFO - [2026-05-09T16:56:02.806+0000] {dagbag.py:545} INFO - Filling up the DagBag from /home/airflow/.local/lib/python3.12/site-packages/airflow/example_dags/plugins/workday.py
[2026-05-09T16:56:03.026+0000] {processor.py:842} WARNING - No viable dags retrieved from /home/airflow/.local/lib/python3.12/site-packages/airflow/example_dags/plugins/workday.py
[2026-05-09T16:56:03.038+0000] {processor.py:183} INFO - Processing /home/airflow/.local/lib/python3.12/site-packages/airflow/example_dags/plugins/workday.py took 0.241 seconds
[2026-05-09T16:56:33.818+0000] {processor.py:161} INFO - Started process (PID=2382) to work on /home/airflow/.local/lib/python3.12/site-packages/airflow/example_dags/plugins/workday.py
[2026-05-09T16:56:33.819+0000] {processor.py:830} INFO - Processing file /home/airflow/.local/lib/python3.12/site-packages/airflow/example_dags/plugins/workday.py for tasks to queue
[2026-05-09T16:56:33.820+0000] {logging_mixin.py:188} INFO - [2026-05-09T16:56:33.820+0000] {dagbag.py:545} INFO - Filling up the DagBag from /home/airflow/.local/lib/python3.12/site-packages/airflow/example_dags/plugins/workday.py
[2026-05-09T16:56:34.034+0000] {processor.py:842} WARNING - No viable dags retrieved from /home/airflow/.local/lib/python3.12/site-packages/airflow/example_dags/plugins/workday.py
[2026-05-09T16:56:34.045+0000] {processor.py:183} INFO - Processing /home/airflow/.local/lib/python3.12/site-packages/airflow/example_dags/plugins/workday.py took 0.233 seconds
[2026-05-09T16:57:04.647+0000] {processor.py:161} INFO - Started process (PID=2442) to work on /home/airflow/.local/lib/python3.12/site-packages/airflow/example_dags/plugins/workday.py
[2026-05-09T16:57:04.648+0000] {processor.py:830} INFO - Processing file /home/airflow/.local/lib/python3.12/site-packages/airflow/example_dags/plugins/workday.py for tasks to queue
[2026-05-09T16:57:04.650+0000] {logging_mixin.py:188} INFO - [2026-05-09T16:57:04.649+0000] {dagbag.py:545} INFO - Filling up the DagBag from /home/airflow/.local/lib/python3.12/site-packages/airflow/example_dags/plugins/workday.py
[2026-05-09T16:57:04.879+0000] {processor.py:842} WARNING - No viable dags retrieved from /home/airflow/.local/lib/python3.12/site-packages/airflow/example_dags/plugins/workday.py
[2026-05-09T16:57:04.890+0000] {processor.py:183} INFO - Processing /home/airflow/.local/lib/python3.12/site-packages/airflow/example_dags/plugins/workday.py took 0.249 seconds
[2026-05-09T16:57:35.427+0000] {processor.py:161} INFO - Started process (PID=2502) to work on /home/airflow/.local/lib/python3.12/site-packages/airflow/example_dags/plugins/workday.py
[2026-05-09T16:57:35.428+0000] {processor.py:830} INFO - Processing file /home/airflow/.local/lib/python3.12/site-packages/airflow/example_dags/plugins/workday.py for tasks to queue
[2026-05-09T16:57:35.430+0000] {logging_mixin.py:188} INFO - [2026-05-09T16:57:35.429+0000] {dagbag.py:545} INFO - Filling up the DagBag from /home/airflow/.local/lib/python3.12/site-packages/airflow/example_dags/plugins/workday.py
[2026-05-09T16:57:35.647+0000] {processor.py:842} WARNING - No viable dags retrieved from /home/airflow/.local/lib/python3.12/site-packages/airflow/example_dags/plugins/workday.py
[2026-05-09T16:57:35.660+0000] {processor.py:183} INFO - Processing /home/airflow/.local/lib/python3.12/site-packages/airflow/example_dags/plugins/workday.py took 0.238 seconds
[2026-05-09T16:58:06.303+0000] {processor.py:161} INFO - Started process (PID=2562) to work on /home/airflow/.local/lib/python3.12/site-packages/airflow/example_dags/plugins/workday.py
[2026-05-09T16:58:06.304+0000] {processor.py:830} INFO - Processing file /home/airflow/.local/lib/python3.12/site-packages/airflow/example_dags/plugins/workday.py for tasks to queue
[2026-05-09T16:58:06.306+0000] {logging_mixin.py:188} INFO - [2026-05-09T16:58:06.305+0000] {dagbag.py:545} INFO - Filling up the DagBag from /home/airflow/.local/lib/python3.12/site-packages/airflow/example_dags/plugins/workday.py
[2026-05-09T16:58:06.521+0000] {processor.py:842} WARNING - No viable dags retrieved from /home/airflow/.local/lib/python3.12/site-packages/airflow/example_dags/plugins/workday.py
[2026-05-09T16:58:06.534+0000] {processor.py:183} INFO - Processing /home/airflow/.local/lib/python3.12/site-packages/airflow/example_dags/plugins/workday.py took 0.236 seconds
[2026-05-09T16:58:37.199+0000] {processor.py:161} INFO - Started process (PID=2628) to work on /home/airflow/.local/lib/python3.12/site-packages/airflow/example_dags/plugins/workday.py
[2026-05-09T16:58:37.200+0000] {processor.py:830} INFO - Processing file /home/airflow/.local/lib/python3.12/site-packages/airflow/example_dags/plugins/workday.py for tasks to queue
[2026-05-09T16:58:37.202+0000] {logging_mixin.py:188} INFO - [2026-05-09T16:58:37.201+0000] {dagbag.py:545} INFO - Filling up the DagBag from /home/airflow/.local/lib/python3.12/site-packages/airflow/example_dags/plugins/workday.py
[2026-05-09T16:58:37.420+0000] {processor.py:842} WARNING - No viable dags retrieved from /home/airflow/.local/lib/python3.12/site-packages/airflow/example_dags/plugins/workday.py
[2026-05-09T16:58:37.434+0000] {processor.py:183} INFO - Processing /home/airflow/.local/lib/python3.12/site-packages/airflow/example_dags/plugins/workday.py took 0.241 seconds
[2026-05-09T16:59:08.328+0000] {processor.py:161} INFO - Started process (PID=2688) to work on /home/airflow/.local/lib/python3.12/site-packages/airflow/example_dags/plugins/workday.py
[2026-05-09T16:59:08.329+0000] {processor.py:830} INFO - Processing file /home/airflow/.local/lib/python3.12/site-packages/airflow/example_dags/plugins/workday.py for tasks to queue
[2026-05-09T16:59:08.332+0000] {logging_mixin.py:188} INFO - [2026-05-09T16:59:08.331+0000] {dagbag.py:545} INFO - Filling up the DagBag from /home/airflow/.local/lib/python3.12/site-packages/airflow/example_dags/plugins/workday.py
[2026-05-09T16:59:08.557+0000] {processor.py:842} WARNING - No viable dags retrieved from /home/airflow/.local/lib/python3.12/site-packages/airflow/example_dags/plugins/workday.py
[2026-05-09T16:59:08.568+0000] {processor.py:183} INFO - Processing /home/airflow/.local/lib/python3.12/site-packages/airflow/example_dags/plugins/workday.py took 0.246 seconds
[2026-05-09T16:59:39.291+0000] {processor.py:161} INFO - Started process (PID=2748) to work on /home/airflow/.local/lib/python3.12/site-packages/airflow/example_dags/plugins/workday.py
[2026-05-09T16:59:39.292+0000] {processor.py:830} INFO - Processing file /home/airflow/.local/lib/python3.12/site-packages/airflow/example_dags/plugins/workday.py for tasks to queue
[2026-05-09T16:59:39.293+0000] {logging_mixin.py:188} INFO - [2026-05-09T16:59:39.293+0000] {dagbag.py:545} INFO - Filling up the DagBag from /home/airflow/.local/lib/python3.12/site-packages/airflow/example_dags/plugins/workday.py
[2026-05-09T16:59:39.506+0000] {processor.py:842} WARNING - No viable dags retrieved from /home/airflow/.local/lib/python3.12/site-packages/airflow/example_dags/plugins/workday.py
[2026-05-09T16:59:39.516+0000] {processor.py:183} INFO - Processing /home/airflow/.local/lib/python3.12/site-packages/airflow/example_dags/plugins/workday.py took 0.232 seconds
[2026-05-09T17:00:10.040+0000] {processor.py:161} INFO - Started process (PID=2808) to work on /home/airflow/.local/lib/python3.12/site-packages/airflow/example_dags/plugins/workday.py
[2026-05-09T17:00:10.041+0000] {processor.py:830} INFO - Processing file /home/airflow/.local/lib/python3.12/site-packages/airflow/example_dags/plugins/workday.py for tasks to queue
[2026-05-09T17:00:10.043+0000] {logging_mixin.py:188} INFO - [2026-05-09T17:00:10.042+0000] {dagbag.py:545} INFO - Filling up the DagBag from /home/airflow/.local/lib/python3.12/site-packages/airflow/example_dags/plugins/workday.py
[2026-05-09T17:00:10.265+0000] {processor.py:842} WARNING - No viable dags retrieved from /home/airflow/.local/lib/python3.12/site-packages/airflow/example_dags/plugins/workday.py
[2026-05-09T17:00:10.276+0000] {processor.py:183} INFO - Processing /home/airflow/.local/lib/python3.12/site-packages/airflow/example_dags/plugins/workday.py took 0.243 seconds
[2026-05-09T17:00:40.823+0000] {processor.py:161} INFO - Started process (PID=2871) to work on /home/airflow/.local/lib/python3.12/site-packages/airflow/example_dags/plugins/workday.py
[2026-05-09T17:00:40.824+0000] {processor.py:830} INFO - Processing file /home/airflow/.local/lib/python3.12/site-packages/airflow/example_dags/plugins/workday.py for tasks to queue
[2026-05-09T17:00:40.825+0000] {logging_mixin.py:188} INFO - [2026-05-09T17:00:40.825+0000] {dagbag.py:545} INFO - Filling up the DagBag from /home/airflow/.local/lib/python3.12/site-packages/airflow/example_dags/plugins/workday.py
[2026-05-09T17:00:41.038+0000] {processor.py:842} WARNING - No viable dags retrieved from /home/airflow/.local/lib/python3.12/site-packages/airflow/example_dags/plugins/workday.py
[2026-05-09T17:00:41.049+0000] {processor.py:183} INFO - Processing /home/airflow/.local/lib/python3.12/site-packages/airflow/example_dags/plugins/workday.py took 0.232 seconds
[2026-05-09T17:01:11.737+0000] {processor.py:161} INFO - Started process (PID=2928) to work on /home/airflow/.local/lib/python3.12/site-packages/airflow/example_dags/plugins/workday.py
[2026-05-09T17:01:11.738+0000] {processor.py:830} INFO - Processing file /home/airflow/.local/lib/python3.12/site-packages/airflow/example_dags/plugins/workday.py for tasks to queue
[2026-05-09T17:01:11.739+0000] {logging_mixin.py:188} INFO - [2026-05-09T17:01:11.739+0000] {dagbag.py:545} INFO - Filling up the DagBag from /home/airflow/.local/lib/python3.12/site-packages/airflow/example_dags/plugins/workday.py
[2026-05-09T17:01:11.987+0000] {processor.py:842} WARNING - No viable dags retrieved from /home/airflow/.local/lib/python3.12/site-packages/airflow/example_dags/plugins/workday.py
[2026-05-09T17:01:11.998+0000] {processor.py:183} INFO - Processing /home/airflow/.local/lib/python3.12/site-packages/airflow/example_dags/plugins/workday.py took 0.267 seconds
[2026-05-09T17:01:42.654+0000] {processor.py:161} INFO - Started process (PID=2991) to work on /home/airflow/.local/lib/python3.12/site-packages/airflow/example_dags/plugins/workday.py
[2026-05-09T17:01:42.655+0000] {processor.py:830} INFO - Processing file /home/airflow/.local/lib/python3.12/site-packages/airflow/example_dags/plugins/workday.py for tasks to queue
[2026-05-09T17:01:42.656+0000] {logging_mixin.py:188} INFO - [2026-05-09T17:01:42.656+0000] {dagbag.py:545} INFO - Filling up the DagBag from /home/airflow/.local/lib/python3.12/site-packages/airflow/example_dags/plugins/workday.py
[2026-05-09T17:01:42.908+0000] {processor.py:842} WARNING - No viable dags retrieved from /home/airflow/.local/lib/python3.12/site-packages/airflow/example_dags/plugins/workday.py
[2026-05-09T17:01:42.923+0000] {processor.py:183} INFO - Processing /home/airflow/.local/lib/python3.12/site-packages/airflow/example_dags/plugins/workday.py took 0.275 seconds
[2026-05-09T17:02:13.306+0000] {processor.py:161} INFO - Started process (PID=3051) to work on /home/airflow/.local/lib/python3.12/site-packages/airflow/example_dags/plugins/workday.py
[2026-05-09T17:02:13.307+0000] {processor.py:830} INFO - Processing file /home/airflow/.local/lib/python3.12/site-packages/airflow/example_dags/plugins/workday.py for tasks to queue
[2026-05-09T17:02:13.310+0000] {logging_mixin.py:188} INFO - [2026-05-09T17:02:13.310+0000] {dagbag.py:545} INFO - Filling up the DagBag from /home/airflow/.local/lib/python3.12/site-packages/airflow/example_dags/plugins/workday.py
[2026-05-09T17:02:13.526+0000] {processor.py:842} WARNING - No viable dags retrieved from /home/airflow/.local/lib/python3.12/site-packages/airflow/example_dags/plugins/workday.py
[2026-05-09T17:02:13.538+0000] {processor.py:183} INFO - Processing /home/airflow/.local/lib/python3.12/site-packages/airflow/example_dags/plugins/workday.py took 0.238 seconds
[2026-05-09T17:02:43.842+0000] {processor.py:161} INFO - Started process (PID=3108) to work on /home/airflow/.local/lib/python3.12/site-packages/airflow/example_dags/plugins/workday.py
[2026-05-09T17:02:43.843+0000] {processor.py:830} INFO - Processing file /home/airflow/.local/lib/python3.12/site-packages/airflow/example_dags/plugins/workday.py for tasks to queue
[2026-05-09T17:02:43.845+0000] {logging_mixin.py:188} INFO - [2026-05-09T17:02:43.845+0000] {dagbag.py:545} INFO - Filling up the DagBag from /home/airflow/.local/lib/python3.12/site-packages/airflow/example_dags/plugins/workday.py
[2026-05-09T17:02:44.059+0000] {processor.py:842} WARNING - No viable dags retrieved from /home/airflow/.local/lib/python3.12/site-packages/airflow/example_dags/plugins/workday.py
[2026-05-09T17:02:44.069+0000] {processor.py:183} INFO - Processing /home/airflow/.local/lib/python3.12/site-packages/airflow/example_dags/plugins/workday.py took 0.234 seconds
[2026-05-09T17:03:14.470+0000] {processor.py:161} INFO - Started process (PID=3168) to work on /home/airflow/.local/lib/python3.12/site-packages/airflow/example_dags/plugins/workday.py
[2026-05-09T17:03:14.471+0000] {processor.py:830} INFO - Processing file /home/airflow/.local/lib/python3.12/site-packages/airflow/example_dags/plugins/workday.py for tasks to queue
[2026-05-09T17:03:14.473+0000] {logging_mixin.py:188} INFO - [2026-05-09T17:03:14.473+0000] {dagbag.py:545} INFO - Filling up the DagBag from /home/airflow/.local/lib/python3.12/site-packages/airflow/example_dags/plugins/workday.py
[2026-05-09T17:03:14.695+0000] {processor.py:842} WARNING - No viable dags retrieved from /home/airflow/.local/lib/python3.12/site-packages/airflow/example_dags/plugins/workday.py
[2026-05-09T17:03:14.706+0000] {processor.py:183} INFO - Processing /home/airflow/.local/lib/python3.12/site-packages/airflow/example_dags/plugins/workday.py took 0.241 seconds
[2026-05-09T17:03:45.129+0000] {processor.py:161} INFO - Started process (PID=3228) to work on /home/airflow/.local/lib/python3.12/site-packages/airflow/example_dags/plugins/workday.py
[2026-05-09T17:03:45.130+0000] {processor.py:830} INFO - Processing file /home/airflow/.local/lib/python3.12/site-packages/airflow/example_dags/plugins/workday.py for tasks to queue
[2026-05-09T17:03:45.132+0000] {logging_mixin.py:188} INFO - [2026-05-09T17:03:45.132+0000] {dagbag.py:545} INFO - Filling up the DagBag from /home/airflow/.local/lib/python3.12/site-packages/airflow/example_dags/plugins/workday.py
[2026-05-09T17:03:45.351+0000] {processor.py:842} WARNING - No viable dags retrieved from /home/airflow/.local/lib/python3.12/site-packages/airflow/example_dags/plugins/workday.py
[2026-05-09T17:03:45.363+0000] {processor.py:183} INFO - Processing /home/airflow/.local/lib/python3.12/site-packages/airflow/example_dags/plugins/workday.py took 0.239 seconds
[2026-05-09T17:04:15.817+0000] {processor.py:161} INFO - Started process (PID=3288) to work on /home/airflow/.local/lib/python3.12/site-packages/airflow/example_dags/plugins/workday.py
[2026-05-09T17:04:15.817+0000] {processor.py:830} INFO - Processing file /home/airflow/.local/lib/python3.12/site-packages/airflow/example_dags/plugins/workday.py for tasks to queue
[2026-05-09T17:04:15.819+0000] {logging_mixin.py:188} INFO - [2026-05-09T17:04:15.819+0000] {dagbag.py:545} INFO - Filling up the DagBag from /home/airflow/.local/lib/python3.12/site-packages/airflow/example_dags/plugins/workday.py
[2026-05-09T17:04:16.030+0000] {processor.py:842} WARNING - No viable dags retrieved from /home/airflow/.local/lib/python3.12/site-packages/airflow/example_dags/plugins/workday.py
[2026-05-09T17:04:16.042+0000] {processor.py:183} INFO - Processing /home/airflow/.local/lib/python3.12/site-packages/airflow/example_dags/plugins/workday.py took 0.231 seconds
[2026-05-09T17:04:47.032+0000] {processor.py:161} INFO - Started process (PID=3351) to work on /home/airflow/.local/lib/python3.12/site-packages/airflow/example_dags/plugins/workday.py
[2026-05-09T17:04:47.033+0000] {processor.py:830} INFO - Processing file /home/airflow/.local/lib/python3.12/site-packages/airflow/example_dags/plugins/workday.py for tasks to queue
[2026-05-09T17:04:47.035+0000] {logging_mixin.py:188} INFO - [2026-05-09T17:04:47.034+0000] {dagbag.py:545} INFO - Filling up the DagBag from /home/airflow/.local/lib/python3.12/site-packages/airflow/example_dags/plugins/workday.py
[2026-05-09T17:04:47.240+0000] {processor.py:842} WARNING - No viable dags retrieved from /home/airflow/.local/lib/python3.12/site-packages/airflow/example_dags/plugins/workday.py
[2026-05-09T17:04:47.252+0000] {processor.py:183} INFO - Processing /home/airflow/.local/lib/python3.12/site-packages/airflow/example_dags/plugins/workday.py took 0.225 seconds
[2026-05-09T17:05:17.350+0000] {processor.py:161} INFO - Started process (PID=3411) to work on /home/airflow/.local/lib/python3.12/site-packages/airflow/example_dags/plugins/workday.py
[2026-05-09T17:05:17.351+0000] {processor.py:830} INFO - Processing file /home/airflow/.local/lib/python3.12/site-packages/airflow/example_dags/plugins/workday.py for tasks to queue
[2026-05-09T17:05:17.353+0000] {logging_mixin.py:188} INFO - [2026-05-09T17:05:17.353+0000] {dagbag.py:545} INFO - Filling up the DagBag from /home/airflow/.local/lib/python3.12/site-packages/airflow/example_dags/plugins/workday.py
[2026-05-09T17:05:17.569+0000] {processor.py:842} WARNING - No viable dags retrieved from /home/airflow/.local/lib/python3.12/site-packages/airflow/example_dags/plugins/workday.py
[2026-05-09T17:05:17.583+0000] {processor.py:183} INFO - Processing /home/airflow/.local/lib/python3.12/site-packages/airflow/example_dags/plugins/workday.py took 0.239 seconds
[2026-05-09T17:06:29.363+0000] {processor.py:161} INFO - Started process (PID=102) to work on /home/airflow/.local/lib/python3.12/site-packages/airflow/example_dags/plugins/workday.py
[2026-05-09T17:06:29.364+0000] {processor.py:830} INFO - Processing file /home/airflow/.local/lib/python3.12/site-packages/airflow/example_dags/plugins/workday.py for tasks to queue
[2026-05-09T17:06:29.366+0000] {logging_mixin.py:188} INFO - [2026-05-09T17:06:29.365+0000] {dagbag.py:545} INFO - Filling up the DagBag from /home/airflow/.local/lib/python3.12/site-packages/airflow/example_dags/plugins/workday.py
[2026-05-09T17:06:30.378+0000] {processor.py:842} WARNING - No viable dags retrieved from /home/airflow/.local/lib/python3.12/site-packages/airflow/example_dags/plugins/workday.py
[2026-05-09T17:06:30.390+0000] {processor.py:183} INFO - Processing /home/airflow/.local/lib/python3.12/site-packages/airflow/example_dags/plugins/workday.py took 1.033 seconds
[2026-05-09T17:07:00.552+0000] {processor.py:161} INFO - Started process (PID=165) to work on /home/airflow/.local/lib/python3.12/site-packages/airflow/example_dags/plugins/workday.py
[2026-05-09T17:07:00.553+0000] {processor.py:830} INFO - Processing file /home/airflow/.local/lib/python3.12/site-packages/airflow/example_dags/plugins/workday.py for tasks to queue
[2026-05-09T17:07:00.555+0000] {logging_mixin.py:188} INFO - [2026-05-09T17:07:00.555+0000] {dagbag.py:545} INFO - Filling up the DagBag from /home/airflow/.local/lib/python3.12/site-packages/airflow/example_dags/plugins/workday.py
[2026-05-09T17:07:00.939+0000] {processor.py:842} WARNING - No viable dags retrieved from /home/airflow/.local/lib/python3.12/site-packages/airflow/example_dags/plugins/workday.py
[2026-05-09T17:07:00.948+0000] {processor.py:183} INFO - Processing /home/airflow/.local/lib/python3.12/site-packages/airflow/example_dags/plugins/workday.py took 0.401 seconds
[2026-05-09T17:07:31.685+0000] {processor.py:161} INFO - Started process (PID=225) to work on /home/airflow/.local/lib/python3.12/site-packages/airflow/example_dags/plugins/workday.py
[2026-05-09T17:07:31.686+0000] {processor.py:830} INFO - Processing file /home/airflow/.local/lib/python3.12/site-packages/airflow/example_dags/plugins/workday.py for tasks to queue
[2026-05-09T17:07:31.688+0000] {logging_mixin.py:188} INFO - [2026-05-09T17:07:31.688+0000] {dagbag.py:545} INFO - Filling up the DagBag from /home/airflow/.local/lib/python3.12/site-packages/airflow/example_dags/plugins/workday.py
[2026-05-09T17:07:32.088+0000] {processor.py:842} WARNING - No viable dags retrieved from /home/airflow/.local/lib/python3.12/site-packages/airflow/example_dags/plugins/workday.py
[2026-05-09T17:07:32.098+0000] {processor.py:183} INFO - Processing /home/airflow/.local/lib/python3.12/site-packages/airflow/example_dags/plugins/workday.py took 0.418 seconds
[2026-05-09T17:08:02.508+0000] {processor.py:161} INFO - Started process (PID=285) to work on /home/airflow/.local/lib/python3.12/site-packages/airflow/example_dags/plugins/workday.py
[2026-05-09T17:08:02.509+0000] {processor.py:830} INFO - Processing file /home/airflow/.local/lib/python3.12/site-packages/airflow/example_dags/plugins/workday.py for tasks to queue
[2026-05-09T17:08:02.511+0000] {logging_mixin.py:188} INFO - [2026-05-09T17:08:02.511+0000] {dagbag.py:545} INFO - Filling up the DagBag from /home/airflow/.local/lib/python3.12/site-packages/airflow/example_dags/plugins/workday.py
[2026-05-09T17:08:02.918+0000] {processor.py:842} WARNING - No viable dags retrieved from /home/airflow/.local/lib/python3.12/site-packages/airflow/example_dags/plugins/workday.py
[2026-05-09T17:08:02.928+0000] {processor.py:183} INFO - Processing /home/airflow/.local/lib/python3.12/site-packages/airflow/example_dags/plugins/workday.py took 0.425 seconds
[2026-05-09T17:08:33.507+0000] {processor.py:161} INFO - Started process (PID=345) to work on /home/airflow/.local/lib/python3.12/site-packages/airflow/example_dags/plugins/workday.py
[2026-05-09T17:08:33.508+0000] {processor.py:830} INFO - Processing file /home/airflow/.local/lib/python3.12/site-packages/airflow/example_dags/plugins/workday.py for tasks to queue
[2026-05-09T17:08:33.510+0000] {logging_mixin.py:188} INFO - [2026-05-09T17:08:33.510+0000] {dagbag.py:545} INFO - Filling up the DagBag from /home/airflow/.local/lib/python3.12/site-packages/airflow/example_dags/plugins/workday.py
[2026-05-09T17:08:33.932+0000] {processor.py:842} WARNING - No viable dags retrieved from /home/airflow/.local/lib/python3.12/site-packages/airflow/example_dags/plugins/workday.py
[2026-05-09T17:08:33.942+0000] {processor.py:183} INFO - Processing /home/airflow/.local/lib/python3.12/site-packages/airflow/example_dags/plugins/workday.py took 0.442 seconds
[2026-05-09T17:09:24.791+0000] {processor.py:161} INFO - Started process (PID=101) to work on /home/airflow/.local/lib/python3.12/site-packages/airflow/example_dags/plugins/workday.py
[2026-05-09T17:09:24.792+0000] {processor.py:830} INFO - Processing file /home/airflow/.local/lib/python3.12/site-packages/airflow/example_dags/plugins/workday.py for tasks to queue
[2026-05-09T17:09:24.794+0000] {logging_mixin.py:188} INFO - [2026-05-09T17:09:24.794+0000] {dagbag.py:545} INFO - Filling up the DagBag from /home/airflow/.local/lib/python3.12/site-packages/airflow/example_dags/plugins/workday.py
[2026-05-09T17:09:25.930+0000] {processor.py:842} WARNING - No viable dags retrieved from /home/airflow/.local/lib/python3.12/site-packages/airflow/example_dags/plugins/workday.py
[2026-05-09T17:09:25.940+0000] {processor.py:183} INFO - Processing /home/airflow/.local/lib/python3.12/site-packages/airflow/example_dags/plugins/workday.py took 1.156 seconds
[2026-05-09T17:09:56.876+0000] {processor.py:161} INFO - Started process (PID=161) to work on /home/airflow/.local/lib/python3.12/site-packages/airflow/example_dags/plugins/workday.py
[2026-05-09T17:09:56.877+0000] {processor.py:830} INFO - Processing file /home/airflow/.local/lib/python3.12/site-packages/airflow/example_dags/plugins/workday.py for tasks to queue
[2026-05-09T17:09:56.878+0000] {logging_mixin.py:188} INFO - [2026-05-09T17:09:56.878+0000] {dagbag.py:545} INFO - Filling up the DagBag from /home/airflow/.local/lib/python3.12/site-packages/airflow/example_dags/plugins/workday.py
[2026-05-09T17:09:57.267+0000] {processor.py:842} WARNING - No viable dags retrieved from /home/airflow/.local/lib/python3.12/site-packages/airflow/example_dags/plugins/workday.py
[2026-05-09T17:09:57.276+0000] {processor.py:183} INFO - Processing /home/airflow/.local/lib/python3.12/site-packages/airflow/example_dags/plugins/workday.py took 0.407 seconds
[2026-05-09T17:10:27.423+0000] {processor.py:161} INFO - Started process (PID=221) to work on /home/airflow/.local/lib/python3.12/site-packages/airflow/example_dags/plugins/workday.py
[2026-05-09T17:10:27.424+0000] {processor.py:830} INFO - Processing file /home/airflow/.local/lib/python3.12/site-packages/airflow/example_dags/plugins/workday.py for tasks to queue
[2026-05-09T17:10:27.425+0000] {logging_mixin.py:188} INFO - [2026-05-09T17:10:27.425+0000] {dagbag.py:545} INFO - Filling up the DagBag from /home/airflow/.local/lib/python3.12/site-packages/airflow/example_dags/plugins/workday.py
[2026-05-09T17:10:27.777+0000] {processor.py:842} WARNING - No viable dags retrieved from /home/airflow/.local/lib/python3.12/site-packages/airflow/example_dags/plugins/workday.py
[2026-05-09T17:10:27.786+0000] {processor.py:183} INFO - Processing /home/airflow/.local/lib/python3.12/site-packages/airflow/example_dags/plugins/workday.py took 0.370 seconds
[2026-05-09T17:10:58.171+0000] {processor.py:161} INFO - Started process (PID=284) to work on /home/airflow/.local/lib/python3.12/site-packages/airflow/example_dags/plugins/workday.py
[2026-05-09T17:10:58.172+0000] {processor.py:830} INFO - Processing file /home/airflow/.local/lib/python3.12/site-packages/airflow/example_dags/plugins/workday.py for tasks to queue
[2026-05-09T17:10:58.174+0000] {logging_mixin.py:188} INFO - [2026-05-09T17:10:58.174+0000] {dagbag.py:545} INFO - Filling up the DagBag from /home/airflow/.local/lib/python3.12/site-packages/airflow/example_dags/plugins/workday.py
[2026-05-09T17:10:58.592+0000] {processor.py:842} WARNING - No viable dags retrieved from /home/airflow/.local/lib/python3.12/site-packages/airflow/example_dags/plugins/workday.py
[2026-05-09T17:10:58.604+0000] {processor.py:183} INFO - Processing /home/airflow/.local/lib/python3.12/site-packages/airflow/example_dags/plugins/workday.py took 0.438 seconds
[2026-05-09T17:11:28.779+0000] {processor.py:161} INFO - Started process (PID=344) to work on /home/airflow/.local/lib/python3.12/site-packages/airflow/example_dags/plugins/workday.py
[2026-05-09T17:11:28.780+0000] {processor.py:830} INFO - Processing file /home/airflow/.local/lib/python3.12/site-packages/airflow/example_dags/plugins/workday.py for tasks to queue
[2026-05-09T17:11:28.782+0000] {logging_mixin.py:188} INFO - [2026-05-09T17:11:28.782+0000] {dagbag.py:545} INFO - Filling up the DagBag from /home/airflow/.local/lib/python3.12/site-packages/airflow/example_dags/plugins/workday.py
[2026-05-09T17:11:29.159+0000] {processor.py:842} WARNING - No viable dags retrieved from /home/airflow/.local/lib/python3.12/site-packages/airflow/example_dags/plugins/workday.py
[2026-05-09T17:11:29.171+0000] {processor.py:183} INFO - Processing /home/airflow/.local/lib/python3.12/site-packages/airflow/example_dags/plugins/workday.py took 0.398 seconds
[2026-05-09T17:12:00.131+0000] {processor.py:161} INFO - Started process (PID=404) to work on /home/airflow/.local/lib/python3.12/site-packages/airflow/example_dags/plugins/workday.py
[2026-05-09T17:12:00.132+0000] {processor.py:830} INFO - Processing file /home/airflow/.local/lib/python3.12/site-packages/airflow/example_dags/plugins/workday.py for tasks to queue
[2026-05-09T17:12:00.133+0000] {logging_mixin.py:188} INFO - [2026-05-09T17:12:00.133+0000] {dagbag.py:545} INFO - Filling up the DagBag from /home/airflow/.local/lib/python3.12/site-packages/airflow/example_dags/plugins/workday.py
[2026-05-09T17:12:00.606+0000] {processor.py:842} WARNING - No viable dags retrieved from /home/airflow/.local/lib/python3.12/site-packages/airflow/example_dags/plugins/workday.py
[2026-05-09T17:12:00.618+0000] {processor.py:183} INFO - Processing /home/airflow/.local/lib/python3.12/site-packages/airflow/example_dags/plugins/workday.py took 0.492 seconds
[2026-05-09T17:12:30.981+0000] {processor.py:161} INFO - Started process (PID=464) to work on /home/airflow/.local/lib/python3.12/site-packages/airflow/example_dags/plugins/workday.py
[2026-05-09T17:12:30.982+0000] {processor.py:830} INFO - Processing file /home/airflow/.local/lib/python3.12/site-packages/airflow/example_dags/plugins/workday.py for tasks to queue
[2026-05-09T17:12:30.984+0000] {logging_mixin.py:188} INFO - [2026-05-09T17:12:30.984+0000] {dagbag.py:545} INFO - Filling up the DagBag from /home/airflow/.local/lib/python3.12/site-packages/airflow/example_dags/plugins/workday.py
[2026-05-09T17:12:31.370+0000] {processor.py:842} WARNING - No viable dags retrieved from /home/airflow/.local/lib/python3.12/site-packages/airflow/example_dags/plugins/workday.py
[2026-05-09T17:12:31.379+0000] {processor.py:183} INFO - Processing /home/airflow/.local/lib/python3.12/site-packages/airflow/example_dags/plugins/workday.py took 0.406 seconds
[2026-05-09T17:13:01.595+0000] {processor.py:161} INFO - Started process (PID=524) to work on /home/airflow/.local/lib/python3.12/site-packages/airflow/example_dags/plugins/workday.py
[2026-05-09T17:13:01.596+0000] {processor.py:830} INFO - Processing file /home/airflow/.local/lib/python3.12/site-packages/airflow/example_dags/plugins/workday.py for tasks to queue
[2026-05-09T17:13:01.598+0000] {logging_mixin.py:188} INFO - [2026-05-09T17:13:01.598+0000] {dagbag.py:545} INFO - Filling up the DagBag from /home/airflow/.local/lib/python3.12/site-packages/airflow/example_dags/plugins/workday.py
[2026-05-09T17:13:01.977+0000] {processor.py:842} WARNING - No viable dags retrieved from /home/airflow/.local/lib/python3.12/site-packages/airflow/example_dags/plugins/workday.py
[2026-05-09T17:13:01.986+0000] {processor.py:183} INFO - Processing /home/airflow/.local/lib/python3.12/site-packages/airflow/example_dags/plugins/workday.py took 0.396 seconds
[2026-05-09T17:13:32.701+0000] {processor.py:161} INFO - Started process (PID=584) to work on /home/airflow/.local/lib/python3.12/site-packages/airflow/example_dags/plugins/workday.py
[2026-05-09T17:13:32.702+0000] {processor.py:830} INFO - Processing file /home/airflow/.local/lib/python3.12/site-packages/airflow/example_dags/plugins/workday.py for tasks to queue
[2026-05-09T17:13:32.704+0000] {logging_mixin.py:188} INFO - [2026-05-09T17:13:32.703+0000] {dagbag.py:545} INFO - Filling up the DagBag from /home/airflow/.local/lib/python3.12/site-packages/airflow/example_dags/plugins/workday.py
[2026-05-09T17:13:33.061+0000] {processor.py:842} WARNING - No viable dags retrieved from /home/airflow/.local/lib/python3.12/site-packages/airflow/example_dags/plugins/workday.py
[2026-05-09T17:13:33.071+0000] {processor.py:183} INFO - Processing /home/airflow/.local/lib/python3.12/site-packages/airflow/example_dags/plugins/workday.py took 0.375 seconds
[2026-05-09T17:14:03.686+0000] {processor.py:161} INFO - Started process (PID=644) to work on /home/airflow/.local/lib/python3.12/site-packages/airflow/example_dags/plugins/workday.py
[2026-05-09T17:14:03.687+0000] {processor.py:830} INFO - Processing file /home/airflow/.local/lib/python3.12/site-packages/airflow/example_dags/plugins/workday.py for tasks to queue
[2026-05-09T17:14:03.688+0000] {logging_mixin.py:188} INFO - [2026-05-09T17:14:03.688+0000] {dagbag.py:545} INFO - Filling up the DagBag from /home/airflow/.local/lib/python3.12/site-packages/airflow/example_dags/plugins/workday.py
[2026-05-09T17:14:04.089+0000] {processor.py:842} WARNING - No viable dags retrieved from /home/airflow/.local/lib/python3.12/site-packages/airflow/example_dags/plugins/workday.py
[2026-05-09T17:14:04.099+0000] {processor.py:183} INFO - Processing /home/airflow/.local/lib/python3.12/site-packages/airflow/example_dags/plugins/workday.py took 0.418 seconds
[2026-05-09T17:14:34.331+0000] {processor.py:161} INFO - Started process (PID=705) to work on /home/airflow/.local/lib/python3.12/site-packages/airflow/example_dags/plugins/workday.py
[2026-05-09T17:14:34.332+0000] {processor.py:830} INFO - Processing file /home/airflow/.local/lib/python3.12/site-packages/airflow/example_dags/plugins/workday.py for tasks to queue
[2026-05-09T17:14:34.333+0000] {logging_mixin.py:188} INFO - [2026-05-09T17:14:34.333+0000] {dagbag.py:545} INFO - Filling up the DagBag from /home/airflow/.local/lib/python3.12/site-packages/airflow/example_dags/plugins/workday.py
[2026-05-09T17:14:34.695+0000] {processor.py:842} WARNING - No viable dags retrieved from /home/airflow/.local/lib/python3.12/site-packages/airflow/example_dags/plugins/workday.py
[2026-05-09T17:14:34.704+0000] {processor.py:183} INFO - Processing /home/airflow/.local/lib/python3.12/site-packages/airflow/example_dags/plugins/workday.py took 0.384 seconds
[2026-05-09T17:15:05.654+0000] {processor.py:161} INFO - Started process (PID=762) to work on /home/airflow/.local/lib/python3.12/site-packages/airflow/example_dags/plugins/workday.py
[2026-05-09T17:15:05.655+0000] {processor.py:830} INFO - Processing file /home/airflow/.local/lib/python3.12/site-packages/airflow/example_dags/plugins/workday.py for tasks to queue
[2026-05-09T17:15:05.657+0000] {logging_mixin.py:188} INFO - [2026-05-09T17:15:05.656+0000] {dagbag.py:545} INFO - Filling up the DagBag from /home/airflow/.local/lib/python3.12/site-packages/airflow/example_dags/plugins/workday.py
[2026-05-09T17:15:06.041+0000] {processor.py:842} WARNING - No viable dags retrieved from /home/airflow/.local/lib/python3.12/site-packages/airflow/example_dags/plugins/workday.py
[2026-05-09T17:15:06.051+0000] {processor.py:183} INFO - Processing /home/airflow/.local/lib/python3.12/site-packages/airflow/example_dags/plugins/workday.py took 0.403 seconds
[2026-05-09T17:15:36.123+0000] {processor.py:161} INFO - Started process (PID=824) to work on /home/airflow/.local/lib/python3.12/site-packages/airflow/example_dags/plugins/workday.py
[2026-05-09T17:15:36.124+0000] {processor.py:830} INFO - Processing file /home/airflow/.local/lib/python3.12/site-packages/airflow/example_dags/plugins/workday.py for tasks to queue
[2026-05-09T17:15:36.126+0000] {logging_mixin.py:188} INFO - [2026-05-09T17:15:36.126+0000] {dagbag.py:545} INFO - Filling up the DagBag from /home/airflow/.local/lib/python3.12/site-packages/airflow/example_dags/plugins/workday.py
[2026-05-09T17:15:36.518+0000] {processor.py:842} WARNING - No viable dags retrieved from /home/airflow/.local/lib/python3.12/site-packages/airflow/example_dags/plugins/workday.py
[2026-05-09T17:15:36.528+0000] {processor.py:183} INFO - Processing /home/airflow/.local/lib/python3.12/site-packages/airflow/example_dags/plugins/workday.py took 0.410 seconds
[2026-05-09T17:16:07.195+0000] {processor.py:161} INFO - Started process (PID=882) to work on /home/airflow/.local/lib/python3.12/site-packages/airflow/example_dags/plugins/workday.py
[2026-05-09T17:16:07.195+0000] {processor.py:830} INFO - Processing file /home/airflow/.local/lib/python3.12/site-packages/airflow/example_dags/plugins/workday.py for tasks to queue
[2026-05-09T17:16:07.197+0000] {logging_mixin.py:188} INFO - [2026-05-09T17:16:07.197+0000] {dagbag.py:545} INFO - Filling up the DagBag from /home/airflow/.local/lib/python3.12/site-packages/airflow/example_dags/plugins/workday.py
[2026-05-09T17:16:07.579+0000] {processor.py:842} WARNING - No viable dags retrieved from /home/airflow/.local/lib/python3.12/site-packages/airflow/example_dags/plugins/workday.py
[2026-05-09T17:16:07.588+0000] {processor.py:183} INFO - Processing /home/airflow/.local/lib/python3.12/site-packages/airflow/example_dags/plugins/workday.py took 0.399 seconds
[2026-05-09T17:16:38.405+0000] {processor.py:161} INFO - Started process (PID=945) to work on /home/airflow/.local/lib/python3.12/site-packages/airflow/example_dags/plugins/workday.py
[2026-05-09T17:16:38.406+0000] {processor.py:830} INFO - Processing file /home/airflow/.local/lib/python3.12/site-packages/airflow/example_dags/plugins/workday.py for tasks to queue
[2026-05-09T17:16:38.408+0000] {logging_mixin.py:188} INFO - [2026-05-09T17:16:38.408+0000] {dagbag.py:545} INFO - Filling up the DagBag from /home/airflow/.local/lib/python3.12/site-packages/airflow/example_dags/plugins/workday.py
[2026-05-09T17:16:38.819+0000] {processor.py:842} WARNING - No viable dags retrieved from /home/airflow/.local/lib/python3.12/site-packages/airflow/example_dags/plugins/workday.py
[2026-05-09T17:16:38.830+0000] {processor.py:183} INFO - Processing /home/airflow/.local/lib/python3.12/site-packages/airflow/example_dags/plugins/workday.py took 0.432 seconds
[2026-05-09T17:17:09.029+0000] {processor.py:161} INFO - Started process (PID=1005) to work on /home/airflow/.local/lib/python3.12/site-packages/airflow/example_dags/plugins/workday.py
[2026-05-09T17:17:09.030+0000] {processor.py:830} INFO - Processing file /home/airflow/.local/lib/python3.12/site-packages/airflow/example_dags/plugins/workday.py for tasks to queue
[2026-05-09T17:17:09.032+0000] {logging_mixin.py:188} INFO - [2026-05-09T17:17:09.031+0000] {dagbag.py:545} INFO - Filling up the DagBag from /home/airflow/.local/lib/python3.12/site-packages/airflow/example_dags/plugins/workday.py
[2026-05-09T17:17:09.419+0000] {processor.py:842} WARNING - No viable dags retrieved from /home/airflow/.local/lib/python3.12/site-packages/airflow/example_dags/plugins/workday.py
[2026-05-09T17:17:09.429+0000] {processor.py:183} INFO - Processing /home/airflow/.local/lib/python3.12/site-packages/airflow/example_dags/plugins/workday.py took 0.405 seconds
[2026-05-09T17:17:40.081+0000] {processor.py:161} INFO - Started process (PID=1062) to work on /home/airflow/.local/lib/python3.12/site-packages/airflow/example_dags/plugins/workday.py
[2026-05-09T17:17:40.082+0000] {processor.py:830} INFO - Processing file /home/airflow/.local/lib/python3.12/site-packages/airflow/example_dags/plugins/workday.py for tasks to queue
[2026-05-09T17:17:40.083+0000] {logging_mixin.py:188} INFO - [2026-05-09T17:17:40.083+0000] {dagbag.py:545} INFO - Filling up the DagBag from /home/airflow/.local/lib/python3.12/site-packages/airflow/example_dags/plugins/workday.py
[2026-05-09T17:17:40.438+0000] {processor.py:842} WARNING - No viable dags retrieved from /home/airflow/.local/lib/python3.12/site-packages/airflow/example_dags/plugins/workday.py
[2026-05-09T17:17:40.448+0000] {processor.py:183} INFO - Processing /home/airflow/.local/lib/python3.12/site-packages/airflow/example_dags/plugins/workday.py took 0.373 seconds
[2026-05-09T17:18:11.360+0000] {processor.py:161} INFO - Started process (PID=1122) to work on /home/airflow/.local/lib/python3.12/site-packages/airflow/example_dags/plugins/workday.py
[2026-05-09T17:18:11.360+0000] {processor.py:830} INFO - Processing file /home/airflow/.local/lib/python3.12/site-packages/airflow/example_dags/plugins/workday.py for tasks to queue
[2026-05-09T17:18:11.362+0000] {logging_mixin.py:188} INFO - [2026-05-09T17:18:11.362+0000] {dagbag.py:545} INFO - Filling up the DagBag from /home/airflow/.local/lib/python3.12/site-packages/airflow/example_dags/plugins/workday.py
[2026-05-09T17:18:11.746+0000] {processor.py:842} WARNING - No viable dags retrieved from /home/airflow/.local/lib/python3.12/site-packages/airflow/example_dags/plugins/workday.py
[2026-05-09T17:18:11.756+0000] {processor.py:183} INFO - Processing /home/airflow/.local/lib/python3.12/site-packages/airflow/example_dags/plugins/workday.py took 0.402 seconds
[2026-05-09T17:18:42.142+0000] {processor.py:161} INFO - Started process (PID=1182) to work on /home/airflow/.local/lib/python3.12/site-packages/airflow/example_dags/plugins/workday.py
[2026-05-09T17:18:42.142+0000] {processor.py:830} INFO - Processing file /home/airflow/.local/lib/python3.12/site-packages/airflow/example_dags/plugins/workday.py for tasks to queue
[2026-05-09T17:18:42.144+0000] {logging_mixin.py:188} INFO - [2026-05-09T17:18:42.144+0000] {dagbag.py:545} INFO - Filling up the DagBag from /home/airflow/.local/lib/python3.12/site-packages/airflow/example_dags/plugins/workday.py
[2026-05-09T17:18:42.526+0000] {processor.py:842} WARNING - No viable dags retrieved from /home/airflow/.local/lib/python3.12/site-packages/airflow/example_dags/plugins/workday.py
[2026-05-09T17:18:42.537+0000] {processor.py:183} INFO - Processing /home/airflow/.local/lib/python3.12/site-packages/airflow/example_dags/plugins/workday.py took 0.401 seconds
[2026-05-09T17:19:13.247+0000] {processor.py:161} INFO - Started process (PID=1242) to work on /home/airflow/.local/lib/python3.12/site-packages/airflow/example_dags/plugins/workday.py
[2026-05-09T17:19:13.248+0000] {processor.py:830} INFO - Processing file /home/airflow/.local/lib/python3.12/site-packages/airflow/example_dags/plugins/workday.py for tasks to queue
[2026-05-09T17:19:13.250+0000] {logging_mixin.py:188} INFO - [2026-05-09T17:19:13.249+0000] {dagbag.py:545} INFO - Filling up the DagBag from /home/airflow/.local/lib/python3.12/site-packages/airflow/example_dags/plugins/workday.py
[2026-05-09T17:19:13.630+0000] {processor.py:842} WARNING - No viable dags retrieved from /home/airflow/.local/lib/python3.12/site-packages/airflow/example_dags/plugins/workday.py
[2026-05-09T17:19:13.643+0000] {processor.py:183} INFO - Processing /home/airflow/.local/lib/python3.12/site-packages/airflow/example_dags/plugins/workday.py took 0.401 seconds
[2026-05-09T17:19:44.588+0000] {processor.py:161} INFO - Started process (PID=1302) to work on /home/airflow/.local/lib/python3.12/site-packages/airflow/example_dags/plugins/workday.py
[2026-05-09T17:19:44.588+0000] {processor.py:830} INFO - Processing file /home/airflow/.local/lib/python3.12/site-packages/airflow/example_dags/plugins/workday.py for tasks to queue
[2026-05-09T17:19:44.590+0000] {logging_mixin.py:188} INFO - [2026-05-09T17:19:44.590+0000] {dagbag.py:545} INFO - Filling up the DagBag from /home/airflow/.local/lib/python3.12/site-packages/airflow/example_dags/plugins/workday.py
[2026-05-09T17:19:44.954+0000] {processor.py:842} WARNING - No viable dags retrieved from /home/airflow/.local/lib/python3.12/site-packages/airflow/example_dags/plugins/workday.py
[2026-05-09T17:19:44.964+0000] {processor.py:183} INFO - Processing /home/airflow/.local/lib/python3.12/site-packages/airflow/example_dags/plugins/workday.py took 0.383 seconds
[2026-05-09T17:20:15.245+0000] {processor.py:161} INFO - Started process (PID=1362) to work on /home/airflow/.local/lib/python3.12/site-packages/airflow/example_dags/plugins/workday.py
[2026-05-09T17:20:15.246+0000] {processor.py:830} INFO - Processing file /home/airflow/.local/lib/python3.12/site-packages/airflow/example_dags/plugins/workday.py for tasks to queue
[2026-05-09T17:20:15.248+0000] {logging_mixin.py:188} INFO - [2026-05-09T17:20:15.248+0000] {dagbag.py:545} INFO - Filling up the DagBag from /home/airflow/.local/lib/python3.12/site-packages/airflow/example_dags/plugins/workday.py
[2026-05-09T17:20:15.594+0000] {processor.py:842} WARNING - No viable dags retrieved from /home/airflow/.local/lib/python3.12/site-packages/airflow/example_dags/plugins/workday.py
[2026-05-09T17:20:15.603+0000] {processor.py:183} INFO - Processing /home/airflow/.local/lib/python3.12/site-packages/airflow/example_dags/plugins/workday.py took 0.363 seconds
[2026-05-09T17:20:46.426+0000] {processor.py:161} INFO - Started process (PID=1422) to work on /home/airflow/.local/lib/python3.12/site-packages/airflow/example_dags/plugins/workday.py
[2026-05-09T17:20:46.427+0000] {processor.py:830} INFO - Processing file /home/airflow/.local/lib/python3.12/site-packages/airflow/example_dags/plugins/workday.py for tasks to queue
[2026-05-09T17:20:46.428+0000] {logging_mixin.py:188} INFO - [2026-05-09T17:20:46.428+0000] {dagbag.py:545} INFO - Filling up the DagBag from /home/airflow/.local/lib/python3.12/site-packages/airflow/example_dags/plugins/workday.py
[2026-05-09T17:20:46.797+0000] {processor.py:842} WARNING - No viable dags retrieved from /home/airflow/.local/lib/python3.12/site-packages/airflow/example_dags/plugins/workday.py
[2026-05-09T17:20:46.808+0000] {processor.py:183} INFO - Processing /home/airflow/.local/lib/python3.12/site-packages/airflow/example_dags/plugins/workday.py took 0.389 seconds
[2026-05-09T17:21:17.655+0000] {processor.py:161} INFO - Started process (PID=1482) to work on /home/airflow/.local/lib/python3.12/site-packages/airflow/example_dags/plugins/workday.py
[2026-05-09T17:21:17.656+0000] {processor.py:830} INFO - Processing file /home/airflow/.local/lib/python3.12/site-packages/airflow/example_dags/plugins/workday.py for tasks to queue
[2026-05-09T17:21:17.658+0000] {logging_mixin.py:188} INFO - [2026-05-09T17:21:17.657+0000] {dagbag.py:545} INFO - Filling up the DagBag from /home/airflow/.local/lib/python3.12/site-packages/airflow/example_dags/plugins/workday.py
[2026-05-09T17:21:18.008+0000] {processor.py:842} WARNING - No viable dags retrieved from /home/airflow/.local/lib/python3.12/site-packages/airflow/example_dags/plugins/workday.py
[2026-05-09T17:21:18.018+0000] {processor.py:183} INFO - Processing /home/airflow/.local/lib/python3.12/site-packages/airflow/example_dags/plugins/workday.py took 0.368 seconds
[2026-05-09T17:21:49.003+0000] {processor.py:161} INFO - Started process (PID=1542) to work on /home/airflow/.local/lib/python3.12/site-packages/airflow/example_dags/plugins/workday.py
[2026-05-09T17:21:49.004+0000] {processor.py:830} INFO - Processing file /home/airflow/.local/lib/python3.12/site-packages/airflow/example_dags/plugins/workday.py for tasks to queue
[2026-05-09T17:21:49.005+0000] {logging_mixin.py:188} INFO - [2026-05-09T17:21:49.005+0000] {dagbag.py:545} INFO - Filling up the DagBag from /home/airflow/.local/lib/python3.12/site-packages/airflow/example_dags/plugins/workday.py
[2026-05-09T17:21:49.351+0000] {processor.py:842} WARNING - No viable dags retrieved from /home/airflow/.local/lib/python3.12/site-packages/airflow/example_dags/plugins/workday.py
[2026-05-09T17:21:49.360+0000] {processor.py:183} INFO - Processing /home/airflow/.local/lib/python3.12/site-packages/airflow/example_dags/plugins/workday.py took 0.363 seconds
[2026-05-09T17:23:07.264+0000] {processor.py:161} INFO - Started process (PID=101) to work on /home/airflow/.local/lib/python3.12/site-packages/airflow/example_dags/plugins/workday.py
[2026-05-09T17:23:07.265+0000] {processor.py:830} INFO - Processing file /home/airflow/.local/lib/python3.12/site-packages/airflow/example_dags/plugins/workday.py for tasks to queue
[2026-05-09T17:23:07.267+0000] {logging_mixin.py:188} INFO - [2026-05-09T17:23:07.266+0000] {dagbag.py:545} INFO - Filling up the DagBag from /home/airflow/.local/lib/python3.12/site-packages/airflow/example_dags/plugins/workday.py
[2026-05-09T17:23:08.333+0000] {processor.py:842} WARNING - No viable dags retrieved from /home/airflow/.local/lib/python3.12/site-packages/airflow/example_dags/plugins/workday.py
[2026-05-09T17:23:08.344+0000] {processor.py:183} INFO - Processing /home/airflow/.local/lib/python3.12/site-packages/airflow/example_dags/plugins/workday.py took 1.085 seconds
[2026-05-09T17:23:39.775+0000] {processor.py:161} INFO - Started process (PID=161) to work on /home/airflow/.local/lib/python3.12/site-packages/airflow/example_dags/plugins/workday.py
[2026-05-09T17:23:39.776+0000] {processor.py:830} INFO - Processing file /home/airflow/.local/lib/python3.12/site-packages/airflow/example_dags/plugins/workday.py for tasks to queue
[2026-05-09T17:23:39.777+0000] {logging_mixin.py:188} INFO - [2026-05-09T17:23:39.777+0000] {dagbag.py:545} INFO - Filling up the DagBag from /home/airflow/.local/lib/python3.12/site-packages/airflow/example_dags/plugins/workday.py
[2026-05-09T17:23:40.146+0000] {processor.py:842} WARNING - No viable dags retrieved from /home/airflow/.local/lib/python3.12/site-packages/airflow/example_dags/plugins/workday.py
[2026-05-09T17:23:40.156+0000] {processor.py:183} INFO - Processing /home/airflow/.local/lib/python3.12/site-packages/airflow/example_dags/plugins/workday.py took 0.387 seconds
[2026-05-09T17:24:10.263+0000] {processor.py:161} INFO - Started process (PID=221) to work on /home/airflow/.local/lib/python3.12/site-packages/airflow/example_dags/plugins/workday.py
[2026-05-09T17:24:10.264+0000] {processor.py:830} INFO - Processing file /home/airflow/.local/lib/python3.12/site-packages/airflow/example_dags/plugins/workday.py for tasks to queue
[2026-05-09T17:24:10.266+0000] {logging_mixin.py:188} INFO - [2026-05-09T17:24:10.266+0000] {dagbag.py:545} INFO - Filling up the DagBag from /home/airflow/.local/lib/python3.12/site-packages/airflow/example_dags/plugins/workday.py
[2026-05-09T17:24:10.618+0000] {processor.py:842} WARNING - No viable dags retrieved from /home/airflow/.local/lib/python3.12/site-packages/airflow/example_dags/plugins/workday.py
[2026-05-09T17:24:10.627+0000] {processor.py:183} INFO - Processing /home/airflow/.local/lib/python3.12/site-packages/airflow/example_dags/plugins/workday.py took 0.369 seconds
[2026-05-09T17:24:41.509+0000] {processor.py:161} INFO - Started process (PID=284) to work on /home/airflow/.local/lib/python3.12/site-packages/airflow/example_dags/plugins/workday.py
[2026-05-09T17:24:41.511+0000] {processor.py:830} INFO - Processing file /home/airflow/.local/lib/python3.12/site-packages/airflow/example_dags/plugins/workday.py for tasks to queue
[2026-05-09T17:24:41.513+0000] {logging_mixin.py:188} INFO - [2026-05-09T17:24:41.513+0000] {dagbag.py:545} INFO - Filling up the DagBag from /home/airflow/.local/lib/python3.12/site-packages/airflow/example_dags/plugins/workday.py
[2026-05-09T17:24:41.895+0000] {processor.py:842} WARNING - No viable dags retrieved from /home/airflow/.local/lib/python3.12/site-packages/airflow/example_dags/plugins/workday.py
[2026-05-09T17:24:41.904+0000] {processor.py:183} INFO - Processing /home/airflow/.local/lib/python3.12/site-packages/airflow/example_dags/plugins/workday.py took 0.402 seconds
[2026-05-09T17:25:12.876+0000] {processor.py:161} INFO - Started process (PID=344) to work on /home/airflow/.local/lib/python3.12/site-packages/airflow/example_dags/plugins/workday.py
[2026-05-09T17:25:12.877+0000] {processor.py:830} INFO - Processing file /home/airflow/.local/lib/python3.12/site-packages/airflow/example_dags/plugins/workday.py for tasks to queue
[2026-05-09T17:25:12.879+0000] {logging_mixin.py:188} INFO - [2026-05-09T17:25:12.878+0000] {dagbag.py:545} INFO - Filling up the DagBag from /home/airflow/.local/lib/python3.12/site-packages/airflow/example_dags/plugins/workday.py
[2026-05-09T17:25:13.272+0000] {processor.py:842} WARNING - No viable dags retrieved from /home/airflow/.local/lib/python3.12/site-packages/airflow/example_dags/plugins/workday.py
[2026-05-09T17:25:13.281+0000] {processor.py:183} INFO - Processing /home/airflow/.local/lib/python3.12/site-packages/airflow/example_dags/plugins/workday.py took 0.412 seconds
[2026-05-09T17:25:44.286+0000] {processor.py:161} INFO - Started process (PID=404) to work on /home/airflow/.local/lib/python3.12/site-packages/airflow/example_dags/plugins/workday.py
[2026-05-09T17:25:44.287+0000] {processor.py:830} INFO - Processing file /home/airflow/.local/lib/python3.12/site-packages/airflow/example_dags/plugins/workday.py for tasks to queue
[2026-05-09T17:25:44.288+0000] {logging_mixin.py:188} INFO - [2026-05-09T17:25:44.288+0000] {dagbag.py:545} INFO - Filling up the DagBag from /home/airflow/.local/lib/python3.12/site-packages/airflow/example_dags/plugins/workday.py
[2026-05-09T17:25:44.666+0000] {processor.py:842} WARNING - No viable dags retrieved from /home/airflow/.local/lib/python3.12/site-packages/airflow/example_dags/plugins/workday.py
[2026-05-09T17:25:44.675+0000] {processor.py:183} INFO - Processing /home/airflow/.local/lib/python3.12/site-packages/airflow/example_dags/plugins/workday.py took 0.397 seconds
[2026-05-09T17:26:15.096+0000] {processor.py:161} INFO - Started process (PID=464) to work on /home/airflow/.local/lib/python3.12/site-packages/airflow/example_dags/plugins/workday.py
[2026-05-09T17:26:15.097+0000] {processor.py:830} INFO - Processing file /home/airflow/.local/lib/python3.12/site-packages/airflow/example_dags/plugins/workday.py for tasks to queue
[2026-05-09T17:26:15.099+0000] {logging_mixin.py:188} INFO - [2026-05-09T17:26:15.099+0000] {dagbag.py:545} INFO - Filling up the DagBag from /home/airflow/.local/lib/python3.12/site-packages/airflow/example_dags/plugins/workday.py
[2026-05-09T17:26:15.595+0000] {processor.py:842} WARNING - No viable dags retrieved from /home/airflow/.local/lib/python3.12/site-packages/airflow/example_dags/plugins/workday.py
[2026-05-09T17:26:15.606+0000] {processor.py:183} INFO - Processing /home/airflow/.local/lib/python3.12/site-packages/airflow/example_dags/plugins/workday.py took 0.517 seconds
[2026-05-09T17:26:45.923+0000] {processor.py:161} INFO - Started process (PID=525) to work on /home/airflow/.local/lib/python3.12/site-packages/airflow/example_dags/plugins/workday.py
[2026-05-09T17:26:45.923+0000] {processor.py:830} INFO - Processing file /home/airflow/.local/lib/python3.12/site-packages/airflow/example_dags/plugins/workday.py for tasks to queue
[2026-05-09T17:26:45.925+0000] {logging_mixin.py:188} INFO - [2026-05-09T17:26:45.925+0000] {dagbag.py:545} INFO - Filling up the DagBag from /home/airflow/.local/lib/python3.12/site-packages/airflow/example_dags/plugins/workday.py
[2026-05-09T17:26:46.337+0000] {processor.py:842} WARNING - No viable dags retrieved from /home/airflow/.local/lib/python3.12/site-packages/airflow/example_dags/plugins/workday.py
[2026-05-09T17:26:46.347+0000] {processor.py:183} INFO - Processing /home/airflow/.local/lib/python3.12/site-packages/airflow/example_dags/plugins/workday.py took 0.431 seconds
[2026-05-09T17:27:17.030+0000] {processor.py:161} INFO - Started process (PID=585) to work on /home/airflow/.local/lib/python3.12/site-packages/airflow/example_dags/plugins/workday.py
[2026-05-09T17:27:17.031+0000] {processor.py:830} INFO - Processing file /home/airflow/.local/lib/python3.12/site-packages/airflow/example_dags/plugins/workday.py for tasks to queue
[2026-05-09T17:27:17.033+0000] {logging_mixin.py:188} INFO - [2026-05-09T17:27:17.032+0000] {dagbag.py:545} INFO - Filling up the DagBag from /home/airflow/.local/lib/python3.12/site-packages/airflow/example_dags/plugins/workday.py
[2026-05-09T17:27:17.420+0000] {processor.py:842} WARNING - No viable dags retrieved from /home/airflow/.local/lib/python3.12/site-packages/airflow/example_dags/plugins/workday.py
[2026-05-09T17:27:17.429+0000] {processor.py:183} INFO - Processing /home/airflow/.local/lib/python3.12/site-packages/airflow/example_dags/plugins/workday.py took 0.405 seconds
[2026-05-09T17:27:47.577+0000] {processor.py:161} INFO - Started process (PID=645) to work on /home/airflow/.local/lib/python3.12/site-packages/airflow/example_dags/plugins/workday.py
[2026-05-09T17:27:47.577+0000] {processor.py:830} INFO - Processing file /home/airflow/.local/lib/python3.12/site-packages/airflow/example_dags/plugins/workday.py for tasks to queue
[2026-05-09T17:27:47.579+0000] {logging_mixin.py:188} INFO - [2026-05-09T17:27:47.579+0000] {dagbag.py:545} INFO - Filling up the DagBag from /home/airflow/.local/lib/python3.12/site-packages/airflow/example_dags/plugins/workday.py
[2026-05-09T17:27:47.959+0000] {processor.py:842} WARNING - No viable dags retrieved from /home/airflow/.local/lib/python3.12/site-packages/airflow/example_dags/plugins/workday.py
[2026-05-09T17:27:47.968+0000] {processor.py:183} INFO - Processing /home/airflow/.local/lib/python3.12/site-packages/airflow/example_dags/plugins/workday.py took 0.399 seconds
[2026-05-09T17:28:56.195+0000] {processor.py:161} INFO - Started process (PID=101) to work on /home/airflow/.local/lib/python3.12/site-packages/airflow/example_dags/plugins/workday.py
[2026-05-09T17:28:56.196+0000] {processor.py:830} INFO - Processing file /home/airflow/.local/lib/python3.12/site-packages/airflow/example_dags/plugins/workday.py for tasks to queue
[2026-05-09T17:28:56.197+0000] {logging_mixin.py:188} INFO - [2026-05-09T17:28:56.197+0000] {dagbag.py:545} INFO - Filling up the DagBag from /home/airflow/.local/lib/python3.12/site-packages/airflow/example_dags/plugins/workday.py
[2026-05-09T17:28:57.269+0000] {processor.py:842} WARNING - No viable dags retrieved from /home/airflow/.local/lib/python3.12/site-packages/airflow/example_dags/plugins/workday.py
[2026-05-09T17:28:57.279+0000] {processor.py:183} INFO - Processing /home/airflow/.local/lib/python3.12/site-packages/airflow/example_dags/plugins/workday.py took 1.089 seconds
[2026-05-09T17:29:28.137+0000] {processor.py:161} INFO - Started process (PID=161) to work on /home/airflow/.local/lib/python3.12/site-packages/airflow/example_dags/plugins/workday.py
[2026-05-09T17:29:28.138+0000] {processor.py:830} INFO - Processing file /home/airflow/.local/lib/python3.12/site-packages/airflow/example_dags/plugins/workday.py for tasks to queue
[2026-05-09T17:29:28.139+0000] {logging_mixin.py:188} INFO - [2026-05-09T17:29:28.139+0000] {dagbag.py:545} INFO - Filling up the DagBag from /home/airflow/.local/lib/python3.12/site-packages/airflow/example_dags/plugins/workday.py
[2026-05-09T17:29:28.494+0000] {processor.py:842} WARNING - No viable dags retrieved from /home/airflow/.local/lib/python3.12/site-packages/airflow/example_dags/plugins/workday.py
[2026-05-09T17:29:28.504+0000] {processor.py:183} INFO - Processing /home/airflow/.local/lib/python3.12/site-packages/airflow/example_dags/plugins/workday.py took 0.371 seconds
[2026-05-09T17:29:59.406+0000] {processor.py:161} INFO - Started process (PID=224) to work on /home/airflow/.local/lib/python3.12/site-packages/airflow/example_dags/plugins/workday.py
[2026-05-09T17:29:59.406+0000] {processor.py:830} INFO - Processing file /home/airflow/.local/lib/python3.12/site-packages/airflow/example_dags/plugins/workday.py for tasks to queue
[2026-05-09T17:29:59.408+0000] {logging_mixin.py:188} INFO - [2026-05-09T17:29:59.408+0000] {dagbag.py:545} INFO - Filling up the DagBag from /home/airflow/.local/lib/python3.12/site-packages/airflow/example_dags/plugins/workday.py
[2026-05-09T17:29:59.755+0000] {processor.py:842} WARNING - No viable dags retrieved from /home/airflow/.local/lib/python3.12/site-packages/airflow/example_dags/plugins/workday.py
[2026-05-09T17:29:59.765+0000] {processor.py:183} INFO - Processing /home/airflow/.local/lib/python3.12/site-packages/airflow/example_dags/plugins/workday.py took 0.365 seconds
[2026-05-09T17:30:30.363+0000] {processor.py:161} INFO - Started process (PID=284) to work on /home/airflow/.local/lib/python3.12/site-packages/airflow/example_dags/plugins/workday.py
[2026-05-09T17:30:30.364+0000] {processor.py:830} INFO - Processing file /home/airflow/.local/lib/python3.12/site-packages/airflow/example_dags/plugins/workday.py for tasks to queue
[2026-05-09T17:30:30.366+0000] {logging_mixin.py:188} INFO - [2026-05-09T17:30:30.365+0000] {dagbag.py:545} INFO - Filling up the DagBag from /home/airflow/.local/lib/python3.12/site-packages/airflow/example_dags/plugins/workday.py
[2026-05-09T17:30:30.736+0000] {processor.py:842} WARNING - No viable dags retrieved from /home/airflow/.local/lib/python3.12/site-packages/airflow/example_dags/plugins/workday.py
[2026-05-09T17:30:30.745+0000] {processor.py:183} INFO - Processing /home/airflow/.local/lib/python3.12/site-packages/airflow/example_dags/plugins/workday.py took 0.389 seconds
[2026-05-09T17:31:01.204+0000] {processor.py:161} INFO - Started process (PID=344) to work on /home/airflow/.local/lib/python3.12/site-packages/airflow/example_dags/plugins/workday.py
[2026-05-09T17:31:01.205+0000] {processor.py:830} INFO - Processing file /home/airflow/.local/lib/python3.12/site-packages/airflow/example_dags/plugins/workday.py for tasks to queue
[2026-05-09T17:31:01.207+0000] {logging_mixin.py:188} INFO - [2026-05-09T17:31:01.207+0000] {dagbag.py:545} INFO - Filling up the DagBag from /home/airflow/.local/lib/python3.12/site-packages/airflow/example_dags/plugins/workday.py
[2026-05-09T17:31:01.626+0000] {processor.py:842} WARNING - No viable dags retrieved from /home/airflow/.local/lib/python3.12/site-packages/airflow/example_dags/plugins/workday.py
[2026-05-09T17:31:01.635+0000] {processor.py:183} INFO - Processing /home/airflow/.local/lib/python3.12/site-packages/airflow/example_dags/plugins/workday.py took 0.437 seconds
[2026-05-09T17:31:32.118+0000] {processor.py:161} INFO - Started process (PID=404) to work on /home/airflow/.local/lib/python3.12/site-packages/airflow/example_dags/plugins/workday.py
[2026-05-09T17:31:32.118+0000] {processor.py:830} INFO - Processing file /home/airflow/.local/lib/python3.12/site-packages/airflow/example_dags/plugins/workday.py for tasks to queue
[2026-05-09T17:31:32.120+0000] {logging_mixin.py:188} INFO - [2026-05-09T17:31:32.120+0000] {dagbag.py:545} INFO - Filling up the DagBag from /home/airflow/.local/lib/python3.12/site-packages/airflow/example_dags/plugins/workday.py
[2026-05-09T17:31:32.490+0000] {processor.py:842} WARNING - No viable dags retrieved from /home/airflow/.local/lib/python3.12/site-packages/airflow/example_dags/plugins/workday.py
[2026-05-09T17:31:32.499+0000] {processor.py:183} INFO - Processing /home/airflow/.local/lib/python3.12/site-packages/airflow/example_dags/plugins/workday.py took 0.387 seconds
[2026-05-09T17:32:03.387+0000] {processor.py:161} INFO - Started process (PID=464) to work on /home/airflow/.local/lib/python3.12/site-packages/airflow/example_dags/plugins/workday.py
[2026-05-09T17:32:03.388+0000] {processor.py:830} INFO - Processing file /home/airflow/.local/lib/python3.12/site-packages/airflow/example_dags/plugins/workday.py for tasks to queue
[2026-05-09T17:32:03.390+0000] {logging_mixin.py:188} INFO - [2026-05-09T17:32:03.389+0000] {dagbag.py:545} INFO - Filling up the DagBag from /home/airflow/.local/lib/python3.12/site-packages/airflow/example_dags/plugins/workday.py
[2026-05-09T17:32:03.815+0000] {processor.py:842} WARNING - No viable dags retrieved from /home/airflow/.local/lib/python3.12/site-packages/airflow/example_dags/plugins/workday.py
[2026-05-09T17:32:03.826+0000] {processor.py:183} INFO - Processing /home/airflow/.local/lib/python3.12/site-packages/airflow/example_dags/plugins/workday.py took 0.447 seconds
[2026-05-09T17:32:34.762+0000] {processor.py:161} INFO - Started process (PID=524) to work on /home/airflow/.local/lib/python3.12/site-packages/airflow/example_dags/plugins/workday.py
[2026-05-09T17:32:34.763+0000] {processor.py:830} INFO - Processing file /home/airflow/.local/lib/python3.12/site-packages/airflow/example_dags/plugins/workday.py for tasks to queue
[2026-05-09T17:32:34.765+0000] {logging_mixin.py:188} INFO - [2026-05-09T17:32:34.764+0000] {dagbag.py:545} INFO - Filling up the DagBag from /home/airflow/.local/lib/python3.12/site-packages/airflow/example_dags/plugins/workday.py
[2026-05-09T17:32:35.179+0000] {processor.py:842} WARNING - No viable dags retrieved from /home/airflow/.local/lib/python3.12/site-packages/airflow/example_dags/plugins/workday.py
[2026-05-09T17:32:35.188+0000] {processor.py:183} INFO - Processing /home/airflow/.local/lib/python3.12/site-packages/airflow/example_dags/plugins/workday.py took 0.432 seconds
[2026-05-09T17:33:05.659+0000] {processor.py:161} INFO - Started process (PID=584) to work on /home/airflow/.local/lib/python3.12/site-packages/airflow/example_dags/plugins/workday.py
[2026-05-09T17:33:05.659+0000] {processor.py:830} INFO - Processing file /home/airflow/.local/lib/python3.12/site-packages/airflow/example_dags/plugins/workday.py for tasks to queue
[2026-05-09T17:33:05.661+0000] {logging_mixin.py:188} INFO - [2026-05-09T17:33:05.661+0000] {dagbag.py:545} INFO - Filling up the DagBag from /home/airflow/.local/lib/python3.12/site-packages/airflow/example_dags/plugins/workday.py
[2026-05-09T17:33:06.022+0000] {processor.py:842} WARNING - No viable dags retrieved from /home/airflow/.local/lib/python3.12/site-packages/airflow/example_dags/plugins/workday.py
[2026-05-09T17:33:06.032+0000] {processor.py:183} INFO - Processing /home/airflow/.local/lib/python3.12/site-packages/airflow/example_dags/plugins/workday.py took 0.379 seconds
[2026-05-09T17:33:36.535+0000] {processor.py:161} INFO - Started process (PID=644) to work on /home/airflow/.local/lib/python3.12/site-packages/airflow/example_dags/plugins/workday.py
[2026-05-09T17:33:36.535+0000] {processor.py:830} INFO - Processing file /home/airflow/.local/lib/python3.12/site-packages/airflow/example_dags/plugins/workday.py for tasks to queue
[2026-05-09T17:33:36.537+0000] {logging_mixin.py:188} INFO - [2026-05-09T17:33:36.537+0000] {dagbag.py:545} INFO - Filling up the DagBag from /home/airflow/.local/lib/python3.12/site-packages/airflow/example_dags/plugins/workday.py
[2026-05-09T17:33:36.910+0000] {processor.py:842} WARNING - No viable dags retrieved from /home/airflow/.local/lib/python3.12/site-packages/airflow/example_dags/plugins/workday.py
[2026-05-09T17:33:36.920+0000] {processor.py:183} INFO - Processing /home/airflow/.local/lib/python3.12/site-packages/airflow/example_dags/plugins/workday.py took 0.391 seconds
[2026-05-09T17:34:07.697+0000] {processor.py:161} INFO - Started process (PID=704) to work on /home/airflow/.local/lib/python3.12/site-packages/airflow/example_dags/plugins/workday.py
[2026-05-09T17:34:07.698+0000] {processor.py:830} INFO - Processing file /home/airflow/.local/lib/python3.12/site-packages/airflow/example_dags/plugins/workday.py for tasks to queue
[2026-05-09T17:34:07.700+0000] {logging_mixin.py:188} INFO - [2026-05-09T17:34:07.699+0000] {dagbag.py:545} INFO - Filling up the DagBag from /home/airflow/.local/lib/python3.12/site-packages/airflow/example_dags/plugins/workday.py
[2026-05-09T17:34:08.105+0000] {processor.py:842} WARNING - No viable dags retrieved from /home/airflow/.local/lib/python3.12/site-packages/airflow/example_dags/plugins/workday.py
[2026-05-09T17:34:08.114+0000] {processor.py:183} INFO - Processing /home/airflow/.local/lib/python3.12/site-packages/airflow/example_dags/plugins/workday.py took 0.424 seconds
[2026-05-09T17:34:38.180+0000] {processor.py:161} INFO - Started process (PID=765) to work on /home/airflow/.local/lib/python3.12/site-packages/airflow/example_dags/plugins/workday.py
[2026-05-09T17:34:38.181+0000] {processor.py:830} INFO - Processing file /home/airflow/.local/lib/python3.12/site-packages/airflow/example_dags/plugins/workday.py for tasks to queue
[2026-05-09T17:34:38.182+0000] {logging_mixin.py:188} INFO - [2026-05-09T17:34:38.182+0000] {dagbag.py:545} INFO - Filling up the DagBag from /home/airflow/.local/lib/python3.12/site-packages/airflow/example_dags/plugins/workday.py
[2026-05-09T17:34:38.560+0000] {processor.py:842} WARNING - No viable dags retrieved from /home/airflow/.local/lib/python3.12/site-packages/airflow/example_dags/plugins/workday.py
[2026-05-09T17:34:38.570+0000] {processor.py:183} INFO - Processing /home/airflow/.local/lib/python3.12/site-packages/airflow/example_dags/plugins/workday.py took 0.395 seconds
[2026-05-09T17:46:38.629+0000] {processor.py:161} INFO - Started process (PID=107) to work on /home/airflow/.local/lib/python3.12/site-packages/airflow/example_dags/plugins/workday.py
[2026-05-09T17:46:38.630+0000] {processor.py:830} INFO - Processing file /home/airflow/.local/lib/python3.12/site-packages/airflow/example_dags/plugins/workday.py for tasks to queue
[2026-05-09T17:46:38.632+0000] {logging_mixin.py:188} INFO - [2026-05-09T17:46:38.632+0000] {dagbag.py:545} INFO - Filling up the DagBag from /home/airflow/.local/lib/python3.12/site-packages/airflow/example_dags/plugins/workday.py
[2026-05-09T17:46:39.661+0000] {processor.py:842} WARNING - No viable dags retrieved from /home/airflow/.local/lib/python3.12/site-packages/airflow/example_dags/plugins/workday.py
[2026-05-09T17:46:39.671+0000] {processor.py:183} INFO - Processing /home/airflow/.local/lib/python3.12/site-packages/airflow/example_dags/plugins/workday.py took 1.048 seconds
[2026-05-09T17:47:10.096+0000] {processor.py:161} INFO - Started process (PID=170) to work on /home/airflow/.local/lib/python3.12/site-packages/airflow/example_dags/plugins/workday.py
[2026-05-09T17:47:10.097+0000] {processor.py:830} INFO - Processing file /home/airflow/.local/lib/python3.12/site-packages/airflow/example_dags/plugins/workday.py for tasks to queue
[2026-05-09T17:47:10.099+0000] {logging_mixin.py:188} INFO - [2026-05-09T17:47:10.099+0000] {dagbag.py:545} INFO - Filling up the DagBag from /home/airflow/.local/lib/python3.12/site-packages/airflow/example_dags/plugins/workday.py
[2026-05-09T17:47:10.535+0000] {processor.py:842} WARNING - No viable dags retrieved from /home/airflow/.local/lib/python3.12/site-packages/airflow/example_dags/plugins/workday.py
[2026-05-09T17:47:10.545+0000] {processor.py:183} INFO - Processing /home/airflow/.local/lib/python3.12/site-packages/airflow/example_dags/plugins/workday.py took 0.456 seconds
[2026-05-09T17:47:40.599+0000] {processor.py:161} INFO - Started process (PID=230) to work on /home/airflow/.local/lib/python3.12/site-packages/airflow/example_dags/plugins/workday.py
[2026-05-09T17:47:40.600+0000] {processor.py:830} INFO - Processing file /home/airflow/.local/lib/python3.12/site-packages/airflow/example_dags/plugins/workday.py for tasks to queue
[2026-05-09T17:47:40.601+0000] {logging_mixin.py:188} INFO - [2026-05-09T17:47:40.601+0000] {dagbag.py:545} INFO - Filling up the DagBag from /home/airflow/.local/lib/python3.12/site-packages/airflow/example_dags/plugins/workday.py
[2026-05-09T17:47:41.047+0000] {processor.py:842} WARNING - No viable dags retrieved from /home/airflow/.local/lib/python3.12/site-packages/airflow/example_dags/plugins/workday.py
[2026-05-09T17:47:41.061+0000] {processor.py:183} INFO - Processing /home/airflow/.local/lib/python3.12/site-packages/airflow/example_dags/plugins/workday.py took 0.468 seconds
[2026-05-09T17:48:11.251+0000] {processor.py:161} INFO - Started process (PID=290) to work on /home/airflow/.local/lib/python3.12/site-packages/airflow/example_dags/plugins/workday.py
[2026-05-09T17:48:11.252+0000] {processor.py:830} INFO - Processing file /home/airflow/.local/lib/python3.12/site-packages/airflow/example_dags/plugins/workday.py for tasks to queue
[2026-05-09T17:48:11.254+0000] {logging_mixin.py:188} INFO - [2026-05-09T17:48:11.254+0000] {dagbag.py:545} INFO - Filling up the DagBag from /home/airflow/.local/lib/python3.12/site-packages/airflow/example_dags/plugins/workday.py
[2026-05-09T17:48:11.617+0000] {processor.py:842} WARNING - No viable dags retrieved from /home/airflow/.local/lib/python3.12/site-packages/airflow/example_dags/plugins/workday.py
[2026-05-09T17:48:11.627+0000] {processor.py:183} INFO - Processing /home/airflow/.local/lib/python3.12/site-packages/airflow/example_dags/plugins/workday.py took 0.381 seconds
[2026-05-09T17:48:42.401+0000] {processor.py:161} INFO - Started process (PID=350) to work on /home/airflow/.local/lib/python3.12/site-packages/airflow/example_dags/plugins/workday.py
[2026-05-09T17:48:42.401+0000] {processor.py:830} INFO - Processing file /home/airflow/.local/lib/python3.12/site-packages/airflow/example_dags/plugins/workday.py for tasks to queue
[2026-05-09T17:48:42.403+0000] {logging_mixin.py:188} INFO - [2026-05-09T17:48:42.403+0000] {dagbag.py:545} INFO - Filling up the DagBag from /home/airflow/.local/lib/python3.12/site-packages/airflow/example_dags/plugins/workday.py
[2026-05-09T17:48:42.857+0000] {processor.py:842} WARNING - No viable dags retrieved from /home/airflow/.local/lib/python3.12/site-packages/airflow/example_dags/plugins/workday.py
[2026-05-09T17:48:42.867+0000] {processor.py:183} INFO - Processing /home/airflow/.local/lib/python3.12/site-packages/airflow/example_dags/plugins/workday.py took 0.472 seconds
[2026-05-09T17:58:25.239+0000] {processor.py:161} INFO - Started process (PID=101) to work on /home/airflow/.local/lib/python3.12/site-packages/airflow/example_dags/plugins/workday.py
[2026-05-09T17:58:25.240+0000] {processor.py:830} INFO - Processing file /home/airflow/.local/lib/python3.12/site-packages/airflow/example_dags/plugins/workday.py for tasks to queue
[2026-05-09T17:58:25.242+0000] {logging_mixin.py:188} INFO - [2026-05-09T17:58:25.241+0000] {dagbag.py:545} INFO - Filling up the DagBag from /home/airflow/.local/lib/python3.12/site-packages/airflow/example_dags/plugins/workday.py
[2026-05-09T17:58:26.480+0000] {processor.py:842} WARNING - No viable dags retrieved from /home/airflow/.local/lib/python3.12/site-packages/airflow/example_dags/plugins/workday.py
[2026-05-09T17:58:26.493+0000] {processor.py:183} INFO - Processing /home/airflow/.local/lib/python3.12/site-packages/airflow/example_dags/plugins/workday.py took 1.262 seconds
[2026-05-09T17:58:57.692+0000] {processor.py:161} INFO - Started process (PID=161) to work on /home/airflow/.local/lib/python3.12/site-packages/airflow/example_dags/plugins/workday.py
[2026-05-09T17:58:57.693+0000] {processor.py:830} INFO - Processing file /home/airflow/.local/lib/python3.12/site-packages/airflow/example_dags/plugins/workday.py for tasks to queue
[2026-05-09T17:58:57.694+0000] {logging_mixin.py:188} INFO - [2026-05-09T17:58:57.694+0000] {dagbag.py:545} INFO - Filling up the DagBag from /home/airflow/.local/lib/python3.12/site-packages/airflow/example_dags/plugins/workday.py
[2026-05-09T17:58:58.083+0000] {processor.py:842} WARNING - No viable dags retrieved from /home/airflow/.local/lib/python3.12/site-packages/airflow/example_dags/plugins/workday.py
[2026-05-09T17:58:58.092+0000] {processor.py:183} INFO - Processing /home/airflow/.local/lib/python3.12/site-packages/airflow/example_dags/plugins/workday.py took 0.406 seconds
[2026-05-09T17:59:28.162+0000] {processor.py:161} INFO - Started process (PID=224) to work on /home/airflow/.local/lib/python3.12/site-packages/airflow/example_dags/plugins/workday.py
[2026-05-09T17:59:28.163+0000] {processor.py:830} INFO - Processing file /home/airflow/.local/lib/python3.12/site-packages/airflow/example_dags/plugins/workday.py for tasks to queue
[2026-05-09T17:59:28.165+0000] {logging_mixin.py:188} INFO - [2026-05-09T17:59:28.165+0000] {dagbag.py:545} INFO - Filling up the DagBag from /home/airflow/.local/lib/python3.12/site-packages/airflow/example_dags/plugins/workday.py
[2026-05-09T17:59:28.658+0000] {processor.py:842} WARNING - No viable dags retrieved from /home/airflow/.local/lib/python3.12/site-packages/airflow/example_dags/plugins/workday.py
[2026-05-09T17:59:28.670+0000] {processor.py:183} INFO - Processing /home/airflow/.local/lib/python3.12/site-packages/airflow/example_dags/plugins/workday.py took 0.515 seconds
[2026-05-09T17:59:58.901+0000] {processor.py:161} INFO - Started process (PID=284) to work on /home/airflow/.local/lib/python3.12/site-packages/airflow/example_dags/plugins/workday.py
[2026-05-09T17:59:58.902+0000] {processor.py:830} INFO - Processing file /home/airflow/.local/lib/python3.12/site-packages/airflow/example_dags/plugins/workday.py for tasks to queue
[2026-05-09T17:59:58.906+0000] {logging_mixin.py:188} INFO - [2026-05-09T17:59:58.905+0000] {dagbag.py:545} INFO - Filling up the DagBag from /home/airflow/.local/lib/python3.12/site-packages/airflow/example_dags/plugins/workday.py
[2026-05-09T17:59:59.308+0000] {processor.py:842} WARNING - No viable dags retrieved from /home/airflow/.local/lib/python3.12/site-packages/airflow/example_dags/plugins/workday.py
[2026-05-09T17:59:59.318+0000] {processor.py:183} INFO - Processing /home/airflow/.local/lib/python3.12/site-packages/airflow/example_dags/plugins/workday.py took 0.423 seconds
[2026-05-09T18:00:30.067+0000] {processor.py:161} INFO - Started process (PID=344) to work on /home/airflow/.local/lib/python3.12/site-packages/airflow/example_dags/plugins/workday.py
[2026-05-09T18:00:30.068+0000] {processor.py:830} INFO - Processing file /home/airflow/.local/lib/python3.12/site-packages/airflow/example_dags/plugins/workday.py for tasks to queue
[2026-05-09T18:00:30.070+0000] {logging_mixin.py:188} INFO - [2026-05-09T18:00:30.070+0000] {dagbag.py:545} INFO - Filling up the DagBag from /home/airflow/.local/lib/python3.12/site-packages/airflow/example_dags/plugins/workday.py
[2026-05-09T18:00:30.438+0000] {processor.py:842} WARNING - No viable dags retrieved from /home/airflow/.local/lib/python3.12/site-packages/airflow/example_dags/plugins/workday.py
[2026-05-09T18:00:30.447+0000] {processor.py:183} INFO - Processing /home/airflow/.local/lib/python3.12/site-packages/airflow/example_dags/plugins/workday.py took 0.385 seconds
[2026-05-09T18:01:00.712+0000] {processor.py:161} INFO - Started process (PID=404) to work on /home/airflow/.local/lib/python3.12/site-packages/airflow/example_dags/plugins/workday.py
[2026-05-09T18:01:00.713+0000] {processor.py:830} INFO - Processing file /home/airflow/.local/lib/python3.12/site-packages/airflow/example_dags/plugins/workday.py for tasks to queue
[2026-05-09T18:01:00.714+0000] {logging_mixin.py:188} INFO - [2026-05-09T18:01:00.714+0000] {dagbag.py:545} INFO - Filling up the DagBag from /home/airflow/.local/lib/python3.12/site-packages/airflow/example_dags/plugins/workday.py
[2026-05-09T18:01:01.110+0000] {processor.py:842} WARNING - No viable dags retrieved from /home/airflow/.local/lib/python3.12/site-packages/airflow/example_dags/plugins/workday.py
[2026-05-09T18:01:01.120+0000] {processor.py:183} INFO - Processing /home/airflow/.local/lib/python3.12/site-packages/airflow/example_dags/plugins/workday.py took 0.414 seconds
[2026-05-09T18:01:31.856+0000] {processor.py:161} INFO - Started process (PID=464) to work on /home/airflow/.local/lib/python3.12/site-packages/airflow/example_dags/plugins/workday.py
[2026-05-09T18:01:31.857+0000] {processor.py:830} INFO - Processing file /home/airflow/.local/lib/python3.12/site-packages/airflow/example_dags/plugins/workday.py for tasks to queue
[2026-05-09T18:01:31.859+0000] {logging_mixin.py:188} INFO - [2026-05-09T18:01:31.859+0000] {dagbag.py:545} INFO - Filling up the DagBag from /home/airflow/.local/lib/python3.12/site-packages/airflow/example_dags/plugins/workday.py
[2026-05-09T18:01:32.263+0000] {processor.py:842} WARNING - No viable dags retrieved from /home/airflow/.local/lib/python3.12/site-packages/airflow/example_dags/plugins/workday.py
[2026-05-09T18:01:32.272+0000] {processor.py:183} INFO - Processing /home/airflow/.local/lib/python3.12/site-packages/airflow/example_dags/plugins/workday.py took 0.422 seconds
[2026-05-09T18:02:02.545+0000] {processor.py:161} INFO - Started process (PID=524) to work on /home/airflow/.local/lib/python3.12/site-packages/airflow/example_dags/plugins/workday.py
[2026-05-09T18:02:02.546+0000] {processor.py:830} INFO - Processing file /home/airflow/.local/lib/python3.12/site-packages/airflow/example_dags/plugins/workday.py for tasks to queue
[2026-05-09T18:02:02.548+0000] {logging_mixin.py:188} INFO - [2026-05-09T18:02:02.547+0000] {dagbag.py:545} INFO - Filling up the DagBag from /home/airflow/.local/lib/python3.12/site-packages/airflow/example_dags/plugins/workday.py
[2026-05-09T18:02:02.928+0000] {processor.py:842} WARNING - No viable dags retrieved from /home/airflow/.local/lib/python3.12/site-packages/airflow/example_dags/plugins/workday.py
[2026-05-09T18:02:02.938+0000] {processor.py:183} INFO - Processing /home/airflow/.local/lib/python3.12/site-packages/airflow/example_dags/plugins/workday.py took 0.398 seconds
[2026-05-09T18:02:33.889+0000] {processor.py:161} INFO - Started process (PID=584) to work on /home/airflow/.local/lib/python3.12/site-packages/airflow/example_dags/plugins/workday.py
[2026-05-09T18:02:33.890+0000] {processor.py:830} INFO - Processing file /home/airflow/.local/lib/python3.12/site-packages/airflow/example_dags/plugins/workday.py for tasks to queue
[2026-05-09T18:02:33.892+0000] {logging_mixin.py:188} INFO - [2026-05-09T18:02:33.891+0000] {dagbag.py:545} INFO - Filling up the DagBag from /home/airflow/.local/lib/python3.12/site-packages/airflow/example_dags/plugins/workday.py
[2026-05-09T18:02:34.262+0000] {processor.py:842} WARNING - No viable dags retrieved from /home/airflow/.local/lib/python3.12/site-packages/airflow/example_dags/plugins/workday.py
[2026-05-09T18:02:34.275+0000] {processor.py:183} INFO - Processing /home/airflow/.local/lib/python3.12/site-packages/airflow/example_dags/plugins/workday.py took 0.391 seconds
[2026-05-09T18:03:04.372+0000] {processor.py:161} INFO - Started process (PID=644) to work on /home/airflow/.local/lib/python3.12/site-packages/airflow/example_dags/plugins/workday.py
[2026-05-09T18:03:04.373+0000] {processor.py:830} INFO - Processing file /home/airflow/.local/lib/python3.12/site-packages/airflow/example_dags/plugins/workday.py for tasks to queue
[2026-05-09T18:03:04.375+0000] {logging_mixin.py:188} INFO - [2026-05-09T18:03:04.375+0000] {dagbag.py:545} INFO - Filling up the DagBag from /home/airflow/.local/lib/python3.12/site-packages/airflow/example_dags/plugins/workday.py
[2026-05-09T18:03:04.759+0000] {processor.py:842} WARNING - No viable dags retrieved from /home/airflow/.local/lib/python3.12/site-packages/airflow/example_dags/plugins/workday.py
[2026-05-09T18:03:04.768+0000] {processor.py:183} INFO - Processing /home/airflow/.local/lib/python3.12/site-packages/airflow/example_dags/plugins/workday.py took 0.401 seconds
[2026-05-09T18:04:28.987+0000] {processor.py:161} INFO - Started process (PID=101) to work on /home/airflow/.local/lib/python3.12/site-packages/airflow/example_dags/plugins/workday.py
[2026-05-09T18:04:28.989+0000] {processor.py:830} INFO - Processing file /home/airflow/.local/lib/python3.12/site-packages/airflow/example_dags/plugins/workday.py for tasks to queue
[2026-05-09T18:04:28.991+0000] {logging_mixin.py:188} INFO - [2026-05-09T18:04:28.990+0000] {dagbag.py:545} INFO - Filling up the DagBag from /home/airflow/.local/lib/python3.12/site-packages/airflow/example_dags/plugins/workday.py
[2026-05-09T18:04:30.350+0000] {processor.py:842} WARNING - No viable dags retrieved from /home/airflow/.local/lib/python3.12/site-packages/airflow/example_dags/plugins/workday.py
[2026-05-09T18:04:30.365+0000] {processor.py:183} INFO - Processing /home/airflow/.local/lib/python3.12/site-packages/airflow/example_dags/plugins/workday.py took 1.387 seconds
[2026-05-09T18:05:00.970+0000] {processor.py:161} INFO - Started process (PID=170) to work on /home/airflow/.local/lib/python3.12/site-packages/airflow/example_dags/plugins/workday.py
[2026-05-09T18:05:00.971+0000] {processor.py:830} INFO - Processing file /home/airflow/.local/lib/python3.12/site-packages/airflow/example_dags/plugins/workday.py for tasks to queue
[2026-05-09T18:05:00.972+0000] {logging_mixin.py:188} INFO - [2026-05-09T18:05:00.972+0000] {dagbag.py:545} INFO - Filling up the DagBag from /home/airflow/.local/lib/python3.12/site-packages/airflow/example_dags/plugins/workday.py
[2026-05-09T18:05:01.359+0000] {processor.py:842} WARNING - No viable dags retrieved from /home/airflow/.local/lib/python3.12/site-packages/airflow/example_dags/plugins/workday.py
[2026-05-09T18:05:01.369+0000] {processor.py:183} INFO - Processing /home/airflow/.local/lib/python3.12/site-packages/airflow/example_dags/plugins/workday.py took 0.404 seconds
[2026-05-09T18:05:31.656+0000] {processor.py:161} INFO - Started process (PID=230) to work on /home/airflow/.local/lib/python3.12/site-packages/airflow/example_dags/plugins/workday.py
[2026-05-09T18:05:31.657+0000] {processor.py:830} INFO - Processing file /home/airflow/.local/lib/python3.12/site-packages/airflow/example_dags/plugins/workday.py for tasks to queue
[2026-05-09T18:05:31.659+0000] {logging_mixin.py:188} INFO - [2026-05-09T18:05:31.658+0000] {dagbag.py:545} INFO - Filling up the DagBag from /home/airflow/.local/lib/python3.12/site-packages/airflow/example_dags/plugins/workday.py
[2026-05-09T18:05:32.200+0000] {processor.py:842} WARNING - No viable dags retrieved from /home/airflow/.local/lib/python3.12/site-packages/airflow/example_dags/plugins/workday.py
[2026-05-09T18:05:32.220+0000] {processor.py:183} INFO - Processing /home/airflow/.local/lib/python3.12/site-packages/airflow/example_dags/plugins/workday.py took 0.572 seconds
[2026-05-09T18:06:02.788+0000] {processor.py:161} INFO - Started process (PID=290) to work on /home/airflow/.local/lib/python3.12/site-packages/airflow/example_dags/plugins/workday.py
[2026-05-09T18:06:02.789+0000] {processor.py:830} INFO - Processing file /home/airflow/.local/lib/python3.12/site-packages/airflow/example_dags/plugins/workday.py for tasks to queue
[2026-05-09T18:06:02.791+0000] {logging_mixin.py:188} INFO - [2026-05-09T18:06:02.791+0000] {dagbag.py:545} INFO - Filling up the DagBag from /home/airflow/.local/lib/python3.12/site-packages/airflow/example_dags/plugins/workday.py
[2026-05-09T18:06:03.201+0000] {processor.py:842} WARNING - No viable dags retrieved from /home/airflow/.local/lib/python3.12/site-packages/airflow/example_dags/plugins/workday.py
[2026-05-09T18:06:03.211+0000] {processor.py:183} INFO - Processing /home/airflow/.local/lib/python3.12/site-packages/airflow/example_dags/plugins/workday.py took 0.429 seconds
[2026-05-09T18:06:33.427+0000] {processor.py:161} INFO - Started process (PID=350) to work on /home/airflow/.local/lib/python3.12/site-packages/airflow/example_dags/plugins/workday.py
[2026-05-09T18:06:33.428+0000] {processor.py:830} INFO - Processing file /home/airflow/.local/lib/python3.12/site-packages/airflow/example_dags/plugins/workday.py for tasks to queue
[2026-05-09T18:06:33.429+0000] {logging_mixin.py:188} INFO - [2026-05-09T18:06:33.429+0000] {dagbag.py:545} INFO - Filling up the DagBag from /home/airflow/.local/lib/python3.12/site-packages/airflow/example_dags/plugins/workday.py
[2026-05-09T18:06:33.820+0000] {processor.py:842} WARNING - No viable dags retrieved from /home/airflow/.local/lib/python3.12/site-packages/airflow/example_dags/plugins/workday.py
[2026-05-09T18:06:33.830+0000] {processor.py:183} INFO - Processing /home/airflow/.local/lib/python3.12/site-packages/airflow/example_dags/plugins/workday.py took 0.409 seconds
[2026-05-09T18:07:04.714+0000] {processor.py:161} INFO - Started process (PID=410) to work on /home/airflow/.local/lib/python3.12/site-packages/airflow/example_dags/plugins/workday.py
[2026-05-09T18:07:04.715+0000] {processor.py:830} INFO - Processing file /home/airflow/.local/lib/python3.12/site-packages/airflow/example_dags/plugins/workday.py for tasks to queue
[2026-05-09T18:07:04.716+0000] {logging_mixin.py:188} INFO - [2026-05-09T18:07:04.716+0000] {dagbag.py:545} INFO - Filling up the DagBag from /home/airflow/.local/lib/python3.12/site-packages/airflow/example_dags/plugins/workday.py
[2026-05-09T18:07:05.138+0000] {processor.py:842} WARNING - No viable dags retrieved from /home/airflow/.local/lib/python3.12/site-packages/airflow/example_dags/plugins/workday.py
[2026-05-09T18:07:05.149+0000] {processor.py:183} INFO - Processing /home/airflow/.local/lib/python3.12/site-packages/airflow/example_dags/plugins/workday.py took 0.440 seconds
[2026-05-09T18:09:00.822+0000] {processor.py:161} INFO - Started process (PID=101) to work on /home/airflow/.local/lib/python3.12/site-packages/airflow/example_dags/plugins/workday.py
[2026-05-09T18:09:00.823+0000] {processor.py:830} INFO - Processing file /home/airflow/.local/lib/python3.12/site-packages/airflow/example_dags/plugins/workday.py for tasks to queue
[2026-05-09T18:09:00.824+0000] {logging_mixin.py:188} INFO - [2026-05-09T18:09:00.824+0000] {dagbag.py:545} INFO - Filling up the DagBag from /home/airflow/.local/lib/python3.12/site-packages/airflow/example_dags/plugins/workday.py
[2026-05-09T18:09:01.918+0000] {processor.py:842} WARNING - No viable dags retrieved from /home/airflow/.local/lib/python3.12/site-packages/airflow/example_dags/plugins/workday.py
[2026-05-09T18:09:01.929+0000] {processor.py:183} INFO - Processing /home/airflow/.local/lib/python3.12/site-packages/airflow/example_dags/plugins/workday.py took 1.116 seconds
[2026-05-09T18:09:32.645+0000] {processor.py:161} INFO - Started process (PID=161) to work on /home/airflow/.local/lib/python3.12/site-packages/airflow/example_dags/plugins/workday.py
[2026-05-09T18:09:32.646+0000] {processor.py:830} INFO - Processing file /home/airflow/.local/lib/python3.12/site-packages/airflow/example_dags/plugins/workday.py for tasks to queue
[2026-05-09T18:09:32.647+0000] {logging_mixin.py:188} INFO - [2026-05-09T18:09:32.647+0000] {dagbag.py:545} INFO - Filling up the DagBag from /home/airflow/.local/lib/python3.12/site-packages/airflow/example_dags/plugins/workday.py
[2026-05-09T18:09:33.037+0000] {processor.py:842} WARNING - No viable dags retrieved from /home/airflow/.local/lib/python3.12/site-packages/airflow/example_dags/plugins/workday.py
[2026-05-09T18:09:33.045+0000] {processor.py:183} INFO - Processing /home/airflow/.local/lib/python3.12/site-packages/airflow/example_dags/plugins/workday.py took 0.406 seconds
[2026-05-09T18:10:03.359+0000] {processor.py:161} INFO - Started process (PID=221) to work on /home/airflow/.local/lib/python3.12/site-packages/airflow/example_dags/plugins/workday.py
[2026-05-09T18:10:03.360+0000] {processor.py:830} INFO - Processing file /home/airflow/.local/lib/python3.12/site-packages/airflow/example_dags/plugins/workday.py for tasks to queue
[2026-05-09T18:10:03.361+0000] {logging_mixin.py:188} INFO - [2026-05-09T18:10:03.361+0000] {dagbag.py:545} INFO - Filling up the DagBag from /home/airflow/.local/lib/python3.12/site-packages/airflow/example_dags/plugins/workday.py
[2026-05-09T18:10:03.747+0000] {processor.py:842} WARNING - No viable dags retrieved from /home/airflow/.local/lib/python3.12/site-packages/airflow/example_dags/plugins/workday.py
[2026-05-09T18:10:03.756+0000] {processor.py:183} INFO - Processing /home/airflow/.local/lib/python3.12/site-packages/airflow/example_dags/plugins/workday.py took 0.404 seconds
[2026-05-09T18:10:34.569+0000] {processor.py:161} INFO - Started process (PID=284) to work on /home/airflow/.local/lib/python3.12/site-packages/airflow/example_dags/plugins/workday.py
[2026-05-09T18:10:34.569+0000] {processor.py:830} INFO - Processing file /home/airflow/.local/lib/python3.12/site-packages/airflow/example_dags/plugins/workday.py for tasks to queue
[2026-05-09T18:10:34.571+0000] {logging_mixin.py:188} INFO - [2026-05-09T18:10:34.571+0000] {dagbag.py:545} INFO - Filling up the DagBag from /home/airflow/.local/lib/python3.12/site-packages/airflow/example_dags/plugins/workday.py
[2026-05-09T18:10:34.971+0000] {processor.py:842} WARNING - No viable dags retrieved from /home/airflow/.local/lib/python3.12/site-packages/airflow/example_dags/plugins/workday.py
[2026-05-09T18:10:34.981+0000] {processor.py:183} INFO - Processing /home/airflow/.local/lib/python3.12/site-packages/airflow/example_dags/plugins/workday.py took 0.418 seconds
[2026-05-09T18:11:05.875+0000] {processor.py:161} INFO - Started process (PID=344) to work on /home/airflow/.local/lib/python3.12/site-packages/airflow/example_dags/plugins/workday.py
[2026-05-09T18:11:05.876+0000] {processor.py:830} INFO - Processing file /home/airflow/.local/lib/python3.12/site-packages/airflow/example_dags/plugins/workday.py for tasks to queue
[2026-05-09T18:11:05.877+0000] {logging_mixin.py:188} INFO - [2026-05-09T18:11:05.877+0000] {dagbag.py:545} INFO - Filling up the DagBag from /home/airflow/.local/lib/python3.12/site-packages/airflow/example_dags/plugins/workday.py
[2026-05-09T18:11:06.243+0000] {processor.py:842} WARNING - No viable dags retrieved from /home/airflow/.local/lib/python3.12/site-packages/airflow/example_dags/plugins/workday.py
[2026-05-09T18:11:06.253+0000] {processor.py:183} INFO - Processing /home/airflow/.local/lib/python3.12/site-packages/airflow/example_dags/plugins/workday.py took 0.383 seconds
[2026-05-09T18:11:36.882+0000] {processor.py:161} INFO - Started process (PID=404) to work on /home/airflow/.local/lib/python3.12/site-packages/airflow/example_dags/plugins/workday.py
[2026-05-09T18:11:36.883+0000] {processor.py:830} INFO - Processing file /home/airflow/.local/lib/python3.12/site-packages/airflow/example_dags/plugins/workday.py for tasks to queue
[2026-05-09T18:11:36.884+0000] {logging_mixin.py:188} INFO - [2026-05-09T18:11:36.884+0000] {dagbag.py:545} INFO - Filling up the DagBag from /home/airflow/.local/lib/python3.12/site-packages/airflow/example_dags/plugins/workday.py
[2026-05-09T18:11:37.285+0000] {processor.py:842} WARNING - No viable dags retrieved from /home/airflow/.local/lib/python3.12/site-packages/airflow/example_dags/plugins/workday.py
[2026-05-09T18:11:37.296+0000] {processor.py:183} INFO - Processing /home/airflow/.local/lib/python3.12/site-packages/airflow/example_dags/plugins/workday.py took 0.419 seconds
[2026-05-09T18:12:07.472+0000] {processor.py:161} INFO - Started process (PID=464) to work on /home/airflow/.local/lib/python3.12/site-packages/airflow/example_dags/plugins/workday.py
[2026-05-09T18:12:07.473+0000] {processor.py:830} INFO - Processing file /home/airflow/.local/lib/python3.12/site-packages/airflow/example_dags/plugins/workday.py for tasks to queue
[2026-05-09T18:12:07.475+0000] {logging_mixin.py:188} INFO - [2026-05-09T18:12:07.474+0000] {dagbag.py:545} INFO - Filling up the DagBag from /home/airflow/.local/lib/python3.12/site-packages/airflow/example_dags/plugins/workday.py
[2026-05-09T18:12:07.910+0000] {processor.py:842} WARNING - No viable dags retrieved from /home/airflow/.local/lib/python3.12/site-packages/airflow/example_dags/plugins/workday.py
[2026-05-09T18:12:07.921+0000] {processor.py:183} INFO - Processing /home/airflow/.local/lib/python3.12/site-packages/airflow/example_dags/plugins/workday.py took 0.456 seconds
[2026-05-09T18:12:37.998+0000] {processor.py:161} INFO - Started process (PID=524) to work on /home/airflow/.local/lib/python3.12/site-packages/airflow/example_dags/plugins/workday.py
[2026-05-09T18:12:37.998+0000] {processor.py:830} INFO - Processing file /home/airflow/.local/lib/python3.12/site-packages/airflow/example_dags/plugins/workday.py for tasks to queue
[2026-05-09T18:12:38.000+0000] {logging_mixin.py:188} INFO - [2026-05-09T18:12:38.000+0000] {dagbag.py:545} INFO - Filling up the DagBag from /home/airflow/.local/lib/python3.12/site-packages/airflow/example_dags/plugins/workday.py
[2026-05-09T18:12:38.397+0000] {processor.py:842} WARNING - No viable dags retrieved from /home/airflow/.local/lib/python3.12/site-packages/airflow/example_dags/plugins/workday.py
[2026-05-09T18:12:38.406+0000] {processor.py:183} INFO - Processing /home/airflow/.local/lib/python3.12/site-packages/airflow/example_dags/plugins/workday.py took 0.414 seconds
[2026-05-09T18:13:08.533+0000] {processor.py:161} INFO - Started process (PID=584) to work on /home/airflow/.local/lib/python3.12/site-packages/airflow/example_dags/plugins/workday.py
[2026-05-09T18:13:08.534+0000] {processor.py:830} INFO - Processing file /home/airflow/.local/lib/python3.12/site-packages/airflow/example_dags/plugins/workday.py for tasks to queue
[2026-05-09T18:13:08.536+0000] {logging_mixin.py:188} INFO - [2026-05-09T18:13:08.535+0000] {dagbag.py:545} INFO - Filling up the DagBag from /home/airflow/.local/lib/python3.12/site-packages/airflow/example_dags/plugins/workday.py
[2026-05-09T18:13:08.886+0000] {processor.py:842} WARNING - No viable dags retrieved from /home/airflow/.local/lib/python3.12/site-packages/airflow/example_dags/plugins/workday.py
[2026-05-09T18:13:08.896+0000] {processor.py:183} INFO - Processing /home/airflow/.local/lib/python3.12/site-packages/airflow/example_dags/plugins/workday.py took 0.369 seconds
[2026-05-09T18:13:39.129+0000] {processor.py:161} INFO - Started process (PID=644) to work on /home/airflow/.local/lib/python3.12/site-packages/airflow/example_dags/plugins/workday.py
[2026-05-09T18:13:39.130+0000] {processor.py:830} INFO - Processing file /home/airflow/.local/lib/python3.12/site-packages/airflow/example_dags/plugins/workday.py for tasks to queue
[2026-05-09T18:13:39.132+0000] {logging_mixin.py:188} INFO - [2026-05-09T18:13:39.131+0000] {dagbag.py:545} INFO - Filling up the DagBag from /home/airflow/.local/lib/python3.12/site-packages/airflow/example_dags/plugins/workday.py
[2026-05-09T18:13:39.517+0000] {processor.py:842} WARNING - No viable dags retrieved from /home/airflow/.local/lib/python3.12/site-packages/airflow/example_dags/plugins/workday.py
[2026-05-09T18:13:39.527+0000] {processor.py:183} INFO - Processing /home/airflow/.local/lib/python3.12/site-packages/airflow/example_dags/plugins/workday.py took 0.403 seconds
[2026-05-09T18:14:10.307+0000] {processor.py:161} INFO - Started process (PID=704) to work on /home/airflow/.local/lib/python3.12/site-packages/airflow/example_dags/plugins/workday.py
[2026-05-09T18:14:10.308+0000] {processor.py:830} INFO - Processing file /home/airflow/.local/lib/python3.12/site-packages/airflow/example_dags/plugins/workday.py for tasks to queue
[2026-05-09T18:14:10.310+0000] {logging_mixin.py:188} INFO - [2026-05-09T18:14:10.309+0000] {dagbag.py:545} INFO - Filling up the DagBag from /home/airflow/.local/lib/python3.12/site-packages/airflow/example_dags/plugins/workday.py
[2026-05-09T18:14:10.687+0000] {processor.py:842} WARNING - No viable dags retrieved from /home/airflow/.local/lib/python3.12/site-packages/airflow/example_dags/plugins/workday.py
[2026-05-09T18:14:10.696+0000] {processor.py:183} INFO - Processing /home/airflow/.local/lib/python3.12/site-packages/airflow/example_dags/plugins/workday.py took 0.395 seconds
[2026-05-09T18:14:41.696+0000] {processor.py:161} INFO - Started process (PID=764) to work on /home/airflow/.local/lib/python3.12/site-packages/airflow/example_dags/plugins/workday.py
[2026-05-09T18:14:41.698+0000] {processor.py:830} INFO - Processing file /home/airflow/.local/lib/python3.12/site-packages/airflow/example_dags/plugins/workday.py for tasks to queue
[2026-05-09T18:14:41.700+0000] {logging_mixin.py:188} INFO - [2026-05-09T18:14:41.699+0000] {dagbag.py:545} INFO - Filling up the DagBag from /home/airflow/.local/lib/python3.12/site-packages/airflow/example_dags/plugins/workday.py
[2026-05-09T18:14:42.085+0000] {processor.py:842} WARNING - No viable dags retrieved from /home/airflow/.local/lib/python3.12/site-packages/airflow/example_dags/plugins/workday.py
[2026-05-09T18:14:42.094+0000] {processor.py:183} INFO - Processing /home/airflow/.local/lib/python3.12/site-packages/airflow/example_dags/plugins/workday.py took 0.405 seconds
[2026-05-09T18:15:12.776+0000] {processor.py:161} INFO - Started process (PID=824) to work on /home/airflow/.local/lib/python3.12/site-packages/airflow/example_dags/plugins/workday.py
[2026-05-09T18:15:12.777+0000] {processor.py:830} INFO - Processing file /home/airflow/.local/lib/python3.12/site-packages/airflow/example_dags/plugins/workday.py for tasks to queue
[2026-05-09T18:15:12.778+0000] {logging_mixin.py:188} INFO - [2026-05-09T18:15:12.778+0000] {dagbag.py:545} INFO - Filling up the DagBag from /home/airflow/.local/lib/python3.12/site-packages/airflow/example_dags/plugins/workday.py
[2026-05-09T18:15:13.131+0000] {processor.py:842} WARNING - No viable dags retrieved from /home/airflow/.local/lib/python3.12/site-packages/airflow/example_dags/plugins/workday.py
[2026-05-09T18:15:13.141+0000] {processor.py:183} INFO - Processing /home/airflow/.local/lib/python3.12/site-packages/airflow/example_dags/plugins/workday.py took 0.370 seconds
[2026-05-09T18:15:43.735+0000] {processor.py:161} INFO - Started process (PID=884) to work on /home/airflow/.local/lib/python3.12/site-packages/airflow/example_dags/plugins/workday.py
[2026-05-09T18:15:43.736+0000] {processor.py:830} INFO - Processing file /home/airflow/.local/lib/python3.12/site-packages/airflow/example_dags/plugins/workday.py for tasks to queue
[2026-05-09T18:15:43.738+0000] {logging_mixin.py:188} INFO - [2026-05-09T18:15:43.738+0000] {dagbag.py:545} INFO - Filling up the DagBag from /home/airflow/.local/lib/python3.12/site-packages/airflow/example_dags/plugins/workday.py
[2026-05-09T18:15:44.411+0000] {processor.py:842} WARNING - No viable dags retrieved from /home/airflow/.local/lib/python3.12/site-packages/airflow/example_dags/plugins/workday.py
[2026-05-09T18:15:44.420+0000] {processor.py:183} INFO - Processing /home/airflow/.local/lib/python3.12/site-packages/airflow/example_dags/plugins/workday.py took 0.693 seconds
[2026-05-09T18:16:15.306+0000] {processor.py:161} INFO - Started process (PID=944) to work on /home/airflow/.local/lib/python3.12/site-packages/airflow/example_dags/plugins/workday.py
[2026-05-09T18:16:15.307+0000] {processor.py:830} INFO - Processing file /home/airflow/.local/lib/python3.12/site-packages/airflow/example_dags/plugins/workday.py for tasks to queue
[2026-05-09T18:16:15.309+0000] {logging_mixin.py:188} INFO - [2026-05-09T18:16:15.309+0000] {dagbag.py:545} INFO - Filling up the DagBag from /home/airflow/.local/lib/python3.12/site-packages/airflow/example_dags/plugins/workday.py
[2026-05-09T18:16:15.686+0000] {processor.py:842} WARNING - No viable dags retrieved from /home/airflow/.local/lib/python3.12/site-packages/airflow/example_dags/plugins/workday.py
[2026-05-09T18:16:15.695+0000] {processor.py:183} INFO - Processing /home/airflow/.local/lib/python3.12/site-packages/airflow/example_dags/plugins/workday.py took 0.394 seconds
[2026-05-09T18:16:46.214+0000] {processor.py:161} INFO - Started process (PID=1004) to work on /home/airflow/.local/lib/python3.12/site-packages/airflow/example_dags/plugins/workday.py
[2026-05-09T18:16:46.214+0000] {processor.py:830} INFO - Processing file /home/airflow/.local/lib/python3.12/site-packages/airflow/example_dags/plugins/workday.py for tasks to queue
[2026-05-09T18:16:46.216+0000] {logging_mixin.py:188} INFO - [2026-05-09T18:16:46.216+0000] {dagbag.py:545} INFO - Filling up the DagBag from /home/airflow/.local/lib/python3.12/site-packages/airflow/example_dags/plugins/workday.py
[2026-05-09T18:16:46.574+0000] {processor.py:842} WARNING - No viable dags retrieved from /home/airflow/.local/lib/python3.12/site-packages/airflow/example_dags/plugins/workday.py
[2026-05-09T18:16:46.584+0000] {processor.py:183} INFO - Processing /home/airflow/.local/lib/python3.12/site-packages/airflow/example_dags/plugins/workday.py took 0.375 seconds
[2026-05-09T18:17:17.092+0000] {processor.py:161} INFO - Started process (PID=1065) to work on /home/airflow/.local/lib/python3.12/site-packages/airflow/example_dags/plugins/workday.py
[2026-05-09T18:17:17.093+0000] {processor.py:830} INFO - Processing file /home/airflow/.local/lib/python3.12/site-packages/airflow/example_dags/plugins/workday.py for tasks to queue
[2026-05-09T18:17:17.095+0000] {logging_mixin.py:188} INFO - [2026-05-09T18:17:17.094+0000] {dagbag.py:545} INFO - Filling up the DagBag from /home/airflow/.local/lib/python3.12/site-packages/airflow/example_dags/plugins/workday.py
[2026-05-09T18:17:17.486+0000] {processor.py:842} WARNING - No viable dags retrieved from /home/airflow/.local/lib/python3.12/site-packages/airflow/example_dags/plugins/workday.py
[2026-05-09T18:17:17.497+0000] {processor.py:183} INFO - Processing /home/airflow/.local/lib/python3.12/site-packages/airflow/example_dags/plugins/workday.py took 0.412 seconds
[2026-05-09T18:17:47.621+0000] {processor.py:161} INFO - Started process (PID=1126) to work on /home/airflow/.local/lib/python3.12/site-packages/airflow/example_dags/plugins/workday.py
[2026-05-09T18:17:47.622+0000] {processor.py:830} INFO - Processing file /home/airflow/.local/lib/python3.12/site-packages/airflow/example_dags/plugins/workday.py for tasks to queue
[2026-05-09T18:17:47.624+0000] {logging_mixin.py:188} INFO - [2026-05-09T18:17:47.623+0000] {dagbag.py:545} INFO - Filling up the DagBag from /home/airflow/.local/lib/python3.12/site-packages/airflow/example_dags/plugins/workday.py
[2026-05-09T18:17:48.078+0000] {processor.py:842} WARNING - No viable dags retrieved from /home/airflow/.local/lib/python3.12/site-packages/airflow/example_dags/plugins/workday.py
[2026-05-09T18:17:48.088+0000] {processor.py:183} INFO - Processing /home/airflow/.local/lib/python3.12/site-packages/airflow/example_dags/plugins/workday.py took 0.474 seconds
[2026-05-09T18:18:18.790+0000] {processor.py:161} INFO - Started process (PID=1186) to work on /home/airflow/.local/lib/python3.12/site-packages/airflow/example_dags/plugins/workday.py
[2026-05-09T18:18:18.791+0000] {processor.py:830} INFO - Processing file /home/airflow/.local/lib/python3.12/site-packages/airflow/example_dags/plugins/workday.py for tasks to queue
[2026-05-09T18:18:18.793+0000] {logging_mixin.py:188} INFO - [2026-05-09T18:18:18.793+0000] {dagbag.py:545} INFO - Filling up the DagBag from /home/airflow/.local/lib/python3.12/site-packages/airflow/example_dags/plugins/workday.py
[2026-05-09T18:18:19.172+0000] {processor.py:842} WARNING - No viable dags retrieved from /home/airflow/.local/lib/python3.12/site-packages/airflow/example_dags/plugins/workday.py
[2026-05-09T18:18:19.182+0000] {processor.py:183} INFO - Processing /home/airflow/.local/lib/python3.12/site-packages/airflow/example_dags/plugins/workday.py took 0.397 seconds
[2026-05-09T18:18:49.394+0000] {processor.py:161} INFO - Started process (PID=1246) to work on /home/airflow/.local/lib/python3.12/site-packages/airflow/example_dags/plugins/workday.py
[2026-05-09T18:18:49.395+0000] {processor.py:830} INFO - Processing file /home/airflow/.local/lib/python3.12/site-packages/airflow/example_dags/plugins/workday.py for tasks to queue
[2026-05-09T18:18:49.396+0000] {logging_mixin.py:188} INFO - [2026-05-09T18:18:49.396+0000] {dagbag.py:545} INFO - Filling up the DagBag from /home/airflow/.local/lib/python3.12/site-packages/airflow/example_dags/plugins/workday.py
[2026-05-09T18:18:49.755+0000] {processor.py:842} WARNING - No viable dags retrieved from /home/airflow/.local/lib/python3.12/site-packages/airflow/example_dags/plugins/workday.py
[2026-05-09T18:18:49.765+0000] {processor.py:183} INFO - Processing /home/airflow/.local/lib/python3.12/site-packages/airflow/example_dags/plugins/workday.py took 0.376 seconds
[2026-05-09T18:19:20.531+0000] {processor.py:161} INFO - Started process (PID=1306) to work on /home/airflow/.local/lib/python3.12/site-packages/airflow/example_dags/plugins/workday.py
[2026-05-09T18:19:20.532+0000] {processor.py:830} INFO - Processing file /home/airflow/.local/lib/python3.12/site-packages/airflow/example_dags/plugins/workday.py for tasks to queue
[2026-05-09T18:19:20.533+0000] {logging_mixin.py:188} INFO - [2026-05-09T18:19:20.533+0000] {dagbag.py:545} INFO - Filling up the DagBag from /home/airflow/.local/lib/python3.12/site-packages/airflow/example_dags/plugins/workday.py
[2026-05-09T18:19:20.877+0000] {processor.py:842} WARNING - No viable dags retrieved from /home/airflow/.local/lib/python3.12/site-packages/airflow/example_dags/plugins/workday.py
[2026-05-09T18:19:20.886+0000] {processor.py:183} INFO - Processing /home/airflow/.local/lib/python3.12/site-packages/airflow/example_dags/plugins/workday.py took 0.361 seconds
[2026-05-09T18:19:51.615+0000] {processor.py:161} INFO - Started process (PID=1366) to work on /home/airflow/.local/lib/python3.12/site-packages/airflow/example_dags/plugins/workday.py
[2026-05-09T18:19:51.615+0000] {processor.py:830} INFO - Processing file /home/airflow/.local/lib/python3.12/site-packages/airflow/example_dags/plugins/workday.py for tasks to queue
[2026-05-09T18:19:51.617+0000] {logging_mixin.py:188} INFO - [2026-05-09T18:19:51.617+0000] {dagbag.py:545} INFO - Filling up the DagBag from /home/airflow/.local/lib/python3.12/site-packages/airflow/example_dags/plugins/workday.py
[2026-05-09T18:19:51.951+0000] {processor.py:842} WARNING - No viable dags retrieved from /home/airflow/.local/lib/python3.12/site-packages/airflow/example_dags/plugins/workday.py
[2026-05-09T18:19:51.959+0000] {processor.py:183} INFO - Processing /home/airflow/.local/lib/python3.12/site-packages/airflow/example_dags/plugins/workday.py took 0.350 seconds
[2026-05-09T18:20:22.791+0000] {processor.py:161} INFO - Started process (PID=1426) to work on /home/airflow/.local/lib/python3.12/site-packages/airflow/example_dags/plugins/workday.py
[2026-05-09T18:20:22.792+0000] {processor.py:830} INFO - Processing file /home/airflow/.local/lib/python3.12/site-packages/airflow/example_dags/plugins/workday.py for tasks to queue
[2026-05-09T18:20:22.794+0000] {logging_mixin.py:188} INFO - [2026-05-09T18:20:22.793+0000] {dagbag.py:545} INFO - Filling up the DagBag from /home/airflow/.local/lib/python3.12/site-packages/airflow/example_dags/plugins/workday.py
[2026-05-09T18:20:23.209+0000] {processor.py:842} WARNING - No viable dags retrieved from /home/airflow/.local/lib/python3.12/site-packages/airflow/example_dags/plugins/workday.py
[2026-05-09T18:20:23.220+0000] {processor.py:183} INFO - Processing /home/airflow/.local/lib/python3.12/site-packages/airflow/example_dags/plugins/workday.py took 0.436 seconds
[2026-05-09T18:20:53.995+0000] {processor.py:161} INFO - Started process (PID=1486) to work on /home/airflow/.local/lib/python3.12/site-packages/airflow/example_dags/plugins/workday.py
[2026-05-09T18:20:53.996+0000] {processor.py:830} INFO - Processing file /home/airflow/.local/lib/python3.12/site-packages/airflow/example_dags/plugins/workday.py for tasks to queue
[2026-05-09T18:20:53.998+0000] {logging_mixin.py:188} INFO - [2026-05-09T18:20:53.997+0000] {dagbag.py:545} INFO - Filling up the DagBag from /home/airflow/.local/lib/python3.12/site-packages/airflow/example_dags/plugins/workday.py
[2026-05-09T18:20:54.404+0000] {processor.py:842} WARNING - No viable dags retrieved from /home/airflow/.local/lib/python3.12/site-packages/airflow/example_dags/plugins/workday.py
[2026-05-09T18:20:54.415+0000] {processor.py:183} INFO - Processing /home/airflow/.local/lib/python3.12/site-packages/airflow/example_dags/plugins/workday.py took 0.426 seconds
[2026-05-09T18:21:25.263+0000] {processor.py:161} INFO - Started process (PID=1546) to work on /home/airflow/.local/lib/python3.12/site-packages/airflow/example_dags/plugins/workday.py
[2026-05-09T18:21:25.264+0000] {processor.py:830} INFO - Processing file /home/airflow/.local/lib/python3.12/site-packages/airflow/example_dags/plugins/workday.py for tasks to queue
[2026-05-09T18:21:25.267+0000] {logging_mixin.py:188} INFO - [2026-05-09T18:21:25.266+0000] {dagbag.py:545} INFO - Filling up the DagBag from /home/airflow/.local/lib/python3.12/site-packages/airflow/example_dags/plugins/workday.py
[2026-05-09T18:21:25.683+0000] {processor.py:842} WARNING - No viable dags retrieved from /home/airflow/.local/lib/python3.12/site-packages/airflow/example_dags/plugins/workday.py
[2026-05-09T18:21:25.692+0000] {processor.py:183} INFO - Processing /home/airflow/.local/lib/python3.12/site-packages/airflow/example_dags/plugins/workday.py took 0.436 seconds
[2026-05-09T18:21:55.997+0000] {processor.py:161} INFO - Started process (PID=1606) to work on /home/airflow/.local/lib/python3.12/site-packages/airflow/example_dags/plugins/workday.py
[2026-05-09T18:21:55.998+0000] {processor.py:830} INFO - Processing file /home/airflow/.local/lib/python3.12/site-packages/airflow/example_dags/plugins/workday.py for tasks to queue
[2026-05-09T18:21:56.000+0000] {logging_mixin.py:188} INFO - [2026-05-09T18:21:55.999+0000] {dagbag.py:545} INFO - Filling up the DagBag from /home/airflow/.local/lib/python3.12/site-packages/airflow/example_dags/plugins/workday.py
[2026-05-09T18:21:56.388+0000] {processor.py:842} WARNING - No viable dags retrieved from /home/airflow/.local/lib/python3.12/site-packages/airflow/example_dags/plugins/workday.py
[2026-05-09T18:21:56.399+0000] {processor.py:183} INFO - Processing /home/airflow/.local/lib/python3.12/site-packages/airflow/example_dags/plugins/workday.py took 0.408 seconds
[2026-05-09T18:22:26.907+0000] {processor.py:161} INFO - Started process (PID=1666) to work on /home/airflow/.local/lib/python3.12/site-packages/airflow/example_dags/plugins/workday.py
[2026-05-09T18:22:26.908+0000] {processor.py:830} INFO - Processing file /home/airflow/.local/lib/python3.12/site-packages/airflow/example_dags/plugins/workday.py for tasks to queue
[2026-05-09T18:22:26.910+0000] {logging_mixin.py:188} INFO - [2026-05-09T18:22:26.910+0000] {dagbag.py:545} INFO - Filling up the DagBag from /home/airflow/.local/lib/python3.12/site-packages/airflow/example_dags/plugins/workday.py
[2026-05-09T18:22:27.273+0000] {processor.py:842} WARNING - No viable dags retrieved from /home/airflow/.local/lib/python3.12/site-packages/airflow/example_dags/plugins/workday.py
[2026-05-09T18:22:27.285+0000] {processor.py:183} INFO - Processing /home/airflow/.local/lib/python3.12/site-packages/airflow/example_dags/plugins/workday.py took 0.385 seconds
[2026-05-09T18:22:57.485+0000] {processor.py:161} INFO - Started process (PID=1726) to work on /home/airflow/.local/lib/python3.12/site-packages/airflow/example_dags/plugins/workday.py
[2026-05-09T18:22:57.486+0000] {processor.py:830} INFO - Processing file /home/airflow/.local/lib/python3.12/site-packages/airflow/example_dags/plugins/workday.py for tasks to queue
[2026-05-09T18:22:57.488+0000] {logging_mixin.py:188} INFO - [2026-05-09T18:22:57.487+0000] {dagbag.py:545} INFO - Filling up the DagBag from /home/airflow/.local/lib/python3.12/site-packages/airflow/example_dags/plugins/workday.py
[2026-05-09T18:22:57.929+0000] {processor.py:842} WARNING - No viable dags retrieved from /home/airflow/.local/lib/python3.12/site-packages/airflow/example_dags/plugins/workday.py
[2026-05-09T18:22:57.939+0000] {processor.py:183} INFO - Processing /home/airflow/.local/lib/python3.12/site-packages/airflow/example_dags/plugins/workday.py took 0.459 seconds
[2026-05-09T18:23:28.559+0000] {processor.py:161} INFO - Started process (PID=1786) to work on /home/airflow/.local/lib/python3.12/site-packages/airflow/example_dags/plugins/workday.py
[2026-05-09T18:23:28.560+0000] {processor.py:830} INFO - Processing file /home/airflow/.local/lib/python3.12/site-packages/airflow/example_dags/plugins/workday.py for tasks to queue
[2026-05-09T18:23:28.562+0000] {logging_mixin.py:188} INFO - [2026-05-09T18:23:28.561+0000] {dagbag.py:545} INFO - Filling up the DagBag from /home/airflow/.local/lib/python3.12/site-packages/airflow/example_dags/plugins/workday.py
[2026-05-09T18:23:28.917+0000] {processor.py:842} WARNING - No viable dags retrieved from /home/airflow/.local/lib/python3.12/site-packages/airflow/example_dags/plugins/workday.py
[2026-05-09T18:23:28.926+0000] {processor.py:183} INFO - Processing /home/airflow/.local/lib/python3.12/site-packages/airflow/example_dags/plugins/workday.py took 0.373 seconds
[2026-05-09T18:23:59.456+0000] {processor.py:161} INFO - Started process (PID=1846) to work on /home/airflow/.local/lib/python3.12/site-packages/airflow/example_dags/plugins/workday.py
[2026-05-09T18:23:59.457+0000] {processor.py:830} INFO - Processing file /home/airflow/.local/lib/python3.12/site-packages/airflow/example_dags/plugins/workday.py for tasks to queue
[2026-05-09T18:23:59.458+0000] {logging_mixin.py:188} INFO - [2026-05-09T18:23:59.458+0000] {dagbag.py:545} INFO - Filling up the DagBag from /home/airflow/.local/lib/python3.12/site-packages/airflow/example_dags/plugins/workday.py
[2026-05-09T18:23:59.804+0000] {processor.py:842} WARNING - No viable dags retrieved from /home/airflow/.local/lib/python3.12/site-packages/airflow/example_dags/plugins/workday.py
[2026-05-09T18:23:59.814+0000] {processor.py:183} INFO - Processing /home/airflow/.local/lib/python3.12/site-packages/airflow/example_dags/plugins/workday.py took 0.364 seconds
[2026-05-09T18:24:30.011+0000] {processor.py:161} INFO - Started process (PID=1906) to work on /home/airflow/.local/lib/python3.12/site-packages/airflow/example_dags/plugins/workday.py
[2026-05-09T18:24:30.012+0000] {processor.py:830} INFO - Processing file /home/airflow/.local/lib/python3.12/site-packages/airflow/example_dags/plugins/workday.py for tasks to queue
[2026-05-09T18:24:30.014+0000] {logging_mixin.py:188} INFO - [2026-05-09T18:24:30.013+0000] {dagbag.py:545} INFO - Filling up the DagBag from /home/airflow/.local/lib/python3.12/site-packages/airflow/example_dags/plugins/workday.py
[2026-05-09T18:24:30.225+0000] {processor.py:842} WARNING - No viable dags retrieved from /home/airflow/.local/lib/python3.12/site-packages/airflow/example_dags/plugins/workday.py
[2026-05-09T18:24:30.235+0000] {processor.py:183} INFO - Processing /home/airflow/.local/lib/python3.12/site-packages/airflow/example_dags/plugins/workday.py took 0.230 seconds
[2026-05-09T18:25:00.530+0000] {processor.py:161} INFO - Started process (PID=1966) to work on /home/airflow/.local/lib/python3.12/site-packages/airflow/example_dags/plugins/workday.py
[2026-05-09T18:25:00.532+0000] {processor.py:830} INFO - Processing file /home/airflow/.local/lib/python3.12/site-packages/airflow/example_dags/plugins/workday.py for tasks to queue
[2026-05-09T18:25:00.534+0000] {logging_mixin.py:188} INFO - [2026-05-09T18:25:00.534+0000] {dagbag.py:545} INFO - Filling up the DagBag from /home/airflow/.local/lib/python3.12/site-packages/airflow/example_dags/plugins/workday.py
[2026-05-09T18:25:00.845+0000] {processor.py:842} WARNING - No viable dags retrieved from /home/airflow/.local/lib/python3.12/site-packages/airflow/example_dags/plugins/workday.py
[2026-05-09T18:25:00.858+0000] {processor.py:183} INFO - Processing /home/airflow/.local/lib/python3.12/site-packages/airflow/example_dags/plugins/workday.py took 0.342 seconds
[2026-05-09T18:25:31.411+0000] {processor.py:161} INFO - Started process (PID=2026) to work on /home/airflow/.local/lib/python3.12/site-packages/airflow/example_dags/plugins/workday.py
[2026-05-09T18:25:31.412+0000] {processor.py:830} INFO - Processing file /home/airflow/.local/lib/python3.12/site-packages/airflow/example_dags/plugins/workday.py for tasks to queue
[2026-05-09T18:25:31.414+0000] {logging_mixin.py:188} INFO - [2026-05-09T18:25:31.414+0000] {dagbag.py:545} INFO - Filling up the DagBag from /home/airflow/.local/lib/python3.12/site-packages/airflow/example_dags/plugins/workday.py
[2026-05-09T18:25:31.668+0000] {processor.py:842} WARNING - No viable dags retrieved from /home/airflow/.local/lib/python3.12/site-packages/airflow/example_dags/plugins/workday.py
[2026-05-09T18:25:31.680+0000] {processor.py:183} INFO - Processing /home/airflow/.local/lib/python3.12/site-packages/airflow/example_dags/plugins/workday.py took 0.277 seconds
[2026-05-09T18:26:02.211+0000] {processor.py:161} INFO - Started process (PID=2086) to work on /home/airflow/.local/lib/python3.12/site-packages/airflow/example_dags/plugins/workday.py
[2026-05-09T18:26:02.212+0000] {processor.py:830} INFO - Processing file /home/airflow/.local/lib/python3.12/site-packages/airflow/example_dags/plugins/workday.py for tasks to queue
[2026-05-09T18:26:02.213+0000] {logging_mixin.py:188} INFO - [2026-05-09T18:26:02.212+0000] {dagbag.py:545} INFO - Filling up the DagBag from /home/airflow/.local/lib/python3.12/site-packages/airflow/example_dags/plugins/workday.py
[2026-05-09T18:26:02.515+0000] {processor.py:842} WARNING - No viable dags retrieved from /home/airflow/.local/lib/python3.12/site-packages/airflow/example_dags/plugins/workday.py
[2026-05-09T18:26:02.536+0000] {processor.py:183} INFO - Processing /home/airflow/.local/lib/python3.12/site-packages/airflow/example_dags/plugins/workday.py took 0.334 seconds
[2026-05-09T18:26:33.079+0000] {processor.py:161} INFO - Started process (PID=2145) to work on /home/airflow/.local/lib/python3.12/site-packages/airflow/example_dags/plugins/workday.py
[2026-05-09T18:26:33.079+0000] {processor.py:830} INFO - Processing file /home/airflow/.local/lib/python3.12/site-packages/airflow/example_dags/plugins/workday.py for tasks to queue
[2026-05-09T18:26:33.080+0000] {logging_mixin.py:188} INFO - [2026-05-09T18:26:33.080+0000] {dagbag.py:545} INFO - Filling up the DagBag from /home/airflow/.local/lib/python3.12/site-packages/airflow/example_dags/plugins/workday.py
[2026-05-09T18:26:33.314+0000] {processor.py:842} WARNING - No viable dags retrieved from /home/airflow/.local/lib/python3.12/site-packages/airflow/example_dags/plugins/workday.py
[2026-05-09T18:26:33.330+0000] {processor.py:183} INFO - Processing /home/airflow/.local/lib/python3.12/site-packages/airflow/example_dags/plugins/workday.py took 0.260 seconds
[2026-05-09T18:27:03.564+0000] {processor.py:161} INFO - Started process (PID=2204) to work on /home/airflow/.local/lib/python3.12/site-packages/airflow/example_dags/plugins/workday.py
[2026-05-09T18:27:03.566+0000] {processor.py:830} INFO - Processing file /home/airflow/.local/lib/python3.12/site-packages/airflow/example_dags/plugins/workday.py for tasks to queue
[2026-05-09T18:27:03.567+0000] {logging_mixin.py:188} INFO - [2026-05-09T18:27:03.567+0000] {dagbag.py:545} INFO - Filling up the DagBag from /home/airflow/.local/lib/python3.12/site-packages/airflow/example_dags/plugins/workday.py
[2026-05-09T18:27:03.891+0000] {processor.py:842} WARNING - No viable dags retrieved from /home/airflow/.local/lib/python3.12/site-packages/airflow/example_dags/plugins/workday.py
[2026-05-09T18:27:03.910+0000] {processor.py:183} INFO - Processing /home/airflow/.local/lib/python3.12/site-packages/airflow/example_dags/plugins/workday.py took 0.357 seconds
[2026-05-09T18:27:58.847+0000] {processor.py:161} INFO - Started process (PID=100) to work on /home/airflow/.local/lib/python3.12/site-packages/airflow/example_dags/plugins/workday.py
[2026-05-09T18:27:58.848+0000] {processor.py:830} INFO - Processing file /home/airflow/.local/lib/python3.12/site-packages/airflow/example_dags/plugins/workday.py for tasks to queue
[2026-05-09T18:27:58.850+0000] {logging_mixin.py:188} INFO - [2026-05-09T18:27:58.850+0000] {dagbag.py:545} INFO - Filling up the DagBag from /home/airflow/.local/lib/python3.12/site-packages/airflow/example_dags/plugins/workday.py
[2026-05-09T18:27:59.932+0000] {processor.py:842} WARNING - No viable dags retrieved from /home/airflow/.local/lib/python3.12/site-packages/airflow/example_dags/plugins/workday.py
[2026-05-09T18:27:59.943+0000] {processor.py:183} INFO - Processing /home/airflow/.local/lib/python3.12/site-packages/airflow/example_dags/plugins/workday.py took 1.107 seconds
[2026-05-09T18:28:32.088+0000] {processor.py:161} INFO - Started process (PID=169) to work on /home/airflow/.local/lib/python3.12/site-packages/airflow/example_dags/plugins/workday.py
[2026-05-09T18:28:32.089+0000] {processor.py:830} INFO - Processing file /home/airflow/.local/lib/python3.12/site-packages/airflow/example_dags/plugins/workday.py for tasks to queue
[2026-05-09T18:28:32.090+0000] {logging_mixin.py:188} INFO - [2026-05-09T18:28:32.090+0000] {dagbag.py:545} INFO - Filling up the DagBag from /home/airflow/.local/lib/python3.12/site-packages/airflow/example_dags/plugins/workday.py
[2026-05-09T18:28:32.548+0000] {processor.py:842} WARNING - No viable dags retrieved from /home/airflow/.local/lib/python3.12/site-packages/airflow/example_dags/plugins/workday.py
[2026-05-09T18:28:32.559+0000] {processor.py:183} INFO - Processing /home/airflow/.local/lib/python3.12/site-packages/airflow/example_dags/plugins/workday.py took 0.477 seconds
[2026-05-09T18:29:03.206+0000] {processor.py:161} INFO - Started process (PID=228) to work on /home/airflow/.local/lib/python3.12/site-packages/airflow/example_dags/plugins/workday.py
[2026-05-09T18:29:03.207+0000] {processor.py:830} INFO - Processing file /home/airflow/.local/lib/python3.12/site-packages/airflow/example_dags/plugins/workday.py for tasks to queue
[2026-05-09T18:29:03.209+0000] {logging_mixin.py:188} INFO - [2026-05-09T18:29:03.209+0000] {dagbag.py:545} INFO - Filling up the DagBag from /home/airflow/.local/lib/python3.12/site-packages/airflow/example_dags/plugins/workday.py
[2026-05-09T18:29:03.687+0000] {processor.py:842} WARNING - No viable dags retrieved from /home/airflow/.local/lib/python3.12/site-packages/airflow/example_dags/plugins/workday.py
[2026-05-09T18:29:03.698+0000] {processor.py:183} INFO - Processing /home/airflow/.local/lib/python3.12/site-packages/airflow/example_dags/plugins/workday.py took 0.499 seconds
[2026-05-09T18:30:24.037+0000] {processor.py:161} INFO - Started process (PID=106) to work on /home/airflow/.local/lib/python3.12/site-packages/airflow/example_dags/plugins/workday.py
[2026-05-09T18:30:24.037+0000] {processor.py:830} INFO - Processing file /home/airflow/.local/lib/python3.12/site-packages/airflow/example_dags/plugins/workday.py for tasks to queue
[2026-05-09T18:30:24.039+0000] {logging_mixin.py:188} INFO - [2026-05-09T18:30:24.039+0000] {dagbag.py:545} INFO - Filling up the DagBag from /home/airflow/.local/lib/python3.12/site-packages/airflow/example_dags/plugins/workday.py
[2026-05-09T18:30:25.215+0000] {processor.py:842} WARNING - No viable dags retrieved from /home/airflow/.local/lib/python3.12/site-packages/airflow/example_dags/plugins/workday.py
[2026-05-09T18:30:25.226+0000] {processor.py:183} INFO - Processing /home/airflow/.local/lib/python3.12/site-packages/airflow/example_dags/plugins/workday.py took 1.198 seconds
[2026-05-09T18:30:56.014+0000] {processor.py:161} INFO - Started process (PID=168) to work on /home/airflow/.local/lib/python3.12/site-packages/airflow/example_dags/plugins/workday.py
[2026-05-09T18:30:56.015+0000] {processor.py:830} INFO - Processing file /home/airflow/.local/lib/python3.12/site-packages/airflow/example_dags/plugins/workday.py for tasks to queue
[2026-05-09T18:30:56.017+0000] {logging_mixin.py:188} INFO - [2026-05-09T18:30:56.017+0000] {dagbag.py:545} INFO - Filling up the DagBag from /home/airflow/.local/lib/python3.12/site-packages/airflow/example_dags/plugins/workday.py
[2026-05-09T18:30:56.423+0000] {processor.py:842} WARNING - No viable dags retrieved from /home/airflow/.local/lib/python3.12/site-packages/airflow/example_dags/plugins/workday.py
[2026-05-09T18:30:56.432+0000] {processor.py:183} INFO - Processing /home/airflow/.local/lib/python3.12/site-packages/airflow/example_dags/plugins/workday.py took 0.427 seconds
[2026-05-09T18:31:26.812+0000] {processor.py:161} INFO - Started process (PID=227) to work on /home/airflow/.local/lib/python3.12/site-packages/airflow/example_dags/plugins/workday.py
[2026-05-09T18:31:26.813+0000] {processor.py:830} INFO - Processing file /home/airflow/.local/lib/python3.12/site-packages/airflow/example_dags/plugins/workday.py for tasks to queue
[2026-05-09T18:31:26.814+0000] {logging_mixin.py:188} INFO - [2026-05-09T18:31:26.814+0000] {dagbag.py:545} INFO - Filling up the DagBag from /home/airflow/.local/lib/python3.12/site-packages/airflow/example_dags/plugins/workday.py
[2026-05-09T18:31:27.213+0000] {processor.py:842} WARNING - No viable dags retrieved from /home/airflow/.local/lib/python3.12/site-packages/airflow/example_dags/plugins/workday.py
[2026-05-09T18:31:27.223+0000] {processor.py:183} INFO - Processing /home/airflow/.local/lib/python3.12/site-packages/airflow/example_dags/plugins/workday.py took 0.418 seconds
[2026-05-09T18:31:57.667+0000] {processor.py:161} INFO - Started process (PID=283) to work on /home/airflow/.local/lib/python3.12/site-packages/airflow/example_dags/plugins/workday.py
[2026-05-09T18:31:57.668+0000] {processor.py:830} INFO - Processing file /home/airflow/.local/lib/python3.12/site-packages/airflow/example_dags/plugins/workday.py for tasks to queue
[2026-05-09T18:31:57.669+0000] {logging_mixin.py:188} INFO - [2026-05-09T18:31:57.669+0000] {dagbag.py:545} INFO - Filling up the DagBag from /home/airflow/.local/lib/python3.12/site-packages/airflow/example_dags/plugins/workday.py
[2026-05-09T18:31:58.056+0000] {processor.py:842} WARNING - No viable dags retrieved from /home/airflow/.local/lib/python3.12/site-packages/airflow/example_dags/plugins/workday.py
[2026-05-09T18:31:58.065+0000] {processor.py:183} INFO - Processing /home/airflow/.local/lib/python3.12/site-packages/airflow/example_dags/plugins/workday.py took 0.404 seconds
[2026-05-09T18:32:28.492+0000] {processor.py:161} INFO - Started process (PID=342) to work on /home/airflow/.local/lib/python3.12/site-packages/airflow/example_dags/plugins/workday.py
[2026-05-09T18:32:28.493+0000] {processor.py:830} INFO - Processing file /home/airflow/.local/lib/python3.12/site-packages/airflow/example_dags/plugins/workday.py for tasks to queue
[2026-05-09T18:32:28.494+0000] {logging_mixin.py:188} INFO - [2026-05-09T18:32:28.494+0000] {dagbag.py:545} INFO - Filling up the DagBag from /home/airflow/.local/lib/python3.12/site-packages/airflow/example_dags/plugins/workday.py
[2026-05-09T18:32:28.856+0000] {processor.py:842} WARNING - No viable dags retrieved from /home/airflow/.local/lib/python3.12/site-packages/airflow/example_dags/plugins/workday.py
[2026-05-09T18:32:28.865+0000] {processor.py:183} INFO - Processing /home/airflow/.local/lib/python3.12/site-packages/airflow/example_dags/plugins/workday.py took 0.379 seconds
[2026-05-09T18:32:59.306+0000] {processor.py:161} INFO - Started process (PID=401) to work on /home/airflow/.local/lib/python3.12/site-packages/airflow/example_dags/plugins/workday.py
[2026-05-09T18:32:59.307+0000] {processor.py:830} INFO - Processing file /home/airflow/.local/lib/python3.12/site-packages/airflow/example_dags/plugins/workday.py for tasks to queue
[2026-05-09T18:32:59.308+0000] {logging_mixin.py:188} INFO - [2026-05-09T18:32:59.308+0000] {dagbag.py:545} INFO - Filling up the DagBag from /home/airflow/.local/lib/python3.12/site-packages/airflow/example_dags/plugins/workday.py
[2026-05-09T18:32:59.667+0000] {processor.py:842} WARNING - No viable dags retrieved from /home/airflow/.local/lib/python3.12/site-packages/airflow/example_dags/plugins/workday.py
[2026-05-09T18:32:59.676+0000] {processor.py:183} INFO - Processing /home/airflow/.local/lib/python3.12/site-packages/airflow/example_dags/plugins/workday.py took 0.376 seconds
[2026-05-09T18:33:30.211+0000] {processor.py:161} INFO - Started process (PID=463) to work on /home/airflow/.local/lib/python3.12/site-packages/airflow/example_dags/plugins/workday.py
[2026-05-09T18:33:30.212+0000] {processor.py:830} INFO - Processing file /home/airflow/.local/lib/python3.12/site-packages/airflow/example_dags/plugins/workday.py for tasks to queue
[2026-05-09T18:33:30.214+0000] {logging_mixin.py:188} INFO - [2026-05-09T18:33:30.213+0000] {dagbag.py:545} INFO - Filling up the DagBag from /home/airflow/.local/lib/python3.12/site-packages/airflow/example_dags/plugins/workday.py
[2026-05-09T18:33:30.570+0000] {processor.py:842} WARNING - No viable dags retrieved from /home/airflow/.local/lib/python3.12/site-packages/airflow/example_dags/plugins/workday.py
[2026-05-09T18:33:30.580+0000] {processor.py:183} INFO - Processing /home/airflow/.local/lib/python3.12/site-packages/airflow/example_dags/plugins/workday.py took 0.375 seconds
[2026-05-09T18:34:01.290+0000] {processor.py:161} INFO - Started process (PID=522) to work on /home/airflow/.local/lib/python3.12/site-packages/airflow/example_dags/plugins/workday.py
[2026-05-09T18:34:01.290+0000] {processor.py:830} INFO - Processing file /home/airflow/.local/lib/python3.12/site-packages/airflow/example_dags/plugins/workday.py for tasks to queue
[2026-05-09T18:34:01.292+0000] {logging_mixin.py:188} INFO - [2026-05-09T18:34:01.292+0000] {dagbag.py:545} INFO - Filling up the DagBag from /home/airflow/.local/lib/python3.12/site-packages/airflow/example_dags/plugins/workday.py
[2026-05-09T18:34:01.678+0000] {processor.py:842} WARNING - No viable dags retrieved from /home/airflow/.local/lib/python3.12/site-packages/airflow/example_dags/plugins/workday.py
[2026-05-09T18:34:01.687+0000] {processor.py:183} INFO - Processing /home/airflow/.local/lib/python3.12/site-packages/airflow/example_dags/plugins/workday.py took 0.403 seconds
[2026-05-09T18:34:32.431+0000] {processor.py:161} INFO - Started process (PID=581) to work on /home/airflow/.local/lib/python3.12/site-packages/airflow/example_dags/plugins/workday.py
[2026-05-09T18:34:32.432+0000] {processor.py:830} INFO - Processing file /home/airflow/.local/lib/python3.12/site-packages/airflow/example_dags/plugins/workday.py for tasks to queue
[2026-05-09T18:34:32.434+0000] {logging_mixin.py:188} INFO - [2026-05-09T18:34:32.434+0000] {dagbag.py:545} INFO - Filling up the DagBag from /home/airflow/.local/lib/python3.12/site-packages/airflow/example_dags/plugins/workday.py
[2026-05-09T18:34:32.791+0000] {processor.py:842} WARNING - No viable dags retrieved from /home/airflow/.local/lib/python3.12/site-packages/airflow/example_dags/plugins/workday.py
[2026-05-09T18:34:32.800+0000] {processor.py:183} INFO - Processing /home/airflow/.local/lib/python3.12/site-packages/airflow/example_dags/plugins/workday.py took 0.374 seconds
[2026-05-09T18:35:03.647+0000] {processor.py:161} INFO - Started process (PID=640) to work on /home/airflow/.local/lib/python3.12/site-packages/airflow/example_dags/plugins/workday.py
[2026-05-09T18:35:03.648+0000] {processor.py:830} INFO - Processing file /home/airflow/.local/lib/python3.12/site-packages/airflow/example_dags/plugins/workday.py for tasks to queue
[2026-05-09T18:35:03.650+0000] {logging_mixin.py:188} INFO - [2026-05-09T18:35:03.649+0000] {dagbag.py:545} INFO - Filling up the DagBag from /home/airflow/.local/lib/python3.12/site-packages/airflow/example_dags/plugins/workday.py
[2026-05-09T18:35:04.056+0000] {processor.py:842} WARNING - No viable dags retrieved from /home/airflow/.local/lib/python3.12/site-packages/airflow/example_dags/plugins/workday.py
[2026-05-09T18:35:04.066+0000] {processor.py:183} INFO - Processing /home/airflow/.local/lib/python3.12/site-packages/airflow/example_dags/plugins/workday.py took 0.426 seconds
[2026-05-09T18:35:34.182+0000] {processor.py:161} INFO - Started process (PID=699) to work on /home/airflow/.local/lib/python3.12/site-packages/airflow/example_dags/plugins/workday.py
[2026-05-09T18:35:34.183+0000] {processor.py:830} INFO - Processing file /home/airflow/.local/lib/python3.12/site-packages/airflow/example_dags/plugins/workday.py for tasks to queue
[2026-05-09T18:35:34.184+0000] {logging_mixin.py:188} INFO - [2026-05-09T18:35:34.184+0000] {dagbag.py:545} INFO - Filling up the DagBag from /home/airflow/.local/lib/python3.12/site-packages/airflow/example_dags/plugins/workday.py
[2026-05-09T18:35:34.588+0000] {processor.py:842} WARNING - No viable dags retrieved from /home/airflow/.local/lib/python3.12/site-packages/airflow/example_dags/plugins/workday.py
[2026-05-09T18:35:34.602+0000] {processor.py:183} INFO - Processing /home/airflow/.local/lib/python3.12/site-packages/airflow/example_dags/plugins/workday.py took 0.427 seconds
[2026-05-09T18:36:05.056+0000] {processor.py:161} INFO - Started process (PID=755) to work on /home/airflow/.local/lib/python3.12/site-packages/airflow/example_dags/plugins/workday.py
[2026-05-09T18:36:05.057+0000] {processor.py:830} INFO - Processing file /home/airflow/.local/lib/python3.12/site-packages/airflow/example_dags/plugins/workday.py for tasks to queue
[2026-05-09T18:36:05.058+0000] {logging_mixin.py:188} INFO - [2026-05-09T18:36:05.058+0000] {dagbag.py:545} INFO - Filling up the DagBag from /home/airflow/.local/lib/python3.12/site-packages/airflow/example_dags/plugins/workday.py
[2026-05-09T18:36:05.464+0000] {processor.py:842} WARNING - No viable dags retrieved from /home/airflow/.local/lib/python3.12/site-packages/airflow/example_dags/plugins/workday.py
[2026-05-09T18:36:05.474+0000] {processor.py:183} INFO - Processing /home/airflow/.local/lib/python3.12/site-packages/airflow/example_dags/plugins/workday.py took 0.425 seconds
[2026-05-09T18:36:36.436+0000] {processor.py:161} INFO - Started process (PID=815) to work on /home/airflow/.local/lib/python3.12/site-packages/airflow/example_dags/plugins/workday.py
[2026-05-09T18:36:36.437+0000] {processor.py:830} INFO - Processing file /home/airflow/.local/lib/python3.12/site-packages/airflow/example_dags/plugins/workday.py for tasks to queue
[2026-05-09T18:36:36.438+0000] {logging_mixin.py:188} INFO - [2026-05-09T18:36:36.438+0000] {dagbag.py:545} INFO - Filling up the DagBag from /home/airflow/.local/lib/python3.12/site-packages/airflow/example_dags/plugins/workday.py
[2026-05-09T18:36:36.959+0000] {processor.py:842} WARNING - No viable dags retrieved from /home/airflow/.local/lib/python3.12/site-packages/airflow/example_dags/plugins/workday.py
[2026-05-09T18:36:36.978+0000] {processor.py:183} INFO - Processing /home/airflow/.local/lib/python3.12/site-packages/airflow/example_dags/plugins/workday.py took 0.548 seconds
[2026-05-09T18:37:07.089+0000] {processor.py:161} INFO - Started process (PID=876) to work on /home/airflow/.local/lib/python3.12/site-packages/airflow/example_dags/plugins/workday.py
[2026-05-09T18:37:07.090+0000] {processor.py:830} INFO - Processing file /home/airflow/.local/lib/python3.12/site-packages/airflow/example_dags/plugins/workday.py for tasks to queue
[2026-05-09T18:37:07.092+0000] {logging_mixin.py:188} INFO - [2026-05-09T18:37:07.092+0000] {dagbag.py:545} INFO - Filling up the DagBag from /home/airflow/.local/lib/python3.12/site-packages/airflow/example_dags/plugins/workday.py
[2026-05-09T18:37:07.476+0000] {processor.py:842} WARNING - No viable dags retrieved from /home/airflow/.local/lib/python3.12/site-packages/airflow/example_dags/plugins/workday.py
[2026-05-09T18:37:07.487+0000] {processor.py:183} INFO - Processing /home/airflow/.local/lib/python3.12/site-packages/airflow/example_dags/plugins/workday.py took 0.405 seconds
[2026-05-09T18:37:38.452+0000] {processor.py:161} INFO - Started process (PID=935) to work on /home/airflow/.local/lib/python3.12/site-packages/airflow/example_dags/plugins/workday.py
[2026-05-09T18:37:38.453+0000] {processor.py:830} INFO - Processing file /home/airflow/.local/lib/python3.12/site-packages/airflow/example_dags/plugins/workday.py for tasks to queue
[2026-05-09T18:37:38.455+0000] {logging_mixin.py:188} INFO - [2026-05-09T18:37:38.454+0000] {dagbag.py:545} INFO - Filling up the DagBag from /home/airflow/.local/lib/python3.12/site-packages/airflow/example_dags/plugins/workday.py
[2026-05-09T18:37:38.864+0000] {processor.py:842} WARNING - No viable dags retrieved from /home/airflow/.local/lib/python3.12/site-packages/airflow/example_dags/plugins/workday.py
[2026-05-09T18:37:38.874+0000] {processor.py:183} INFO - Processing /home/airflow/.local/lib/python3.12/site-packages/airflow/example_dags/plugins/workday.py took 0.428 seconds
[2026-05-09T18:38:09.112+0000] {processor.py:161} INFO - Started process (PID=994) to work on /home/airflow/.local/lib/python3.12/site-packages/airflow/example_dags/plugins/workday.py
[2026-05-09T18:38:09.113+0000] {processor.py:830} INFO - Processing file /home/airflow/.local/lib/python3.12/site-packages/airflow/example_dags/plugins/workday.py for tasks to queue
[2026-05-09T18:38:09.115+0000] {logging_mixin.py:188} INFO - [2026-05-09T18:38:09.115+0000] {dagbag.py:545} INFO - Filling up the DagBag from /home/airflow/.local/lib/python3.12/site-packages/airflow/example_dags/plugins/workday.py
[2026-05-09T18:38:09.483+0000] {processor.py:842} WARNING - No viable dags retrieved from /home/airflow/.local/lib/python3.12/site-packages/airflow/example_dags/plugins/workday.py
[2026-05-09T18:38:09.493+0000] {processor.py:183} INFO - Processing /home/airflow/.local/lib/python3.12/site-packages/airflow/example_dags/plugins/workday.py took 0.388 seconds
[2026-05-09T18:38:39.874+0000] {processor.py:161} INFO - Started process (PID=1053) to work on /home/airflow/.local/lib/python3.12/site-packages/airflow/example_dags/plugins/workday.py
[2026-05-09T18:38:39.875+0000] {processor.py:830} INFO - Processing file /home/airflow/.local/lib/python3.12/site-packages/airflow/example_dags/plugins/workday.py for tasks to queue
[2026-05-09T18:38:39.876+0000] {logging_mixin.py:188} INFO - [2026-05-09T18:38:39.876+0000] {dagbag.py:545} INFO - Filling up the DagBag from /home/airflow/.local/lib/python3.12/site-packages/airflow/example_dags/plugins/workday.py
[2026-05-09T18:38:40.249+0000] {processor.py:842} WARNING - No viable dags retrieved from /home/airflow/.local/lib/python3.12/site-packages/airflow/example_dags/plugins/workday.py
[2026-05-09T18:38:40.259+0000] {processor.py:183} INFO - Processing /home/airflow/.local/lib/python3.12/site-packages/airflow/example_dags/plugins/workday.py took 0.391 seconds
[2026-05-09T18:39:11.611+0000] {processor.py:161} INFO - Started process (PID=1112) to work on /home/airflow/.local/lib/python3.12/site-packages/airflow/example_dags/plugins/workday.py
[2026-05-09T18:39:11.612+0000] {processor.py:830} INFO - Processing file /home/airflow/.local/lib/python3.12/site-packages/airflow/example_dags/plugins/workday.py for tasks to queue
[2026-05-09T18:39:11.614+0000] {logging_mixin.py:188} INFO - [2026-05-09T18:39:11.614+0000] {dagbag.py:545} INFO - Filling up the DagBag from /home/airflow/.local/lib/python3.12/site-packages/airflow/example_dags/plugins/workday.py
[2026-05-09T18:39:12.102+0000] {processor.py:842} WARNING - No viable dags retrieved from /home/airflow/.local/lib/python3.12/site-packages/airflow/example_dags/plugins/workday.py
[2026-05-09T18:39:12.113+0000] {processor.py:183} INFO - Processing /home/airflow/.local/lib/python3.12/site-packages/airflow/example_dags/plugins/workday.py took 0.510 seconds
[2026-05-09T18:39:42.596+0000] {processor.py:161} INFO - Started process (PID=1169) to work on /home/airflow/.local/lib/python3.12/site-packages/airflow/example_dags/plugins/workday.py
[2026-05-09T18:39:42.597+0000] {processor.py:830} INFO - Processing file /home/airflow/.local/lib/python3.12/site-packages/airflow/example_dags/plugins/workday.py for tasks to queue
[2026-05-09T18:39:42.600+0000] {logging_mixin.py:188} INFO - [2026-05-09T18:39:42.599+0000] {dagbag.py:545} INFO - Filling up the DagBag from /home/airflow/.local/lib/python3.12/site-packages/airflow/example_dags/plugins/workday.py
[2026-05-09T18:39:42.968+0000] {processor.py:842} WARNING - No viable dags retrieved from /home/airflow/.local/lib/python3.12/site-packages/airflow/example_dags/plugins/workday.py
[2026-05-09T18:39:42.977+0000] {processor.py:183} INFO - Processing /home/airflow/.local/lib/python3.12/site-packages/airflow/example_dags/plugins/workday.py took 0.390 seconds
[2026-05-09T18:40:13.221+0000] {processor.py:161} INFO - Started process (PID=1230) to work on /home/airflow/.local/lib/python3.12/site-packages/airflow/example_dags/plugins/workday.py
[2026-05-09T18:40:13.222+0000] {processor.py:830} INFO - Processing file /home/airflow/.local/lib/python3.12/site-packages/airflow/example_dags/plugins/workday.py for tasks to queue
[2026-05-09T18:40:13.224+0000] {logging_mixin.py:188} INFO - [2026-05-09T18:40:13.223+0000] {dagbag.py:545} INFO - Filling up the DagBag from /home/airflow/.local/lib/python3.12/site-packages/airflow/example_dags/plugins/workday.py
[2026-05-09T18:40:13.632+0000] {processor.py:842} WARNING - No viable dags retrieved from /home/airflow/.local/lib/python3.12/site-packages/airflow/example_dags/plugins/workday.py
[2026-05-09T18:40:13.643+0000] {processor.py:183} INFO - Processing /home/airflow/.local/lib/python3.12/site-packages/airflow/example_dags/plugins/workday.py took 0.429 seconds
[2026-05-09T18:40:44.030+0000] {processor.py:161} INFO - Started process (PID=1286) to work on /home/airflow/.local/lib/python3.12/site-packages/airflow/example_dags/plugins/workday.py
[2026-05-09T18:40:44.030+0000] {processor.py:830} INFO - Processing file /home/airflow/.local/lib/python3.12/site-packages/airflow/example_dags/plugins/workday.py for tasks to queue
[2026-05-09T18:40:44.032+0000] {logging_mixin.py:188} INFO - [2026-05-09T18:40:44.032+0000] {dagbag.py:545} INFO - Filling up the DagBag from /home/airflow/.local/lib/python3.12/site-packages/airflow/example_dags/plugins/workday.py
[2026-05-09T18:40:44.573+0000] {processor.py:842} WARNING - No viable dags retrieved from /home/airflow/.local/lib/python3.12/site-packages/airflow/example_dags/plugins/workday.py
[2026-05-09T18:40:44.641+0000] {processor.py:183} INFO - Processing /home/airflow/.local/lib/python3.12/site-packages/airflow/example_dags/plugins/workday.py took 0.617 seconds
[2026-05-09T18:41:15.680+0000] {processor.py:161} INFO - Started process (PID=1345) to work on /home/airflow/.local/lib/python3.12/site-packages/airflow/example_dags/plugins/workday.py
[2026-05-09T18:41:15.681+0000] {processor.py:830} INFO - Processing file /home/airflow/.local/lib/python3.12/site-packages/airflow/example_dags/plugins/workday.py for tasks to queue
[2026-05-09T18:41:15.683+0000] {logging_mixin.py:188} INFO - [2026-05-09T18:41:15.683+0000] {dagbag.py:545} INFO - Filling up the DagBag from /home/airflow/.local/lib/python3.12/site-packages/airflow/example_dags/plugins/workday.py
[2026-05-09T18:41:16.056+0000] {processor.py:842} WARNING - No viable dags retrieved from /home/airflow/.local/lib/python3.12/site-packages/airflow/example_dags/plugins/workday.py
[2026-05-09T18:41:16.066+0000] {processor.py:183} INFO - Processing /home/airflow/.local/lib/python3.12/site-packages/airflow/example_dags/plugins/workday.py took 0.392 seconds
[2026-05-09T18:41:46.866+0000] {processor.py:161} INFO - Started process (PID=1407) to work on /home/airflow/.local/lib/python3.12/site-packages/airflow/example_dags/plugins/workday.py
[2026-05-09T18:41:46.867+0000] {processor.py:830} INFO - Processing file /home/airflow/.local/lib/python3.12/site-packages/airflow/example_dags/plugins/workday.py for tasks to queue
[2026-05-09T18:41:46.869+0000] {logging_mixin.py:188} INFO - [2026-05-09T18:41:46.869+0000] {dagbag.py:545} INFO - Filling up the DagBag from /home/airflow/.local/lib/python3.12/site-packages/airflow/example_dags/plugins/workday.py
[2026-05-09T18:41:47.230+0000] {processor.py:842} WARNING - No viable dags retrieved from /home/airflow/.local/lib/python3.12/site-packages/airflow/example_dags/plugins/workday.py
[2026-05-09T18:41:47.239+0000] {processor.py:183} INFO - Processing /home/airflow/.local/lib/python3.12/site-packages/airflow/example_dags/plugins/workday.py took 0.378 seconds
[2026-05-09T18:42:17.526+0000] {processor.py:161} INFO - Started process (PID=1466) to work on /home/airflow/.local/lib/python3.12/site-packages/airflow/example_dags/plugins/workday.py
[2026-05-09T18:42:17.527+0000] {processor.py:830} INFO - Processing file /home/airflow/.local/lib/python3.12/site-packages/airflow/example_dags/plugins/workday.py for tasks to queue
[2026-05-09T18:42:17.530+0000] {logging_mixin.py:188} INFO - [2026-05-09T18:42:17.529+0000] {dagbag.py:545} INFO - Filling up the DagBag from /home/airflow/.local/lib/python3.12/site-packages/airflow/example_dags/plugins/workday.py
[2026-05-09T18:42:17.946+0000] {processor.py:842} WARNING - No viable dags retrieved from /home/airflow/.local/lib/python3.12/site-packages/airflow/example_dags/plugins/workday.py
[2026-05-09T18:42:17.956+0000] {processor.py:183} INFO - Processing /home/airflow/.local/lib/python3.12/site-packages/airflow/example_dags/plugins/workday.py took 0.438 seconds
[2026-05-09T18:42:48.443+0000] {processor.py:161} INFO - Started process (PID=1525) to work on /home/airflow/.local/lib/python3.12/site-packages/airflow/example_dags/plugins/workday.py
[2026-05-09T18:42:48.444+0000] {processor.py:830} INFO - Processing file /home/airflow/.local/lib/python3.12/site-packages/airflow/example_dags/plugins/workday.py for tasks to queue
[2026-05-09T18:42:48.445+0000] {logging_mixin.py:188} INFO - [2026-05-09T18:42:48.445+0000] {dagbag.py:545} INFO - Filling up the DagBag from /home/airflow/.local/lib/python3.12/site-packages/airflow/example_dags/plugins/workday.py
[2026-05-09T18:42:48.820+0000] {processor.py:842} WARNING - No viable dags retrieved from /home/airflow/.local/lib/python3.12/site-packages/airflow/example_dags/plugins/workday.py
[2026-05-09T18:42:48.830+0000] {processor.py:183} INFO - Processing /home/airflow/.local/lib/python3.12/site-packages/airflow/example_dags/plugins/workday.py took 0.392 seconds
[2026-05-09T18:43:19.619+0000] {processor.py:161} INFO - Started process (PID=1584) to work on /home/airflow/.local/lib/python3.12/site-packages/airflow/example_dags/plugins/workday.py
[2026-05-09T18:43:19.620+0000] {processor.py:830} INFO - Processing file /home/airflow/.local/lib/python3.12/site-packages/airflow/example_dags/plugins/workday.py for tasks to queue
[2026-05-09T18:43:19.621+0000] {logging_mixin.py:188} INFO - [2026-05-09T18:43:19.621+0000] {dagbag.py:545} INFO - Filling up the DagBag from /home/airflow/.local/lib/python3.12/site-packages/airflow/example_dags/plugins/workday.py
[2026-05-09T18:43:19.978+0000] {processor.py:842} WARNING - No viable dags retrieved from /home/airflow/.local/lib/python3.12/site-packages/airflow/example_dags/plugins/workday.py
[2026-05-09T18:43:19.988+0000] {processor.py:183} INFO - Processing /home/airflow/.local/lib/python3.12/site-packages/airflow/example_dags/plugins/workday.py took 0.374 seconds
[2026-05-09T18:46:11.677+0000] {processor.py:161} INFO - Started process (PID=100) to work on /home/airflow/.local/lib/python3.12/site-packages/airflow/example_dags/plugins/workday.py
[2026-05-09T18:46:11.678+0000] {processor.py:830} INFO - Processing file /home/airflow/.local/lib/python3.12/site-packages/airflow/example_dags/plugins/workday.py for tasks to queue
[2026-05-09T18:46:11.680+0000] {logging_mixin.py:188} INFO - [2026-05-09T18:46:11.680+0000] {dagbag.py:545} INFO - Filling up the DagBag from /home/airflow/.local/lib/python3.12/site-packages/airflow/example_dags/plugins/workday.py
[2026-05-09T18:46:12.949+0000] {processor.py:842} WARNING - No viable dags retrieved from /home/airflow/.local/lib/python3.12/site-packages/airflow/example_dags/plugins/workday.py
[2026-05-09T18:46:12.963+0000] {processor.py:183} INFO - Processing /home/airflow/.local/lib/python3.12/site-packages/airflow/example_dags/plugins/workday.py took 1.293 seconds
[2026-05-09T18:46:43.601+0000] {processor.py:161} INFO - Started process (PID=162) to work on /home/airflow/.local/lib/python3.12/site-packages/airflow/example_dags/plugins/workday.py
[2026-05-09T18:46:43.601+0000] {processor.py:830} INFO - Processing file /home/airflow/.local/lib/python3.12/site-packages/airflow/example_dags/plugins/workday.py for tasks to queue
[2026-05-09T18:46:43.603+0000] {logging_mixin.py:188} INFO - [2026-05-09T18:46:43.603+0000] {dagbag.py:545} INFO - Filling up the DagBag from /home/airflow/.local/lib/python3.12/site-packages/airflow/example_dags/plugins/workday.py
[2026-05-09T18:46:43.997+0000] {processor.py:842} WARNING - No viable dags retrieved from /home/airflow/.local/lib/python3.12/site-packages/airflow/example_dags/plugins/workday.py
[2026-05-09T18:46:44.007+0000] {processor.py:183} INFO - Processing /home/airflow/.local/lib/python3.12/site-packages/airflow/example_dags/plugins/workday.py took 0.412 seconds
[2026-05-09T18:47:14.744+0000] {processor.py:161} INFO - Started process (PID=221) to work on /home/airflow/.local/lib/python3.12/site-packages/airflow/example_dags/plugins/workday.py
[2026-05-09T18:47:14.745+0000] {processor.py:830} INFO - Processing file /home/airflow/.local/lib/python3.12/site-packages/airflow/example_dags/plugins/workday.py for tasks to queue
[2026-05-09T18:47:14.747+0000] {logging_mixin.py:188} INFO - [2026-05-09T18:47:14.746+0000] {dagbag.py:545} INFO - Filling up the DagBag from /home/airflow/.local/lib/python3.12/site-packages/airflow/example_dags/plugins/workday.py
[2026-05-09T18:47:15.127+0000] {processor.py:842} WARNING - No viable dags retrieved from /home/airflow/.local/lib/python3.12/site-packages/airflow/example_dags/plugins/workday.py
[2026-05-09T18:47:15.136+0000] {processor.py:183} INFO - Processing /home/airflow/.local/lib/python3.12/site-packages/airflow/example_dags/plugins/workday.py took 0.397 seconds
[2026-05-09T18:47:45.618+0000] {processor.py:161} INFO - Started process (PID=280) to work on /home/airflow/.local/lib/python3.12/site-packages/airflow/example_dags/plugins/workday.py
[2026-05-09T18:47:45.619+0000] {processor.py:830} INFO - Processing file /home/airflow/.local/lib/python3.12/site-packages/airflow/example_dags/plugins/workday.py for tasks to queue
[2026-05-09T18:47:45.621+0000] {logging_mixin.py:188} INFO - [2026-05-09T18:47:45.621+0000] {dagbag.py:545} INFO - Filling up the DagBag from /home/airflow/.local/lib/python3.12/site-packages/airflow/example_dags/plugins/workday.py
[2026-05-09T18:47:46.063+0000] {processor.py:842} WARNING - No viable dags retrieved from /home/airflow/.local/lib/python3.12/site-packages/airflow/example_dags/plugins/workday.py
[2026-05-09T18:47:46.076+0000] {processor.py:183} INFO - Processing /home/airflow/.local/lib/python3.12/site-packages/airflow/example_dags/plugins/workday.py took 0.464 seconds
[2026-05-09T18:48:16.162+0000] {processor.py:161} INFO - Started process (PID=339) to work on /home/airflow/.local/lib/python3.12/site-packages/airflow/example_dags/plugins/workday.py
[2026-05-09T18:48:16.162+0000] {processor.py:830} INFO - Processing file /home/airflow/.local/lib/python3.12/site-packages/airflow/example_dags/plugins/workday.py for tasks to queue
[2026-05-09T18:48:16.164+0000] {logging_mixin.py:188} INFO - [2026-05-09T18:48:16.163+0000] {dagbag.py:545} INFO - Filling up the DagBag from /home/airflow/.local/lib/python3.12/site-packages/airflow/example_dags/plugins/workday.py
[2026-05-09T18:48:16.550+0000] {processor.py:842} WARNING - No viable dags retrieved from /home/airflow/.local/lib/python3.12/site-packages/airflow/example_dags/plugins/workday.py
[2026-05-09T18:48:16.559+0000] {processor.py:183} INFO - Processing /home/airflow/.local/lib/python3.12/site-packages/airflow/example_dags/plugins/workday.py took 0.403 seconds
[2026-05-09T18:48:46.958+0000] {processor.py:161} INFO - Started process (PID=398) to work on /home/airflow/.local/lib/python3.12/site-packages/airflow/example_dags/plugins/workday.py
[2026-05-09T18:48:46.959+0000] {processor.py:830} INFO - Processing file /home/airflow/.local/lib/python3.12/site-packages/airflow/example_dags/plugins/workday.py for tasks to queue
[2026-05-09T18:48:46.960+0000] {logging_mixin.py:188} INFO - [2026-05-09T18:48:46.960+0000] {dagbag.py:545} INFO - Filling up the DagBag from /home/airflow/.local/lib/python3.12/site-packages/airflow/example_dags/plugins/workday.py
[2026-05-09T18:48:47.407+0000] {processor.py:842} WARNING - No viable dags retrieved from /home/airflow/.local/lib/python3.12/site-packages/airflow/example_dags/plugins/workday.py
[2026-05-09T18:48:47.419+0000] {processor.py:183} INFO - Processing /home/airflow/.local/lib/python3.12/site-packages/airflow/example_dags/plugins/workday.py took 0.467 seconds
[2026-05-09T18:49:17.614+0000] {processor.py:161} INFO - Started process (PID=457) to work on /home/airflow/.local/lib/python3.12/site-packages/airflow/example_dags/plugins/workday.py
[2026-05-09T18:49:17.615+0000] {processor.py:830} INFO - Processing file /home/airflow/.local/lib/python3.12/site-packages/airflow/example_dags/plugins/workday.py for tasks to queue
[2026-05-09T18:49:17.617+0000] {logging_mixin.py:188} INFO - [2026-05-09T18:49:17.617+0000] {dagbag.py:545} INFO - Filling up the DagBag from /home/airflow/.local/lib/python3.12/site-packages/airflow/example_dags/plugins/workday.py
[2026-05-09T18:49:18.111+0000] {processor.py:842} WARNING - No viable dags retrieved from /home/airflow/.local/lib/python3.12/site-packages/airflow/example_dags/plugins/workday.py
[2026-05-09T18:49:18.127+0000] {processor.py:183} INFO - Processing /home/airflow/.local/lib/python3.12/site-packages/airflow/example_dags/plugins/workday.py took 0.518 seconds
[2026-05-09T18:49:48.403+0000] {processor.py:161} INFO - Started process (PID=516) to work on /home/airflow/.local/lib/python3.12/site-packages/airflow/example_dags/plugins/workday.py
[2026-05-09T18:49:48.404+0000] {processor.py:830} INFO - Processing file /home/airflow/.local/lib/python3.12/site-packages/airflow/example_dags/plugins/workday.py for tasks to queue
[2026-05-09T18:49:48.406+0000] {logging_mixin.py:188} INFO - [2026-05-09T18:49:48.406+0000] {dagbag.py:545} INFO - Filling up the DagBag from /home/airflow/.local/lib/python3.12/site-packages/airflow/example_dags/plugins/workday.py
[2026-05-09T18:49:48.770+0000] {processor.py:842} WARNING - No viable dags retrieved from /home/airflow/.local/lib/python3.12/site-packages/airflow/example_dags/plugins/workday.py
[2026-05-09T18:49:48.779+0000] {processor.py:183} INFO - Processing /home/airflow/.local/lib/python3.12/site-packages/airflow/example_dags/plugins/workday.py took 0.382 seconds
[2026-05-09T18:50:18.822+0000] {processor.py:161} INFO - Started process (PID=575) to work on /home/airflow/.local/lib/python3.12/site-packages/airflow/example_dags/plugins/workday.py
[2026-05-09T18:50:18.822+0000] {processor.py:830} INFO - Processing file /home/airflow/.local/lib/python3.12/site-packages/airflow/example_dags/plugins/workday.py for tasks to queue
[2026-05-09T18:50:18.824+0000] {logging_mixin.py:188} INFO - [2026-05-09T18:50:18.824+0000] {dagbag.py:545} INFO - Filling up the DagBag from /home/airflow/.local/lib/python3.12/site-packages/airflow/example_dags/plugins/workday.py
[2026-05-09T18:50:19.201+0000] {processor.py:842} WARNING - No viable dags retrieved from /home/airflow/.local/lib/python3.12/site-packages/airflow/example_dags/plugins/workday.py
[2026-05-09T18:50:19.210+0000] {processor.py:183} INFO - Processing /home/airflow/.local/lib/python3.12/site-packages/airflow/example_dags/plugins/workday.py took 0.394 seconds
[2026-05-09T18:50:50.049+0000] {processor.py:161} INFO - Started process (PID=634) to work on /home/airflow/.local/lib/python3.12/site-packages/airflow/example_dags/plugins/workday.py
[2026-05-09T18:50:50.049+0000] {processor.py:830} INFO - Processing file /home/airflow/.local/lib/python3.12/site-packages/airflow/example_dags/plugins/workday.py for tasks to queue
[2026-05-09T18:50:50.051+0000] {logging_mixin.py:188} INFO - [2026-05-09T18:50:50.051+0000] {dagbag.py:545} INFO - Filling up the DagBag from /home/airflow/.local/lib/python3.12/site-packages/airflow/example_dags/plugins/workday.py
[2026-05-09T18:50:50.434+0000] {processor.py:842} WARNING - No viable dags retrieved from /home/airflow/.local/lib/python3.12/site-packages/airflow/example_dags/plugins/workday.py
[2026-05-09T18:50:50.443+0000] {processor.py:183} INFO - Processing /home/airflow/.local/lib/python3.12/site-packages/airflow/example_dags/plugins/workday.py took 0.400 seconds
[2026-05-09T18:51:21.268+0000] {processor.py:161} INFO - Started process (PID=693) to work on /home/airflow/.local/lib/python3.12/site-packages/airflow/example_dags/plugins/workday.py
[2026-05-09T18:51:21.268+0000] {processor.py:830} INFO - Processing file /home/airflow/.local/lib/python3.12/site-packages/airflow/example_dags/plugins/workday.py for tasks to queue
[2026-05-09T18:51:21.270+0000] {logging_mixin.py:188} INFO - [2026-05-09T18:51:21.270+0000] {dagbag.py:545} INFO - Filling up the DagBag from /home/airflow/.local/lib/python3.12/site-packages/airflow/example_dags/plugins/workday.py
[2026-05-09T18:51:21.622+0000] {processor.py:842} WARNING - No viable dags retrieved from /home/airflow/.local/lib/python3.12/site-packages/airflow/example_dags/plugins/workday.py
[2026-05-09T18:51:21.631+0000] {processor.py:183} INFO - Processing /home/airflow/.local/lib/python3.12/site-packages/airflow/example_dags/plugins/workday.py took 0.369 seconds
[2026-05-09T18:51:51.683+0000] {processor.py:161} INFO - Started process (PID=752) to work on /home/airflow/.local/lib/python3.12/site-packages/airflow/example_dags/plugins/workday.py
[2026-05-09T18:51:51.684+0000] {processor.py:830} INFO - Processing file /home/airflow/.local/lib/python3.12/site-packages/airflow/example_dags/plugins/workday.py for tasks to queue
[2026-05-09T18:51:51.685+0000] {logging_mixin.py:188} INFO - [2026-05-09T18:51:51.685+0000] {dagbag.py:545} INFO - Filling up the DagBag from /home/airflow/.local/lib/python3.12/site-packages/airflow/example_dags/plugins/workday.py
[2026-05-09T18:51:52.046+0000] {processor.py:842} WARNING - No viable dags retrieved from /home/airflow/.local/lib/python3.12/site-packages/airflow/example_dags/plugins/workday.py
[2026-05-09T18:51:52.055+0000] {processor.py:183} INFO - Processing /home/airflow/.local/lib/python3.12/site-packages/airflow/example_dags/plugins/workday.py took 0.378 seconds
[2026-05-09T18:53:34.481+0000] {processor.py:161} INFO - Started process (PID=101) to work on /home/airflow/.local/lib/python3.12/site-packages/airflow/example_dags/plugins/workday.py
[2026-05-09T18:53:34.482+0000] {processor.py:830} INFO - Processing file /home/airflow/.local/lib/python3.12/site-packages/airflow/example_dags/plugins/workday.py for tasks to queue
[2026-05-09T18:53:34.484+0000] {logging_mixin.py:188} INFO - [2026-05-09T18:53:34.484+0000] {dagbag.py:545} INFO - Filling up the DagBag from /home/airflow/.local/lib/python3.12/site-packages/airflow/example_dags/plugins/workday.py
[2026-05-09T18:53:35.996+0000] {processor.py:842} WARNING - No viable dags retrieved from /home/airflow/.local/lib/python3.12/site-packages/airflow/example_dags/plugins/workday.py
[2026-05-09T18:53:36.007+0000] {processor.py:183} INFO - Processing /home/airflow/.local/lib/python3.12/site-packages/airflow/example_dags/plugins/workday.py took 1.533 seconds
[2026-05-09T18:54:06.319+0000] {processor.py:161} INFO - Started process (PID=163) to work on /home/airflow/.local/lib/python3.12/site-packages/airflow/example_dags/plugins/workday.py
[2026-05-09T18:54:06.320+0000] {processor.py:830} INFO - Processing file /home/airflow/.local/lib/python3.12/site-packages/airflow/example_dags/plugins/workday.py for tasks to queue
[2026-05-09T18:54:06.321+0000] {logging_mixin.py:188} INFO - [2026-05-09T18:54:06.321+0000] {dagbag.py:545} INFO - Filling up the DagBag from /home/airflow/.local/lib/python3.12/site-packages/airflow/example_dags/plugins/workday.py
[2026-05-09T18:54:06.787+0000] {processor.py:842} WARNING - No viable dags retrieved from /home/airflow/.local/lib/python3.12/site-packages/airflow/example_dags/plugins/workday.py
[2026-05-09T18:54:06.800+0000] {processor.py:183} INFO - Processing /home/airflow/.local/lib/python3.12/site-packages/airflow/example_dags/plugins/workday.py took 0.487 seconds
[2026-05-09T18:54:37.107+0000] {processor.py:161} INFO - Started process (PID=219) to work on /home/airflow/.local/lib/python3.12/site-packages/airflow/example_dags/plugins/workday.py
[2026-05-09T18:54:37.108+0000] {processor.py:830} INFO - Processing file /home/airflow/.local/lib/python3.12/site-packages/airflow/example_dags/plugins/workday.py for tasks to queue
[2026-05-09T18:54:37.110+0000] {logging_mixin.py:188} INFO - [2026-05-09T18:54:37.110+0000] {dagbag.py:545} INFO - Filling up the DagBag from /home/airflow/.local/lib/python3.12/site-packages/airflow/example_dags/plugins/workday.py
[2026-05-09T18:54:37.609+0000] {processor.py:842} WARNING - No viable dags retrieved from /home/airflow/.local/lib/python3.12/site-packages/airflow/example_dags/plugins/workday.py
[2026-05-09T18:54:37.622+0000] {processor.py:183} INFO - Processing /home/airflow/.local/lib/python3.12/site-packages/airflow/example_dags/plugins/workday.py took 0.521 seconds
[2026-05-09T18:55:07.846+0000] {processor.py:161} INFO - Started process (PID=281) to work on /home/airflow/.local/lib/python3.12/site-packages/airflow/example_dags/plugins/workday.py
[2026-05-09T18:55:07.847+0000] {processor.py:830} INFO - Processing file /home/airflow/.local/lib/python3.12/site-packages/airflow/example_dags/plugins/workday.py for tasks to queue
[2026-05-09T18:55:07.848+0000] {logging_mixin.py:188} INFO - [2026-05-09T18:55:07.848+0000] {dagbag.py:545} INFO - Filling up the DagBag from /home/airflow/.local/lib/python3.12/site-packages/airflow/example_dags/plugins/workday.py
[2026-05-09T18:55:08.277+0000] {processor.py:842} WARNING - No viable dags retrieved from /home/airflow/.local/lib/python3.12/site-packages/airflow/example_dags/plugins/workday.py
[2026-05-09T18:55:08.288+0000] {processor.py:183} INFO - Processing /home/airflow/.local/lib/python3.12/site-packages/airflow/example_dags/plugins/workday.py took 0.448 seconds
[2026-05-09T18:55:38.676+0000] {processor.py:161} INFO - Started process (PID=337) to work on /home/airflow/.local/lib/python3.12/site-packages/airflow/example_dags/plugins/workday.py
[2026-05-09T18:55:38.677+0000] {processor.py:830} INFO - Processing file /home/airflow/.local/lib/python3.12/site-packages/airflow/example_dags/plugins/workday.py for tasks to queue
[2026-05-09T18:55:38.679+0000] {logging_mixin.py:188} INFO - [2026-05-09T18:55:38.679+0000] {dagbag.py:545} INFO - Filling up the DagBag from /home/airflow/.local/lib/python3.12/site-packages/airflow/example_dags/plugins/workday.py
[2026-05-09T18:55:39.086+0000] {processor.py:842} WARNING - No viable dags retrieved from /home/airflow/.local/lib/python3.12/site-packages/airflow/example_dags/plugins/workday.py
[2026-05-09T18:55:39.095+0000] {processor.py:183} INFO - Processing /home/airflow/.local/lib/python3.12/site-packages/airflow/example_dags/plugins/workday.py took 0.425 seconds
[2026-05-09T18:56:10.077+0000] {processor.py:161} INFO - Started process (PID=399) to work on /home/airflow/.local/lib/python3.12/site-packages/airflow/example_dags/plugins/workday.py
[2026-05-09T18:56:10.078+0000] {processor.py:830} INFO - Processing file /home/airflow/.local/lib/python3.12/site-packages/airflow/example_dags/plugins/workday.py for tasks to queue
[2026-05-09T18:56:10.079+0000] {logging_mixin.py:188} INFO - [2026-05-09T18:56:10.079+0000] {dagbag.py:545} INFO - Filling up the DagBag from /home/airflow/.local/lib/python3.12/site-packages/airflow/example_dags/plugins/workday.py
[2026-05-09T18:56:10.455+0000] {processor.py:842} WARNING - No viable dags retrieved from /home/airflow/.local/lib/python3.12/site-packages/airflow/example_dags/plugins/workday.py
[2026-05-09T18:56:10.474+0000] {processor.py:183} INFO - Processing /home/airflow/.local/lib/python3.12/site-packages/airflow/example_dags/plugins/workday.py took 0.402 seconds
[2026-05-09T18:56:41.316+0000] {processor.py:161} INFO - Started process (PID=458) to work on /home/airflow/.local/lib/python3.12/site-packages/airflow/example_dags/plugins/workday.py
[2026-05-09T18:56:41.317+0000] {processor.py:830} INFO - Processing file /home/airflow/.local/lib/python3.12/site-packages/airflow/example_dags/plugins/workday.py for tasks to queue
[2026-05-09T18:56:41.319+0000] {logging_mixin.py:188} INFO - [2026-05-09T18:56:41.318+0000] {dagbag.py:545} INFO - Filling up the DagBag from /home/airflow/.local/lib/python3.12/site-packages/airflow/example_dags/plugins/workday.py
[2026-05-09T18:56:41.705+0000] {processor.py:842} WARNING - No viable dags retrieved from /home/airflow/.local/lib/python3.12/site-packages/airflow/example_dags/plugins/workday.py
[2026-05-09T18:56:41.715+0000] {processor.py:183} INFO - Processing /home/airflow/.local/lib/python3.12/site-packages/airflow/example_dags/plugins/workday.py took 0.404 seconds
[2026-05-09T18:57:12.652+0000] {processor.py:161} INFO - Started process (PID=517) to work on /home/airflow/.local/lib/python3.12/site-packages/airflow/example_dags/plugins/workday.py
[2026-05-09T18:57:12.653+0000] {processor.py:830} INFO - Processing file /home/airflow/.local/lib/python3.12/site-packages/airflow/example_dags/plugins/workday.py for tasks to queue
[2026-05-09T18:57:12.655+0000] {logging_mixin.py:188} INFO - [2026-05-09T18:57:12.654+0000] {dagbag.py:545} INFO - Filling up the DagBag from /home/airflow/.local/lib/python3.12/site-packages/airflow/example_dags/plugins/workday.py
[2026-05-09T18:57:13.051+0000] {processor.py:842} WARNING - No viable dags retrieved from /home/airflow/.local/lib/python3.12/site-packages/airflow/example_dags/plugins/workday.py
[2026-05-09T18:57:13.061+0000] {processor.py:183} INFO - Processing /home/airflow/.local/lib/python3.12/site-packages/airflow/example_dags/plugins/workday.py took 0.414 seconds
[2026-05-09T18:57:43.833+0000] {processor.py:161} INFO - Started process (PID=576) to work on /home/airflow/.local/lib/python3.12/site-packages/airflow/example_dags/plugins/workday.py
[2026-05-09T18:57:43.834+0000] {processor.py:830} INFO - Processing file /home/airflow/.local/lib/python3.12/site-packages/airflow/example_dags/plugins/workday.py for tasks to queue
[2026-05-09T18:57:43.836+0000] {logging_mixin.py:188} INFO - [2026-05-09T18:57:43.836+0000] {dagbag.py:545} INFO - Filling up the DagBag from /home/airflow/.local/lib/python3.12/site-packages/airflow/example_dags/plugins/workday.py
[2026-05-09T18:57:44.229+0000] {processor.py:842} WARNING - No viable dags retrieved from /home/airflow/.local/lib/python3.12/site-packages/airflow/example_dags/plugins/workday.py
[2026-05-09T18:57:44.239+0000] {processor.py:183} INFO - Processing /home/airflow/.local/lib/python3.12/site-packages/airflow/example_dags/plugins/workday.py took 0.411 seconds
[2026-05-09T18:58:14.929+0000] {processor.py:161} INFO - Started process (PID=635) to work on /home/airflow/.local/lib/python3.12/site-packages/airflow/example_dags/plugins/workday.py
[2026-05-09T18:58:14.930+0000] {processor.py:830} INFO - Processing file /home/airflow/.local/lib/python3.12/site-packages/airflow/example_dags/plugins/workday.py for tasks to queue
[2026-05-09T18:58:14.931+0000] {logging_mixin.py:188} INFO - [2026-05-09T18:58:14.931+0000] {dagbag.py:545} INFO - Filling up the DagBag from /home/airflow/.local/lib/python3.12/site-packages/airflow/example_dags/plugins/workday.py
[2026-05-09T18:58:15.289+0000] {processor.py:842} WARNING - No viable dags retrieved from /home/airflow/.local/lib/python3.12/site-packages/airflow/example_dags/plugins/workday.py
[2026-05-09T18:58:15.299+0000] {processor.py:183} INFO - Processing /home/airflow/.local/lib/python3.12/site-packages/airflow/example_dags/plugins/workday.py took 0.375 seconds
[2026-05-09T18:58:45.768+0000] {processor.py:161} INFO - Started process (PID=694) to work on /home/airflow/.local/lib/python3.12/site-packages/airflow/example_dags/plugins/workday.py
[2026-05-09T18:58:45.769+0000] {processor.py:830} INFO - Processing file /home/airflow/.local/lib/python3.12/site-packages/airflow/example_dags/plugins/workday.py for tasks to queue
[2026-05-09T18:58:45.770+0000] {logging_mixin.py:188} INFO - [2026-05-09T18:58:45.770+0000] {dagbag.py:545} INFO - Filling up the DagBag from /home/airflow/.local/lib/python3.12/site-packages/airflow/example_dags/plugins/workday.py
[2026-05-09T18:58:46.173+0000] {processor.py:842} WARNING - No viable dags retrieved from /home/airflow/.local/lib/python3.12/site-packages/airflow/example_dags/plugins/workday.py
[2026-05-09T18:58:46.184+0000] {processor.py:183} INFO - Processing /home/airflow/.local/lib/python3.12/site-packages/airflow/example_dags/plugins/workday.py took 0.421 seconds
[2026-05-09T18:59:16.323+0000] {processor.py:161} INFO - Started process (PID=753) to work on /home/airflow/.local/lib/python3.12/site-packages/airflow/example_dags/plugins/workday.py
[2026-05-09T18:59:16.324+0000] {processor.py:830} INFO - Processing file /home/airflow/.local/lib/python3.12/site-packages/airflow/example_dags/plugins/workday.py for tasks to queue
[2026-05-09T18:59:16.326+0000] {logging_mixin.py:188} INFO - [2026-05-09T18:59:16.325+0000] {dagbag.py:545} INFO - Filling up the DagBag from /home/airflow/.local/lib/python3.12/site-packages/airflow/example_dags/plugins/workday.py
[2026-05-09T18:59:16.728+0000] {processor.py:842} WARNING - No viable dags retrieved from /home/airflow/.local/lib/python3.12/site-packages/airflow/example_dags/plugins/workday.py
[2026-05-09T18:59:16.738+0000] {processor.py:183} INFO - Processing /home/airflow/.local/lib/python3.12/site-packages/airflow/example_dags/plugins/workday.py took 0.423 seconds
[2026-05-09T18:59:47.156+0000] {processor.py:161} INFO - Started process (PID=810) to work on /home/airflow/.local/lib/python3.12/site-packages/airflow/example_dags/plugins/workday.py
[2026-05-09T18:59:47.157+0000] {processor.py:830} INFO - Processing file /home/airflow/.local/lib/python3.12/site-packages/airflow/example_dags/plugins/workday.py for tasks to queue
[2026-05-09T18:59:47.159+0000] {logging_mixin.py:188} INFO - [2026-05-09T18:59:47.159+0000] {dagbag.py:545} INFO - Filling up the DagBag from /home/airflow/.local/lib/python3.12/site-packages/airflow/example_dags/plugins/workday.py
[2026-05-09T18:59:47.562+0000] {processor.py:842} WARNING - No viable dags retrieved from /home/airflow/.local/lib/python3.12/site-packages/airflow/example_dags/plugins/workday.py
[2026-05-09T18:59:47.572+0000] {processor.py:183} INFO - Processing /home/airflow/.local/lib/python3.12/site-packages/airflow/example_dags/plugins/workday.py took 0.422 seconds
[2026-05-09T19:00:18.292+0000] {processor.py:161} INFO - Started process (PID=869) to work on /home/airflow/.local/lib/python3.12/site-packages/airflow/example_dags/plugins/workday.py
[2026-05-09T19:00:18.293+0000] {processor.py:830} INFO - Processing file /home/airflow/.local/lib/python3.12/site-packages/airflow/example_dags/plugins/workday.py for tasks to queue
[2026-05-09T19:00:18.294+0000] {logging_mixin.py:188} INFO - [2026-05-09T19:00:18.294+0000] {dagbag.py:545} INFO - Filling up the DagBag from /home/airflow/.local/lib/python3.12/site-packages/airflow/example_dags/plugins/workday.py
[2026-05-09T19:00:18.667+0000] {processor.py:842} WARNING - No viable dags retrieved from /home/airflow/.local/lib/python3.12/site-packages/airflow/example_dags/plugins/workday.py
[2026-05-09T19:00:18.675+0000] {processor.py:183} INFO - Processing /home/airflow/.local/lib/python3.12/site-packages/airflow/example_dags/plugins/workday.py took 0.389 seconds
[2026-05-09T19:00:49.278+0000] {processor.py:161} INFO - Started process (PID=927) to work on /home/airflow/.local/lib/python3.12/site-packages/airflow/example_dags/plugins/workday.py
[2026-05-09T19:00:49.279+0000] {processor.py:830} INFO - Processing file /home/airflow/.local/lib/python3.12/site-packages/airflow/example_dags/plugins/workday.py for tasks to queue
[2026-05-09T19:00:49.281+0000] {logging_mixin.py:188} INFO - [2026-05-09T19:00:49.281+0000] {dagbag.py:545} INFO - Filling up the DagBag from /home/airflow/.local/lib/python3.12/site-packages/airflow/example_dags/plugins/workday.py
[2026-05-09T19:00:49.679+0000] {processor.py:842} WARNING - No viable dags retrieved from /home/airflow/.local/lib/python3.12/site-packages/airflow/example_dags/plugins/workday.py
[2026-05-09T19:00:49.691+0000] {processor.py:183} INFO - Processing /home/airflow/.local/lib/python3.12/site-packages/airflow/example_dags/plugins/workday.py took 0.420 seconds
[2026-05-09T19:01:20.729+0000] {processor.py:161} INFO - Started process (PID=989) to work on /home/airflow/.local/lib/python3.12/site-packages/airflow/example_dags/plugins/workday.py
[2026-05-09T19:01:20.730+0000] {processor.py:830} INFO - Processing file /home/airflow/.local/lib/python3.12/site-packages/airflow/example_dags/plugins/workday.py for tasks to queue
[2026-05-09T19:01:20.733+0000] {logging_mixin.py:188} INFO - [2026-05-09T19:01:20.733+0000] {dagbag.py:545} INFO - Filling up the DagBag from /home/airflow/.local/lib/python3.12/site-packages/airflow/example_dags/plugins/workday.py
[2026-05-09T19:01:21.278+0000] {processor.py:842} WARNING - No viable dags retrieved from /home/airflow/.local/lib/python3.12/site-packages/airflow/example_dags/plugins/workday.py
[2026-05-09T19:01:21.349+0000] {processor.py:183} INFO - Processing /home/airflow/.local/lib/python3.12/site-packages/airflow/example_dags/plugins/workday.py took 0.629 seconds
[2026-05-09T19:01:52.264+0000] {processor.py:161} INFO - Started process (PID=1048) to work on /home/airflow/.local/lib/python3.12/site-packages/airflow/example_dags/plugins/workday.py
[2026-05-09T19:01:52.265+0000] {processor.py:830} INFO - Processing file /home/airflow/.local/lib/python3.12/site-packages/airflow/example_dags/plugins/workday.py for tasks to queue
[2026-05-09T19:01:52.266+0000] {logging_mixin.py:188} INFO - [2026-05-09T19:01:52.266+0000] {dagbag.py:545} INFO - Filling up the DagBag from /home/airflow/.local/lib/python3.12/site-packages/airflow/example_dags/plugins/workday.py
[2026-05-09T19:01:52.646+0000] {processor.py:842} WARNING - No viable dags retrieved from /home/airflow/.local/lib/python3.12/site-packages/airflow/example_dags/plugins/workday.py
[2026-05-09T19:01:52.659+0000] {processor.py:183} INFO - Processing /home/airflow/.local/lib/python3.12/site-packages/airflow/example_dags/plugins/workday.py took 0.400 seconds
[2026-05-09T19:02:23.557+0000] {processor.py:161} INFO - Started process (PID=1107) to work on /home/airflow/.local/lib/python3.12/site-packages/airflow/example_dags/plugins/workday.py
[2026-05-09T19:02:23.558+0000] {processor.py:830} INFO - Processing file /home/airflow/.local/lib/python3.12/site-packages/airflow/example_dags/plugins/workday.py for tasks to queue
[2026-05-09T19:02:23.560+0000] {logging_mixin.py:188} INFO - [2026-05-09T19:02:23.559+0000] {dagbag.py:545} INFO - Filling up the DagBag from /home/airflow/.local/lib/python3.12/site-packages/airflow/example_dags/plugins/workday.py
[2026-05-09T19:02:23.958+0000] {processor.py:842} WARNING - No viable dags retrieved from /home/airflow/.local/lib/python3.12/site-packages/airflow/example_dags/plugins/workday.py
[2026-05-09T19:02:23.967+0000] {processor.py:183} INFO - Processing /home/airflow/.local/lib/python3.12/site-packages/airflow/example_dags/plugins/workday.py took 0.416 seconds
[2026-05-09T19:02:54.317+0000] {processor.py:161} INFO - Started process (PID=1166) to work on /home/airflow/.local/lib/python3.12/site-packages/airflow/example_dags/plugins/workday.py
[2026-05-09T19:02:54.318+0000] {processor.py:830} INFO - Processing file /home/airflow/.local/lib/python3.12/site-packages/airflow/example_dags/plugins/workday.py for tasks to queue
[2026-05-09T19:02:54.320+0000] {logging_mixin.py:188} INFO - [2026-05-09T19:02:54.319+0000] {dagbag.py:545} INFO - Filling up the DagBag from /home/airflow/.local/lib/python3.12/site-packages/airflow/example_dags/plugins/workday.py
[2026-05-09T19:02:54.671+0000] {processor.py:842} WARNING - No viable dags retrieved from /home/airflow/.local/lib/python3.12/site-packages/airflow/example_dags/plugins/workday.py
[2026-05-09T19:02:54.680+0000] {processor.py:183} INFO - Processing /home/airflow/.local/lib/python3.12/site-packages/airflow/example_dags/plugins/workday.py took 0.370 seconds
[2026-05-09T19:03:25.091+0000] {processor.py:161} INFO - Started process (PID=1225) to work on /home/airflow/.local/lib/python3.12/site-packages/airflow/example_dags/plugins/workday.py
[2026-05-09T19:03:25.092+0000] {processor.py:830} INFO - Processing file /home/airflow/.local/lib/python3.12/site-packages/airflow/example_dags/plugins/workday.py for tasks to queue
[2026-05-09T19:03:25.093+0000] {logging_mixin.py:188} INFO - [2026-05-09T19:03:25.093+0000] {dagbag.py:545} INFO - Filling up the DagBag from /home/airflow/.local/lib/python3.12/site-packages/airflow/example_dags/plugins/workday.py
[2026-05-09T19:03:25.461+0000] {processor.py:842} WARNING - No viable dags retrieved from /home/airflow/.local/lib/python3.12/site-packages/airflow/example_dags/plugins/workday.py
[2026-05-09T19:03:25.470+0000] {processor.py:183} INFO - Processing /home/airflow/.local/lib/python3.12/site-packages/airflow/example_dags/plugins/workday.py took 0.384 seconds
[2026-05-09T19:03:56.451+0000] {processor.py:161} INFO - Started process (PID=1284) to work on /home/airflow/.local/lib/python3.12/site-packages/airflow/example_dags/plugins/workday.py
[2026-05-09T19:03:56.452+0000] {processor.py:830} INFO - Processing file /home/airflow/.local/lib/python3.12/site-packages/airflow/example_dags/plugins/workday.py for tasks to queue
[2026-05-09T19:03:56.454+0000] {logging_mixin.py:188} INFO - [2026-05-09T19:03:56.454+0000] {dagbag.py:545} INFO - Filling up the DagBag from /home/airflow/.local/lib/python3.12/site-packages/airflow/example_dags/plugins/workday.py
[2026-05-09T19:03:56.838+0000] {processor.py:842} WARNING - No viable dags retrieved from /home/airflow/.local/lib/python3.12/site-packages/airflow/example_dags/plugins/workday.py
[2026-05-09T19:03:56.849+0000] {processor.py:183} INFO - Processing /home/airflow/.local/lib/python3.12/site-packages/airflow/example_dags/plugins/workday.py took 0.404 seconds
[2026-05-09T19:04:27.802+0000] {processor.py:161} INFO - Started process (PID=1343) to work on /home/airflow/.local/lib/python3.12/site-packages/airflow/example_dags/plugins/workday.py
[2026-05-09T19:04:27.802+0000] {processor.py:830} INFO - Processing file /home/airflow/.local/lib/python3.12/site-packages/airflow/example_dags/plugins/workday.py for tasks to queue
[2026-05-09T19:04:27.804+0000] {logging_mixin.py:188} INFO - [2026-05-09T19:04:27.804+0000] {dagbag.py:545} INFO - Filling up the DagBag from /home/airflow/.local/lib/python3.12/site-packages/airflow/example_dags/plugins/workday.py
[2026-05-09T19:04:28.195+0000] {processor.py:842} WARNING - No viable dags retrieved from /home/airflow/.local/lib/python3.12/site-packages/airflow/example_dags/plugins/workday.py
[2026-05-09T19:04:28.206+0000] {processor.py:183} INFO - Processing /home/airflow/.local/lib/python3.12/site-packages/airflow/example_dags/plugins/workday.py took 0.410 seconds
[2026-05-09T19:07:01.069+0000] {processor.py:161} INFO - Started process (PID=101) to work on /home/airflow/.local/lib/python3.12/site-packages/airflow/example_dags/plugins/workday.py
[2026-05-09T19:07:01.070+0000] {processor.py:830} INFO - Processing file /home/airflow/.local/lib/python3.12/site-packages/airflow/example_dags/plugins/workday.py for tasks to queue
[2026-05-09T19:07:01.072+0000] {logging_mixin.py:188} INFO - [2026-05-09T19:07:01.071+0000] {dagbag.py:545} INFO - Filling up the DagBag from /home/airflow/.local/lib/python3.12/site-packages/airflow/example_dags/plugins/workday.py
[2026-05-09T19:07:02.233+0000] {processor.py:842} WARNING - No viable dags retrieved from /home/airflow/.local/lib/python3.12/site-packages/airflow/example_dags/plugins/workday.py
[2026-05-09T19:07:02.247+0000] {processor.py:183} INFO - Processing /home/airflow/.local/lib/python3.12/site-packages/airflow/example_dags/plugins/workday.py took 1.184 seconds
[2026-05-09T22:07:10.978+0000] {processor.py:161} INFO - Started process (PID=101) to work on /home/airflow/.local/lib/python3.12/site-packages/airflow/example_dags/plugins/workday.py
[2026-05-09T22:07:10.978+0000] {processor.py:830} INFO - Processing file /home/airflow/.local/lib/python3.12/site-packages/airflow/example_dags/plugins/workday.py for tasks to queue
[2026-05-09T22:07:10.981+0000] {logging_mixin.py:188} INFO - [2026-05-09T22:07:10.980+0000] {dagbag.py:545} INFO - Filling up the DagBag from /home/airflow/.local/lib/python3.12/site-packages/airflow/example_dags/plugins/workday.py
[2026-05-09T22:07:12.156+0000] {processor.py:842} WARNING - No viable dags retrieved from /home/airflow/.local/lib/python3.12/site-packages/airflow/example_dags/plugins/workday.py
[2026-05-09T22:07:12.169+0000] {processor.py:183} INFO - Processing /home/airflow/.local/lib/python3.12/site-packages/airflow/example_dags/plugins/workday.py took 1.197 seconds
[2026-05-09T22:07:42.565+0000] {processor.py:161} INFO - Started process (PID=160) to work on /home/airflow/.local/lib/python3.12/site-packages/airflow/example_dags/plugins/workday.py
[2026-05-09T22:07:42.566+0000] {processor.py:830} INFO - Processing file /home/airflow/.local/lib/python3.12/site-packages/airflow/example_dags/plugins/workday.py for tasks to queue
[2026-05-09T22:07:42.567+0000] {logging_mixin.py:188} INFO - [2026-05-09T22:07:42.567+0000] {dagbag.py:545} INFO - Filling up the DagBag from /home/airflow/.local/lib/python3.12/site-packages/airflow/example_dags/plugins/workday.py
[2026-05-09T22:07:42.930+0000] {processor.py:842} WARNING - No viable dags retrieved from /home/airflow/.local/lib/python3.12/site-packages/airflow/example_dags/plugins/workday.py
[2026-05-09T22:07:42.939+0000] {processor.py:183} INFO - Processing /home/airflow/.local/lib/python3.12/site-packages/airflow/example_dags/plugins/workday.py took 0.380 seconds
[2026-05-09T22:08:13.050+0000] {processor.py:161} INFO - Started process (PID=219) to work on /home/airflow/.local/lib/python3.12/site-packages/airflow/example_dags/plugins/workday.py
[2026-05-09T22:08:13.051+0000] {processor.py:830} INFO - Processing file /home/airflow/.local/lib/python3.12/site-packages/airflow/example_dags/plugins/workday.py for tasks to queue
[2026-05-09T22:08:13.052+0000] {logging_mixin.py:188} INFO - [2026-05-09T22:08:13.052+0000] {dagbag.py:545} INFO - Filling up the DagBag from /home/airflow/.local/lib/python3.12/site-packages/airflow/example_dags/plugins/workday.py
[2026-05-09T22:08:13.462+0000] {processor.py:842} WARNING - No viable dags retrieved from /home/airflow/.local/lib/python3.12/site-packages/airflow/example_dags/plugins/workday.py
[2026-05-09T22:08:13.471+0000] {processor.py:183} INFO - Processing /home/airflow/.local/lib/python3.12/site-packages/airflow/example_dags/plugins/workday.py took 0.427 seconds
[2026-05-09T22:08:43.768+0000] {processor.py:161} INFO - Started process (PID=281) to work on /home/airflow/.local/lib/python3.12/site-packages/airflow/example_dags/plugins/workday.py
[2026-05-09T22:08:43.769+0000] {processor.py:830} INFO - Processing file /home/airflow/.local/lib/python3.12/site-packages/airflow/example_dags/plugins/workday.py for tasks to queue
[2026-05-09T22:08:43.771+0000] {logging_mixin.py:188} INFO - [2026-05-09T22:08:43.770+0000] {dagbag.py:545} INFO - Filling up the DagBag from /home/airflow/.local/lib/python3.12/site-packages/airflow/example_dags/plugins/workday.py
[2026-05-09T22:08:44.152+0000] {processor.py:842} WARNING - No viable dags retrieved from /home/airflow/.local/lib/python3.12/site-packages/airflow/example_dags/plugins/workday.py
[2026-05-09T22:08:44.162+0000] {processor.py:183} INFO - Processing /home/airflow/.local/lib/python3.12/site-packages/airflow/example_dags/plugins/workday.py took 0.400 seconds
[2026-05-09T22:09:14.432+0000] {processor.py:161} INFO - Started process (PID=340) to work on /home/airflow/.local/lib/python3.12/site-packages/airflow/example_dags/plugins/workday.py
[2026-05-09T22:09:14.433+0000] {processor.py:830} INFO - Processing file /home/airflow/.local/lib/python3.12/site-packages/airflow/example_dags/plugins/workday.py for tasks to queue
[2026-05-09T22:09:14.434+0000] {logging_mixin.py:188} INFO - [2026-05-09T22:09:14.434+0000] {dagbag.py:545} INFO - Filling up the DagBag from /home/airflow/.local/lib/python3.12/site-packages/airflow/example_dags/plugins/workday.py
[2026-05-09T22:09:14.780+0000] {processor.py:842} WARNING - No viable dags retrieved from /home/airflow/.local/lib/python3.12/site-packages/airflow/example_dags/plugins/workday.py
[2026-05-09T22:09:14.790+0000] {processor.py:183} INFO - Processing /home/airflow/.local/lib/python3.12/site-packages/airflow/example_dags/plugins/workday.py took 0.363 seconds
[2026-05-09T22:09:44.842+0000] {processor.py:161} INFO - Started process (PID=399) to work on /home/airflow/.local/lib/python3.12/site-packages/airflow/example_dags/plugins/workday.py
[2026-05-09T22:09:44.843+0000] {processor.py:830} INFO - Processing file /home/airflow/.local/lib/python3.12/site-packages/airflow/example_dags/plugins/workday.py for tasks to queue
[2026-05-09T22:09:44.844+0000] {logging_mixin.py:188} INFO - [2026-05-09T22:09:44.844+0000] {dagbag.py:545} INFO - Filling up the DagBag from /home/airflow/.local/lib/python3.12/site-packages/airflow/example_dags/plugins/workday.py
[2026-05-09T22:09:45.252+0000] {processor.py:842} WARNING - No viable dags retrieved from /home/airflow/.local/lib/python3.12/site-packages/airflow/example_dags/plugins/workday.py
[2026-05-09T22:09:45.262+0000] {processor.py:183} INFO - Processing /home/airflow/.local/lib/python3.12/site-packages/airflow/example_dags/plugins/workday.py took 0.427 seconds
[2026-05-09T22:10:15.623+0000] {processor.py:161} INFO - Started process (PID=455) to work on /home/airflow/.local/lib/python3.12/site-packages/airflow/example_dags/plugins/workday.py
[2026-05-09T22:10:15.624+0000] {processor.py:830} INFO - Processing file /home/airflow/.local/lib/python3.12/site-packages/airflow/example_dags/plugins/workday.py for tasks to queue
[2026-05-09T22:10:15.625+0000] {logging_mixin.py:188} INFO - [2026-05-09T22:10:15.625+0000] {dagbag.py:545} INFO - Filling up the DagBag from /home/airflow/.local/lib/python3.12/site-packages/airflow/example_dags/plugins/workday.py
[2026-05-09T22:10:15.976+0000] {processor.py:842} WARNING - No viable dags retrieved from /home/airflow/.local/lib/python3.12/site-packages/airflow/example_dags/plugins/workday.py
[2026-05-09T22:10:15.985+0000] {processor.py:183} INFO - Processing /home/airflow/.local/lib/python3.12/site-packages/airflow/example_dags/plugins/workday.py took 0.368 seconds
[2026-05-09T22:10:46.294+0000] {processor.py:161} INFO - Started process (PID=514) to work on /home/airflow/.local/lib/python3.12/site-packages/airflow/example_dags/plugins/workday.py
[2026-05-09T22:10:46.295+0000] {processor.py:830} INFO - Processing file /home/airflow/.local/lib/python3.12/site-packages/airflow/example_dags/plugins/workday.py for tasks to queue
[2026-05-09T22:10:46.296+0000] {logging_mixin.py:188} INFO - [2026-05-09T22:10:46.296+0000] {dagbag.py:545} INFO - Filling up the DagBag from /home/airflow/.local/lib/python3.12/site-packages/airflow/example_dags/plugins/workday.py
[2026-05-09T22:10:46.709+0000] {processor.py:842} WARNING - No viable dags retrieved from /home/airflow/.local/lib/python3.12/site-packages/airflow/example_dags/plugins/workday.py
[2026-05-09T22:10:46.718+0000] {processor.py:183} INFO - Processing /home/airflow/.local/lib/python3.12/site-packages/airflow/example_dags/plugins/workday.py took 0.430 seconds
[2026-05-09T22:11:17.349+0000] {processor.py:161} INFO - Started process (PID=574) to work on /home/airflow/.local/lib/python3.12/site-packages/airflow/example_dags/plugins/workday.py
[2026-05-09T22:11:17.350+0000] {processor.py:830} INFO - Processing file /home/airflow/.local/lib/python3.12/site-packages/airflow/example_dags/plugins/workday.py for tasks to queue
[2026-05-09T22:11:17.352+0000] {logging_mixin.py:188} INFO - [2026-05-09T22:11:17.352+0000] {dagbag.py:545} INFO - Filling up the DagBag from /home/airflow/.local/lib/python3.12/site-packages/airflow/example_dags/plugins/workday.py
[2026-05-09T22:11:17.758+0000] {processor.py:842} WARNING - No viable dags retrieved from /home/airflow/.local/lib/python3.12/site-packages/airflow/example_dags/plugins/workday.py
[2026-05-09T22:11:17.770+0000] {processor.py:183} INFO - Processing /home/airflow/.local/lib/python3.12/site-packages/airflow/example_dags/plugins/workday.py took 0.426 seconds
[2026-05-09T22:11:48.556+0000] {processor.py:161} INFO - Started process (PID=636) to work on /home/airflow/.local/lib/python3.12/site-packages/airflow/example_dags/plugins/workday.py
[2026-05-09T22:11:48.557+0000] {processor.py:830} INFO - Processing file /home/airflow/.local/lib/python3.12/site-packages/airflow/example_dags/plugins/workday.py for tasks to queue
[2026-05-09T22:11:48.559+0000] {logging_mixin.py:188} INFO - [2026-05-09T22:11:48.558+0000] {dagbag.py:545} INFO - Filling up the DagBag from /home/airflow/.local/lib/python3.12/site-packages/airflow/example_dags/plugins/workday.py
[2026-05-09T22:11:49.089+0000] {processor.py:842} WARNING - No viable dags retrieved from /home/airflow/.local/lib/python3.12/site-packages/airflow/example_dags/plugins/workday.py
[2026-05-09T22:11:49.220+0000] {processor.py:183} INFO - Processing /home/airflow/.local/lib/python3.12/site-packages/airflow/example_dags/plugins/workday.py took 0.670 seconds
[2026-05-09T22:12:19.659+0000] {processor.py:161} INFO - Started process (PID=695) to work on /home/airflow/.local/lib/python3.12/site-packages/airflow/example_dags/plugins/workday.py
[2026-05-09T22:12:19.660+0000] {processor.py:830} INFO - Processing file /home/airflow/.local/lib/python3.12/site-packages/airflow/example_dags/plugins/workday.py for tasks to queue
[2026-05-09T22:12:19.664+0000] {logging_mixin.py:188} INFO - [2026-05-09T22:12:19.662+0000] {dagbag.py:545} INFO - Filling up the DagBag from /home/airflow/.local/lib/python3.12/site-packages/airflow/example_dags/plugins/workday.py
[2026-05-09T22:12:20.078+0000] {processor.py:842} WARNING - No viable dags retrieved from /home/airflow/.local/lib/python3.12/site-packages/airflow/example_dags/plugins/workday.py
[2026-05-09T22:12:20.089+0000] {processor.py:183} INFO - Processing /home/airflow/.local/lib/python3.12/site-packages/airflow/example_dags/plugins/workday.py took 0.438 seconds
[2026-05-09T22:12:51.148+0000] {processor.py:161} INFO - Started process (PID=751) to work on /home/airflow/.local/lib/python3.12/site-packages/airflow/example_dags/plugins/workday.py
[2026-05-09T22:12:51.149+0000] {processor.py:830} INFO - Processing file /home/airflow/.local/lib/python3.12/site-packages/airflow/example_dags/plugins/workday.py for tasks to queue
[2026-05-09T22:12:51.151+0000] {logging_mixin.py:188} INFO - [2026-05-09T22:12:51.150+0000] {dagbag.py:545} INFO - Filling up the DagBag from /home/airflow/.local/lib/python3.12/site-packages/airflow/example_dags/plugins/workday.py
[2026-05-09T22:12:51.517+0000] {processor.py:842} WARNING - No viable dags retrieved from /home/airflow/.local/lib/python3.12/site-packages/airflow/example_dags/plugins/workday.py
[2026-05-09T22:12:51.527+0000] {processor.py:183} INFO - Processing /home/airflow/.local/lib/python3.12/site-packages/airflow/example_dags/plugins/workday.py took 0.385 seconds
[2026-05-09T22:13:22.435+0000] {processor.py:161} INFO - Started process (PID=813) to work on /home/airflow/.local/lib/python3.12/site-packages/airflow/example_dags/plugins/workday.py
[2026-05-09T22:13:22.436+0000] {processor.py:830} INFO - Processing file /home/airflow/.local/lib/python3.12/site-packages/airflow/example_dags/plugins/workday.py for tasks to queue
[2026-05-09T22:13:22.438+0000] {logging_mixin.py:188} INFO - [2026-05-09T22:13:22.437+0000] {dagbag.py:545} INFO - Filling up the DagBag from /home/airflow/.local/lib/python3.12/site-packages/airflow/example_dags/plugins/workday.py
[2026-05-09T22:13:22.845+0000] {processor.py:842} WARNING - No viable dags retrieved from /home/airflow/.local/lib/python3.12/site-packages/airflow/example_dags/plugins/workday.py
[2026-05-09T22:13:22.856+0000] {processor.py:183} INFO - Processing /home/airflow/.local/lib/python3.12/site-packages/airflow/example_dags/plugins/workday.py took 0.426 seconds
[2026-05-09T22:13:53.682+0000] {processor.py:161} INFO - Started process (PID=872) to work on /home/airflow/.local/lib/python3.12/site-packages/airflow/example_dags/plugins/workday.py
[2026-05-09T22:13:53.683+0000] {processor.py:830} INFO - Processing file /home/airflow/.local/lib/python3.12/site-packages/airflow/example_dags/plugins/workday.py for tasks to queue
[2026-05-09T22:13:53.685+0000] {logging_mixin.py:188} INFO - [2026-05-09T22:13:53.684+0000] {dagbag.py:545} INFO - Filling up the DagBag from /home/airflow/.local/lib/python3.12/site-packages/airflow/example_dags/plugins/workday.py
[2026-05-09T22:13:54.064+0000] {processor.py:842} WARNING - No viable dags retrieved from /home/airflow/.local/lib/python3.12/site-packages/airflow/example_dags/plugins/workday.py
[2026-05-09T22:13:54.073+0000] {processor.py:183} INFO - Processing /home/airflow/.local/lib/python3.12/site-packages/airflow/example_dags/plugins/workday.py took 0.396 seconds
[2026-05-09T22:14:24.745+0000] {processor.py:161} INFO - Started process (PID=931) to work on /home/airflow/.local/lib/python3.12/site-packages/airflow/example_dags/plugins/workday.py
[2026-05-09T22:14:24.746+0000] {processor.py:830} INFO - Processing file /home/airflow/.local/lib/python3.12/site-packages/airflow/example_dags/plugins/workday.py for tasks to queue
[2026-05-09T22:14:24.747+0000] {logging_mixin.py:188} INFO - [2026-05-09T22:14:24.747+0000] {dagbag.py:545} INFO - Filling up the DagBag from /home/airflow/.local/lib/python3.12/site-packages/airflow/example_dags/plugins/workday.py
[2026-05-09T22:14:25.118+0000] {processor.py:842} WARNING - No viable dags retrieved from /home/airflow/.local/lib/python3.12/site-packages/airflow/example_dags/plugins/workday.py
[2026-05-09T22:14:25.127+0000] {processor.py:183} INFO - Processing /home/airflow/.local/lib/python3.12/site-packages/airflow/example_dags/plugins/workday.py took 0.390 seconds
[2026-05-09T22:14:56.075+0000] {processor.py:161} INFO - Started process (PID=990) to work on /home/airflow/.local/lib/python3.12/site-packages/airflow/example_dags/plugins/workday.py
[2026-05-09T22:14:56.076+0000] {processor.py:830} INFO - Processing file /home/airflow/.local/lib/python3.12/site-packages/airflow/example_dags/plugins/workday.py for tasks to queue
[2026-05-09T22:14:56.078+0000] {logging_mixin.py:188} INFO - [2026-05-09T22:14:56.077+0000] {dagbag.py:545} INFO - Filling up the DagBag from /home/airflow/.local/lib/python3.12/site-packages/airflow/example_dags/plugins/workday.py
[2026-05-09T22:14:56.424+0000] {processor.py:842} WARNING - No viable dags retrieved from /home/airflow/.local/lib/python3.12/site-packages/airflow/example_dags/plugins/workday.py
[2026-05-09T22:14:56.434+0000] {processor.py:183} INFO - Processing /home/airflow/.local/lib/python3.12/site-packages/airflow/example_dags/plugins/workday.py took 0.365 seconds
[2026-05-09T22:15:27.131+0000] {processor.py:161} INFO - Started process (PID=1049) to work on /home/airflow/.local/lib/python3.12/site-packages/airflow/example_dags/plugins/workday.py
[2026-05-09T22:15:27.132+0000] {processor.py:830} INFO - Processing file /home/airflow/.local/lib/python3.12/site-packages/airflow/example_dags/plugins/workday.py for tasks to queue
[2026-05-09T22:15:27.133+0000] {logging_mixin.py:188} INFO - [2026-05-09T22:15:27.133+0000] {dagbag.py:545} INFO - Filling up the DagBag from /home/airflow/.local/lib/python3.12/site-packages/airflow/example_dags/plugins/workday.py
[2026-05-09T22:15:27.512+0000] {processor.py:842} WARNING - No viable dags retrieved from /home/airflow/.local/lib/python3.12/site-packages/airflow/example_dags/plugins/workday.py
[2026-05-09T22:15:27.521+0000] {processor.py:183} INFO - Processing /home/airflow/.local/lib/python3.12/site-packages/airflow/example_dags/plugins/workday.py took 0.396 seconds
[2026-05-09T22:15:57.815+0000] {processor.py:161} INFO - Started process (PID=1108) to work on /home/airflow/.local/lib/python3.12/site-packages/airflow/example_dags/plugins/workday.py
[2026-05-09T22:15:57.816+0000] {processor.py:830} INFO - Processing file /home/airflow/.local/lib/python3.12/site-packages/airflow/example_dags/plugins/workday.py for tasks to queue
[2026-05-09T22:15:57.817+0000] {logging_mixin.py:188} INFO - [2026-05-09T22:15:57.817+0000] {dagbag.py:545} INFO - Filling up the DagBag from /home/airflow/.local/lib/python3.12/site-packages/airflow/example_dags/plugins/workday.py
[2026-05-09T22:15:58.181+0000] {processor.py:842} WARNING - No viable dags retrieved from /home/airflow/.local/lib/python3.12/site-packages/airflow/example_dags/plugins/workday.py
[2026-05-09T22:15:58.190+0000] {processor.py:183} INFO - Processing /home/airflow/.local/lib/python3.12/site-packages/airflow/example_dags/plugins/workday.py took 0.381 seconds
[2026-05-09T22:16:28.274+0000] {processor.py:161} INFO - Started process (PID=1167) to work on /home/airflow/.local/lib/python3.12/site-packages/airflow/example_dags/plugins/workday.py
[2026-05-09T22:16:28.275+0000] {processor.py:830} INFO - Processing file /home/airflow/.local/lib/python3.12/site-packages/airflow/example_dags/plugins/workday.py for tasks to queue
[2026-05-09T22:16:28.277+0000] {logging_mixin.py:188} INFO - [2026-05-09T22:16:28.277+0000] {dagbag.py:545} INFO - Filling up the DagBag from /home/airflow/.local/lib/python3.12/site-packages/airflow/example_dags/plugins/workday.py
[2026-05-09T22:16:28.661+0000] {processor.py:842} WARNING - No viable dags retrieved from /home/airflow/.local/lib/python3.12/site-packages/airflow/example_dags/plugins/workday.py
[2026-05-09T22:16:28.671+0000] {processor.py:183} INFO - Processing /home/airflow/.local/lib/python3.12/site-packages/airflow/example_dags/plugins/workday.py took 0.402 seconds
[2026-05-09T22:16:59.490+0000] {processor.py:161} INFO - Started process (PID=1226) to work on /home/airflow/.local/lib/python3.12/site-packages/airflow/example_dags/plugins/workday.py
[2026-05-09T22:16:59.491+0000] {processor.py:830} INFO - Processing file /home/airflow/.local/lib/python3.12/site-packages/airflow/example_dags/plugins/workday.py for tasks to queue
[2026-05-09T22:16:59.494+0000] {logging_mixin.py:188} INFO - [2026-05-09T22:16:59.494+0000] {dagbag.py:545} INFO - Filling up the DagBag from /home/airflow/.local/lib/python3.12/site-packages/airflow/example_dags/plugins/workday.py
[2026-05-09T22:16:59.892+0000] {processor.py:842} WARNING - No viable dags retrieved from /home/airflow/.local/lib/python3.12/site-packages/airflow/example_dags/plugins/workday.py
[2026-05-09T22:16:59.900+0000] {processor.py:183} INFO - Processing /home/airflow/.local/lib/python3.12/site-packages/airflow/example_dags/plugins/workday.py took 0.418 seconds
[2026-05-09T22:17:30.511+0000] {processor.py:161} INFO - Started process (PID=1285) to work on /home/airflow/.local/lib/python3.12/site-packages/airflow/example_dags/plugins/workday.py
[2026-05-09T22:17:30.512+0000] {processor.py:830} INFO - Processing file /home/airflow/.local/lib/python3.12/site-packages/airflow/example_dags/plugins/workday.py for tasks to queue
[2026-05-09T22:17:30.514+0000] {logging_mixin.py:188} INFO - [2026-05-09T22:17:30.513+0000] {dagbag.py:545} INFO - Filling up the DagBag from /home/airflow/.local/lib/python3.12/site-packages/airflow/example_dags/plugins/workday.py
[2026-05-09T22:17:30.998+0000] {processor.py:842} WARNING - No viable dags retrieved from /home/airflow/.local/lib/python3.12/site-packages/airflow/example_dags/plugins/workday.py
[2026-05-09T22:17:31.008+0000] {processor.py:183} INFO - Processing /home/airflow/.local/lib/python3.12/site-packages/airflow/example_dags/plugins/workday.py took 0.505 seconds
[2026-05-09T22:18:01.680+0000] {processor.py:161} INFO - Started process (PID=1344) to work on /home/airflow/.local/lib/python3.12/site-packages/airflow/example_dags/plugins/workday.py
[2026-05-09T22:18:01.680+0000] {processor.py:830} INFO - Processing file /home/airflow/.local/lib/python3.12/site-packages/airflow/example_dags/plugins/workday.py for tasks to queue
[2026-05-09T22:18:01.682+0000] {logging_mixin.py:188} INFO - [2026-05-09T22:18:01.682+0000] {dagbag.py:545} INFO - Filling up the DagBag from /home/airflow/.local/lib/python3.12/site-packages/airflow/example_dags/plugins/workday.py
[2026-05-09T22:18:02.028+0000] {processor.py:842} WARNING - No viable dags retrieved from /home/airflow/.local/lib/python3.12/site-packages/airflow/example_dags/plugins/workday.py
[2026-05-09T22:18:02.037+0000] {processor.py:183} INFO - Processing /home/airflow/.local/lib/python3.12/site-packages/airflow/example_dags/plugins/workday.py took 0.363 seconds
[2026-05-09T22:18:32.773+0000] {processor.py:161} INFO - Started process (PID=1403) to work on /home/airflow/.local/lib/python3.12/site-packages/airflow/example_dags/plugins/workday.py
[2026-05-09T22:18:32.774+0000] {processor.py:830} INFO - Processing file /home/airflow/.local/lib/python3.12/site-packages/airflow/example_dags/plugins/workday.py for tasks to queue
[2026-05-09T22:18:32.776+0000] {logging_mixin.py:188} INFO - [2026-05-09T22:18:32.776+0000] {dagbag.py:545} INFO - Filling up the DagBag from /home/airflow/.local/lib/python3.12/site-packages/airflow/example_dags/plugins/workday.py
[2026-05-09T22:18:33.210+0000] {processor.py:842} WARNING - No viable dags retrieved from /home/airflow/.local/lib/python3.12/site-packages/airflow/example_dags/plugins/workday.py
[2026-05-09T22:18:33.222+0000] {processor.py:183} INFO - Processing /home/airflow/.local/lib/python3.12/site-packages/airflow/example_dags/plugins/workday.py took 0.456 seconds
[2026-05-09T22:36:22.428+0000] {processor.py:161} INFO - Started process (PID=100) to work on /home/airflow/.local/lib/python3.12/site-packages/airflow/example_dags/plugins/workday.py
[2026-05-09T22:36:22.429+0000] {processor.py:830} INFO - Processing file /home/airflow/.local/lib/python3.12/site-packages/airflow/example_dags/plugins/workday.py for tasks to queue
[2026-05-09T22:36:22.431+0000] {logging_mixin.py:188} INFO - [2026-05-09T22:36:22.431+0000] {dagbag.py:545} INFO - Filling up the DagBag from /home/airflow/.local/lib/python3.12/site-packages/airflow/example_dags/plugins/workday.py
[2026-05-09T22:36:23.875+0000] {processor.py:842} WARNING - No viable dags retrieved from /home/airflow/.local/lib/python3.12/site-packages/airflow/example_dags/plugins/workday.py
[2026-05-09T22:36:23.885+0000] {processor.py:183} INFO - Processing /home/airflow/.local/lib/python3.12/site-packages/airflow/example_dags/plugins/workday.py took 1.465 seconds
