[2026-05-08T11:45:08.401+0000] {processor.py:161} INFO - Started process (PID=74) to work on /home/airflow/.local/lib/python3.12/site-packages/airflow/example_dags/example_nested_branch_dag.py
[2026-05-08T11:45:08.403+0000] {processor.py:830} INFO - Processing file /home/airflow/.local/lib/python3.12/site-packages/airflow/example_dags/example_nested_branch_dag.py for tasks to queue
[2026-05-08T11:45:08.405+0000] {logging_mixin.py:188} INFO - [2026-05-08T11:45:08.405+0000] {dagbag.py:545} INFO - Filling up the DagBag from /home/airflow/.local/lib/python3.12/site-packages/airflow/example_dags/example_nested_branch_dag.py
[2026-05-08T11:45:08.419+0000] {processor.py:840} INFO - DAG(s) 'example_nested_branch_dag' retrieved from /home/airflow/.local/lib/python3.12/site-packages/airflow/example_dags/example_nested_branch_dag.py
[2026-05-08T11:45:08.433+0000] {logging_mixin.py:188} INFO - [2026-05-08T11:45:08.433+0000] {dag.py:3089} INFO - Sync 1 DAGs
[2026-05-08T11:45:08.457+0000] {logging_mixin.py:188} INFO - [2026-05-08T11:45:08.457+0000] {dag.py:3947} INFO - Setting next_dagrun for example_nested_branch_dag to 2026-05-07 00:00:00+00:00, run_after=2026-05-08 00:00:00+00:00
[2026-05-08T11:45:08.477+0000] {processor.py:183} INFO - Processing /home/airflow/.local/lib/python3.12/site-packages/airflow/example_dags/example_nested_branch_dag.py took 0.082 seconds
[2026-05-08T11:45:39.831+0000] {processor.py:161} INFO - Started process (PID=132) to work on /home/airflow/.local/lib/python3.12/site-packages/airflow/example_dags/example_nested_branch_dag.py
[2026-05-08T11:45:39.833+0000] {processor.py:830} INFO - Processing file /home/airflow/.local/lib/python3.12/site-packages/airflow/example_dags/example_nested_branch_dag.py for tasks to queue
[2026-05-08T11:45:39.835+0000] {logging_mixin.py:188} INFO - [2026-05-08T11:45:39.834+0000] {dagbag.py:545} INFO - Filling up the DagBag from /home/airflow/.local/lib/python3.12/site-packages/airflow/example_dags/example_nested_branch_dag.py
[2026-05-08T11:45:39.843+0000] {processor.py:840} INFO - DAG(s) 'example_nested_branch_dag' retrieved from /home/airflow/.local/lib/python3.12/site-packages/airflow/example_dags/example_nested_branch_dag.py
[2026-05-08T11:45:39.921+0000] {logging_mixin.py:188} INFO - [2026-05-08T11:45:39.921+0000] {dag.py:3089} INFO - Sync 1 DAGs
[2026-05-08T11:45:39.937+0000] {logging_mixin.py:188} INFO - [2026-05-08T11:45:39.937+0000] {dag.py:3947} INFO - Setting next_dagrun for example_nested_branch_dag to 2026-05-07 00:00:00+00:00, run_after=2026-05-08 00:00:00+00:00
[2026-05-08T11:45:39.952+0000] {processor.py:183} INFO - Processing /home/airflow/.local/lib/python3.12/site-packages/airflow/example_dags/example_nested_branch_dag.py took 0.125 seconds
[2026-05-08T11:46:10.378+0000] {processor.py:161} INFO - Started process (PID=190) to work on /home/airflow/.local/lib/python3.12/site-packages/airflow/example_dags/example_nested_branch_dag.py
[2026-05-08T11:46:10.380+0000] {processor.py:830} INFO - Processing file /home/airflow/.local/lib/python3.12/site-packages/airflow/example_dags/example_nested_branch_dag.py for tasks to queue
[2026-05-08T11:46:10.382+0000] {logging_mixin.py:188} INFO - [2026-05-08T11:46:10.382+0000] {dagbag.py:545} INFO - Filling up the DagBag from /home/airflow/.local/lib/python3.12/site-packages/airflow/example_dags/example_nested_branch_dag.py
[2026-05-08T11:46:10.393+0000] {processor.py:840} INFO - DAG(s) 'example_nested_branch_dag' retrieved from /home/airflow/.local/lib/python3.12/site-packages/airflow/example_dags/example_nested_branch_dag.py
[2026-05-08T11:46:10.418+0000] {logging_mixin.py:188} INFO - [2026-05-08T11:46:10.418+0000] {dag.py:3089} INFO - Sync 1 DAGs
[2026-05-08T11:46:10.442+0000] {logging_mixin.py:188} INFO - [2026-05-08T11:46:10.441+0000] {dag.py:3947} INFO - Setting next_dagrun for example_nested_branch_dag to 2026-05-07 00:00:00+00:00, run_after=2026-05-08 00:00:00+00:00
[2026-05-08T11:46:10.459+0000] {processor.py:183} INFO - Processing /home/airflow/.local/lib/python3.12/site-packages/airflow/example_dags/example_nested_branch_dag.py took 0.088 seconds
[2026-05-08T11:46:40.631+0000] {processor.py:161} INFO - Started process (PID=248) to work on /home/airflow/.local/lib/python3.12/site-packages/airflow/example_dags/example_nested_branch_dag.py
[2026-05-08T11:46:40.632+0000] {processor.py:830} INFO - Processing file /home/airflow/.local/lib/python3.12/site-packages/airflow/example_dags/example_nested_branch_dag.py for tasks to queue
[2026-05-08T11:46:40.635+0000] {logging_mixin.py:188} INFO - [2026-05-08T11:46:40.635+0000] {dagbag.py:545} INFO - Filling up the DagBag from /home/airflow/.local/lib/python3.12/site-packages/airflow/example_dags/example_nested_branch_dag.py
[2026-05-08T11:46:40.644+0000] {processor.py:840} INFO - DAG(s) 'example_nested_branch_dag' retrieved from /home/airflow/.local/lib/python3.12/site-packages/airflow/example_dags/example_nested_branch_dag.py
[2026-05-08T11:46:40.671+0000] {logging_mixin.py:188} INFO - [2026-05-08T11:46:40.670+0000] {dag.py:3089} INFO - Sync 1 DAGs
[2026-05-08T11:46:40.692+0000] {logging_mixin.py:188} INFO - [2026-05-08T11:46:40.691+0000] {dag.py:3947} INFO - Setting next_dagrun for example_nested_branch_dag to 2026-05-07 00:00:00+00:00, run_after=2026-05-08 00:00:00+00:00
[2026-05-08T11:46:40.711+0000] {processor.py:183} INFO - Processing /home/airflow/.local/lib/python3.12/site-packages/airflow/example_dags/example_nested_branch_dag.py took 0.086 seconds
[2026-05-08T11:47:11.071+0000] {processor.py:161} INFO - Started process (PID=306) to work on /home/airflow/.local/lib/python3.12/site-packages/airflow/example_dags/example_nested_branch_dag.py
[2026-05-08T11:47:11.073+0000] {processor.py:830} INFO - Processing file /home/airflow/.local/lib/python3.12/site-packages/airflow/example_dags/example_nested_branch_dag.py for tasks to queue
[2026-05-08T11:47:11.075+0000] {logging_mixin.py:188} INFO - [2026-05-08T11:47:11.074+0000] {dagbag.py:545} INFO - Filling up the DagBag from /home/airflow/.local/lib/python3.12/site-packages/airflow/example_dags/example_nested_branch_dag.py
[2026-05-08T11:47:11.085+0000] {processor.py:840} INFO - DAG(s) 'example_nested_branch_dag' retrieved from /home/airflow/.local/lib/python3.12/site-packages/airflow/example_dags/example_nested_branch_dag.py
[2026-05-08T11:47:11.107+0000] {logging_mixin.py:188} INFO - [2026-05-08T11:47:11.107+0000] {dag.py:3089} INFO - Sync 1 DAGs
[2026-05-08T11:47:11.128+0000] {logging_mixin.py:188} INFO - [2026-05-08T11:47:11.128+0000] {dag.py:3947} INFO - Setting next_dagrun for example_nested_branch_dag to 2026-05-07 00:00:00+00:00, run_after=2026-05-08 00:00:00+00:00
[2026-05-08T11:47:11.145+0000] {processor.py:183} INFO - Processing /home/airflow/.local/lib/python3.12/site-packages/airflow/example_dags/example_nested_branch_dag.py took 0.080 seconds
[2026-05-08T11:47:41.817+0000] {processor.py:161} INFO - Started process (PID=364) to work on /home/airflow/.local/lib/python3.12/site-packages/airflow/example_dags/example_nested_branch_dag.py
[2026-05-08T11:47:41.818+0000] {processor.py:830} INFO - Processing file /home/airflow/.local/lib/python3.12/site-packages/airflow/example_dags/example_nested_branch_dag.py for tasks to queue
[2026-05-08T11:47:41.821+0000] {logging_mixin.py:188} INFO - [2026-05-08T11:47:41.821+0000] {dagbag.py:545} INFO - Filling up the DagBag from /home/airflow/.local/lib/python3.12/site-packages/airflow/example_dags/example_nested_branch_dag.py
[2026-05-08T11:47:41.830+0000] {processor.py:840} INFO - DAG(s) 'example_nested_branch_dag' retrieved from /home/airflow/.local/lib/python3.12/site-packages/airflow/example_dags/example_nested_branch_dag.py
[2026-05-08T11:47:41.852+0000] {logging_mixin.py:188} INFO - [2026-05-08T11:47:41.852+0000] {dag.py:3089} INFO - Sync 1 DAGs
[2026-05-08T11:47:41.871+0000] {logging_mixin.py:188} INFO - [2026-05-08T11:47:41.870+0000] {dag.py:3947} INFO - Setting next_dagrun for example_nested_branch_dag to 2026-05-07 00:00:00+00:00, run_after=2026-05-08 00:00:00+00:00
[2026-05-08T11:47:41.888+0000] {processor.py:183} INFO - Processing /home/airflow/.local/lib/python3.12/site-packages/airflow/example_dags/example_nested_branch_dag.py took 0.077 seconds
[2026-05-08T11:48:12.063+0000] {processor.py:161} INFO - Started process (PID=422) to work on /home/airflow/.local/lib/python3.12/site-packages/airflow/example_dags/example_nested_branch_dag.py
[2026-05-08T11:48:12.065+0000] {processor.py:830} INFO - Processing file /home/airflow/.local/lib/python3.12/site-packages/airflow/example_dags/example_nested_branch_dag.py for tasks to queue
[2026-05-08T11:48:12.067+0000] {logging_mixin.py:188} INFO - [2026-05-08T11:48:12.067+0000] {dagbag.py:545} INFO - Filling up the DagBag from /home/airflow/.local/lib/python3.12/site-packages/airflow/example_dags/example_nested_branch_dag.py
[2026-05-08T11:48:12.076+0000] {processor.py:840} INFO - DAG(s) 'example_nested_branch_dag' retrieved from /home/airflow/.local/lib/python3.12/site-packages/airflow/example_dags/example_nested_branch_dag.py
[2026-05-08T11:48:12.101+0000] {logging_mixin.py:188} INFO - [2026-05-08T11:48:12.100+0000] {dag.py:3089} INFO - Sync 1 DAGs
[2026-05-08T11:48:12.122+0000] {logging_mixin.py:188} INFO - [2026-05-08T11:48:12.122+0000] {dag.py:3947} INFO - Setting next_dagrun for example_nested_branch_dag to 2026-05-07 00:00:00+00:00, run_after=2026-05-08 00:00:00+00:00
[2026-05-08T11:48:12.141+0000] {processor.py:183} INFO - Processing /home/airflow/.local/lib/python3.12/site-packages/airflow/example_dags/example_nested_branch_dag.py took 0.084 seconds
[2026-05-08T11:48:42.335+0000] {processor.py:161} INFO - Started process (PID=480) to work on /home/airflow/.local/lib/python3.12/site-packages/airflow/example_dags/example_nested_branch_dag.py
[2026-05-08T11:48:42.336+0000] {processor.py:830} INFO - Processing file /home/airflow/.local/lib/python3.12/site-packages/airflow/example_dags/example_nested_branch_dag.py for tasks to queue
[2026-05-08T11:48:42.338+0000] {logging_mixin.py:188} INFO - [2026-05-08T11:48:42.338+0000] {dagbag.py:545} INFO - Filling up the DagBag from /home/airflow/.local/lib/python3.12/site-packages/airflow/example_dags/example_nested_branch_dag.py
[2026-05-08T11:48:42.347+0000] {processor.py:840} INFO - DAG(s) 'example_nested_branch_dag' retrieved from /home/airflow/.local/lib/python3.12/site-packages/airflow/example_dags/example_nested_branch_dag.py
[2026-05-08T11:48:42.370+0000] {logging_mixin.py:188} INFO - [2026-05-08T11:48:42.370+0000] {dag.py:3089} INFO - Sync 1 DAGs
[2026-05-08T11:48:42.390+0000] {logging_mixin.py:188} INFO - [2026-05-08T11:48:42.390+0000] {dag.py:3947} INFO - Setting next_dagrun for example_nested_branch_dag to 2026-05-07 00:00:00+00:00, run_after=2026-05-08 00:00:00+00:00
[2026-05-08T11:48:42.409+0000] {processor.py:183} INFO - Processing /home/airflow/.local/lib/python3.12/site-packages/airflow/example_dags/example_nested_branch_dag.py took 0.080 seconds
[2026-05-08T11:49:12.564+0000] {processor.py:161} INFO - Started process (PID=538) to work on /home/airflow/.local/lib/python3.12/site-packages/airflow/example_dags/example_nested_branch_dag.py
[2026-05-08T11:49:12.565+0000] {processor.py:830} INFO - Processing file /home/airflow/.local/lib/python3.12/site-packages/airflow/example_dags/example_nested_branch_dag.py for tasks to queue
[2026-05-08T11:49:12.567+0000] {logging_mixin.py:188} INFO - [2026-05-08T11:49:12.566+0000] {dagbag.py:545} INFO - Filling up the DagBag from /home/airflow/.local/lib/python3.12/site-packages/airflow/example_dags/example_nested_branch_dag.py
[2026-05-08T11:49:12.574+0000] {processor.py:840} INFO - DAG(s) 'example_nested_branch_dag' retrieved from /home/airflow/.local/lib/python3.12/site-packages/airflow/example_dags/example_nested_branch_dag.py
[2026-05-08T11:49:12.592+0000] {logging_mixin.py:188} INFO - [2026-05-08T11:49:12.592+0000] {dag.py:3089} INFO - Sync 1 DAGs
[2026-05-08T11:49:12.617+0000] {logging_mixin.py:188} INFO - [2026-05-08T11:49:12.616+0000] {dag.py:3947} INFO - Setting next_dagrun for example_nested_branch_dag to 2026-05-07 00:00:00+00:00, run_after=2026-05-08 00:00:00+00:00
[2026-05-08T11:49:12.634+0000] {processor.py:183} INFO - Processing /home/airflow/.local/lib/python3.12/site-packages/airflow/example_dags/example_nested_branch_dag.py took 0.075 seconds
[2026-05-08T11:49:42.951+0000] {processor.py:161} INFO - Started process (PID=596) to work on /home/airflow/.local/lib/python3.12/site-packages/airflow/example_dags/example_nested_branch_dag.py
[2026-05-08T11:49:42.953+0000] {processor.py:830} INFO - Processing file /home/airflow/.local/lib/python3.12/site-packages/airflow/example_dags/example_nested_branch_dag.py for tasks to queue
[2026-05-08T11:49:42.955+0000] {logging_mixin.py:188} INFO - [2026-05-08T11:49:42.955+0000] {dagbag.py:545} INFO - Filling up the DagBag from /home/airflow/.local/lib/python3.12/site-packages/airflow/example_dags/example_nested_branch_dag.py
[2026-05-08T11:49:42.965+0000] {processor.py:840} INFO - DAG(s) 'example_nested_branch_dag' retrieved from /home/airflow/.local/lib/python3.12/site-packages/airflow/example_dags/example_nested_branch_dag.py
[2026-05-08T11:49:42.980+0000] {logging_mixin.py:188} INFO - [2026-05-08T11:49:42.980+0000] {dag.py:3089} INFO - Sync 1 DAGs
[2026-05-08T11:49:43.002+0000] {logging_mixin.py:188} INFO - [2026-05-08T11:49:43.002+0000] {dag.py:3947} INFO - Setting next_dagrun for example_nested_branch_dag to 2026-05-07 00:00:00+00:00, run_after=2026-05-08 00:00:00+00:00
[2026-05-08T11:49:43.019+0000] {processor.py:183} INFO - Processing /home/airflow/.local/lib/python3.12/site-packages/airflow/example_dags/example_nested_branch_dag.py took 0.074 seconds
[2026-05-08T11:50:13.824+0000] {processor.py:161} INFO - Started process (PID=654) to work on /home/airflow/.local/lib/python3.12/site-packages/airflow/example_dags/example_nested_branch_dag.py
[2026-05-08T11:50:13.825+0000] {processor.py:830} INFO - Processing file /home/airflow/.local/lib/python3.12/site-packages/airflow/example_dags/example_nested_branch_dag.py for tasks to queue
[2026-05-08T11:50:13.827+0000] {logging_mixin.py:188} INFO - [2026-05-08T11:50:13.827+0000] {dagbag.py:545} INFO - Filling up the DagBag from /home/airflow/.local/lib/python3.12/site-packages/airflow/example_dags/example_nested_branch_dag.py
[2026-05-08T11:50:13.835+0000] {processor.py:840} INFO - DAG(s) 'example_nested_branch_dag' retrieved from /home/airflow/.local/lib/python3.12/site-packages/airflow/example_dags/example_nested_branch_dag.py
[2026-05-08T11:50:13.911+0000] {logging_mixin.py:188} INFO - [2026-05-08T11:50:13.911+0000] {dag.py:3089} INFO - Sync 1 DAGs
[2026-05-08T11:50:13.927+0000] {logging_mixin.py:188} INFO - [2026-05-08T11:50:13.927+0000] {dag.py:3947} INFO - Setting next_dagrun for example_nested_branch_dag to 2026-05-07 00:00:00+00:00, run_after=2026-05-08 00:00:00+00:00
[2026-05-08T11:50:13.940+0000] {processor.py:183} INFO - Processing /home/airflow/.local/lib/python3.12/site-packages/airflow/example_dags/example_nested_branch_dag.py took 0.122 seconds
[2026-05-08T11:50:44.764+0000] {processor.py:161} INFO - Started process (PID=712) to work on /home/airflow/.local/lib/python3.12/site-packages/airflow/example_dags/example_nested_branch_dag.py
[2026-05-08T11:50:44.765+0000] {processor.py:830} INFO - Processing file /home/airflow/.local/lib/python3.12/site-packages/airflow/example_dags/example_nested_branch_dag.py for tasks to queue
[2026-05-08T11:50:44.768+0000] {logging_mixin.py:188} INFO - [2026-05-08T11:50:44.768+0000] {dagbag.py:545} INFO - Filling up the DagBag from /home/airflow/.local/lib/python3.12/site-packages/airflow/example_dags/example_nested_branch_dag.py
[2026-05-08T11:50:44.779+0000] {processor.py:840} INFO - DAG(s) 'example_nested_branch_dag' retrieved from /home/airflow/.local/lib/python3.12/site-packages/airflow/example_dags/example_nested_branch_dag.py
[2026-05-08T11:50:44.804+0000] {logging_mixin.py:188} INFO - [2026-05-08T11:50:44.804+0000] {dag.py:3089} INFO - Sync 1 DAGs
[2026-05-08T11:50:44.826+0000] {logging_mixin.py:188} INFO - [2026-05-08T11:50:44.826+0000] {dag.py:3947} INFO - Setting next_dagrun for example_nested_branch_dag to 2026-05-07 00:00:00+00:00, run_after=2026-05-08 00:00:00+00:00
[2026-05-08T11:50:44.848+0000] {processor.py:183} INFO - Processing /home/airflow/.local/lib/python3.12/site-packages/airflow/example_dags/example_nested_branch_dag.py took 0.089 seconds
[2026-05-08T11:51:15.157+0000] {processor.py:161} INFO - Started process (PID=770) to work on /home/airflow/.local/lib/python3.12/site-packages/airflow/example_dags/example_nested_branch_dag.py
[2026-05-08T11:51:15.159+0000] {processor.py:830} INFO - Processing file /home/airflow/.local/lib/python3.12/site-packages/airflow/example_dags/example_nested_branch_dag.py for tasks to queue
[2026-05-08T11:51:15.162+0000] {logging_mixin.py:188} INFO - [2026-05-08T11:51:15.161+0000] {dagbag.py:545} INFO - Filling up the DagBag from /home/airflow/.local/lib/python3.12/site-packages/airflow/example_dags/example_nested_branch_dag.py
[2026-05-08T11:51:15.172+0000] {processor.py:840} INFO - DAG(s) 'example_nested_branch_dag' retrieved from /home/airflow/.local/lib/python3.12/site-packages/airflow/example_dags/example_nested_branch_dag.py
[2026-05-08T11:51:15.197+0000] {logging_mixin.py:188} INFO - [2026-05-08T11:51:15.197+0000] {dag.py:3089} INFO - Sync 1 DAGs
[2026-05-08T11:51:15.221+0000] {logging_mixin.py:188} INFO - [2026-05-08T11:51:15.221+0000] {dag.py:3947} INFO - Setting next_dagrun for example_nested_branch_dag to 2026-05-07 00:00:00+00:00, run_after=2026-05-08 00:00:00+00:00
[2026-05-08T11:51:15.239+0000] {processor.py:183} INFO - Processing /home/airflow/.local/lib/python3.12/site-packages/airflow/example_dags/example_nested_branch_dag.py took 0.088 seconds
[2026-05-08T11:51:46.479+0000] {processor.py:161} INFO - Started process (PID=828) to work on /home/airflow/.local/lib/python3.12/site-packages/airflow/example_dags/example_nested_branch_dag.py
[2026-05-08T11:51:46.481+0000] {processor.py:830} INFO - Processing file /home/airflow/.local/lib/python3.12/site-packages/airflow/example_dags/example_nested_branch_dag.py for tasks to queue
[2026-05-08T11:51:46.484+0000] {logging_mixin.py:188} INFO - [2026-05-08T11:51:46.484+0000] {dagbag.py:545} INFO - Filling up the DagBag from /home/airflow/.local/lib/python3.12/site-packages/airflow/example_dags/example_nested_branch_dag.py
[2026-05-08T11:51:46.499+0000] {processor.py:840} INFO - DAG(s) 'example_nested_branch_dag' retrieved from /home/airflow/.local/lib/python3.12/site-packages/airflow/example_dags/example_nested_branch_dag.py
[2026-05-08T11:51:46.528+0000] {logging_mixin.py:188} INFO - [2026-05-08T11:51:46.528+0000] {dag.py:3089} INFO - Sync 1 DAGs
[2026-05-08T11:51:46.551+0000] {logging_mixin.py:188} INFO - [2026-05-08T11:51:46.551+0000] {dag.py:3947} INFO - Setting next_dagrun for example_nested_branch_dag to 2026-05-07 00:00:00+00:00, run_after=2026-05-08 00:00:00+00:00
[2026-05-08T11:51:46.567+0000] {processor.py:183} INFO - Processing /home/airflow/.local/lib/python3.12/site-packages/airflow/example_dags/example_nested_branch_dag.py took 0.096 seconds
[2026-05-08T11:52:17.755+0000] {processor.py:161} INFO - Started process (PID=886) to work on /home/airflow/.local/lib/python3.12/site-packages/airflow/example_dags/example_nested_branch_dag.py
[2026-05-08T11:52:17.756+0000] {processor.py:830} INFO - Processing file /home/airflow/.local/lib/python3.12/site-packages/airflow/example_dags/example_nested_branch_dag.py for tasks to queue
[2026-05-08T11:52:17.759+0000] {logging_mixin.py:188} INFO - [2026-05-08T11:52:17.759+0000] {dagbag.py:545} INFO - Filling up the DagBag from /home/airflow/.local/lib/python3.12/site-packages/airflow/example_dags/example_nested_branch_dag.py
[2026-05-08T11:52:17.772+0000] {processor.py:840} INFO - DAG(s) 'example_nested_branch_dag' retrieved from /home/airflow/.local/lib/python3.12/site-packages/airflow/example_dags/example_nested_branch_dag.py
[2026-05-08T11:52:17.800+0000] {logging_mixin.py:188} INFO - [2026-05-08T11:52:17.799+0000] {dag.py:3089} INFO - Sync 1 DAGs
[2026-05-08T11:52:17.824+0000] {logging_mixin.py:188} INFO - [2026-05-08T11:52:17.823+0000] {dag.py:3947} INFO - Setting next_dagrun for example_nested_branch_dag to 2026-05-07 00:00:00+00:00, run_after=2026-05-08 00:00:00+00:00
[2026-05-08T11:52:17.849+0000] {processor.py:183} INFO - Processing /home/airflow/.local/lib/python3.12/site-packages/airflow/example_dags/example_nested_branch_dag.py took 0.101 seconds
[2026-05-08T11:52:48.384+0000] {processor.py:161} INFO - Started process (PID=944) to work on /home/airflow/.local/lib/python3.12/site-packages/airflow/example_dags/example_nested_branch_dag.py
[2026-05-08T11:52:48.386+0000] {processor.py:830} INFO - Processing file /home/airflow/.local/lib/python3.12/site-packages/airflow/example_dags/example_nested_branch_dag.py for tasks to queue
[2026-05-08T11:52:48.388+0000] {logging_mixin.py:188} INFO - [2026-05-08T11:52:48.388+0000] {dagbag.py:545} INFO - Filling up the DagBag from /home/airflow/.local/lib/python3.12/site-packages/airflow/example_dags/example_nested_branch_dag.py
[2026-05-08T11:52:48.401+0000] {processor.py:840} INFO - DAG(s) 'example_nested_branch_dag' retrieved from /home/airflow/.local/lib/python3.12/site-packages/airflow/example_dags/example_nested_branch_dag.py
[2026-05-08T11:52:48.431+0000] {logging_mixin.py:188} INFO - [2026-05-08T11:52:48.431+0000] {dag.py:3089} INFO - Sync 1 DAGs
[2026-05-08T11:52:48.461+0000] {logging_mixin.py:188} INFO - [2026-05-08T11:52:48.460+0000] {dag.py:3947} INFO - Setting next_dagrun for example_nested_branch_dag to 2026-05-07 00:00:00+00:00, run_after=2026-05-08 00:00:00+00:00
[2026-05-08T11:52:48.486+0000] {processor.py:183} INFO - Processing /home/airflow/.local/lib/python3.12/site-packages/airflow/example_dags/example_nested_branch_dag.py took 0.110 seconds
[2026-05-08T11:53:19.079+0000] {processor.py:161} INFO - Started process (PID=1002) to work on /home/airflow/.local/lib/python3.12/site-packages/airflow/example_dags/example_nested_branch_dag.py
[2026-05-08T11:53:19.081+0000] {processor.py:830} INFO - Processing file /home/airflow/.local/lib/python3.12/site-packages/airflow/example_dags/example_nested_branch_dag.py for tasks to queue
[2026-05-08T11:53:19.083+0000] {logging_mixin.py:188} INFO - [2026-05-08T11:53:19.083+0000] {dagbag.py:545} INFO - Filling up the DagBag from /home/airflow/.local/lib/python3.12/site-packages/airflow/example_dags/example_nested_branch_dag.py
[2026-05-08T11:53:19.093+0000] {processor.py:840} INFO - DAG(s) 'example_nested_branch_dag' retrieved from /home/airflow/.local/lib/python3.12/site-packages/airflow/example_dags/example_nested_branch_dag.py
[2026-05-08T11:53:19.118+0000] {logging_mixin.py:188} INFO - [2026-05-08T11:53:19.118+0000] {dag.py:3089} INFO - Sync 1 DAGs
[2026-05-08T11:53:19.141+0000] {logging_mixin.py:188} INFO - [2026-05-08T11:53:19.140+0000] {dag.py:3947} INFO - Setting next_dagrun for example_nested_branch_dag to 2026-05-07 00:00:00+00:00, run_after=2026-05-08 00:00:00+00:00
[2026-05-08T11:53:19.159+0000] {processor.py:183} INFO - Processing /home/airflow/.local/lib/python3.12/site-packages/airflow/example_dags/example_nested_branch_dag.py took 0.085 seconds
[2026-05-08T11:53:49.292+0000] {processor.py:161} INFO - Started process (PID=1059) to work on /home/airflow/.local/lib/python3.12/site-packages/airflow/example_dags/example_nested_branch_dag.py
[2026-05-08T11:53:49.294+0000] {processor.py:830} INFO - Processing file /home/airflow/.local/lib/python3.12/site-packages/airflow/example_dags/example_nested_branch_dag.py for tasks to queue
[2026-05-08T11:53:49.296+0000] {logging_mixin.py:188} INFO - [2026-05-08T11:53:49.296+0000] {dagbag.py:545} INFO - Filling up the DagBag from /home/airflow/.local/lib/python3.12/site-packages/airflow/example_dags/example_nested_branch_dag.py
[2026-05-08T11:53:49.306+0000] {processor.py:840} INFO - DAG(s) 'example_nested_branch_dag' retrieved from /home/airflow/.local/lib/python3.12/site-packages/airflow/example_dags/example_nested_branch_dag.py
[2026-05-08T11:53:49.330+0000] {logging_mixin.py:188} INFO - [2026-05-08T11:53:49.330+0000] {dag.py:3089} INFO - Sync 1 DAGs
[2026-05-08T11:53:49.352+0000] {logging_mixin.py:188} INFO - [2026-05-08T11:53:49.352+0000] {dag.py:3947} INFO - Setting next_dagrun for example_nested_branch_dag to 2026-05-07 00:00:00+00:00, run_after=2026-05-08 00:00:00+00:00
[2026-05-08T11:53:49.372+0000] {processor.py:183} INFO - Processing /home/airflow/.local/lib/python3.12/site-packages/airflow/example_dags/example_nested_branch_dag.py took 0.086 seconds
[2026-05-08T11:54:19.750+0000] {processor.py:161} INFO - Started process (PID=1117) to work on /home/airflow/.local/lib/python3.12/site-packages/airflow/example_dags/example_nested_branch_dag.py
[2026-05-08T11:54:19.751+0000] {processor.py:830} INFO - Processing file /home/airflow/.local/lib/python3.12/site-packages/airflow/example_dags/example_nested_branch_dag.py for tasks to queue
[2026-05-08T11:54:19.752+0000] {logging_mixin.py:188} INFO - [2026-05-08T11:54:19.752+0000] {dagbag.py:545} INFO - Filling up the DagBag from /home/airflow/.local/lib/python3.12/site-packages/airflow/example_dags/example_nested_branch_dag.py
[2026-05-08T11:54:19.760+0000] {processor.py:840} INFO - DAG(s) 'example_nested_branch_dag' retrieved from /home/airflow/.local/lib/python3.12/site-packages/airflow/example_dags/example_nested_branch_dag.py
[2026-05-08T11:54:19.780+0000] {logging_mixin.py:188} INFO - [2026-05-08T11:54:19.779+0000] {dag.py:3089} INFO - Sync 1 DAGs
[2026-05-08T11:54:19.798+0000] {logging_mixin.py:188} INFO - [2026-05-08T11:54:19.797+0000] {dag.py:3947} INFO - Setting next_dagrun for example_nested_branch_dag to 2026-05-07 00:00:00+00:00, run_after=2026-05-08 00:00:00+00:00
[2026-05-08T11:54:19.813+0000] {processor.py:183} INFO - Processing /home/airflow/.local/lib/python3.12/site-packages/airflow/example_dags/example_nested_branch_dag.py took 0.068 seconds
[2026-05-08T11:54:50.641+0000] {processor.py:161} INFO - Started process (PID=1175) to work on /home/airflow/.local/lib/python3.12/site-packages/airflow/example_dags/example_nested_branch_dag.py
[2026-05-08T11:54:50.642+0000] {processor.py:830} INFO - Processing file /home/airflow/.local/lib/python3.12/site-packages/airflow/example_dags/example_nested_branch_dag.py for tasks to queue
[2026-05-08T11:54:50.645+0000] {logging_mixin.py:188} INFO - [2026-05-08T11:54:50.644+0000] {dagbag.py:545} INFO - Filling up the DagBag from /home/airflow/.local/lib/python3.12/site-packages/airflow/example_dags/example_nested_branch_dag.py
[2026-05-08T11:54:50.655+0000] {processor.py:840} INFO - DAG(s) 'example_nested_branch_dag' retrieved from /home/airflow/.local/lib/python3.12/site-packages/airflow/example_dags/example_nested_branch_dag.py
[2026-05-08T11:54:50.682+0000] {logging_mixin.py:188} INFO - [2026-05-08T11:54:50.682+0000] {dag.py:3089} INFO - Sync 1 DAGs
[2026-05-08T11:54:50.706+0000] {logging_mixin.py:188} INFO - [2026-05-08T11:54:50.706+0000] {dag.py:3947} INFO - Setting next_dagrun for example_nested_branch_dag to 2026-05-07 00:00:00+00:00, run_after=2026-05-08 00:00:00+00:00
[2026-05-08T11:54:50.726+0000] {processor.py:183} INFO - Processing /home/airflow/.local/lib/python3.12/site-packages/airflow/example_dags/example_nested_branch_dag.py took 0.092 seconds
[2026-05-08T11:55:21.598+0000] {processor.py:161} INFO - Started process (PID=1233) to work on /home/airflow/.local/lib/python3.12/site-packages/airflow/example_dags/example_nested_branch_dag.py
[2026-05-08T11:55:21.599+0000] {processor.py:830} INFO - Processing file /home/airflow/.local/lib/python3.12/site-packages/airflow/example_dags/example_nested_branch_dag.py for tasks to queue
[2026-05-08T11:55:21.601+0000] {logging_mixin.py:188} INFO - [2026-05-08T11:55:21.601+0000] {dagbag.py:545} INFO - Filling up the DagBag from /home/airflow/.local/lib/python3.12/site-packages/airflow/example_dags/example_nested_branch_dag.py
[2026-05-08T11:55:21.609+0000] {processor.py:840} INFO - DAG(s) 'example_nested_branch_dag' retrieved from /home/airflow/.local/lib/python3.12/site-packages/airflow/example_dags/example_nested_branch_dag.py
[2026-05-08T11:55:21.627+0000] {logging_mixin.py:188} INFO - [2026-05-08T11:55:21.627+0000] {dag.py:3089} INFO - Sync 1 DAGs
[2026-05-08T11:55:21.644+0000] {logging_mixin.py:188} INFO - [2026-05-08T11:55:21.644+0000] {dag.py:3947} INFO - Setting next_dagrun for example_nested_branch_dag to 2026-05-07 00:00:00+00:00, run_after=2026-05-08 00:00:00+00:00
[2026-05-08T11:55:21.660+0000] {processor.py:183} INFO - Processing /home/airflow/.local/lib/python3.12/site-packages/airflow/example_dags/example_nested_branch_dag.py took 0.067 seconds
[2026-05-08T11:55:51.934+0000] {processor.py:161} INFO - Started process (PID=1291) to work on /home/airflow/.local/lib/python3.12/site-packages/airflow/example_dags/example_nested_branch_dag.py
[2026-05-08T11:55:51.935+0000] {processor.py:830} INFO - Processing file /home/airflow/.local/lib/python3.12/site-packages/airflow/example_dags/example_nested_branch_dag.py for tasks to queue
[2026-05-08T11:55:51.937+0000] {logging_mixin.py:188} INFO - [2026-05-08T11:55:51.937+0000] {dagbag.py:545} INFO - Filling up the DagBag from /home/airflow/.local/lib/python3.12/site-packages/airflow/example_dags/example_nested_branch_dag.py
[2026-05-08T11:55:51.944+0000] {processor.py:840} INFO - DAG(s) 'example_nested_branch_dag' retrieved from /home/airflow/.local/lib/python3.12/site-packages/airflow/example_dags/example_nested_branch_dag.py
[2026-05-08T11:55:51.963+0000] {logging_mixin.py:188} INFO - [2026-05-08T11:55:51.963+0000] {dag.py:3089} INFO - Sync 1 DAGs
[2026-05-08T11:55:51.979+0000] {logging_mixin.py:188} INFO - [2026-05-08T11:55:51.979+0000] {dag.py:3947} INFO - Setting next_dagrun for example_nested_branch_dag to 2026-05-07 00:00:00+00:00, run_after=2026-05-08 00:00:00+00:00
[2026-05-08T11:55:51.997+0000] {processor.py:183} INFO - Processing /home/airflow/.local/lib/python3.12/site-packages/airflow/example_dags/example_nested_branch_dag.py took 0.068 seconds
[2026-05-08T11:56:22.211+0000] {processor.py:161} INFO - Started process (PID=1349) to work on /home/airflow/.local/lib/python3.12/site-packages/airflow/example_dags/example_nested_branch_dag.py
[2026-05-08T11:56:22.213+0000] {processor.py:830} INFO - Processing file /home/airflow/.local/lib/python3.12/site-packages/airflow/example_dags/example_nested_branch_dag.py for tasks to queue
[2026-05-08T11:56:22.215+0000] {logging_mixin.py:188} INFO - [2026-05-08T11:56:22.215+0000] {dagbag.py:545} INFO - Filling up the DagBag from /home/airflow/.local/lib/python3.12/site-packages/airflow/example_dags/example_nested_branch_dag.py
[2026-05-08T11:56:22.224+0000] {processor.py:840} INFO - DAG(s) 'example_nested_branch_dag' retrieved from /home/airflow/.local/lib/python3.12/site-packages/airflow/example_dags/example_nested_branch_dag.py
[2026-05-08T11:56:22.248+0000] {logging_mixin.py:188} INFO - [2026-05-08T11:56:22.248+0000] {dag.py:3089} INFO - Sync 1 DAGs
[2026-05-08T11:56:22.270+0000] {logging_mixin.py:188} INFO - [2026-05-08T11:56:22.269+0000] {dag.py:3947} INFO - Setting next_dagrun for example_nested_branch_dag to 2026-05-07 00:00:00+00:00, run_after=2026-05-08 00:00:00+00:00
[2026-05-08T11:56:22.287+0000] {processor.py:183} INFO - Processing /home/airflow/.local/lib/python3.12/site-packages/airflow/example_dags/example_nested_branch_dag.py took 0.082 seconds
[2026-05-08T11:56:52.630+0000] {processor.py:161} INFO - Started process (PID=1407) to work on /home/airflow/.local/lib/python3.12/site-packages/airflow/example_dags/example_nested_branch_dag.py
[2026-05-08T11:56:52.632+0000] {processor.py:830} INFO - Processing file /home/airflow/.local/lib/python3.12/site-packages/airflow/example_dags/example_nested_branch_dag.py for tasks to queue
[2026-05-08T11:56:52.635+0000] {logging_mixin.py:188} INFO - [2026-05-08T11:56:52.634+0000] {dagbag.py:545} INFO - Filling up the DagBag from /home/airflow/.local/lib/python3.12/site-packages/airflow/example_dags/example_nested_branch_dag.py
[2026-05-08T11:56:52.646+0000] {processor.py:840} INFO - DAG(s) 'example_nested_branch_dag' retrieved from /home/airflow/.local/lib/python3.12/site-packages/airflow/example_dags/example_nested_branch_dag.py
[2026-05-08T11:56:52.672+0000] {logging_mixin.py:188} INFO - [2026-05-08T11:56:52.671+0000] {dag.py:3089} INFO - Sync 1 DAGs
[2026-05-08T11:56:52.697+0000] {logging_mixin.py:188} INFO - [2026-05-08T11:56:52.697+0000] {dag.py:3947} INFO - Setting next_dagrun for example_nested_branch_dag to 2026-05-07 00:00:00+00:00, run_after=2026-05-08 00:00:00+00:00
[2026-05-08T11:56:52.719+0000] {processor.py:183} INFO - Processing /home/airflow/.local/lib/python3.12/site-packages/airflow/example_dags/example_nested_branch_dag.py took 0.097 seconds
[2026-05-08T11:57:23.057+0000] {processor.py:161} INFO - Started process (PID=1465) to work on /home/airflow/.local/lib/python3.12/site-packages/airflow/example_dags/example_nested_branch_dag.py
[2026-05-08T11:57:23.058+0000] {processor.py:830} INFO - Processing file /home/airflow/.local/lib/python3.12/site-packages/airflow/example_dags/example_nested_branch_dag.py for tasks to queue
[2026-05-08T11:57:23.060+0000] {logging_mixin.py:188} INFO - [2026-05-08T11:57:23.060+0000] {dagbag.py:545} INFO - Filling up the DagBag from /home/airflow/.local/lib/python3.12/site-packages/airflow/example_dags/example_nested_branch_dag.py
[2026-05-08T11:57:23.067+0000] {processor.py:840} INFO - DAG(s) 'example_nested_branch_dag' retrieved from /home/airflow/.local/lib/python3.12/site-packages/airflow/example_dags/example_nested_branch_dag.py
[2026-05-08T11:57:23.086+0000] {logging_mixin.py:188} INFO - [2026-05-08T11:57:23.085+0000] {dag.py:3089} INFO - Sync 1 DAGs
[2026-05-08T11:57:23.101+0000] {logging_mixin.py:188} INFO - [2026-05-08T11:57:23.100+0000] {dag.py:3947} INFO - Setting next_dagrun for example_nested_branch_dag to 2026-05-07 00:00:00+00:00, run_after=2026-05-08 00:00:00+00:00
[2026-05-08T11:57:23.117+0000] {processor.py:183} INFO - Processing /home/airflow/.local/lib/python3.12/site-packages/airflow/example_dags/example_nested_branch_dag.py took 0.064 seconds
[2026-05-08T11:57:53.226+0000] {processor.py:161} INFO - Started process (PID=1523) to work on /home/airflow/.local/lib/python3.12/site-packages/airflow/example_dags/example_nested_branch_dag.py
[2026-05-08T11:57:53.228+0000] {processor.py:830} INFO - Processing file /home/airflow/.local/lib/python3.12/site-packages/airflow/example_dags/example_nested_branch_dag.py for tasks to queue
[2026-05-08T11:57:53.230+0000] {logging_mixin.py:188} INFO - [2026-05-08T11:57:53.230+0000] {dagbag.py:545} INFO - Filling up the DagBag from /home/airflow/.local/lib/python3.12/site-packages/airflow/example_dags/example_nested_branch_dag.py
[2026-05-08T11:57:53.240+0000] {processor.py:840} INFO - DAG(s) 'example_nested_branch_dag' retrieved from /home/airflow/.local/lib/python3.12/site-packages/airflow/example_dags/example_nested_branch_dag.py
[2026-05-08T11:57:53.265+0000] {logging_mixin.py:188} INFO - [2026-05-08T11:57:53.264+0000] {dag.py:3089} INFO - Sync 1 DAGs
[2026-05-08T11:57:53.289+0000] {logging_mixin.py:188} INFO - [2026-05-08T11:57:53.288+0000] {dag.py:3947} INFO - Setting next_dagrun for example_nested_branch_dag to 2026-05-07 00:00:00+00:00, run_after=2026-05-08 00:00:00+00:00
[2026-05-08T11:57:53.313+0000] {processor.py:183} INFO - Processing /home/airflow/.local/lib/python3.12/site-packages/airflow/example_dags/example_nested_branch_dag.py took 0.093 seconds
[2026-05-08T11:58:25.046+0000] {processor.py:161} INFO - Started process (PID=1581) to work on /home/airflow/.local/lib/python3.12/site-packages/airflow/example_dags/example_nested_branch_dag.py
[2026-05-08T11:58:25.048+0000] {processor.py:830} INFO - Processing file /home/airflow/.local/lib/python3.12/site-packages/airflow/example_dags/example_nested_branch_dag.py for tasks to queue
[2026-05-08T11:58:25.051+0000] {logging_mixin.py:188} INFO - [2026-05-08T11:58:25.050+0000] {dagbag.py:545} INFO - Filling up the DagBag from /home/airflow/.local/lib/python3.12/site-packages/airflow/example_dags/example_nested_branch_dag.py
[2026-05-08T11:58:25.060+0000] {processor.py:840} INFO - DAG(s) 'example_nested_branch_dag' retrieved from /home/airflow/.local/lib/python3.12/site-packages/airflow/example_dags/example_nested_branch_dag.py
[2026-05-08T11:58:25.084+0000] {logging_mixin.py:188} INFO - [2026-05-08T11:58:25.083+0000] {dag.py:3089} INFO - Sync 1 DAGs
[2026-05-08T11:58:25.102+0000] {logging_mixin.py:188} INFO - [2026-05-08T11:58:25.102+0000] {dag.py:3947} INFO - Setting next_dagrun for example_nested_branch_dag to 2026-05-07 00:00:00+00:00, run_after=2026-05-08 00:00:00+00:00
[2026-05-08T11:58:25.120+0000] {processor.py:183} INFO - Processing /home/airflow/.local/lib/python3.12/site-packages/airflow/example_dags/example_nested_branch_dag.py took 0.081 seconds
[2026-05-08T11:58:55.717+0000] {processor.py:161} INFO - Started process (PID=1639) to work on /home/airflow/.local/lib/python3.12/site-packages/airflow/example_dags/example_nested_branch_dag.py
[2026-05-08T11:58:55.718+0000] {processor.py:830} INFO - Processing file /home/airflow/.local/lib/python3.12/site-packages/airflow/example_dags/example_nested_branch_dag.py for tasks to queue
[2026-05-08T11:58:55.721+0000] {logging_mixin.py:188} INFO - [2026-05-08T11:58:55.720+0000] {dagbag.py:545} INFO - Filling up the DagBag from /home/airflow/.local/lib/python3.12/site-packages/airflow/example_dags/example_nested_branch_dag.py
[2026-05-08T11:58:55.730+0000] {processor.py:840} INFO - DAG(s) 'example_nested_branch_dag' retrieved from /home/airflow/.local/lib/python3.12/site-packages/airflow/example_dags/example_nested_branch_dag.py
[2026-05-08T11:58:55.753+0000] {logging_mixin.py:188} INFO - [2026-05-08T11:58:55.753+0000] {dag.py:3089} INFO - Sync 1 DAGs
[2026-05-08T11:58:55.771+0000] {logging_mixin.py:188} INFO - [2026-05-08T11:58:55.771+0000] {dag.py:3947} INFO - Setting next_dagrun for example_nested_branch_dag to 2026-05-07 00:00:00+00:00, run_after=2026-05-08 00:00:00+00:00
[2026-05-08T11:58:55.789+0000] {processor.py:183} INFO - Processing /home/airflow/.local/lib/python3.12/site-packages/airflow/example_dags/example_nested_branch_dag.py took 0.078 seconds
[2026-05-08T11:59:26.080+0000] {processor.py:161} INFO - Started process (PID=1697) to work on /home/airflow/.local/lib/python3.12/site-packages/airflow/example_dags/example_nested_branch_dag.py
[2026-05-08T11:59:26.082+0000] {processor.py:830} INFO - Processing file /home/airflow/.local/lib/python3.12/site-packages/airflow/example_dags/example_nested_branch_dag.py for tasks to queue
[2026-05-08T11:59:26.084+0000] {logging_mixin.py:188} INFO - [2026-05-08T11:59:26.084+0000] {dagbag.py:545} INFO - Filling up the DagBag from /home/airflow/.local/lib/python3.12/site-packages/airflow/example_dags/example_nested_branch_dag.py
[2026-05-08T11:59:26.100+0000] {processor.py:840} INFO - DAG(s) 'example_nested_branch_dag' retrieved from /home/airflow/.local/lib/python3.12/site-packages/airflow/example_dags/example_nested_branch_dag.py
[2026-05-08T11:59:26.124+0000] {logging_mixin.py:188} INFO - [2026-05-08T11:59:26.124+0000] {dag.py:3089} INFO - Sync 1 DAGs
[2026-05-08T11:59:26.143+0000] {logging_mixin.py:188} INFO - [2026-05-08T11:59:26.143+0000] {dag.py:3947} INFO - Setting next_dagrun for example_nested_branch_dag to 2026-05-07 00:00:00+00:00, run_after=2026-05-08 00:00:00+00:00
[2026-05-08T11:59:26.160+0000] {processor.py:183} INFO - Processing /home/airflow/.local/lib/python3.12/site-packages/airflow/example_dags/example_nested_branch_dag.py took 0.086 seconds
[2026-05-08T13:36:16.876+0000] {processor.py:161} INFO - Started process (PID=68) to work on /home/airflow/.local/lib/python3.12/site-packages/airflow/example_dags/example_nested_branch_dag.py
[2026-05-08T13:36:16.877+0000] {processor.py:830} INFO - Processing file /home/airflow/.local/lib/python3.12/site-packages/airflow/example_dags/example_nested_branch_dag.py for tasks to queue
[2026-05-08T13:36:16.879+0000] {logging_mixin.py:188} INFO - [2026-05-08T13:36:16.879+0000] {dagbag.py:545} INFO - Filling up the DagBag from /home/airflow/.local/lib/python3.12/site-packages/airflow/example_dags/example_nested_branch_dag.py
[2026-05-08T13:36:16.889+0000] {processor.py:840} INFO - DAG(s) 'example_nested_branch_dag' retrieved from /home/airflow/.local/lib/python3.12/site-packages/airflow/example_dags/example_nested_branch_dag.py
[2026-05-08T13:36:16.910+0000] {logging_mixin.py:188} INFO - [2026-05-08T13:36:16.910+0000] {dag.py:3089} INFO - Sync 1 DAGs
[2026-05-08T13:36:16.927+0000] {logging_mixin.py:188} INFO - [2026-05-08T13:36:16.927+0000] {dag.py:3947} INFO - Setting next_dagrun for example_nested_branch_dag to 2026-05-07 00:00:00+00:00, run_after=2026-05-08 00:00:00+00:00
[2026-05-08T13:36:16.943+0000] {processor.py:183} INFO - Processing /home/airflow/.local/lib/python3.12/site-packages/airflow/example_dags/example_nested_branch_dag.py took 0.071 seconds
[2026-05-08T13:36:47.728+0000] {processor.py:161} INFO - Started process (PID=126) to work on /home/airflow/.local/lib/python3.12/site-packages/airflow/example_dags/example_nested_branch_dag.py
[2026-05-08T13:36:47.729+0000] {processor.py:830} INFO - Processing file /home/airflow/.local/lib/python3.12/site-packages/airflow/example_dags/example_nested_branch_dag.py for tasks to queue
[2026-05-08T13:36:47.730+0000] {logging_mixin.py:188} INFO - [2026-05-08T13:36:47.730+0000] {dagbag.py:545} INFO - Filling up the DagBag from /home/airflow/.local/lib/python3.12/site-packages/airflow/example_dags/example_nested_branch_dag.py
[2026-05-08T13:36:47.738+0000] {processor.py:840} INFO - DAG(s) 'example_nested_branch_dag' retrieved from /home/airflow/.local/lib/python3.12/site-packages/airflow/example_dags/example_nested_branch_dag.py
[2026-05-08T13:36:47.756+0000] {logging_mixin.py:188} INFO - [2026-05-08T13:36:47.756+0000] {dag.py:3089} INFO - Sync 1 DAGs
[2026-05-08T13:36:47.772+0000] {logging_mixin.py:188} INFO - [2026-05-08T13:36:47.772+0000] {dag.py:3947} INFO - Setting next_dagrun for example_nested_branch_dag to 2026-05-07 00:00:00+00:00, run_after=2026-05-08 00:00:00+00:00
[2026-05-08T13:36:47.790+0000] {processor.py:183} INFO - Processing /home/airflow/.local/lib/python3.12/site-packages/airflow/example_dags/example_nested_branch_dag.py took 0.066 seconds
[2026-05-08T13:37:18.321+0000] {processor.py:161} INFO - Started process (PID=190) to work on /home/airflow/.local/lib/python3.12/site-packages/airflow/example_dags/example_nested_branch_dag.py
[2026-05-08T13:37:18.322+0000] {processor.py:830} INFO - Processing file /home/airflow/.local/lib/python3.12/site-packages/airflow/example_dags/example_nested_branch_dag.py for tasks to queue
[2026-05-08T13:37:18.324+0000] {logging_mixin.py:188} INFO - [2026-05-08T13:37:18.324+0000] {dagbag.py:545} INFO - Filling up the DagBag from /home/airflow/.local/lib/python3.12/site-packages/airflow/example_dags/example_nested_branch_dag.py
[2026-05-08T13:37:18.332+0000] {processor.py:840} INFO - DAG(s) 'example_nested_branch_dag' retrieved from /home/airflow/.local/lib/python3.12/site-packages/airflow/example_dags/example_nested_branch_dag.py
[2026-05-08T13:37:18.345+0000] {logging_mixin.py:188} INFO - [2026-05-08T13:37:18.345+0000] {dag.py:3089} INFO - Sync 1 DAGs
[2026-05-08T13:37:18.364+0000] {logging_mixin.py:188} INFO - [2026-05-08T13:37:18.364+0000] {dag.py:3947} INFO - Setting next_dagrun for example_nested_branch_dag to 2026-05-07 00:00:00+00:00, run_after=2026-05-08 00:00:00+00:00
[2026-05-08T13:37:18.381+0000] {processor.py:183} INFO - Processing /home/airflow/.local/lib/python3.12/site-packages/airflow/example_dags/example_nested_branch_dag.py took 0.066 seconds
[2026-05-08T13:37:49.295+0000] {processor.py:161} INFO - Started process (PID=248) to work on /home/airflow/.local/lib/python3.12/site-packages/airflow/example_dags/example_nested_branch_dag.py
[2026-05-08T13:37:49.296+0000] {processor.py:830} INFO - Processing file /home/airflow/.local/lib/python3.12/site-packages/airflow/example_dags/example_nested_branch_dag.py for tasks to queue
[2026-05-08T13:37:49.297+0000] {logging_mixin.py:188} INFO - [2026-05-08T13:37:49.297+0000] {dagbag.py:545} INFO - Filling up the DagBag from /home/airflow/.local/lib/python3.12/site-packages/airflow/example_dags/example_nested_branch_dag.py
[2026-05-08T13:37:49.304+0000] {processor.py:840} INFO - DAG(s) 'example_nested_branch_dag' retrieved from /home/airflow/.local/lib/python3.12/site-packages/airflow/example_dags/example_nested_branch_dag.py
[2026-05-08T13:37:49.377+0000] {logging_mixin.py:188} INFO - [2026-05-08T13:37:49.377+0000] {dag.py:3089} INFO - Sync 1 DAGs
[2026-05-08T13:37:49.395+0000] {logging_mixin.py:188} INFO - [2026-05-08T13:37:49.394+0000] {dag.py:3947} INFO - Setting next_dagrun for example_nested_branch_dag to 2026-05-07 00:00:00+00:00, run_after=2026-05-08 00:00:00+00:00
[2026-05-08T13:37:49.409+0000] {processor.py:183} INFO - Processing /home/airflow/.local/lib/python3.12/site-packages/airflow/example_dags/example_nested_branch_dag.py took 0.119 seconds
[2026-05-08T13:38:19.997+0000] {processor.py:161} INFO - Started process (PID=306) to work on /home/airflow/.local/lib/python3.12/site-packages/airflow/example_dags/example_nested_branch_dag.py
[2026-05-08T13:38:19.998+0000] {processor.py:830} INFO - Processing file /home/airflow/.local/lib/python3.12/site-packages/airflow/example_dags/example_nested_branch_dag.py for tasks to queue
[2026-05-08T13:38:20.000+0000] {logging_mixin.py:188} INFO - [2026-05-08T13:38:20.000+0000] {dagbag.py:545} INFO - Filling up the DagBag from /home/airflow/.local/lib/python3.12/site-packages/airflow/example_dags/example_nested_branch_dag.py
[2026-05-08T13:38:20.009+0000] {processor.py:840} INFO - DAG(s) 'example_nested_branch_dag' retrieved from /home/airflow/.local/lib/python3.12/site-packages/airflow/example_dags/example_nested_branch_dag.py
[2026-05-08T13:38:20.027+0000] {logging_mixin.py:188} INFO - [2026-05-08T13:38:20.027+0000] {dag.py:3089} INFO - Sync 1 DAGs
[2026-05-08T13:38:20.045+0000] {logging_mixin.py:188} INFO - [2026-05-08T13:38:20.045+0000] {dag.py:3947} INFO - Setting next_dagrun for example_nested_branch_dag to 2026-05-07 00:00:00+00:00, run_after=2026-05-08 00:00:00+00:00
[2026-05-08T13:38:20.059+0000] {processor.py:183} INFO - Processing /home/airflow/.local/lib/python3.12/site-packages/airflow/example_dags/example_nested_branch_dag.py took 0.068 seconds
[2026-05-08T13:38:50.364+0000] {processor.py:161} INFO - Started process (PID=364) to work on /home/airflow/.local/lib/python3.12/site-packages/airflow/example_dags/example_nested_branch_dag.py
[2026-05-08T13:38:50.365+0000] {processor.py:830} INFO - Processing file /home/airflow/.local/lib/python3.12/site-packages/airflow/example_dags/example_nested_branch_dag.py for tasks to queue
[2026-05-08T13:38:50.366+0000] {logging_mixin.py:188} INFO - [2026-05-08T13:38:50.366+0000] {dagbag.py:545} INFO - Filling up the DagBag from /home/airflow/.local/lib/python3.12/site-packages/airflow/example_dags/example_nested_branch_dag.py
[2026-05-08T13:38:50.373+0000] {processor.py:840} INFO - DAG(s) 'example_nested_branch_dag' retrieved from /home/airflow/.local/lib/python3.12/site-packages/airflow/example_dags/example_nested_branch_dag.py
[2026-05-08T13:38:50.391+0000] {logging_mixin.py:188} INFO - [2026-05-08T13:38:50.391+0000] {dag.py:3089} INFO - Sync 1 DAGs
[2026-05-08T13:38:50.408+0000] {logging_mixin.py:188} INFO - [2026-05-08T13:38:50.407+0000] {dag.py:3947} INFO - Setting next_dagrun for example_nested_branch_dag to 2026-05-07 00:00:00+00:00, run_after=2026-05-08 00:00:00+00:00
[2026-05-08T13:38:50.424+0000] {processor.py:183} INFO - Processing /home/airflow/.local/lib/python3.12/site-packages/airflow/example_dags/example_nested_branch_dag.py took 0.065 seconds
[2026-05-08T13:39:20.858+0000] {processor.py:161} INFO - Started process (PID=422) to work on /home/airflow/.local/lib/python3.12/site-packages/airflow/example_dags/example_nested_branch_dag.py
[2026-05-08T13:39:20.859+0000] {processor.py:830} INFO - Processing file /home/airflow/.local/lib/python3.12/site-packages/airflow/example_dags/example_nested_branch_dag.py for tasks to queue
[2026-05-08T13:39:20.861+0000] {logging_mixin.py:188} INFO - [2026-05-08T13:39:20.861+0000] {dagbag.py:545} INFO - Filling up the DagBag from /home/airflow/.local/lib/python3.12/site-packages/airflow/example_dags/example_nested_branch_dag.py
[2026-05-08T13:39:20.868+0000] {processor.py:840} INFO - DAG(s) 'example_nested_branch_dag' retrieved from /home/airflow/.local/lib/python3.12/site-packages/airflow/example_dags/example_nested_branch_dag.py
[2026-05-08T13:39:20.885+0000] {logging_mixin.py:188} INFO - [2026-05-08T13:39:20.885+0000] {dag.py:3089} INFO - Sync 1 DAGs
[2026-05-08T13:39:20.902+0000] {logging_mixin.py:188} INFO - [2026-05-08T13:39:20.902+0000] {dag.py:3947} INFO - Setting next_dagrun for example_nested_branch_dag to 2026-05-07 00:00:00+00:00, run_after=2026-05-08 00:00:00+00:00
[2026-05-08T13:39:20.915+0000] {processor.py:183} INFO - Processing /home/airflow/.local/lib/python3.12/site-packages/airflow/example_dags/example_nested_branch_dag.py took 0.061 seconds
[2026-05-08T13:39:51.344+0000] {processor.py:161} INFO - Started process (PID=480) to work on /home/airflow/.local/lib/python3.12/site-packages/airflow/example_dags/example_nested_branch_dag.py
[2026-05-08T13:39:51.344+0000] {processor.py:830} INFO - Processing file /home/airflow/.local/lib/python3.12/site-packages/airflow/example_dags/example_nested_branch_dag.py for tasks to queue
[2026-05-08T13:39:51.346+0000] {logging_mixin.py:188} INFO - [2026-05-08T13:39:51.346+0000] {dagbag.py:545} INFO - Filling up the DagBag from /home/airflow/.local/lib/python3.12/site-packages/airflow/example_dags/example_nested_branch_dag.py
[2026-05-08T13:39:51.353+0000] {processor.py:840} INFO - DAG(s) 'example_nested_branch_dag' retrieved from /home/airflow/.local/lib/python3.12/site-packages/airflow/example_dags/example_nested_branch_dag.py
[2026-05-08T13:39:51.372+0000] {logging_mixin.py:188} INFO - [2026-05-08T13:39:51.372+0000] {dag.py:3089} INFO - Sync 1 DAGs
[2026-05-08T13:39:51.390+0000] {logging_mixin.py:188} INFO - [2026-05-08T13:39:51.389+0000] {dag.py:3947} INFO - Setting next_dagrun for example_nested_branch_dag to 2026-05-07 00:00:00+00:00, run_after=2026-05-08 00:00:00+00:00
[2026-05-08T13:39:51.404+0000] {processor.py:183} INFO - Processing /home/airflow/.local/lib/python3.12/site-packages/airflow/example_dags/example_nested_branch_dag.py took 0.065 seconds
[2026-05-08T13:40:21.637+0000] {processor.py:161} INFO - Started process (PID=538) to work on /home/airflow/.local/lib/python3.12/site-packages/airflow/example_dags/example_nested_branch_dag.py
[2026-05-08T13:40:21.638+0000] {processor.py:830} INFO - Processing file /home/airflow/.local/lib/python3.12/site-packages/airflow/example_dags/example_nested_branch_dag.py for tasks to queue
[2026-05-08T13:40:21.639+0000] {logging_mixin.py:188} INFO - [2026-05-08T13:40:21.639+0000] {dagbag.py:545} INFO - Filling up the DagBag from /home/airflow/.local/lib/python3.12/site-packages/airflow/example_dags/example_nested_branch_dag.py
[2026-05-08T13:40:21.647+0000] {processor.py:840} INFO - DAG(s) 'example_nested_branch_dag' retrieved from /home/airflow/.local/lib/python3.12/site-packages/airflow/example_dags/example_nested_branch_dag.py
[2026-05-08T13:40:21.664+0000] {logging_mixin.py:188} INFO - [2026-05-08T13:40:21.664+0000] {dag.py:3089} INFO - Sync 1 DAGs
[2026-05-08T13:40:21.679+0000] {logging_mixin.py:188} INFO - [2026-05-08T13:40:21.679+0000] {dag.py:3947} INFO - Setting next_dagrun for example_nested_branch_dag to 2026-05-07 00:00:00+00:00, run_after=2026-05-08 00:00:00+00:00
[2026-05-08T13:40:21.692+0000] {processor.py:183} INFO - Processing /home/airflow/.local/lib/python3.12/site-packages/airflow/example_dags/example_nested_branch_dag.py took 0.059 seconds
[2026-05-08T13:40:51.969+0000] {processor.py:161} INFO - Started process (PID=596) to work on /home/airflow/.local/lib/python3.12/site-packages/airflow/example_dags/example_nested_branch_dag.py
[2026-05-08T13:40:51.970+0000] {processor.py:830} INFO - Processing file /home/airflow/.local/lib/python3.12/site-packages/airflow/example_dags/example_nested_branch_dag.py for tasks to queue
[2026-05-08T13:40:51.972+0000] {logging_mixin.py:188} INFO - [2026-05-08T13:40:51.972+0000] {dagbag.py:545} INFO - Filling up the DagBag from /home/airflow/.local/lib/python3.12/site-packages/airflow/example_dags/example_nested_branch_dag.py
[2026-05-08T13:40:51.982+0000] {processor.py:840} INFO - DAG(s) 'example_nested_branch_dag' retrieved from /home/airflow/.local/lib/python3.12/site-packages/airflow/example_dags/example_nested_branch_dag.py
[2026-05-08T13:40:52.000+0000] {logging_mixin.py:188} INFO - [2026-05-08T13:40:52.000+0000] {dag.py:3089} INFO - Sync 1 DAGs
[2026-05-08T13:40:52.016+0000] {logging_mixin.py:188} INFO - [2026-05-08T13:40:52.015+0000] {dag.py:3947} INFO - Setting next_dagrun for example_nested_branch_dag to 2026-05-07 00:00:00+00:00, run_after=2026-05-08 00:00:00+00:00
[2026-05-08T13:40:52.028+0000] {processor.py:183} INFO - Processing /home/airflow/.local/lib/python3.12/site-packages/airflow/example_dags/example_nested_branch_dag.py took 0.063 seconds
[2026-05-08T13:41:22.226+0000] {processor.py:161} INFO - Started process (PID=654) to work on /home/airflow/.local/lib/python3.12/site-packages/airflow/example_dags/example_nested_branch_dag.py
[2026-05-08T13:41:22.227+0000] {processor.py:830} INFO - Processing file /home/airflow/.local/lib/python3.12/site-packages/airflow/example_dags/example_nested_branch_dag.py for tasks to queue
[2026-05-08T13:41:22.229+0000] {logging_mixin.py:188} INFO - [2026-05-08T13:41:22.228+0000] {dagbag.py:545} INFO - Filling up the DagBag from /home/airflow/.local/lib/python3.12/site-packages/airflow/example_dags/example_nested_branch_dag.py
[2026-05-08T13:41:22.236+0000] {processor.py:840} INFO - DAG(s) 'example_nested_branch_dag' retrieved from /home/airflow/.local/lib/python3.12/site-packages/airflow/example_dags/example_nested_branch_dag.py
[2026-05-08T13:41:22.255+0000] {logging_mixin.py:188} INFO - [2026-05-08T13:41:22.255+0000] {dag.py:3089} INFO - Sync 1 DAGs
[2026-05-08T13:41:22.271+0000] {logging_mixin.py:188} INFO - [2026-05-08T13:41:22.271+0000] {dag.py:3947} INFO - Setting next_dagrun for example_nested_branch_dag to 2026-05-07 00:00:00+00:00, run_after=2026-05-08 00:00:00+00:00
[2026-05-08T13:41:22.284+0000] {processor.py:183} INFO - Processing /home/airflow/.local/lib/python3.12/site-packages/airflow/example_dags/example_nested_branch_dag.py took 0.063 seconds
[2026-05-08T13:41:52.544+0000] {processor.py:161} INFO - Started process (PID=712) to work on /home/airflow/.local/lib/python3.12/site-packages/airflow/example_dags/example_nested_branch_dag.py
[2026-05-08T13:41:52.545+0000] {processor.py:830} INFO - Processing file /home/airflow/.local/lib/python3.12/site-packages/airflow/example_dags/example_nested_branch_dag.py for tasks to queue
[2026-05-08T13:41:52.547+0000] {logging_mixin.py:188} INFO - [2026-05-08T13:41:52.546+0000] {dagbag.py:545} INFO - Filling up the DagBag from /home/airflow/.local/lib/python3.12/site-packages/airflow/example_dags/example_nested_branch_dag.py
[2026-05-08T13:41:52.554+0000] {processor.py:840} INFO - DAG(s) 'example_nested_branch_dag' retrieved from /home/airflow/.local/lib/python3.12/site-packages/airflow/example_dags/example_nested_branch_dag.py
[2026-05-08T13:41:52.570+0000] {logging_mixin.py:188} INFO - [2026-05-08T13:41:52.570+0000] {dag.py:3089} INFO - Sync 1 DAGs
[2026-05-08T13:41:52.586+0000] {logging_mixin.py:188} INFO - [2026-05-08T13:41:52.586+0000] {dag.py:3947} INFO - Setting next_dagrun for example_nested_branch_dag to 2026-05-07 00:00:00+00:00, run_after=2026-05-08 00:00:00+00:00
[2026-05-08T13:41:52.599+0000] {processor.py:183} INFO - Processing /home/airflow/.local/lib/python3.12/site-packages/airflow/example_dags/example_nested_branch_dag.py took 0.059 seconds
[2026-05-08T13:42:22.833+0000] {processor.py:161} INFO - Started process (PID=770) to work on /home/airflow/.local/lib/python3.12/site-packages/airflow/example_dags/example_nested_branch_dag.py
[2026-05-08T13:42:22.834+0000] {processor.py:830} INFO - Processing file /home/airflow/.local/lib/python3.12/site-packages/airflow/example_dags/example_nested_branch_dag.py for tasks to queue
[2026-05-08T13:42:22.835+0000] {logging_mixin.py:188} INFO - [2026-05-08T13:42:22.835+0000] {dagbag.py:545} INFO - Filling up the DagBag from /home/airflow/.local/lib/python3.12/site-packages/airflow/example_dags/example_nested_branch_dag.py
[2026-05-08T13:42:22.842+0000] {processor.py:840} INFO - DAG(s) 'example_nested_branch_dag' retrieved from /home/airflow/.local/lib/python3.12/site-packages/airflow/example_dags/example_nested_branch_dag.py
[2026-05-08T13:42:22.859+0000] {logging_mixin.py:188} INFO - [2026-05-08T13:42:22.858+0000] {dag.py:3089} INFO - Sync 1 DAGs
[2026-05-08T13:42:22.874+0000] {logging_mixin.py:188} INFO - [2026-05-08T13:42:22.874+0000] {dag.py:3947} INFO - Setting next_dagrun for example_nested_branch_dag to 2026-05-07 00:00:00+00:00, run_after=2026-05-08 00:00:00+00:00
[2026-05-08T13:42:22.887+0000] {processor.py:183} INFO - Processing /home/airflow/.local/lib/python3.12/site-packages/airflow/example_dags/example_nested_branch_dag.py took 0.058 seconds
[2026-05-08T13:42:53.104+0000] {processor.py:161} INFO - Started process (PID=828) to work on /home/airflow/.local/lib/python3.12/site-packages/airflow/example_dags/example_nested_branch_dag.py
[2026-05-08T13:42:53.105+0000] {processor.py:830} INFO - Processing file /home/airflow/.local/lib/python3.12/site-packages/airflow/example_dags/example_nested_branch_dag.py for tasks to queue
[2026-05-08T13:42:53.106+0000] {logging_mixin.py:188} INFO - [2026-05-08T13:42:53.106+0000] {dagbag.py:545} INFO - Filling up the DagBag from /home/airflow/.local/lib/python3.12/site-packages/airflow/example_dags/example_nested_branch_dag.py
[2026-05-08T13:42:53.114+0000] {processor.py:840} INFO - DAG(s) 'example_nested_branch_dag' retrieved from /home/airflow/.local/lib/python3.12/site-packages/airflow/example_dags/example_nested_branch_dag.py
[2026-05-08T13:42:53.131+0000] {logging_mixin.py:188} INFO - [2026-05-08T13:42:53.130+0000] {dag.py:3089} INFO - Sync 1 DAGs
[2026-05-08T13:42:53.146+0000] {logging_mixin.py:188} INFO - [2026-05-08T13:42:53.146+0000] {dag.py:3947} INFO - Setting next_dagrun for example_nested_branch_dag to 2026-05-07 00:00:00+00:00, run_after=2026-05-08 00:00:00+00:00
[2026-05-08T13:42:53.161+0000] {processor.py:183} INFO - Processing /home/airflow/.local/lib/python3.12/site-packages/airflow/example_dags/example_nested_branch_dag.py took 0.062 seconds
[2026-05-08T13:43:23.554+0000] {processor.py:161} INFO - Started process (PID=886) to work on /home/airflow/.local/lib/python3.12/site-packages/airflow/example_dags/example_nested_branch_dag.py
[2026-05-08T13:43:23.555+0000] {processor.py:830} INFO - Processing file /home/airflow/.local/lib/python3.12/site-packages/airflow/example_dags/example_nested_branch_dag.py for tasks to queue
[2026-05-08T13:43:23.556+0000] {logging_mixin.py:188} INFO - [2026-05-08T13:43:23.556+0000] {dagbag.py:545} INFO - Filling up the DagBag from /home/airflow/.local/lib/python3.12/site-packages/airflow/example_dags/example_nested_branch_dag.py
[2026-05-08T13:43:23.564+0000] {processor.py:840} INFO - DAG(s) 'example_nested_branch_dag' retrieved from /home/airflow/.local/lib/python3.12/site-packages/airflow/example_dags/example_nested_branch_dag.py
[2026-05-08T13:43:23.581+0000] {logging_mixin.py:188} INFO - [2026-05-08T13:43:23.581+0000] {dag.py:3089} INFO - Sync 1 DAGs
[2026-05-08T13:43:23.599+0000] {logging_mixin.py:188} INFO - [2026-05-08T13:43:23.599+0000] {dag.py:3947} INFO - Setting next_dagrun for example_nested_branch_dag to 2026-05-07 00:00:00+00:00, run_after=2026-05-08 00:00:00+00:00
[2026-05-08T13:43:23.618+0000] {processor.py:183} INFO - Processing /home/airflow/.local/lib/python3.12/site-packages/airflow/example_dags/example_nested_branch_dag.py took 0.068 seconds
[2026-05-08T13:43:54.194+0000] {processor.py:161} INFO - Started process (PID=944) to work on /home/airflow/.local/lib/python3.12/site-packages/airflow/example_dags/example_nested_branch_dag.py
[2026-05-08T13:43:54.195+0000] {processor.py:830} INFO - Processing file /home/airflow/.local/lib/python3.12/site-packages/airflow/example_dags/example_nested_branch_dag.py for tasks to queue
[2026-05-08T13:43:54.197+0000] {logging_mixin.py:188} INFO - [2026-05-08T13:43:54.196+0000] {dagbag.py:545} INFO - Filling up the DagBag from /home/airflow/.local/lib/python3.12/site-packages/airflow/example_dags/example_nested_branch_dag.py
[2026-05-08T13:43:54.204+0000] {processor.py:840} INFO - DAG(s) 'example_nested_branch_dag' retrieved from /home/airflow/.local/lib/python3.12/site-packages/airflow/example_dags/example_nested_branch_dag.py
[2026-05-08T13:43:54.221+0000] {logging_mixin.py:188} INFO - [2026-05-08T13:43:54.220+0000] {dag.py:3089} INFO - Sync 1 DAGs
[2026-05-08T13:43:54.237+0000] {logging_mixin.py:188} INFO - [2026-05-08T13:43:54.236+0000] {dag.py:3947} INFO - Setting next_dagrun for example_nested_branch_dag to 2026-05-07 00:00:00+00:00, run_after=2026-05-08 00:00:00+00:00
[2026-05-08T13:43:54.249+0000] {processor.py:183} INFO - Processing /home/airflow/.local/lib/python3.12/site-packages/airflow/example_dags/example_nested_branch_dag.py took 0.059 seconds
[2026-05-08T17:11:47.581+0000] {processor.py:161} INFO - Started process (PID=87) to work on /home/airflow/.local/lib/python3.12/site-packages/airflow/example_dags/example_nested_branch_dag.py
[2026-05-08T17:11:47.582+0000] {processor.py:830} INFO - Processing file /home/airflow/.local/lib/python3.12/site-packages/airflow/example_dags/example_nested_branch_dag.py for tasks to queue
[2026-05-08T17:11:47.584+0000] {logging_mixin.py:188} INFO - [2026-05-08T17:11:47.583+0000] {dagbag.py:545} INFO - Filling up the DagBag from /home/airflow/.local/lib/python3.12/site-packages/airflow/example_dags/example_nested_branch_dag.py
[2026-05-08T17:11:47.595+0000] {processor.py:840} INFO - DAG(s) 'example_nested_branch_dag' retrieved from /home/airflow/.local/lib/python3.12/site-packages/airflow/example_dags/example_nested_branch_dag.py
[2026-05-08T17:11:47.695+0000] {logging_mixin.py:188} INFO - [2026-05-08T17:11:47.695+0000] {override.py:1858} INFO - Created Permission View: can delete on DAG:example_nested_branch_dag
[2026-05-08T17:11:47.703+0000] {logging_mixin.py:188} INFO - [2026-05-08T17:11:47.703+0000] {override.py:1858} INFO - Created Permission View: can read on DAG:example_nested_branch_dag
[2026-05-08T17:11:47.709+0000] {logging_mixin.py:188} INFO - [2026-05-08T17:11:47.708+0000] {override.py:1858} INFO - Created Permission View: can edit on DAG:example_nested_branch_dag
[2026-05-08T17:11:47.709+0000] {logging_mixin.py:188} INFO - [2026-05-08T17:11:47.709+0000] {dag.py:3089} INFO - Sync 1 DAGs
[2026-05-08T17:11:47.718+0000] {logging_mixin.py:188} INFO - [2026-05-08T17:11:47.718+0000] {dag.py:3111} INFO - Creating ORM DAG for example_nested_branch_dag
[2026-05-08T17:11:47.728+0000] {logging_mixin.py:188} INFO - [2026-05-08T17:11:47.728+0000] {dag.py:3947} INFO - Setting next_dagrun for example_nested_branch_dag to 2026-05-07 00:00:00+00:00, run_after=2026-05-08 00:00:00+00:00
[2026-05-08T17:11:47.742+0000] {processor.py:183} INFO - Processing /home/airflow/.local/lib/python3.12/site-packages/airflow/example_dags/example_nested_branch_dag.py took 0.166 seconds
[2026-05-08T17:12:17.978+0000] {processor.py:161} INFO - Started process (PID=144) to work on /home/airflow/.local/lib/python3.12/site-packages/airflow/example_dags/example_nested_branch_dag.py
[2026-05-08T17:12:17.979+0000] {processor.py:830} INFO - Processing file /home/airflow/.local/lib/python3.12/site-packages/airflow/example_dags/example_nested_branch_dag.py for tasks to queue
[2026-05-08T17:12:17.980+0000] {logging_mixin.py:188} INFO - [2026-05-08T17:12:17.980+0000] {dagbag.py:545} INFO - Filling up the DagBag from /home/airflow/.local/lib/python3.12/site-packages/airflow/example_dags/example_nested_branch_dag.py
[2026-05-08T17:12:17.988+0000] {processor.py:840} INFO - DAG(s) 'example_nested_branch_dag' retrieved from /home/airflow/.local/lib/python3.12/site-packages/airflow/example_dags/example_nested_branch_dag.py
[2026-05-08T17:12:18.007+0000] {logging_mixin.py:188} INFO - [2026-05-08T17:12:18.006+0000] {dag.py:3089} INFO - Sync 1 DAGs
[2026-05-08T17:12:18.024+0000] {logging_mixin.py:188} INFO - [2026-05-08T17:12:18.024+0000] {dag.py:3947} INFO - Setting next_dagrun for example_nested_branch_dag to 2026-05-07 00:00:00+00:00, run_after=2026-05-08 00:00:00+00:00
[2026-05-08T17:12:18.039+0000] {processor.py:183} INFO - Processing /home/airflow/.local/lib/python3.12/site-packages/airflow/example_dags/example_nested_branch_dag.py took 0.067 seconds
[2026-05-08T17:12:48.281+0000] {processor.py:161} INFO - Started process (PID=202) to work on /home/airflow/.local/lib/python3.12/site-packages/airflow/example_dags/example_nested_branch_dag.py
[2026-05-08T17:12:48.282+0000] {processor.py:830} INFO - Processing file /home/airflow/.local/lib/python3.12/site-packages/airflow/example_dags/example_nested_branch_dag.py for tasks to queue
[2026-05-08T17:12:48.284+0000] {logging_mixin.py:188} INFO - [2026-05-08T17:12:48.283+0000] {dagbag.py:545} INFO - Filling up the DagBag from /home/airflow/.local/lib/python3.12/site-packages/airflow/example_dags/example_nested_branch_dag.py
[2026-05-08T17:12:48.292+0000] {processor.py:840} INFO - DAG(s) 'example_nested_branch_dag' retrieved from /home/airflow/.local/lib/python3.12/site-packages/airflow/example_dags/example_nested_branch_dag.py
[2026-05-08T17:12:48.313+0000] {logging_mixin.py:188} INFO - [2026-05-08T17:12:48.312+0000] {dag.py:3089} INFO - Sync 1 DAGs
[2026-05-08T17:12:48.331+0000] {logging_mixin.py:188} INFO - [2026-05-08T17:12:48.331+0000] {dag.py:3947} INFO - Setting next_dagrun for example_nested_branch_dag to 2026-05-07 00:00:00+00:00, run_after=2026-05-08 00:00:00+00:00
[2026-05-08T17:12:48.345+0000] {processor.py:183} INFO - Processing /home/airflow/.local/lib/python3.12/site-packages/airflow/example_dags/example_nested_branch_dag.py took 0.070 seconds
[2026-05-08T17:13:18.750+0000] {processor.py:161} INFO - Started process (PID=260) to work on /home/airflow/.local/lib/python3.12/site-packages/airflow/example_dags/example_nested_branch_dag.py
[2026-05-08T17:13:18.751+0000] {processor.py:830} INFO - Processing file /home/airflow/.local/lib/python3.12/site-packages/airflow/example_dags/example_nested_branch_dag.py for tasks to queue
[2026-05-08T17:13:18.753+0000] {logging_mixin.py:188} INFO - [2026-05-08T17:13:18.753+0000] {dagbag.py:545} INFO - Filling up the DagBag from /home/airflow/.local/lib/python3.12/site-packages/airflow/example_dags/example_nested_branch_dag.py
[2026-05-08T17:13:18.764+0000] {processor.py:840} INFO - DAG(s) 'example_nested_branch_dag' retrieved from /home/airflow/.local/lib/python3.12/site-packages/airflow/example_dags/example_nested_branch_dag.py
[2026-05-08T17:13:18.784+0000] {logging_mixin.py:188} INFO - [2026-05-08T17:13:18.783+0000] {dag.py:3089} INFO - Sync 1 DAGs
[2026-05-08T17:13:18.802+0000] {logging_mixin.py:188} INFO - [2026-05-08T17:13:18.802+0000] {dag.py:3947} INFO - Setting next_dagrun for example_nested_branch_dag to 2026-05-07 00:00:00+00:00, run_after=2026-05-08 00:00:00+00:00
[2026-05-08T17:13:18.816+0000] {processor.py:183} INFO - Processing /home/airflow/.local/lib/python3.12/site-packages/airflow/example_dags/example_nested_branch_dag.py took 0.073 seconds
[2026-05-08T17:13:48.865+0000] {processor.py:161} INFO - Started process (PID=318) to work on /home/airflow/.local/lib/python3.12/site-packages/airflow/example_dags/example_nested_branch_dag.py
[2026-05-08T17:13:48.866+0000] {processor.py:830} INFO - Processing file /home/airflow/.local/lib/python3.12/site-packages/airflow/example_dags/example_nested_branch_dag.py for tasks to queue
[2026-05-08T17:13:48.867+0000] {logging_mixin.py:188} INFO - [2026-05-08T17:13:48.867+0000] {dagbag.py:545} INFO - Filling up the DagBag from /home/airflow/.local/lib/python3.12/site-packages/airflow/example_dags/example_nested_branch_dag.py
[2026-05-08T17:13:48.875+0000] {processor.py:840} INFO - DAG(s) 'example_nested_branch_dag' retrieved from /home/airflow/.local/lib/python3.12/site-packages/airflow/example_dags/example_nested_branch_dag.py
[2026-05-08T17:13:48.894+0000] {logging_mixin.py:188} INFO - [2026-05-08T17:13:48.894+0000] {dag.py:3089} INFO - Sync 1 DAGs
[2026-05-08T17:13:48.912+0000] {logging_mixin.py:188} INFO - [2026-05-08T17:13:48.911+0000] {dag.py:3947} INFO - Setting next_dagrun for example_nested_branch_dag to 2026-05-07 00:00:00+00:00, run_after=2026-05-08 00:00:00+00:00
[2026-05-08T17:13:48.926+0000] {processor.py:183} INFO - Processing /home/airflow/.local/lib/python3.12/site-packages/airflow/example_dags/example_nested_branch_dag.py took 0.067 seconds
[2026-05-08T17:14:19.260+0000] {processor.py:161} INFO - Started process (PID=376) to work on /home/airflow/.local/lib/python3.12/site-packages/airflow/example_dags/example_nested_branch_dag.py
[2026-05-08T17:14:19.261+0000] {processor.py:830} INFO - Processing file /home/airflow/.local/lib/python3.12/site-packages/airflow/example_dags/example_nested_branch_dag.py for tasks to queue
[2026-05-08T17:14:19.262+0000] {logging_mixin.py:188} INFO - [2026-05-08T17:14:19.262+0000] {dagbag.py:545} INFO - Filling up the DagBag from /home/airflow/.local/lib/python3.12/site-packages/airflow/example_dags/example_nested_branch_dag.py
[2026-05-08T17:14:19.271+0000] {processor.py:840} INFO - DAG(s) 'example_nested_branch_dag' retrieved from /home/airflow/.local/lib/python3.12/site-packages/airflow/example_dags/example_nested_branch_dag.py
[2026-05-08T17:14:19.291+0000] {logging_mixin.py:188} INFO - [2026-05-08T17:14:19.290+0000] {dag.py:3089} INFO - Sync 1 DAGs
[2026-05-08T17:14:19.310+0000] {logging_mixin.py:188} INFO - [2026-05-08T17:14:19.310+0000] {dag.py:3947} INFO - Setting next_dagrun for example_nested_branch_dag to 2026-05-07 00:00:00+00:00, run_after=2026-05-08 00:00:00+00:00
[2026-05-08T17:14:19.325+0000] {processor.py:183} INFO - Processing /home/airflow/.local/lib/python3.12/site-packages/airflow/example_dags/example_nested_branch_dag.py took 0.072 seconds
[2026-05-08T17:14:49.581+0000] {processor.py:161} INFO - Started process (PID=434) to work on /home/airflow/.local/lib/python3.12/site-packages/airflow/example_dags/example_nested_branch_dag.py
[2026-05-08T17:14:49.581+0000] {processor.py:830} INFO - Processing file /home/airflow/.local/lib/python3.12/site-packages/airflow/example_dags/example_nested_branch_dag.py for tasks to queue
[2026-05-08T17:14:49.583+0000] {logging_mixin.py:188} INFO - [2026-05-08T17:14:49.583+0000] {dagbag.py:545} INFO - Filling up the DagBag from /home/airflow/.local/lib/python3.12/site-packages/airflow/example_dags/example_nested_branch_dag.py
[2026-05-08T17:14:49.591+0000] {processor.py:840} INFO - DAG(s) 'example_nested_branch_dag' retrieved from /home/airflow/.local/lib/python3.12/site-packages/airflow/example_dags/example_nested_branch_dag.py
[2026-05-08T17:14:49.610+0000] {logging_mixin.py:188} INFO - [2026-05-08T17:14:49.610+0000] {dag.py:3089} INFO - Sync 1 DAGs
[2026-05-08T17:14:49.626+0000] {logging_mixin.py:188} INFO - [2026-05-08T17:14:49.626+0000] {dag.py:3947} INFO - Setting next_dagrun for example_nested_branch_dag to 2026-05-07 00:00:00+00:00, run_after=2026-05-08 00:00:00+00:00
[2026-05-08T17:14:49.640+0000] {processor.py:183} INFO - Processing /home/airflow/.local/lib/python3.12/site-packages/airflow/example_dags/example_nested_branch_dag.py took 0.065 seconds
[2026-05-08T17:15:19.852+0000] {processor.py:161} INFO - Started process (PID=492) to work on /home/airflow/.local/lib/python3.12/site-packages/airflow/example_dags/example_nested_branch_dag.py
[2026-05-08T17:15:19.853+0000] {processor.py:830} INFO - Processing file /home/airflow/.local/lib/python3.12/site-packages/airflow/example_dags/example_nested_branch_dag.py for tasks to queue
[2026-05-08T17:15:19.855+0000] {logging_mixin.py:188} INFO - [2026-05-08T17:15:19.854+0000] {dagbag.py:545} INFO - Filling up the DagBag from /home/airflow/.local/lib/python3.12/site-packages/airflow/example_dags/example_nested_branch_dag.py
[2026-05-08T17:15:19.863+0000] {processor.py:840} INFO - DAG(s) 'example_nested_branch_dag' retrieved from /home/airflow/.local/lib/python3.12/site-packages/airflow/example_dags/example_nested_branch_dag.py
[2026-05-08T17:15:19.881+0000] {logging_mixin.py:188} INFO - [2026-05-08T17:15:19.881+0000] {dag.py:3089} INFO - Sync 1 DAGs
[2026-05-08T17:15:19.898+0000] {logging_mixin.py:188} INFO - [2026-05-08T17:15:19.898+0000] {dag.py:3947} INFO - Setting next_dagrun for example_nested_branch_dag to 2026-05-07 00:00:00+00:00, run_after=2026-05-08 00:00:00+00:00
[2026-05-08T17:15:19.913+0000] {processor.py:183} INFO - Processing /home/airflow/.local/lib/python3.12/site-packages/airflow/example_dags/example_nested_branch_dag.py took 0.067 seconds
[2026-05-08T17:15:50.817+0000] {processor.py:161} INFO - Started process (PID=550) to work on /home/airflow/.local/lib/python3.12/site-packages/airflow/example_dags/example_nested_branch_dag.py
[2026-05-08T17:15:50.818+0000] {processor.py:830} INFO - Processing file /home/airflow/.local/lib/python3.12/site-packages/airflow/example_dags/example_nested_branch_dag.py for tasks to queue
[2026-05-08T17:15:50.820+0000] {logging_mixin.py:188} INFO - [2026-05-08T17:15:50.819+0000] {dagbag.py:545} INFO - Filling up the DagBag from /home/airflow/.local/lib/python3.12/site-packages/airflow/example_dags/example_nested_branch_dag.py
[2026-05-08T17:15:50.827+0000] {processor.py:840} INFO - DAG(s) 'example_nested_branch_dag' retrieved from /home/airflow/.local/lib/python3.12/site-packages/airflow/example_dags/example_nested_branch_dag.py
[2026-05-08T17:15:50.846+0000] {logging_mixin.py:188} INFO - [2026-05-08T17:15:50.846+0000] {dag.py:3089} INFO - Sync 1 DAGs
[2026-05-08T17:15:50.864+0000] {logging_mixin.py:188} INFO - [2026-05-08T17:15:50.864+0000] {dag.py:3947} INFO - Setting next_dagrun for example_nested_branch_dag to 2026-05-07 00:00:00+00:00, run_after=2026-05-08 00:00:00+00:00
[2026-05-08T17:15:50.878+0000] {processor.py:183} INFO - Processing /home/airflow/.local/lib/python3.12/site-packages/airflow/example_dags/example_nested_branch_dag.py took 0.067 seconds
[2026-05-08T17:16:21.169+0000] {processor.py:161} INFO - Started process (PID=608) to work on /home/airflow/.local/lib/python3.12/site-packages/airflow/example_dags/example_nested_branch_dag.py
[2026-05-08T17:16:21.170+0000] {processor.py:830} INFO - Processing file /home/airflow/.local/lib/python3.12/site-packages/airflow/example_dags/example_nested_branch_dag.py for tasks to queue
[2026-05-08T17:16:21.172+0000] {logging_mixin.py:188} INFO - [2026-05-08T17:16:21.171+0000] {dagbag.py:545} INFO - Filling up the DagBag from /home/airflow/.local/lib/python3.12/site-packages/airflow/example_dags/example_nested_branch_dag.py
[2026-05-08T17:16:21.180+0000] {processor.py:840} INFO - DAG(s) 'example_nested_branch_dag' retrieved from /home/airflow/.local/lib/python3.12/site-packages/airflow/example_dags/example_nested_branch_dag.py
[2026-05-08T17:16:21.199+0000] {logging_mixin.py:188} INFO - [2026-05-08T17:16:21.198+0000] {dag.py:3089} INFO - Sync 1 DAGs
[2026-05-08T17:16:21.218+0000] {logging_mixin.py:188} INFO - [2026-05-08T17:16:21.218+0000] {dag.py:3947} INFO - Setting next_dagrun for example_nested_branch_dag to 2026-05-07 00:00:00+00:00, run_after=2026-05-08 00:00:00+00:00
[2026-05-08T17:16:21.234+0000] {processor.py:183} INFO - Processing /home/airflow/.local/lib/python3.12/site-packages/airflow/example_dags/example_nested_branch_dag.py took 0.071 seconds
[2026-05-08T17:16:51.482+0000] {processor.py:161} INFO - Started process (PID=666) to work on /home/airflow/.local/lib/python3.12/site-packages/airflow/example_dags/example_nested_branch_dag.py
[2026-05-08T17:16:51.482+0000] {processor.py:830} INFO - Processing file /home/airflow/.local/lib/python3.12/site-packages/airflow/example_dags/example_nested_branch_dag.py for tasks to queue
[2026-05-08T17:16:51.484+0000] {logging_mixin.py:188} INFO - [2026-05-08T17:16:51.484+0000] {dagbag.py:545} INFO - Filling up the DagBag from /home/airflow/.local/lib/python3.12/site-packages/airflow/example_dags/example_nested_branch_dag.py
[2026-05-08T17:16:51.493+0000] {processor.py:840} INFO - DAG(s) 'example_nested_branch_dag' retrieved from /home/airflow/.local/lib/python3.12/site-packages/airflow/example_dags/example_nested_branch_dag.py
[2026-05-08T17:16:51.511+0000] {logging_mixin.py:188} INFO - [2026-05-08T17:16:51.511+0000] {dag.py:3089} INFO - Sync 1 DAGs
[2026-05-08T17:16:51.529+0000] {logging_mixin.py:188} INFO - [2026-05-08T17:16:51.528+0000] {dag.py:3947} INFO - Setting next_dagrun for example_nested_branch_dag to 2026-05-07 00:00:00+00:00, run_after=2026-05-08 00:00:00+00:00
[2026-05-08T17:16:51.543+0000] {processor.py:183} INFO - Processing /home/airflow/.local/lib/python3.12/site-packages/airflow/example_dags/example_nested_branch_dag.py took 0.068 seconds
[2026-05-08T17:17:21.891+0000] {processor.py:161} INFO - Started process (PID=724) to work on /home/airflow/.local/lib/python3.12/site-packages/airflow/example_dags/example_nested_branch_dag.py
[2026-05-08T17:17:21.892+0000] {processor.py:830} INFO - Processing file /home/airflow/.local/lib/python3.12/site-packages/airflow/example_dags/example_nested_branch_dag.py for tasks to queue
[2026-05-08T17:17:21.894+0000] {logging_mixin.py:188} INFO - [2026-05-08T17:17:21.894+0000] {dagbag.py:545} INFO - Filling up the DagBag from /home/airflow/.local/lib/python3.12/site-packages/airflow/example_dags/example_nested_branch_dag.py
[2026-05-08T17:17:21.902+0000] {processor.py:840} INFO - DAG(s) 'example_nested_branch_dag' retrieved from /home/airflow/.local/lib/python3.12/site-packages/airflow/example_dags/example_nested_branch_dag.py
[2026-05-08T17:17:21.923+0000] {logging_mixin.py:188} INFO - [2026-05-08T17:17:21.923+0000] {dag.py:3089} INFO - Sync 1 DAGs
[2026-05-08T17:17:21.943+0000] {logging_mixin.py:188} INFO - [2026-05-08T17:17:21.943+0000] {dag.py:3947} INFO - Setting next_dagrun for example_nested_branch_dag to 2026-05-07 00:00:00+00:00, run_after=2026-05-08 00:00:00+00:00
[2026-05-08T17:17:21.959+0000] {processor.py:183} INFO - Processing /home/airflow/.local/lib/python3.12/site-packages/airflow/example_dags/example_nested_branch_dag.py took 0.073 seconds
[2026-05-08T20:09:02.605+0000] {processor.py:161} INFO - Started process (PID=74) to work on /home/airflow/.local/lib/python3.12/site-packages/airflow/example_dags/example_nested_branch_dag.py
[2026-05-08T20:09:02.606+0000] {processor.py:830} INFO - Processing file /home/airflow/.local/lib/python3.12/site-packages/airflow/example_dags/example_nested_branch_dag.py for tasks to queue
[2026-05-08T20:09:02.607+0000] {logging_mixin.py:188} INFO - [2026-05-08T20:09:02.607+0000] {dagbag.py:545} INFO - Filling up the DagBag from /home/airflow/.local/lib/python3.12/site-packages/airflow/example_dags/example_nested_branch_dag.py
[2026-05-08T20:09:02.619+0000] {processor.py:840} INFO - DAG(s) 'example_nested_branch_dag' retrieved from /home/airflow/.local/lib/python3.12/site-packages/airflow/example_dags/example_nested_branch_dag.py
[2026-05-08T20:09:02.632+0000] {logging_mixin.py:188} INFO - [2026-05-08T20:09:02.632+0000] {dag.py:3089} INFO - Sync 1 DAGs
[2026-05-08T20:09:02.652+0000] {logging_mixin.py:188} INFO - [2026-05-08T20:09:02.652+0000] {dag.py:3947} INFO - Setting next_dagrun for example_nested_branch_dag to 2026-05-07 00:00:00+00:00, run_after=2026-05-08 00:00:00+00:00
[2026-05-08T20:09:02.670+0000] {processor.py:183} INFO - Processing /home/airflow/.local/lib/python3.12/site-packages/airflow/example_dags/example_nested_branch_dag.py took 0.070 seconds
[2026-05-08T20:09:32.924+0000] {processor.py:161} INFO - Started process (PID=132) to work on /home/airflow/.local/lib/python3.12/site-packages/airflow/example_dags/example_nested_branch_dag.py
[2026-05-08T20:09:32.924+0000] {processor.py:830} INFO - Processing file /home/airflow/.local/lib/python3.12/site-packages/airflow/example_dags/example_nested_branch_dag.py for tasks to queue
[2026-05-08T20:09:32.926+0000] {logging_mixin.py:188} INFO - [2026-05-08T20:09:32.926+0000] {dagbag.py:545} INFO - Filling up the DagBag from /home/airflow/.local/lib/python3.12/site-packages/airflow/example_dags/example_nested_branch_dag.py
[2026-05-08T20:09:32.934+0000] {processor.py:840} INFO - DAG(s) 'example_nested_branch_dag' retrieved from /home/airflow/.local/lib/python3.12/site-packages/airflow/example_dags/example_nested_branch_dag.py
[2026-05-08T20:09:33.016+0000] {logging_mixin.py:188} INFO - [2026-05-08T20:09:33.015+0000] {dag.py:3089} INFO - Sync 1 DAGs
[2026-05-08T20:09:33.030+0000] {logging_mixin.py:188} INFO - [2026-05-08T20:09:33.030+0000] {dag.py:3947} INFO - Setting next_dagrun for example_nested_branch_dag to 2026-05-07 00:00:00+00:00, run_after=2026-05-08 00:00:00+00:00
[2026-05-08T20:09:33.045+0000] {processor.py:183} INFO - Processing /home/airflow/.local/lib/python3.12/site-packages/airflow/example_dags/example_nested_branch_dag.py took 0.126 seconds
[2026-05-08T20:10:03.113+0000] {processor.py:161} INFO - Started process (PID=190) to work on /home/airflow/.local/lib/python3.12/site-packages/airflow/example_dags/example_nested_branch_dag.py
[2026-05-08T20:10:03.114+0000] {processor.py:830} INFO - Processing file /home/airflow/.local/lib/python3.12/site-packages/airflow/example_dags/example_nested_branch_dag.py for tasks to queue
[2026-05-08T20:10:03.115+0000] {logging_mixin.py:188} INFO - [2026-05-08T20:10:03.115+0000] {dagbag.py:545} INFO - Filling up the DagBag from /home/airflow/.local/lib/python3.12/site-packages/airflow/example_dags/example_nested_branch_dag.py
[2026-05-08T20:10:03.123+0000] {processor.py:840} INFO - DAG(s) 'example_nested_branch_dag' retrieved from /home/airflow/.local/lib/python3.12/site-packages/airflow/example_dags/example_nested_branch_dag.py
[2026-05-08T20:10:03.139+0000] {logging_mixin.py:188} INFO - [2026-05-08T20:10:03.139+0000] {dag.py:3089} INFO - Sync 1 DAGs
[2026-05-08T20:10:03.154+0000] {logging_mixin.py:188} INFO - [2026-05-08T20:10:03.153+0000] {dag.py:3947} INFO - Setting next_dagrun for example_nested_branch_dag to 2026-05-07 00:00:00+00:00, run_after=2026-05-08 00:00:00+00:00
[2026-05-08T20:10:03.165+0000] {processor.py:183} INFO - Processing /home/airflow/.local/lib/python3.12/site-packages/airflow/example_dags/example_nested_branch_dag.py took 0.057 seconds
[2026-05-08T20:10:33.335+0000] {processor.py:161} INFO - Started process (PID=248) to work on /home/airflow/.local/lib/python3.12/site-packages/airflow/example_dags/example_nested_branch_dag.py
[2026-05-08T20:10:33.336+0000] {processor.py:830} INFO - Processing file /home/airflow/.local/lib/python3.12/site-packages/airflow/example_dags/example_nested_branch_dag.py for tasks to queue
[2026-05-08T20:10:33.338+0000] {logging_mixin.py:188} INFO - [2026-05-08T20:10:33.337+0000] {dagbag.py:545} INFO - Filling up the DagBag from /home/airflow/.local/lib/python3.12/site-packages/airflow/example_dags/example_nested_branch_dag.py
[2026-05-08T20:10:33.345+0000] {processor.py:840} INFO - DAG(s) 'example_nested_branch_dag' retrieved from /home/airflow/.local/lib/python3.12/site-packages/airflow/example_dags/example_nested_branch_dag.py
[2026-05-08T20:10:33.363+0000] {logging_mixin.py:188} INFO - [2026-05-08T20:10:33.363+0000] {dag.py:3089} INFO - Sync 1 DAGs
[2026-05-08T20:10:33.377+0000] {logging_mixin.py:188} INFO - [2026-05-08T20:10:33.377+0000] {dag.py:3947} INFO - Setting next_dagrun for example_nested_branch_dag to 2026-05-07 00:00:00+00:00, run_after=2026-05-08 00:00:00+00:00
[2026-05-08T20:10:33.389+0000] {processor.py:183} INFO - Processing /home/airflow/.local/lib/python3.12/site-packages/airflow/example_dags/example_nested_branch_dag.py took 0.060 seconds
[2026-05-08T20:12:03.329+0000] {processor.py:161} INFO - Started process (PID=74) to work on /home/airflow/.local/lib/python3.12/site-packages/airflow/example_dags/example_nested_branch_dag.py
[2026-05-08T20:12:03.330+0000] {processor.py:830} INFO - Processing file /home/airflow/.local/lib/python3.12/site-packages/airflow/example_dags/example_nested_branch_dag.py for tasks to queue
[2026-05-08T20:12:03.334+0000] {logging_mixin.py:188} INFO - [2026-05-08T20:12:03.334+0000] {dagbag.py:545} INFO - Filling up the DagBag from /home/airflow/.local/lib/python3.12/site-packages/airflow/example_dags/example_nested_branch_dag.py
[2026-05-08T20:12:03.350+0000] {processor.py:840} INFO - DAG(s) 'example_nested_branch_dag' retrieved from /home/airflow/.local/lib/python3.12/site-packages/airflow/example_dags/example_nested_branch_dag.py
[2026-05-08T20:12:03.366+0000] {logging_mixin.py:188} INFO - [2026-05-08T20:12:03.366+0000] {dag.py:3089} INFO - Sync 1 DAGs
[2026-05-08T20:12:03.396+0000] {logging_mixin.py:188} INFO - [2026-05-08T20:12:03.396+0000] {dag.py:3947} INFO - Setting next_dagrun for example_nested_branch_dag to 2026-05-07 00:00:00+00:00, run_after=2026-05-08 00:00:00+00:00
[2026-05-08T20:12:03.416+0000] {processor.py:183} INFO - Processing /home/airflow/.local/lib/python3.12/site-packages/airflow/example_dags/example_nested_branch_dag.py took 0.094 seconds
[2026-05-08T20:12:33.636+0000] {processor.py:161} INFO - Started process (PID=132) to work on /home/airflow/.local/lib/python3.12/site-packages/airflow/example_dags/example_nested_branch_dag.py
[2026-05-08T20:12:33.637+0000] {processor.py:830} INFO - Processing file /home/airflow/.local/lib/python3.12/site-packages/airflow/example_dags/example_nested_branch_dag.py for tasks to queue
[2026-05-08T20:12:33.639+0000] {logging_mixin.py:188} INFO - [2026-05-08T20:12:33.638+0000] {dagbag.py:545} INFO - Filling up the DagBag from /home/airflow/.local/lib/python3.12/site-packages/airflow/example_dags/example_nested_branch_dag.py
[2026-05-08T20:12:33.648+0000] {processor.py:840} INFO - DAG(s) 'example_nested_branch_dag' retrieved from /home/airflow/.local/lib/python3.12/site-packages/airflow/example_dags/example_nested_branch_dag.py
[2026-05-08T20:12:33.735+0000] {logging_mixin.py:188} INFO - [2026-05-08T20:12:33.735+0000] {dag.py:3089} INFO - Sync 1 DAGs
[2026-05-08T20:12:33.751+0000] {logging_mixin.py:188} INFO - [2026-05-08T20:12:33.751+0000] {dag.py:3947} INFO - Setting next_dagrun for example_nested_branch_dag to 2026-05-07 00:00:00+00:00, run_after=2026-05-08 00:00:00+00:00
[2026-05-08T20:12:33.767+0000] {processor.py:183} INFO - Processing /home/airflow/.local/lib/python3.12/site-packages/airflow/example_dags/example_nested_branch_dag.py took 0.138 seconds
[2026-05-08T20:13:04.457+0000] {processor.py:161} INFO - Started process (PID=190) to work on /home/airflow/.local/lib/python3.12/site-packages/airflow/example_dags/example_nested_branch_dag.py
[2026-05-08T20:13:04.458+0000] {processor.py:830} INFO - Processing file /home/airflow/.local/lib/python3.12/site-packages/airflow/example_dags/example_nested_branch_dag.py for tasks to queue
[2026-05-08T20:13:04.460+0000] {logging_mixin.py:188} INFO - [2026-05-08T20:13:04.460+0000] {dagbag.py:545} INFO - Filling up the DagBag from /home/airflow/.local/lib/python3.12/site-packages/airflow/example_dags/example_nested_branch_dag.py
[2026-05-08T20:13:04.468+0000] {processor.py:840} INFO - DAG(s) 'example_nested_branch_dag' retrieved from /home/airflow/.local/lib/python3.12/site-packages/airflow/example_dags/example_nested_branch_dag.py
[2026-05-08T20:13:04.485+0000] {logging_mixin.py:188} INFO - [2026-05-08T20:13:04.484+0000] {dag.py:3089} INFO - Sync 1 DAGs
[2026-05-08T20:13:04.500+0000] {logging_mixin.py:188} INFO - [2026-05-08T20:13:04.500+0000] {dag.py:3947} INFO - Setting next_dagrun for example_nested_branch_dag to 2026-05-07 00:00:00+00:00, run_after=2026-05-08 00:00:00+00:00
[2026-05-08T20:13:04.513+0000] {processor.py:183} INFO - Processing /home/airflow/.local/lib/python3.12/site-packages/airflow/example_dags/example_nested_branch_dag.py took 0.062 seconds
[2026-05-08T20:13:34.894+0000] {processor.py:161} INFO - Started process (PID=248) to work on /home/airflow/.local/lib/python3.12/site-packages/airflow/example_dags/example_nested_branch_dag.py
[2026-05-08T20:13:34.895+0000] {processor.py:830} INFO - Processing file /home/airflow/.local/lib/python3.12/site-packages/airflow/example_dags/example_nested_branch_dag.py for tasks to queue
[2026-05-08T20:13:34.897+0000] {logging_mixin.py:188} INFO - [2026-05-08T20:13:34.897+0000] {dagbag.py:545} INFO - Filling up the DagBag from /home/airflow/.local/lib/python3.12/site-packages/airflow/example_dags/example_nested_branch_dag.py
[2026-05-08T20:13:34.906+0000] {processor.py:840} INFO - DAG(s) 'example_nested_branch_dag' retrieved from /home/airflow/.local/lib/python3.12/site-packages/airflow/example_dags/example_nested_branch_dag.py
[2026-05-08T20:13:34.925+0000] {logging_mixin.py:188} INFO - [2026-05-08T20:13:34.925+0000] {dag.py:3089} INFO - Sync 1 DAGs
[2026-05-08T20:13:34.956+0000] {logging_mixin.py:188} INFO - [2026-05-08T20:13:34.955+0000] {dag.py:3947} INFO - Setting next_dagrun for example_nested_branch_dag to 2026-05-07 00:00:00+00:00, run_after=2026-05-08 00:00:00+00:00
[2026-05-08T20:13:34.977+0000] {processor.py:183} INFO - Processing /home/airflow/.local/lib/python3.12/site-packages/airflow/example_dags/example_nested_branch_dag.py took 0.088 seconds
[2026-05-08T20:14:05.469+0000] {processor.py:161} INFO - Started process (PID=306) to work on /home/airflow/.local/lib/python3.12/site-packages/airflow/example_dags/example_nested_branch_dag.py
[2026-05-08T20:14:05.470+0000] {processor.py:830} INFO - Processing file /home/airflow/.local/lib/python3.12/site-packages/airflow/example_dags/example_nested_branch_dag.py for tasks to queue
[2026-05-08T20:14:05.472+0000] {logging_mixin.py:188} INFO - [2026-05-08T20:14:05.472+0000] {dagbag.py:545} INFO - Filling up the DagBag from /home/airflow/.local/lib/python3.12/site-packages/airflow/example_dags/example_nested_branch_dag.py
[2026-05-08T20:14:05.479+0000] {processor.py:840} INFO - DAG(s) 'example_nested_branch_dag' retrieved from /home/airflow/.local/lib/python3.12/site-packages/airflow/example_dags/example_nested_branch_dag.py
[2026-05-08T20:14:05.497+0000] {logging_mixin.py:188} INFO - [2026-05-08T20:14:05.497+0000] {dag.py:3089} INFO - Sync 1 DAGs
[2026-05-08T20:14:05.513+0000] {logging_mixin.py:188} INFO - [2026-05-08T20:14:05.513+0000] {dag.py:3947} INFO - Setting next_dagrun for example_nested_branch_dag to 2026-05-07 00:00:00+00:00, run_after=2026-05-08 00:00:00+00:00
[2026-05-08T20:14:05.525+0000] {processor.py:183} INFO - Processing /home/airflow/.local/lib/python3.12/site-packages/airflow/example_dags/example_nested_branch_dag.py took 0.062 seconds
[2026-05-08T20:14:35.938+0000] {processor.py:161} INFO - Started process (PID=364) to work on /home/airflow/.local/lib/python3.12/site-packages/airflow/example_dags/example_nested_branch_dag.py
[2026-05-08T20:14:35.938+0000] {processor.py:830} INFO - Processing file /home/airflow/.local/lib/python3.12/site-packages/airflow/example_dags/example_nested_branch_dag.py for tasks to queue
[2026-05-08T20:14:35.940+0000] {logging_mixin.py:188} INFO - [2026-05-08T20:14:35.940+0000] {dagbag.py:545} INFO - Filling up the DagBag from /home/airflow/.local/lib/python3.12/site-packages/airflow/example_dags/example_nested_branch_dag.py
[2026-05-08T20:14:35.949+0000] {processor.py:840} INFO - DAG(s) 'example_nested_branch_dag' retrieved from /home/airflow/.local/lib/python3.12/site-packages/airflow/example_dags/example_nested_branch_dag.py
[2026-05-08T20:14:35.969+0000] {logging_mixin.py:188} INFO - [2026-05-08T20:14:35.969+0000] {dag.py:3089} INFO - Sync 1 DAGs
[2026-05-08T20:14:35.989+0000] {logging_mixin.py:188} INFO - [2026-05-08T20:14:35.988+0000] {dag.py:3947} INFO - Setting next_dagrun for example_nested_branch_dag to 2026-05-07 00:00:00+00:00, run_after=2026-05-08 00:00:00+00:00
[2026-05-08T20:14:36.006+0000] {processor.py:183} INFO - Processing /home/airflow/.local/lib/python3.12/site-packages/airflow/example_dags/example_nested_branch_dag.py took 0.075 seconds
[2026-05-08T20:15:06.460+0000] {processor.py:161} INFO - Started process (PID=422) to work on /home/airflow/.local/lib/python3.12/site-packages/airflow/example_dags/example_nested_branch_dag.py
[2026-05-08T20:15:06.461+0000] {processor.py:830} INFO - Processing file /home/airflow/.local/lib/python3.12/site-packages/airflow/example_dags/example_nested_branch_dag.py for tasks to queue
[2026-05-08T20:15:06.463+0000] {logging_mixin.py:188} INFO - [2026-05-08T20:15:06.462+0000] {dagbag.py:545} INFO - Filling up the DagBag from /home/airflow/.local/lib/python3.12/site-packages/airflow/example_dags/example_nested_branch_dag.py
[2026-05-08T20:15:06.470+0000] {processor.py:840} INFO - DAG(s) 'example_nested_branch_dag' retrieved from /home/airflow/.local/lib/python3.12/site-packages/airflow/example_dags/example_nested_branch_dag.py
[2026-05-08T20:15:06.486+0000] {logging_mixin.py:188} INFO - [2026-05-08T20:15:06.486+0000] {dag.py:3089} INFO - Sync 1 DAGs
[2026-05-08T20:15:06.506+0000] {logging_mixin.py:188} INFO - [2026-05-08T20:15:06.506+0000] {dag.py:3947} INFO - Setting next_dagrun for example_nested_branch_dag to 2026-05-07 00:00:00+00:00, run_after=2026-05-08 00:00:00+00:00
[2026-05-08T20:15:06.519+0000] {processor.py:183} INFO - Processing /home/airflow/.local/lib/python3.12/site-packages/airflow/example_dags/example_nested_branch_dag.py took 0.065 seconds
[2026-05-08T20:15:37.010+0000] {processor.py:161} INFO - Started process (PID=480) to work on /home/airflow/.local/lib/python3.12/site-packages/airflow/example_dags/example_nested_branch_dag.py
[2026-05-08T20:15:37.011+0000] {processor.py:830} INFO - Processing file /home/airflow/.local/lib/python3.12/site-packages/airflow/example_dags/example_nested_branch_dag.py for tasks to queue
[2026-05-08T20:15:37.012+0000] {logging_mixin.py:188} INFO - [2026-05-08T20:15:37.012+0000] {dagbag.py:545} INFO - Filling up the DagBag from /home/airflow/.local/lib/python3.12/site-packages/airflow/example_dags/example_nested_branch_dag.py
[2026-05-08T20:15:37.020+0000] {processor.py:840} INFO - DAG(s) 'example_nested_branch_dag' retrieved from /home/airflow/.local/lib/python3.12/site-packages/airflow/example_dags/example_nested_branch_dag.py
[2026-05-08T20:15:37.038+0000] {logging_mixin.py:188} INFO - [2026-05-08T20:15:37.038+0000] {dag.py:3089} INFO - Sync 1 DAGs
[2026-05-08T20:15:37.054+0000] {logging_mixin.py:188} INFO - [2026-05-08T20:15:37.054+0000] {dag.py:3947} INFO - Setting next_dagrun for example_nested_branch_dag to 2026-05-07 00:00:00+00:00, run_after=2026-05-08 00:00:00+00:00
[2026-05-08T20:15:37.067+0000] {processor.py:183} INFO - Processing /home/airflow/.local/lib/python3.12/site-packages/airflow/example_dags/example_nested_branch_dag.py took 0.063 seconds
[2026-05-08T20:16:07.423+0000] {processor.py:161} INFO - Started process (PID=538) to work on /home/airflow/.local/lib/python3.12/site-packages/airflow/example_dags/example_nested_branch_dag.py
[2026-05-08T20:16:07.424+0000] {processor.py:830} INFO - Processing file /home/airflow/.local/lib/python3.12/site-packages/airflow/example_dags/example_nested_branch_dag.py for tasks to queue
[2026-05-08T20:16:07.426+0000] {logging_mixin.py:188} INFO - [2026-05-08T20:16:07.425+0000] {dagbag.py:545} INFO - Filling up the DagBag from /home/airflow/.local/lib/python3.12/site-packages/airflow/example_dags/example_nested_branch_dag.py
[2026-05-08T20:16:07.433+0000] {processor.py:840} INFO - DAG(s) 'example_nested_branch_dag' retrieved from /home/airflow/.local/lib/python3.12/site-packages/airflow/example_dags/example_nested_branch_dag.py
[2026-05-08T20:16:07.450+0000] {logging_mixin.py:188} INFO - [2026-05-08T20:16:07.450+0000] {dag.py:3089} INFO - Sync 1 DAGs
[2026-05-08T20:16:07.466+0000] {logging_mixin.py:188} INFO - [2026-05-08T20:16:07.465+0000] {dag.py:3947} INFO - Setting next_dagrun for example_nested_branch_dag to 2026-05-07 00:00:00+00:00, run_after=2026-05-08 00:00:00+00:00
[2026-05-08T20:16:07.478+0000] {processor.py:183} INFO - Processing /home/airflow/.local/lib/python3.12/site-packages/airflow/example_dags/example_nested_branch_dag.py took 0.060 seconds
[2026-05-08T20:16:37.778+0000] {processor.py:161} INFO - Started process (PID=596) to work on /home/airflow/.local/lib/python3.12/site-packages/airflow/example_dags/example_nested_branch_dag.py
[2026-05-08T20:16:37.779+0000] {processor.py:830} INFO - Processing file /home/airflow/.local/lib/python3.12/site-packages/airflow/example_dags/example_nested_branch_dag.py for tasks to queue
[2026-05-08T20:16:37.780+0000] {logging_mixin.py:188} INFO - [2026-05-08T20:16:37.780+0000] {dagbag.py:545} INFO - Filling up the DagBag from /home/airflow/.local/lib/python3.12/site-packages/airflow/example_dags/example_nested_branch_dag.py
[2026-05-08T20:16:37.787+0000] {processor.py:840} INFO - DAG(s) 'example_nested_branch_dag' retrieved from /home/airflow/.local/lib/python3.12/site-packages/airflow/example_dags/example_nested_branch_dag.py
[2026-05-08T20:16:37.803+0000] {logging_mixin.py:188} INFO - [2026-05-08T20:16:37.803+0000] {dag.py:3089} INFO - Sync 1 DAGs
[2026-05-08T20:16:37.818+0000] {logging_mixin.py:188} INFO - [2026-05-08T20:16:37.818+0000] {dag.py:3947} INFO - Setting next_dagrun for example_nested_branch_dag to 2026-05-07 00:00:00+00:00, run_after=2026-05-08 00:00:00+00:00
[2026-05-08T20:16:37.830+0000] {processor.py:183} INFO - Processing /home/airflow/.local/lib/python3.12/site-packages/airflow/example_dags/example_nested_branch_dag.py took 0.057 seconds
[2026-05-08T20:17:08.160+0000] {processor.py:161} INFO - Started process (PID=654) to work on /home/airflow/.local/lib/python3.12/site-packages/airflow/example_dags/example_nested_branch_dag.py
[2026-05-08T20:17:08.161+0000] {processor.py:830} INFO - Processing file /home/airflow/.local/lib/python3.12/site-packages/airflow/example_dags/example_nested_branch_dag.py for tasks to queue
[2026-05-08T20:17:08.163+0000] {logging_mixin.py:188} INFO - [2026-05-08T20:17:08.163+0000] {dagbag.py:545} INFO - Filling up the DagBag from /home/airflow/.local/lib/python3.12/site-packages/airflow/example_dags/example_nested_branch_dag.py
[2026-05-08T20:17:08.171+0000] {processor.py:840} INFO - DAG(s) 'example_nested_branch_dag' retrieved from /home/airflow/.local/lib/python3.12/site-packages/airflow/example_dags/example_nested_branch_dag.py
[2026-05-08T20:17:08.189+0000] {logging_mixin.py:188} INFO - [2026-05-08T20:17:08.188+0000] {dag.py:3089} INFO - Sync 1 DAGs
[2026-05-08T20:17:08.204+0000] {logging_mixin.py:188} INFO - [2026-05-08T20:17:08.204+0000] {dag.py:3947} INFO - Setting next_dagrun for example_nested_branch_dag to 2026-05-07 00:00:00+00:00, run_after=2026-05-08 00:00:00+00:00
[2026-05-08T20:17:08.216+0000] {processor.py:183} INFO - Processing /home/airflow/.local/lib/python3.12/site-packages/airflow/example_dags/example_nested_branch_dag.py took 0.061 seconds
[2026-05-08T20:17:38.633+0000] {processor.py:161} INFO - Started process (PID=712) to work on /home/airflow/.local/lib/python3.12/site-packages/airflow/example_dags/example_nested_branch_dag.py
[2026-05-08T20:17:38.634+0000] {processor.py:830} INFO - Processing file /home/airflow/.local/lib/python3.12/site-packages/airflow/example_dags/example_nested_branch_dag.py for tasks to queue
[2026-05-08T20:17:38.635+0000] {logging_mixin.py:188} INFO - [2026-05-08T20:17:38.635+0000] {dagbag.py:545} INFO - Filling up the DagBag from /home/airflow/.local/lib/python3.12/site-packages/airflow/example_dags/example_nested_branch_dag.py
[2026-05-08T20:17:38.643+0000] {processor.py:840} INFO - DAG(s) 'example_nested_branch_dag' retrieved from /home/airflow/.local/lib/python3.12/site-packages/airflow/example_dags/example_nested_branch_dag.py
[2026-05-08T20:17:38.661+0000] {logging_mixin.py:188} INFO - [2026-05-08T20:17:38.661+0000] {dag.py:3089} INFO - Sync 1 DAGs
[2026-05-08T20:17:38.676+0000] {logging_mixin.py:188} INFO - [2026-05-08T20:17:38.676+0000] {dag.py:3947} INFO - Setting next_dagrun for example_nested_branch_dag to 2026-05-07 00:00:00+00:00, run_after=2026-05-08 00:00:00+00:00
[2026-05-08T20:17:38.688+0000] {processor.py:183} INFO - Processing /home/airflow/.local/lib/python3.12/site-packages/airflow/example_dags/example_nested_branch_dag.py took 0.060 seconds
[2026-05-08T20:18:08.891+0000] {processor.py:161} INFO - Started process (PID=770) to work on /home/airflow/.local/lib/python3.12/site-packages/airflow/example_dags/example_nested_branch_dag.py
[2026-05-08T20:18:08.892+0000] {processor.py:830} INFO - Processing file /home/airflow/.local/lib/python3.12/site-packages/airflow/example_dags/example_nested_branch_dag.py for tasks to queue
[2026-05-08T20:18:08.893+0000] {logging_mixin.py:188} INFO - [2026-05-08T20:18:08.893+0000] {dagbag.py:545} INFO - Filling up the DagBag from /home/airflow/.local/lib/python3.12/site-packages/airflow/example_dags/example_nested_branch_dag.py
[2026-05-08T20:18:08.901+0000] {processor.py:840} INFO - DAG(s) 'example_nested_branch_dag' retrieved from /home/airflow/.local/lib/python3.12/site-packages/airflow/example_dags/example_nested_branch_dag.py
[2026-05-08T20:18:08.917+0000] {logging_mixin.py:188} INFO - [2026-05-08T20:18:08.916+0000] {dag.py:3089} INFO - Sync 1 DAGs
[2026-05-08T20:18:08.932+0000] {logging_mixin.py:188} INFO - [2026-05-08T20:18:08.931+0000] {dag.py:3947} INFO - Setting next_dagrun for example_nested_branch_dag to 2026-05-07 00:00:00+00:00, run_after=2026-05-08 00:00:00+00:00
[2026-05-08T20:18:08.944+0000] {processor.py:183} INFO - Processing /home/airflow/.local/lib/python3.12/site-packages/airflow/example_dags/example_nested_branch_dag.py took 0.059 seconds
[2026-05-08T20:18:39.390+0000] {processor.py:161} INFO - Started process (PID=828) to work on /home/airflow/.local/lib/python3.12/site-packages/airflow/example_dags/example_nested_branch_dag.py
[2026-05-08T20:18:39.390+0000] {processor.py:830} INFO - Processing file /home/airflow/.local/lib/python3.12/site-packages/airflow/example_dags/example_nested_branch_dag.py for tasks to queue
[2026-05-08T20:18:39.392+0000] {logging_mixin.py:188} INFO - [2026-05-08T20:18:39.392+0000] {dagbag.py:545} INFO - Filling up the DagBag from /home/airflow/.local/lib/python3.12/site-packages/airflow/example_dags/example_nested_branch_dag.py
[2026-05-08T20:18:39.399+0000] {processor.py:840} INFO - DAG(s) 'example_nested_branch_dag' retrieved from /home/airflow/.local/lib/python3.12/site-packages/airflow/example_dags/example_nested_branch_dag.py
[2026-05-08T20:18:39.415+0000] {logging_mixin.py:188} INFO - [2026-05-08T20:18:39.415+0000] {dag.py:3089} INFO - Sync 1 DAGs
[2026-05-08T20:18:39.430+0000] {logging_mixin.py:188} INFO - [2026-05-08T20:18:39.430+0000] {dag.py:3947} INFO - Setting next_dagrun for example_nested_branch_dag to 2026-05-07 00:00:00+00:00, run_after=2026-05-08 00:00:00+00:00
[2026-05-08T20:18:39.442+0000] {processor.py:183} INFO - Processing /home/airflow/.local/lib/python3.12/site-packages/airflow/example_dags/example_nested_branch_dag.py took 0.058 seconds
[2026-05-08T20:19:09.926+0000] {processor.py:161} INFO - Started process (PID=886) to work on /home/airflow/.local/lib/python3.12/site-packages/airflow/example_dags/example_nested_branch_dag.py
[2026-05-08T20:19:09.927+0000] {processor.py:830} INFO - Processing file /home/airflow/.local/lib/python3.12/site-packages/airflow/example_dags/example_nested_branch_dag.py for tasks to queue
[2026-05-08T20:19:09.929+0000] {logging_mixin.py:188} INFO - [2026-05-08T20:19:09.928+0000] {dagbag.py:545} INFO - Filling up the DagBag from /home/airflow/.local/lib/python3.12/site-packages/airflow/example_dags/example_nested_branch_dag.py
[2026-05-08T20:19:09.936+0000] {processor.py:840} INFO - DAG(s) 'example_nested_branch_dag' retrieved from /home/airflow/.local/lib/python3.12/site-packages/airflow/example_dags/example_nested_branch_dag.py
[2026-05-08T20:19:09.953+0000] {logging_mixin.py:188} INFO - [2026-05-08T20:19:09.953+0000] {dag.py:3089} INFO - Sync 1 DAGs
[2026-05-08T20:19:09.968+0000] {logging_mixin.py:188} INFO - [2026-05-08T20:19:09.967+0000] {dag.py:3947} INFO - Setting next_dagrun for example_nested_branch_dag to 2026-05-07 00:00:00+00:00, run_after=2026-05-08 00:00:00+00:00
[2026-05-08T20:19:09.979+0000] {processor.py:183} INFO - Processing /home/airflow/.local/lib/python3.12/site-packages/airflow/example_dags/example_nested_branch_dag.py took 0.058 seconds
[2026-05-08T20:19:40.550+0000] {processor.py:161} INFO - Started process (PID=944) to work on /home/airflow/.local/lib/python3.12/site-packages/airflow/example_dags/example_nested_branch_dag.py
[2026-05-08T20:19:40.550+0000] {processor.py:830} INFO - Processing file /home/airflow/.local/lib/python3.12/site-packages/airflow/example_dags/example_nested_branch_dag.py for tasks to queue
[2026-05-08T20:19:40.552+0000] {logging_mixin.py:188} INFO - [2026-05-08T20:19:40.552+0000] {dagbag.py:545} INFO - Filling up the DagBag from /home/airflow/.local/lib/python3.12/site-packages/airflow/example_dags/example_nested_branch_dag.py
[2026-05-08T20:19:40.560+0000] {processor.py:840} INFO - DAG(s) 'example_nested_branch_dag' retrieved from /home/airflow/.local/lib/python3.12/site-packages/airflow/example_dags/example_nested_branch_dag.py
[2026-05-08T20:19:40.576+0000] {logging_mixin.py:188} INFO - [2026-05-08T20:19:40.576+0000] {dag.py:3089} INFO - Sync 1 DAGs
[2026-05-08T20:19:40.591+0000] {logging_mixin.py:188} INFO - [2026-05-08T20:19:40.591+0000] {dag.py:3947} INFO - Setting next_dagrun for example_nested_branch_dag to 2026-05-07 00:00:00+00:00, run_after=2026-05-08 00:00:00+00:00
[2026-05-08T20:19:40.603+0000] {processor.py:183} INFO - Processing /home/airflow/.local/lib/python3.12/site-packages/airflow/example_dags/example_nested_branch_dag.py took 0.059 seconds
[2026-05-08T20:20:10.892+0000] {processor.py:161} INFO - Started process (PID=1002) to work on /home/airflow/.local/lib/python3.12/site-packages/airflow/example_dags/example_nested_branch_dag.py
[2026-05-08T20:20:10.893+0000] {processor.py:830} INFO - Processing file /home/airflow/.local/lib/python3.12/site-packages/airflow/example_dags/example_nested_branch_dag.py for tasks to queue
[2026-05-08T20:20:10.895+0000] {logging_mixin.py:188} INFO - [2026-05-08T20:20:10.894+0000] {dagbag.py:545} INFO - Filling up the DagBag from /home/airflow/.local/lib/python3.12/site-packages/airflow/example_dags/example_nested_branch_dag.py
[2026-05-08T20:20:10.902+0000] {processor.py:840} INFO - DAG(s) 'example_nested_branch_dag' retrieved from /home/airflow/.local/lib/python3.12/site-packages/airflow/example_dags/example_nested_branch_dag.py
[2026-05-08T20:20:10.919+0000] {logging_mixin.py:188} INFO - [2026-05-08T20:20:10.918+0000] {dag.py:3089} INFO - Sync 1 DAGs
[2026-05-08T20:20:10.936+0000] {logging_mixin.py:188} INFO - [2026-05-08T20:20:10.936+0000] {dag.py:3947} INFO - Setting next_dagrun for example_nested_branch_dag to 2026-05-07 00:00:00+00:00, run_after=2026-05-08 00:00:00+00:00
[2026-05-08T20:20:10.949+0000] {processor.py:183} INFO - Processing /home/airflow/.local/lib/python3.12/site-packages/airflow/example_dags/example_nested_branch_dag.py took 0.062 seconds
[2026-05-08T20:20:41.404+0000] {processor.py:161} INFO - Started process (PID=1060) to work on /home/airflow/.local/lib/python3.12/site-packages/airflow/example_dags/example_nested_branch_dag.py
[2026-05-08T20:20:41.404+0000] {processor.py:830} INFO - Processing file /home/airflow/.local/lib/python3.12/site-packages/airflow/example_dags/example_nested_branch_dag.py for tasks to queue
[2026-05-08T20:20:41.406+0000] {logging_mixin.py:188} INFO - [2026-05-08T20:20:41.406+0000] {dagbag.py:545} INFO - Filling up the DagBag from /home/airflow/.local/lib/python3.12/site-packages/airflow/example_dags/example_nested_branch_dag.py
[2026-05-08T20:20:41.414+0000] {processor.py:840} INFO - DAG(s) 'example_nested_branch_dag' retrieved from /home/airflow/.local/lib/python3.12/site-packages/airflow/example_dags/example_nested_branch_dag.py
[2026-05-08T20:20:41.430+0000] {logging_mixin.py:188} INFO - [2026-05-08T20:20:41.430+0000] {dag.py:3089} INFO - Sync 1 DAGs
[2026-05-08T20:20:41.445+0000] {logging_mixin.py:188} INFO - [2026-05-08T20:20:41.445+0000] {dag.py:3947} INFO - Setting next_dagrun for example_nested_branch_dag to 2026-05-07 00:00:00+00:00, run_after=2026-05-08 00:00:00+00:00
[2026-05-08T20:20:41.457+0000] {processor.py:183} INFO - Processing /home/airflow/.local/lib/python3.12/site-packages/airflow/example_dags/example_nested_branch_dag.py took 0.059 seconds
[2026-05-08T20:21:11.979+0000] {processor.py:161} INFO - Started process (PID=1118) to work on /home/airflow/.local/lib/python3.12/site-packages/airflow/example_dags/example_nested_branch_dag.py
[2026-05-08T20:21:11.980+0000] {processor.py:830} INFO - Processing file /home/airflow/.local/lib/python3.12/site-packages/airflow/example_dags/example_nested_branch_dag.py for tasks to queue
[2026-05-08T20:21:11.982+0000] {logging_mixin.py:188} INFO - [2026-05-08T20:21:11.982+0000] {dagbag.py:545} INFO - Filling up the DagBag from /home/airflow/.local/lib/python3.12/site-packages/airflow/example_dags/example_nested_branch_dag.py
[2026-05-08T20:21:11.989+0000] {processor.py:840} INFO - DAG(s) 'example_nested_branch_dag' retrieved from /home/airflow/.local/lib/python3.12/site-packages/airflow/example_dags/example_nested_branch_dag.py
[2026-05-08T20:21:12.006+0000] {logging_mixin.py:188} INFO - [2026-05-08T20:21:12.006+0000] {dag.py:3089} INFO - Sync 1 DAGs
[2026-05-08T20:21:12.022+0000] {logging_mixin.py:188} INFO - [2026-05-08T20:21:12.021+0000] {dag.py:3947} INFO - Setting next_dagrun for example_nested_branch_dag to 2026-05-07 00:00:00+00:00, run_after=2026-05-08 00:00:00+00:00
[2026-05-08T20:21:12.033+0000] {processor.py:183} INFO - Processing /home/airflow/.local/lib/python3.12/site-packages/airflow/example_dags/example_nested_branch_dag.py took 0.059 seconds
[2026-05-08T20:21:42.523+0000] {processor.py:161} INFO - Started process (PID=1176) to work on /home/airflow/.local/lib/python3.12/site-packages/airflow/example_dags/example_nested_branch_dag.py
[2026-05-08T20:21:42.524+0000] {processor.py:830} INFO - Processing file /home/airflow/.local/lib/python3.12/site-packages/airflow/example_dags/example_nested_branch_dag.py for tasks to queue
[2026-05-08T20:21:42.526+0000] {logging_mixin.py:188} INFO - [2026-05-08T20:21:42.525+0000] {dagbag.py:545} INFO - Filling up the DagBag from /home/airflow/.local/lib/python3.12/site-packages/airflow/example_dags/example_nested_branch_dag.py
[2026-05-08T20:21:42.533+0000] {processor.py:840} INFO - DAG(s) 'example_nested_branch_dag' retrieved from /home/airflow/.local/lib/python3.12/site-packages/airflow/example_dags/example_nested_branch_dag.py
[2026-05-08T20:21:42.550+0000] {logging_mixin.py:188} INFO - [2026-05-08T20:21:42.550+0000] {dag.py:3089} INFO - Sync 1 DAGs
[2026-05-08T20:21:42.568+0000] {logging_mixin.py:188} INFO - [2026-05-08T20:21:42.568+0000] {dag.py:3947} INFO - Setting next_dagrun for example_nested_branch_dag to 2026-05-07 00:00:00+00:00, run_after=2026-05-08 00:00:00+00:00
[2026-05-08T20:21:42.581+0000] {processor.py:183} INFO - Processing /home/airflow/.local/lib/python3.12/site-packages/airflow/example_dags/example_nested_branch_dag.py took 0.064 seconds
[2026-05-08T20:22:13.074+0000] {processor.py:161} INFO - Started process (PID=1234) to work on /home/airflow/.local/lib/python3.12/site-packages/airflow/example_dags/example_nested_branch_dag.py
[2026-05-08T20:22:13.075+0000] {processor.py:830} INFO - Processing file /home/airflow/.local/lib/python3.12/site-packages/airflow/example_dags/example_nested_branch_dag.py for tasks to queue
[2026-05-08T20:22:13.077+0000] {logging_mixin.py:188} INFO - [2026-05-08T20:22:13.077+0000] {dagbag.py:545} INFO - Filling up the DagBag from /home/airflow/.local/lib/python3.12/site-packages/airflow/example_dags/example_nested_branch_dag.py
[2026-05-08T20:22:13.085+0000] {processor.py:840} INFO - DAG(s) 'example_nested_branch_dag' retrieved from /home/airflow/.local/lib/python3.12/site-packages/airflow/example_dags/example_nested_branch_dag.py
[2026-05-08T20:22:13.102+0000] {logging_mixin.py:188} INFO - [2026-05-08T20:22:13.102+0000] {dag.py:3089} INFO - Sync 1 DAGs
[2026-05-08T20:22:13.119+0000] {logging_mixin.py:188} INFO - [2026-05-08T20:22:13.119+0000] {dag.py:3947} INFO - Setting next_dagrun for example_nested_branch_dag to 2026-05-07 00:00:00+00:00, run_after=2026-05-08 00:00:00+00:00
[2026-05-08T20:22:13.132+0000] {processor.py:183} INFO - Processing /home/airflow/.local/lib/python3.12/site-packages/airflow/example_dags/example_nested_branch_dag.py took 0.064 seconds
[2026-05-08T20:22:43.639+0000] {processor.py:161} INFO - Started process (PID=1292) to work on /home/airflow/.local/lib/python3.12/site-packages/airflow/example_dags/example_nested_branch_dag.py
[2026-05-08T20:22:43.640+0000] {processor.py:830} INFO - Processing file /home/airflow/.local/lib/python3.12/site-packages/airflow/example_dags/example_nested_branch_dag.py for tasks to queue
[2026-05-08T20:22:43.642+0000] {logging_mixin.py:188} INFO - [2026-05-08T20:22:43.642+0000] {dagbag.py:545} INFO - Filling up the DagBag from /home/airflow/.local/lib/python3.12/site-packages/airflow/example_dags/example_nested_branch_dag.py
[2026-05-08T20:22:43.650+0000] {processor.py:840} INFO - DAG(s) 'example_nested_branch_dag' retrieved from /home/airflow/.local/lib/python3.12/site-packages/airflow/example_dags/example_nested_branch_dag.py
[2026-05-08T20:22:43.670+0000] {logging_mixin.py:188} INFO - [2026-05-08T20:22:43.669+0000] {dag.py:3089} INFO - Sync 1 DAGs
[2026-05-08T20:22:43.687+0000] {logging_mixin.py:188} INFO - [2026-05-08T20:22:43.687+0000] {dag.py:3947} INFO - Setting next_dagrun for example_nested_branch_dag to 2026-05-07 00:00:00+00:00, run_after=2026-05-08 00:00:00+00:00
[2026-05-08T20:22:43.701+0000] {processor.py:183} INFO - Processing /home/airflow/.local/lib/python3.12/site-packages/airflow/example_dags/example_nested_branch_dag.py took 0.067 seconds
[2026-05-08T20:23:14.054+0000] {processor.py:161} INFO - Started process (PID=1350) to work on /home/airflow/.local/lib/python3.12/site-packages/airflow/example_dags/example_nested_branch_dag.py
[2026-05-08T20:23:14.056+0000] {processor.py:830} INFO - Processing file /home/airflow/.local/lib/python3.12/site-packages/airflow/example_dags/example_nested_branch_dag.py for tasks to queue
[2026-05-08T20:23:14.058+0000] {logging_mixin.py:188} INFO - [2026-05-08T20:23:14.057+0000] {dagbag.py:545} INFO - Filling up the DagBag from /home/airflow/.local/lib/python3.12/site-packages/airflow/example_dags/example_nested_branch_dag.py
[2026-05-08T20:23:14.065+0000] {processor.py:840} INFO - DAG(s) 'example_nested_branch_dag' retrieved from /home/airflow/.local/lib/python3.12/site-packages/airflow/example_dags/example_nested_branch_dag.py
[2026-05-08T20:23:14.083+0000] {logging_mixin.py:188} INFO - [2026-05-08T20:23:14.083+0000] {dag.py:3089} INFO - Sync 1 DAGs
[2026-05-08T20:23:14.100+0000] {logging_mixin.py:188} INFO - [2026-05-08T20:23:14.100+0000] {dag.py:3947} INFO - Setting next_dagrun for example_nested_branch_dag to 2026-05-07 00:00:00+00:00, run_after=2026-05-08 00:00:00+00:00
[2026-05-08T20:23:14.114+0000] {processor.py:183} INFO - Processing /home/airflow/.local/lib/python3.12/site-packages/airflow/example_dags/example_nested_branch_dag.py took 0.065 seconds
[2026-05-08T20:23:44.539+0000] {processor.py:161} INFO - Started process (PID=1408) to work on /home/airflow/.local/lib/python3.12/site-packages/airflow/example_dags/example_nested_branch_dag.py
[2026-05-08T20:23:44.540+0000] {processor.py:830} INFO - Processing file /home/airflow/.local/lib/python3.12/site-packages/airflow/example_dags/example_nested_branch_dag.py for tasks to queue
[2026-05-08T20:23:44.542+0000] {logging_mixin.py:188} INFO - [2026-05-08T20:23:44.541+0000] {dagbag.py:545} INFO - Filling up the DagBag from /home/airflow/.local/lib/python3.12/site-packages/airflow/example_dags/example_nested_branch_dag.py
[2026-05-08T20:23:44.549+0000] {processor.py:840} INFO - DAG(s) 'example_nested_branch_dag' retrieved from /home/airflow/.local/lib/python3.12/site-packages/airflow/example_dags/example_nested_branch_dag.py
[2026-05-08T20:23:44.567+0000] {logging_mixin.py:188} INFO - [2026-05-08T20:23:44.566+0000] {dag.py:3089} INFO - Sync 1 DAGs
[2026-05-08T20:23:44.582+0000] {logging_mixin.py:188} INFO - [2026-05-08T20:23:44.582+0000] {dag.py:3947} INFO - Setting next_dagrun for example_nested_branch_dag to 2026-05-07 00:00:00+00:00, run_after=2026-05-08 00:00:00+00:00
[2026-05-08T20:23:44.595+0000] {processor.py:183} INFO - Processing /home/airflow/.local/lib/python3.12/site-packages/airflow/example_dags/example_nested_branch_dag.py took 0.061 seconds
[2026-05-08T20:24:15.125+0000] {processor.py:161} INFO - Started process (PID=1466) to work on /home/airflow/.local/lib/python3.12/site-packages/airflow/example_dags/example_nested_branch_dag.py
[2026-05-08T20:24:15.126+0000] {processor.py:830} INFO - Processing file /home/airflow/.local/lib/python3.12/site-packages/airflow/example_dags/example_nested_branch_dag.py for tasks to queue
[2026-05-08T20:24:15.129+0000] {logging_mixin.py:188} INFO - [2026-05-08T20:24:15.128+0000] {dagbag.py:545} INFO - Filling up the DagBag from /home/airflow/.local/lib/python3.12/site-packages/airflow/example_dags/example_nested_branch_dag.py
[2026-05-08T20:24:15.138+0000] {processor.py:840} INFO - DAG(s) 'example_nested_branch_dag' retrieved from /home/airflow/.local/lib/python3.12/site-packages/airflow/example_dags/example_nested_branch_dag.py
[2026-05-08T20:24:15.158+0000] {logging_mixin.py:188} INFO - [2026-05-08T20:24:15.158+0000] {dag.py:3089} INFO - Sync 1 DAGs
[2026-05-08T20:24:15.176+0000] {logging_mixin.py:188} INFO - [2026-05-08T20:24:15.176+0000] {dag.py:3947} INFO - Setting next_dagrun for example_nested_branch_dag to 2026-05-07 00:00:00+00:00, run_after=2026-05-08 00:00:00+00:00
[2026-05-08T20:24:15.193+0000] {processor.py:183} INFO - Processing /home/airflow/.local/lib/python3.12/site-packages/airflow/example_dags/example_nested_branch_dag.py took 0.074 seconds
[2026-05-08T21:47:26.637+0000] {processor.py:161} INFO - Started process (PID=112) to work on /home/airflow/.local/lib/python3.12/site-packages/airflow/example_dags/example_nested_branch_dag.py
[2026-05-08T21:47:26.638+0000] {processor.py:830} INFO - Processing file /home/airflow/.local/lib/python3.12/site-packages/airflow/example_dags/example_nested_branch_dag.py for tasks to queue
[2026-05-08T21:47:26.640+0000] {logging_mixin.py:188} INFO - [2026-05-08T21:47:26.639+0000] {dagbag.py:545} INFO - Filling up the DagBag from /home/airflow/.local/lib/python3.12/site-packages/airflow/example_dags/example_nested_branch_dag.py
[2026-05-08T21:47:26.650+0000] {processor.py:840} INFO - DAG(s) 'example_nested_branch_dag' retrieved from /home/airflow/.local/lib/python3.12/site-packages/airflow/example_dags/example_nested_branch_dag.py
[2026-05-08T21:47:26.739+0000] {logging_mixin.py:188} INFO - [2026-05-08T21:47:26.739+0000] {dag.py:3089} INFO - Sync 1 DAGs
[2026-05-08T21:47:26.754+0000] {logging_mixin.py:188} INFO - [2026-05-08T21:47:26.753+0000] {dag.py:3947} INFO - Setting next_dagrun for example_nested_branch_dag to 2026-05-07 00:00:00+00:00, run_after=2026-05-08 00:00:00+00:00
[2026-05-08T21:47:26.771+0000] {processor.py:183} INFO - Processing /home/airflow/.local/lib/python3.12/site-packages/airflow/example_dags/example_nested_branch_dag.py took 0.141 seconds
[2026-05-08T21:47:57.025+0000] {processor.py:161} INFO - Started process (PID=171) to work on /home/airflow/.local/lib/python3.12/site-packages/airflow/example_dags/example_nested_branch_dag.py
[2026-05-08T21:47:57.027+0000] {processor.py:830} INFO - Processing file /home/airflow/.local/lib/python3.12/site-packages/airflow/example_dags/example_nested_branch_dag.py for tasks to queue
[2026-05-08T21:47:57.029+0000] {logging_mixin.py:188} INFO - [2026-05-08T21:47:57.029+0000] {dagbag.py:545} INFO - Filling up the DagBag from /home/airflow/.local/lib/python3.12/site-packages/airflow/example_dags/example_nested_branch_dag.py
[2026-05-08T21:47:57.038+0000] {processor.py:840} INFO - DAG(s) 'example_nested_branch_dag' retrieved from /home/airflow/.local/lib/python3.12/site-packages/airflow/example_dags/example_nested_branch_dag.py
[2026-05-08T21:47:57.057+0000] {logging_mixin.py:188} INFO - [2026-05-08T21:47:57.057+0000] {dag.py:3089} INFO - Sync 1 DAGs
[2026-05-08T21:47:57.074+0000] {logging_mixin.py:188} INFO - [2026-05-08T21:47:57.073+0000] {dag.py:3947} INFO - Setting next_dagrun for example_nested_branch_dag to 2026-05-07 00:00:00+00:00, run_after=2026-05-08 00:00:00+00:00
[2026-05-08T21:47:57.087+0000] {processor.py:183} INFO - Processing /home/airflow/.local/lib/python3.12/site-packages/airflow/example_dags/example_nested_branch_dag.py took 0.071 seconds
[2026-05-08T21:49:18.897+0000] {processor.py:161} INFO - Started process (PID=75) to work on /home/airflow/.local/lib/python3.12/site-packages/airflow/example_dags/example_nested_branch_dag.py
[2026-05-08T21:49:18.898+0000] {processor.py:830} INFO - Processing file /home/airflow/.local/lib/python3.12/site-packages/airflow/example_dags/example_nested_branch_dag.py for tasks to queue
[2026-05-08T21:49:18.900+0000] {logging_mixin.py:188} INFO - [2026-05-08T21:49:18.899+0000] {dagbag.py:545} INFO - Filling up the DagBag from /home/airflow/.local/lib/python3.12/site-packages/airflow/example_dags/example_nested_branch_dag.py
[2026-05-08T21:49:18.911+0000] {processor.py:840} INFO - DAG(s) 'example_nested_branch_dag' retrieved from /home/airflow/.local/lib/python3.12/site-packages/airflow/example_dags/example_nested_branch_dag.py
[2026-05-08T21:49:18.923+0000] {logging_mixin.py:188} INFO - [2026-05-08T21:49:18.922+0000] {dag.py:3089} INFO - Sync 1 DAGs
[2026-05-08T21:49:18.947+0000] {logging_mixin.py:188} INFO - [2026-05-08T21:49:18.947+0000] {dag.py:3947} INFO - Setting next_dagrun for example_nested_branch_dag to 2026-05-07 00:00:00+00:00, run_after=2026-05-08 00:00:00+00:00
[2026-05-08T21:49:18.966+0000] {processor.py:183} INFO - Processing /home/airflow/.local/lib/python3.12/site-packages/airflow/example_dags/example_nested_branch_dag.py took 0.076 seconds
[2026-05-08T21:49:49.237+0000] {processor.py:161} INFO - Started process (PID=134) to work on /home/airflow/.local/lib/python3.12/site-packages/airflow/example_dags/example_nested_branch_dag.py
[2026-05-08T21:49:49.238+0000] {processor.py:830} INFO - Processing file /home/airflow/.local/lib/python3.12/site-packages/airflow/example_dags/example_nested_branch_dag.py for tasks to queue
[2026-05-08T21:49:49.240+0000] {logging_mixin.py:188} INFO - [2026-05-08T21:49:49.239+0000] {dagbag.py:545} INFO - Filling up the DagBag from /home/airflow/.local/lib/python3.12/site-packages/airflow/example_dags/example_nested_branch_dag.py
[2026-05-08T21:49:49.248+0000] {processor.py:840} INFO - DAG(s) 'example_nested_branch_dag' retrieved from /home/airflow/.local/lib/python3.12/site-packages/airflow/example_dags/example_nested_branch_dag.py
[2026-05-08T21:49:49.332+0000] {logging_mixin.py:188} INFO - [2026-05-08T21:49:49.332+0000] {dag.py:3089} INFO - Sync 1 DAGs
[2026-05-08T21:49:49.348+0000] {logging_mixin.py:188} INFO - [2026-05-08T21:49:49.348+0000] {dag.py:3947} INFO - Setting next_dagrun for example_nested_branch_dag to 2026-05-07 00:00:00+00:00, run_after=2026-05-08 00:00:00+00:00
[2026-05-08T21:49:49.363+0000] {processor.py:183} INFO - Processing /home/airflow/.local/lib/python3.12/site-packages/airflow/example_dags/example_nested_branch_dag.py took 0.131 seconds
[2026-05-08T21:50:19.839+0000] {processor.py:161} INFO - Started process (PID=193) to work on /home/airflow/.local/lib/python3.12/site-packages/airflow/example_dags/example_nested_branch_dag.py
[2026-05-08T21:50:19.840+0000] {processor.py:830} INFO - Processing file /home/airflow/.local/lib/python3.12/site-packages/airflow/example_dags/example_nested_branch_dag.py for tasks to queue
[2026-05-08T21:50:19.841+0000] {logging_mixin.py:188} INFO - [2026-05-08T21:50:19.841+0000] {dagbag.py:545} INFO - Filling up the DagBag from /home/airflow/.local/lib/python3.12/site-packages/airflow/example_dags/example_nested_branch_dag.py
[2026-05-08T21:50:19.849+0000] {processor.py:840} INFO - DAG(s) 'example_nested_branch_dag' retrieved from /home/airflow/.local/lib/python3.12/site-packages/airflow/example_dags/example_nested_branch_dag.py
[2026-05-08T21:50:19.866+0000] {logging_mixin.py:188} INFO - [2026-05-08T21:50:19.866+0000] {dag.py:3089} INFO - Sync 1 DAGs
[2026-05-08T21:50:19.880+0000] {logging_mixin.py:188} INFO - [2026-05-08T21:50:19.880+0000] {dag.py:3947} INFO - Setting next_dagrun for example_nested_branch_dag to 2026-05-07 00:00:00+00:00, run_after=2026-05-08 00:00:00+00:00
[2026-05-08T21:50:19.893+0000] {processor.py:183} INFO - Processing /home/airflow/.local/lib/python3.12/site-packages/airflow/example_dags/example_nested_branch_dag.py took 0.060 seconds
[2026-05-08T21:50:50.057+0000] {processor.py:161} INFO - Started process (PID=252) to work on /home/airflow/.local/lib/python3.12/site-packages/airflow/example_dags/example_nested_branch_dag.py
[2026-05-08T21:50:50.058+0000] {processor.py:830} INFO - Processing file /home/airflow/.local/lib/python3.12/site-packages/airflow/example_dags/example_nested_branch_dag.py for tasks to queue
[2026-05-08T21:50:50.060+0000] {logging_mixin.py:188} INFO - [2026-05-08T21:50:50.060+0000] {dagbag.py:545} INFO - Filling up the DagBag from /home/airflow/.local/lib/python3.12/site-packages/airflow/example_dags/example_nested_branch_dag.py
[2026-05-08T21:50:50.068+0000] {processor.py:840} INFO - DAG(s) 'example_nested_branch_dag' retrieved from /home/airflow/.local/lib/python3.12/site-packages/airflow/example_dags/example_nested_branch_dag.py
[2026-05-08T21:50:50.085+0000] {logging_mixin.py:188} INFO - [2026-05-08T21:50:50.085+0000] {dag.py:3089} INFO - Sync 1 DAGs
[2026-05-08T21:50:50.101+0000] {logging_mixin.py:188} INFO - [2026-05-08T21:50:50.101+0000] {dag.py:3947} INFO - Setting next_dagrun for example_nested_branch_dag to 2026-05-07 00:00:00+00:00, run_after=2026-05-08 00:00:00+00:00
[2026-05-08T21:50:50.114+0000] {processor.py:183} INFO - Processing /home/airflow/.local/lib/python3.12/site-packages/airflow/example_dags/example_nested_branch_dag.py took 0.062 seconds
[2026-05-08T21:51:20.258+0000] {processor.py:161} INFO - Started process (PID=311) to work on /home/airflow/.local/lib/python3.12/site-packages/airflow/example_dags/example_nested_branch_dag.py
[2026-05-08T21:51:20.258+0000] {processor.py:830} INFO - Processing file /home/airflow/.local/lib/python3.12/site-packages/airflow/example_dags/example_nested_branch_dag.py for tasks to queue
[2026-05-08T21:51:20.260+0000] {logging_mixin.py:188} INFO - [2026-05-08T21:51:20.260+0000] {dagbag.py:545} INFO - Filling up the DagBag from /home/airflow/.local/lib/python3.12/site-packages/airflow/example_dags/example_nested_branch_dag.py
[2026-05-08T21:51:20.269+0000] {processor.py:840} INFO - DAG(s) 'example_nested_branch_dag' retrieved from /home/airflow/.local/lib/python3.12/site-packages/airflow/example_dags/example_nested_branch_dag.py
[2026-05-08T21:51:20.287+0000] {logging_mixin.py:188} INFO - [2026-05-08T21:51:20.287+0000] {dag.py:3089} INFO - Sync 1 DAGs
[2026-05-08T21:51:20.303+0000] {logging_mixin.py:188} INFO - [2026-05-08T21:51:20.303+0000] {dag.py:3947} INFO - Setting next_dagrun for example_nested_branch_dag to 2026-05-07 00:00:00+00:00, run_after=2026-05-08 00:00:00+00:00
[2026-05-08T21:51:20.316+0000] {processor.py:183} INFO - Processing /home/airflow/.local/lib/python3.12/site-packages/airflow/example_dags/example_nested_branch_dag.py took 0.068 seconds
[2026-05-08T21:51:50.451+0000] {processor.py:161} INFO - Started process (PID=370) to work on /home/airflow/.local/lib/python3.12/site-packages/airflow/example_dags/example_nested_branch_dag.py
[2026-05-08T21:51:50.451+0000] {processor.py:830} INFO - Processing file /home/airflow/.local/lib/python3.12/site-packages/airflow/example_dags/example_nested_branch_dag.py for tasks to queue
[2026-05-08T21:51:50.453+0000] {logging_mixin.py:188} INFO - [2026-05-08T21:51:50.453+0000] {dagbag.py:545} INFO - Filling up the DagBag from /home/airflow/.local/lib/python3.12/site-packages/airflow/example_dags/example_nested_branch_dag.py
[2026-05-08T21:51:50.460+0000] {processor.py:840} INFO - DAG(s) 'example_nested_branch_dag' retrieved from /home/airflow/.local/lib/python3.12/site-packages/airflow/example_dags/example_nested_branch_dag.py
[2026-05-08T21:51:50.477+0000] {logging_mixin.py:188} INFO - [2026-05-08T21:51:50.477+0000] {dag.py:3089} INFO - Sync 1 DAGs
[2026-05-08T21:51:50.494+0000] {logging_mixin.py:188} INFO - [2026-05-08T21:51:50.494+0000] {dag.py:3947} INFO - Setting next_dagrun for example_nested_branch_dag to 2026-05-07 00:00:00+00:00, run_after=2026-05-08 00:00:00+00:00
[2026-05-08T21:51:50.507+0000] {processor.py:183} INFO - Processing /home/airflow/.local/lib/python3.12/site-packages/airflow/example_dags/example_nested_branch_dag.py took 0.062 seconds
[2026-05-08T22:03:26.601+0000] {processor.py:161} INFO - Started process (PID=112) to work on /home/airflow/.local/lib/python3.12/site-packages/airflow/example_dags/example_nested_branch_dag.py
[2026-05-08T22:03:26.603+0000] {processor.py:830} INFO - Processing file /home/airflow/.local/lib/python3.12/site-packages/airflow/example_dags/example_nested_branch_dag.py for tasks to queue
[2026-05-08T22:03:26.605+0000] {logging_mixin.py:188} INFO - [2026-05-08T22:03:26.604+0000] {dagbag.py:545} INFO - Filling up the DagBag from /home/airflow/.local/lib/python3.12/site-packages/airflow/example_dags/example_nested_branch_dag.py
[2026-05-08T22:03:26.616+0000] {processor.py:840} INFO - DAG(s) 'example_nested_branch_dag' retrieved from /home/airflow/.local/lib/python3.12/site-packages/airflow/example_dags/example_nested_branch_dag.py
[2026-05-08T22:03:26.719+0000] {logging_mixin.py:188} INFO - [2026-05-08T22:03:26.718+0000] {dag.py:3089} INFO - Sync 1 DAGs
[2026-05-08T22:03:26.735+0000] {logging_mixin.py:188} INFO - [2026-05-08T22:03:26.735+0000] {dag.py:3947} INFO - Setting next_dagrun for example_nested_branch_dag to 2026-05-07 00:00:00+00:00, run_after=2026-05-08 00:00:00+00:00
[2026-05-08T22:03:26.753+0000] {processor.py:183} INFO - Processing /home/airflow/.local/lib/python3.12/site-packages/airflow/example_dags/example_nested_branch_dag.py took 0.157 seconds
[2026-05-08T22:04:46.050+0000] {processor.py:161} INFO - Started process (PID=76) to work on /home/airflow/.local/lib/python3.12/site-packages/airflow/example_dags/example_nested_branch_dag.py
[2026-05-08T22:04:46.051+0000] {processor.py:830} INFO - Processing file /home/airflow/.local/lib/python3.12/site-packages/airflow/example_dags/example_nested_branch_dag.py for tasks to queue
[2026-05-08T22:04:46.053+0000] {logging_mixin.py:188} INFO - [2026-05-08T22:04:46.053+0000] {dagbag.py:545} INFO - Filling up the DagBag from /home/airflow/.local/lib/python3.12/site-packages/airflow/example_dags/example_nested_branch_dag.py
[2026-05-08T22:04:46.064+0000] {processor.py:840} INFO - DAG(s) 'example_nested_branch_dag' retrieved from /home/airflow/.local/lib/python3.12/site-packages/airflow/example_dags/example_nested_branch_dag.py
[2026-05-08T22:04:46.076+0000] {logging_mixin.py:188} INFO - [2026-05-08T22:04:46.075+0000] {dag.py:3089} INFO - Sync 1 DAGs
[2026-05-08T22:04:46.097+0000] {logging_mixin.py:188} INFO - [2026-05-08T22:04:46.097+0000] {dag.py:3947} INFO - Setting next_dagrun for example_nested_branch_dag to 2026-05-07 00:00:00+00:00, run_after=2026-05-08 00:00:00+00:00
[2026-05-08T22:04:46.113+0000] {processor.py:183} INFO - Processing /home/airflow/.local/lib/python3.12/site-packages/airflow/example_dags/example_nested_branch_dag.py took 0.069 seconds
[2026-05-08T22:05:17.670+0000] {processor.py:161} INFO - Started process (PID=135) to work on /home/airflow/.local/lib/python3.12/site-packages/airflow/example_dags/example_nested_branch_dag.py
[2026-05-08T22:05:17.671+0000] {processor.py:830} INFO - Processing file /home/airflow/.local/lib/python3.12/site-packages/airflow/example_dags/example_nested_branch_dag.py for tasks to queue
[2026-05-08T22:05:17.674+0000] {logging_mixin.py:188} INFO - [2026-05-08T22:05:17.674+0000] {dagbag.py:545} INFO - Filling up the DagBag from /home/airflow/.local/lib/python3.12/site-packages/airflow/example_dags/example_nested_branch_dag.py
[2026-05-08T22:05:17.684+0000] {processor.py:840} INFO - DAG(s) 'example_nested_branch_dag' retrieved from /home/airflow/.local/lib/python3.12/site-packages/airflow/example_dags/example_nested_branch_dag.py
[2026-05-08T22:05:17.780+0000] {logging_mixin.py:188} INFO - [2026-05-08T22:05:17.779+0000] {dag.py:3089} INFO - Sync 1 DAGs
[2026-05-08T22:05:17.796+0000] {logging_mixin.py:188} INFO - [2026-05-08T22:05:17.796+0000] {dag.py:3947} INFO - Setting next_dagrun for example_nested_branch_dag to 2026-05-07 00:00:00+00:00, run_after=2026-05-08 00:00:00+00:00
[2026-05-08T22:05:17.812+0000] {processor.py:183} INFO - Processing /home/airflow/.local/lib/python3.12/site-packages/airflow/example_dags/example_nested_branch_dag.py took 0.150 seconds
[2026-05-08T22:05:48.230+0000] {processor.py:161} INFO - Started process (PID=194) to work on /home/airflow/.local/lib/python3.12/site-packages/airflow/example_dags/example_nested_branch_dag.py
[2026-05-08T22:05:48.231+0000] {processor.py:830} INFO - Processing file /home/airflow/.local/lib/python3.12/site-packages/airflow/example_dags/example_nested_branch_dag.py for tasks to queue
[2026-05-08T22:05:48.234+0000] {logging_mixin.py:188} INFO - [2026-05-08T22:05:48.233+0000] {dagbag.py:545} INFO - Filling up the DagBag from /home/airflow/.local/lib/python3.12/site-packages/airflow/example_dags/example_nested_branch_dag.py
[2026-05-08T22:05:48.243+0000] {processor.py:840} INFO - DAG(s) 'example_nested_branch_dag' retrieved from /home/airflow/.local/lib/python3.12/site-packages/airflow/example_dags/example_nested_branch_dag.py
[2026-05-08T22:05:48.267+0000] {logging_mixin.py:188} INFO - [2026-05-08T22:05:48.267+0000] {dag.py:3089} INFO - Sync 1 DAGs
[2026-05-08T22:05:48.287+0000] {logging_mixin.py:188} INFO - [2026-05-08T22:05:48.287+0000] {dag.py:3947} INFO - Setting next_dagrun for example_nested_branch_dag to 2026-05-07 00:00:00+00:00, run_after=2026-05-08 00:00:00+00:00
[2026-05-08T22:05:48.304+0000] {processor.py:183} INFO - Processing /home/airflow/.local/lib/python3.12/site-packages/airflow/example_dags/example_nested_branch_dag.py took 0.081 seconds
[2026-05-08T22:06:19.266+0000] {processor.py:161} INFO - Started process (PID=253) to work on /home/airflow/.local/lib/python3.12/site-packages/airflow/example_dags/example_nested_branch_dag.py
[2026-05-08T22:06:19.268+0000] {processor.py:830} INFO - Processing file /home/airflow/.local/lib/python3.12/site-packages/airflow/example_dags/example_nested_branch_dag.py for tasks to queue
[2026-05-08T22:06:19.271+0000] {logging_mixin.py:188} INFO - [2026-05-08T22:06:19.270+0000] {dagbag.py:545} INFO - Filling up the DagBag from /home/airflow/.local/lib/python3.12/site-packages/airflow/example_dags/example_nested_branch_dag.py
[2026-05-08T22:06:19.293+0000] {processor.py:840} INFO - DAG(s) 'example_nested_branch_dag' retrieved from /home/airflow/.local/lib/python3.12/site-packages/airflow/example_dags/example_nested_branch_dag.py
[2026-05-08T22:06:19.332+0000] {logging_mixin.py:188} INFO - [2026-05-08T22:06:19.332+0000] {dag.py:3089} INFO - Sync 1 DAGs
[2026-05-08T22:06:19.353+0000] {logging_mixin.py:188} INFO - [2026-05-08T22:06:19.352+0000] {dag.py:3947} INFO - Setting next_dagrun for example_nested_branch_dag to 2026-05-07 00:00:00+00:00, run_after=2026-05-08 00:00:00+00:00
[2026-05-08T22:06:19.370+0000] {processor.py:183} INFO - Processing /home/airflow/.local/lib/python3.12/site-packages/airflow/example_dags/example_nested_branch_dag.py took 0.113 seconds
[2026-05-08T22:06:49.600+0000] {processor.py:161} INFO - Started process (PID=312) to work on /home/airflow/.local/lib/python3.12/site-packages/airflow/example_dags/example_nested_branch_dag.py
[2026-05-08T22:06:49.601+0000] {processor.py:830} INFO - Processing file /home/airflow/.local/lib/python3.12/site-packages/airflow/example_dags/example_nested_branch_dag.py for tasks to queue
[2026-05-08T22:06:49.605+0000] {logging_mixin.py:188} INFO - [2026-05-08T22:06:49.605+0000] {dagbag.py:545} INFO - Filling up the DagBag from /home/airflow/.local/lib/python3.12/site-packages/airflow/example_dags/example_nested_branch_dag.py
[2026-05-08T22:06:49.619+0000] {processor.py:840} INFO - DAG(s) 'example_nested_branch_dag' retrieved from /home/airflow/.local/lib/python3.12/site-packages/airflow/example_dags/example_nested_branch_dag.py
[2026-05-08T22:06:49.645+0000] {logging_mixin.py:188} INFO - [2026-05-08T22:06:49.645+0000] {dag.py:3089} INFO - Sync 1 DAGs
[2026-05-08T22:06:49.668+0000] {logging_mixin.py:188} INFO - [2026-05-08T22:06:49.668+0000] {dag.py:3947} INFO - Setting next_dagrun for example_nested_branch_dag to 2026-05-07 00:00:00+00:00, run_after=2026-05-08 00:00:00+00:00
[2026-05-08T22:06:49.685+0000] {processor.py:183} INFO - Processing /home/airflow/.local/lib/python3.12/site-packages/airflow/example_dags/example_nested_branch_dag.py took 0.094 seconds
[2026-05-08T22:07:20.416+0000] {processor.py:161} INFO - Started process (PID=371) to work on /home/airflow/.local/lib/python3.12/site-packages/airflow/example_dags/example_nested_branch_dag.py
[2026-05-08T22:07:20.417+0000] {processor.py:830} INFO - Processing file /home/airflow/.local/lib/python3.12/site-packages/airflow/example_dags/example_nested_branch_dag.py for tasks to queue
[2026-05-08T22:07:20.420+0000] {logging_mixin.py:188} INFO - [2026-05-08T22:07:20.419+0000] {dagbag.py:545} INFO - Filling up the DagBag from /home/airflow/.local/lib/python3.12/site-packages/airflow/example_dags/example_nested_branch_dag.py
[2026-05-08T22:07:20.431+0000] {processor.py:840} INFO - DAG(s) 'example_nested_branch_dag' retrieved from /home/airflow/.local/lib/python3.12/site-packages/airflow/example_dags/example_nested_branch_dag.py
[2026-05-08T22:07:20.455+0000] {logging_mixin.py:188} INFO - [2026-05-08T22:07:20.455+0000] {dag.py:3089} INFO - Sync 1 DAGs
[2026-05-08T22:07:20.475+0000] {logging_mixin.py:188} INFO - [2026-05-08T22:07:20.475+0000] {dag.py:3947} INFO - Setting next_dagrun for example_nested_branch_dag to 2026-05-07 00:00:00+00:00, run_after=2026-05-08 00:00:00+00:00
[2026-05-08T22:07:20.493+0000] {processor.py:183} INFO - Processing /home/airflow/.local/lib/python3.12/site-packages/airflow/example_dags/example_nested_branch_dag.py took 0.084 seconds
[2026-05-08T22:07:50.756+0000] {processor.py:161} INFO - Started process (PID=430) to work on /home/airflow/.local/lib/python3.12/site-packages/airflow/example_dags/example_nested_branch_dag.py
[2026-05-08T22:07:50.757+0000] {processor.py:830} INFO - Processing file /home/airflow/.local/lib/python3.12/site-packages/airflow/example_dags/example_nested_branch_dag.py for tasks to queue
[2026-05-08T22:07:50.760+0000] {logging_mixin.py:188} INFO - [2026-05-08T22:07:50.760+0000] {dagbag.py:545} INFO - Filling up the DagBag from /home/airflow/.local/lib/python3.12/site-packages/airflow/example_dags/example_nested_branch_dag.py
[2026-05-08T22:07:50.771+0000] {processor.py:840} INFO - DAG(s) 'example_nested_branch_dag' retrieved from /home/airflow/.local/lib/python3.12/site-packages/airflow/example_dags/example_nested_branch_dag.py
[2026-05-08T22:07:50.796+0000] {logging_mixin.py:188} INFO - [2026-05-08T22:07:50.795+0000] {dag.py:3089} INFO - Sync 1 DAGs
[2026-05-08T22:07:50.816+0000] {logging_mixin.py:188} INFO - [2026-05-08T22:07:50.816+0000] {dag.py:3947} INFO - Setting next_dagrun for example_nested_branch_dag to 2026-05-07 00:00:00+00:00, run_after=2026-05-08 00:00:00+00:00
[2026-05-08T22:07:50.835+0000] {processor.py:183} INFO - Processing /home/airflow/.local/lib/python3.12/site-packages/airflow/example_dags/example_nested_branch_dag.py took 0.088 seconds
[2026-05-08T22:08:21.423+0000] {processor.py:161} INFO - Started process (PID=489) to work on /home/airflow/.local/lib/python3.12/site-packages/airflow/example_dags/example_nested_branch_dag.py
[2026-05-08T22:08:21.425+0000] {processor.py:830} INFO - Processing file /home/airflow/.local/lib/python3.12/site-packages/airflow/example_dags/example_nested_branch_dag.py for tasks to queue
[2026-05-08T22:08:21.428+0000] {logging_mixin.py:188} INFO - [2026-05-08T22:08:21.427+0000] {dagbag.py:545} INFO - Filling up the DagBag from /home/airflow/.local/lib/python3.12/site-packages/airflow/example_dags/example_nested_branch_dag.py
[2026-05-08T22:08:21.439+0000] {processor.py:840} INFO - DAG(s) 'example_nested_branch_dag' retrieved from /home/airflow/.local/lib/python3.12/site-packages/airflow/example_dags/example_nested_branch_dag.py
[2026-05-08T22:08:21.465+0000] {logging_mixin.py:188} INFO - [2026-05-08T22:08:21.464+0000] {dag.py:3089} INFO - Sync 1 DAGs
[2026-05-08T22:08:21.486+0000] {logging_mixin.py:188} INFO - [2026-05-08T22:08:21.485+0000] {dag.py:3947} INFO - Setting next_dagrun for example_nested_branch_dag to 2026-05-07 00:00:00+00:00, run_after=2026-05-08 00:00:00+00:00
[2026-05-08T22:08:21.504+0000] {processor.py:183} INFO - Processing /home/airflow/.local/lib/python3.12/site-packages/airflow/example_dags/example_nested_branch_dag.py took 0.090 seconds
[2026-05-08T22:08:51.972+0000] {processor.py:161} INFO - Started process (PID=548) to work on /home/airflow/.local/lib/python3.12/site-packages/airflow/example_dags/example_nested_branch_dag.py
[2026-05-08T22:08:51.973+0000] {processor.py:830} INFO - Processing file /home/airflow/.local/lib/python3.12/site-packages/airflow/example_dags/example_nested_branch_dag.py for tasks to queue
[2026-05-08T22:08:51.977+0000] {logging_mixin.py:188} INFO - [2026-05-08T22:08:51.976+0000] {dagbag.py:545} INFO - Filling up the DagBag from /home/airflow/.local/lib/python3.12/site-packages/airflow/example_dags/example_nested_branch_dag.py
[2026-05-08T22:08:51.987+0000] {processor.py:840} INFO - DAG(s) 'example_nested_branch_dag' retrieved from /home/airflow/.local/lib/python3.12/site-packages/airflow/example_dags/example_nested_branch_dag.py
[2026-05-08T22:08:52.013+0000] {logging_mixin.py:188} INFO - [2026-05-08T22:08:52.013+0000] {dag.py:3089} INFO - Sync 1 DAGs
[2026-05-08T22:08:52.034+0000] {logging_mixin.py:188} INFO - [2026-05-08T22:08:52.033+0000] {dag.py:3947} INFO - Setting next_dagrun for example_nested_branch_dag to 2026-05-07 00:00:00+00:00, run_after=2026-05-08 00:00:00+00:00
[2026-05-08T22:08:52.051+0000] {processor.py:183} INFO - Processing /home/airflow/.local/lib/python3.12/site-packages/airflow/example_dags/example_nested_branch_dag.py took 0.088 seconds
[2026-05-08T22:09:22.492+0000] {processor.py:161} INFO - Started process (PID=607) to work on /home/airflow/.local/lib/python3.12/site-packages/airflow/example_dags/example_nested_branch_dag.py
[2026-05-08T22:09:22.493+0000] {processor.py:830} INFO - Processing file /home/airflow/.local/lib/python3.12/site-packages/airflow/example_dags/example_nested_branch_dag.py for tasks to queue
[2026-05-08T22:09:22.496+0000] {logging_mixin.py:188} INFO - [2026-05-08T22:09:22.496+0000] {dagbag.py:545} INFO - Filling up the DagBag from /home/airflow/.local/lib/python3.12/site-packages/airflow/example_dags/example_nested_branch_dag.py
[2026-05-08T22:09:22.506+0000] {processor.py:840} INFO - DAG(s) 'example_nested_branch_dag' retrieved from /home/airflow/.local/lib/python3.12/site-packages/airflow/example_dags/example_nested_branch_dag.py
[2026-05-08T22:09:22.532+0000] {logging_mixin.py:188} INFO - [2026-05-08T22:09:22.531+0000] {dag.py:3089} INFO - Sync 1 DAGs
[2026-05-08T22:09:22.555+0000] {logging_mixin.py:188} INFO - [2026-05-08T22:09:22.555+0000] {dag.py:3947} INFO - Setting next_dagrun for example_nested_branch_dag to 2026-05-07 00:00:00+00:00, run_after=2026-05-08 00:00:00+00:00
[2026-05-08T22:09:22.572+0000] {processor.py:183} INFO - Processing /home/airflow/.local/lib/python3.12/site-packages/airflow/example_dags/example_nested_branch_dag.py took 0.089 seconds
[2026-05-08T22:09:53.441+0000] {processor.py:161} INFO - Started process (PID=666) to work on /home/airflow/.local/lib/python3.12/site-packages/airflow/example_dags/example_nested_branch_dag.py
[2026-05-08T22:09:53.443+0000] {processor.py:830} INFO - Processing file /home/airflow/.local/lib/python3.12/site-packages/airflow/example_dags/example_nested_branch_dag.py for tasks to queue
[2026-05-08T22:09:53.445+0000] {logging_mixin.py:188} INFO - [2026-05-08T22:09:53.445+0000] {dagbag.py:545} INFO - Filling up the DagBag from /home/airflow/.local/lib/python3.12/site-packages/airflow/example_dags/example_nested_branch_dag.py
[2026-05-08T22:09:53.455+0000] {processor.py:840} INFO - DAG(s) 'example_nested_branch_dag' retrieved from /home/airflow/.local/lib/python3.12/site-packages/airflow/example_dags/example_nested_branch_dag.py
[2026-05-08T22:09:53.480+0000] {logging_mixin.py:188} INFO - [2026-05-08T22:09:53.480+0000] {dag.py:3089} INFO - Sync 1 DAGs
[2026-05-08T22:09:53.502+0000] {logging_mixin.py:188} INFO - [2026-05-08T22:09:53.501+0000] {dag.py:3947} INFO - Setting next_dagrun for example_nested_branch_dag to 2026-05-07 00:00:00+00:00, run_after=2026-05-08 00:00:00+00:00
[2026-05-08T22:09:53.522+0000] {processor.py:183} INFO - Processing /home/airflow/.local/lib/python3.12/site-packages/airflow/example_dags/example_nested_branch_dag.py took 0.089 seconds
[2026-05-08T22:10:24.007+0000] {processor.py:161} INFO - Started process (PID=725) to work on /home/airflow/.local/lib/python3.12/site-packages/airflow/example_dags/example_nested_branch_dag.py
[2026-05-08T22:10:24.008+0000] {processor.py:830} INFO - Processing file /home/airflow/.local/lib/python3.12/site-packages/airflow/example_dags/example_nested_branch_dag.py for tasks to queue
[2026-05-08T22:10:24.012+0000] {logging_mixin.py:188} INFO - [2026-05-08T22:10:24.011+0000] {dagbag.py:545} INFO - Filling up the DagBag from /home/airflow/.local/lib/python3.12/site-packages/airflow/example_dags/example_nested_branch_dag.py
[2026-05-08T22:10:24.022+0000] {processor.py:840} INFO - DAG(s) 'example_nested_branch_dag' retrieved from /home/airflow/.local/lib/python3.12/site-packages/airflow/example_dags/example_nested_branch_dag.py
[2026-05-08T22:10:24.047+0000] {logging_mixin.py:188} INFO - [2026-05-08T22:10:24.046+0000] {dag.py:3089} INFO - Sync 1 DAGs
[2026-05-08T22:10:24.067+0000] {logging_mixin.py:188} INFO - [2026-05-08T22:10:24.067+0000] {dag.py:3947} INFO - Setting next_dagrun for example_nested_branch_dag to 2026-05-07 00:00:00+00:00, run_after=2026-05-08 00:00:00+00:00
[2026-05-08T22:10:24.085+0000] {processor.py:183} INFO - Processing /home/airflow/.local/lib/python3.12/site-packages/airflow/example_dags/example_nested_branch_dag.py took 0.086 seconds
[2026-05-08T22:10:54.901+0000] {processor.py:161} INFO - Started process (PID=784) to work on /home/airflow/.local/lib/python3.12/site-packages/airflow/example_dags/example_nested_branch_dag.py
[2026-05-08T22:10:54.903+0000] {processor.py:830} INFO - Processing file /home/airflow/.local/lib/python3.12/site-packages/airflow/example_dags/example_nested_branch_dag.py for tasks to queue
[2026-05-08T22:10:54.905+0000] {logging_mixin.py:188} INFO - [2026-05-08T22:10:54.905+0000] {dagbag.py:545} INFO - Filling up the DagBag from /home/airflow/.local/lib/python3.12/site-packages/airflow/example_dags/example_nested_branch_dag.py
[2026-05-08T22:10:54.915+0000] {processor.py:840} INFO - DAG(s) 'example_nested_branch_dag' retrieved from /home/airflow/.local/lib/python3.12/site-packages/airflow/example_dags/example_nested_branch_dag.py
[2026-05-08T22:10:54.941+0000] {logging_mixin.py:188} INFO - [2026-05-08T22:10:54.940+0000] {dag.py:3089} INFO - Sync 1 DAGs
[2026-05-08T22:10:54.964+0000] {logging_mixin.py:188} INFO - [2026-05-08T22:10:54.964+0000] {dag.py:3947} INFO - Setting next_dagrun for example_nested_branch_dag to 2026-05-07 00:00:00+00:00, run_after=2026-05-08 00:00:00+00:00
[2026-05-08T22:10:54.982+0000] {processor.py:183} INFO - Processing /home/airflow/.local/lib/python3.12/site-packages/airflow/example_dags/example_nested_branch_dag.py took 0.089 seconds
[2026-05-08T22:11:25.715+0000] {processor.py:161} INFO - Started process (PID=843) to work on /home/airflow/.local/lib/python3.12/site-packages/airflow/example_dags/example_nested_branch_dag.py
[2026-05-08T22:11:25.716+0000] {processor.py:830} INFO - Processing file /home/airflow/.local/lib/python3.12/site-packages/airflow/example_dags/example_nested_branch_dag.py for tasks to queue
[2026-05-08T22:11:25.719+0000] {logging_mixin.py:188} INFO - [2026-05-08T22:11:25.718+0000] {dagbag.py:545} INFO - Filling up the DagBag from /home/airflow/.local/lib/python3.12/site-packages/airflow/example_dags/example_nested_branch_dag.py
[2026-05-08T22:11:25.729+0000] {processor.py:840} INFO - DAG(s) 'example_nested_branch_dag' retrieved from /home/airflow/.local/lib/python3.12/site-packages/airflow/example_dags/example_nested_branch_dag.py
[2026-05-08T22:11:25.755+0000] {logging_mixin.py:188} INFO - [2026-05-08T22:11:25.755+0000] {dag.py:3089} INFO - Sync 1 DAGs
[2026-05-08T22:11:25.777+0000] {logging_mixin.py:188} INFO - [2026-05-08T22:11:25.777+0000] {dag.py:3947} INFO - Setting next_dagrun for example_nested_branch_dag to 2026-05-07 00:00:00+00:00, run_after=2026-05-08 00:00:00+00:00
[2026-05-08T22:11:25.795+0000] {processor.py:183} INFO - Processing /home/airflow/.local/lib/python3.12/site-packages/airflow/example_dags/example_nested_branch_dag.py took 0.089 seconds
[2026-05-08T22:11:56.000+0000] {processor.py:161} INFO - Started process (PID=902) to work on /home/airflow/.local/lib/python3.12/site-packages/airflow/example_dags/example_nested_branch_dag.py
[2026-05-08T22:11:56.001+0000] {processor.py:830} INFO - Processing file /home/airflow/.local/lib/python3.12/site-packages/airflow/example_dags/example_nested_branch_dag.py for tasks to queue
[2026-05-08T22:11:56.003+0000] {logging_mixin.py:188} INFO - [2026-05-08T22:11:56.003+0000] {dagbag.py:545} INFO - Filling up the DagBag from /home/airflow/.local/lib/python3.12/site-packages/airflow/example_dags/example_nested_branch_dag.py
[2026-05-08T22:11:56.014+0000] {processor.py:840} INFO - DAG(s) 'example_nested_branch_dag' retrieved from /home/airflow/.local/lib/python3.12/site-packages/airflow/example_dags/example_nested_branch_dag.py
[2026-05-08T22:11:56.040+0000] {logging_mixin.py:188} INFO - [2026-05-08T22:11:56.040+0000] {dag.py:3089} INFO - Sync 1 DAGs
[2026-05-08T22:11:56.062+0000] {logging_mixin.py:188} INFO - [2026-05-08T22:11:56.062+0000] {dag.py:3947} INFO - Setting next_dagrun for example_nested_branch_dag to 2026-05-07 00:00:00+00:00, run_after=2026-05-08 00:00:00+00:00
[2026-05-08T22:11:56.083+0000] {processor.py:183} INFO - Processing /home/airflow/.local/lib/python3.12/site-packages/airflow/example_dags/example_nested_branch_dag.py took 0.092 seconds
[2026-05-08T22:12:26.687+0000] {processor.py:161} INFO - Started process (PID=961) to work on /home/airflow/.local/lib/python3.12/site-packages/airflow/example_dags/example_nested_branch_dag.py
[2026-05-08T22:12:26.688+0000] {processor.py:830} INFO - Processing file /home/airflow/.local/lib/python3.12/site-packages/airflow/example_dags/example_nested_branch_dag.py for tasks to queue
[2026-05-08T22:12:26.690+0000] {logging_mixin.py:188} INFO - [2026-05-08T22:12:26.689+0000] {dagbag.py:545} INFO - Filling up the DagBag from /home/airflow/.local/lib/python3.12/site-packages/airflow/example_dags/example_nested_branch_dag.py
[2026-05-08T22:12:26.698+0000] {processor.py:840} INFO - DAG(s) 'example_nested_branch_dag' retrieved from /home/airflow/.local/lib/python3.12/site-packages/airflow/example_dags/example_nested_branch_dag.py
[2026-05-08T22:12:26.718+0000] {logging_mixin.py:188} INFO - [2026-05-08T22:12:26.718+0000] {dag.py:3089} INFO - Sync 1 DAGs
[2026-05-08T22:12:26.736+0000] {logging_mixin.py:188} INFO - [2026-05-08T22:12:26.735+0000] {dag.py:3947} INFO - Setting next_dagrun for example_nested_branch_dag to 2026-05-07 00:00:00+00:00, run_after=2026-05-08 00:00:00+00:00
[2026-05-08T22:12:26.752+0000] {processor.py:183} INFO - Processing /home/airflow/.local/lib/python3.12/site-packages/airflow/example_dags/example_nested_branch_dag.py took 0.071 seconds
[2026-05-08T22:12:57.254+0000] {processor.py:161} INFO - Started process (PID=1020) to work on /home/airflow/.local/lib/python3.12/site-packages/airflow/example_dags/example_nested_branch_dag.py
[2026-05-08T22:12:57.256+0000] {processor.py:830} INFO - Processing file /home/airflow/.local/lib/python3.12/site-packages/airflow/example_dags/example_nested_branch_dag.py for tasks to queue
[2026-05-08T22:12:57.260+0000] {logging_mixin.py:188} INFO - [2026-05-08T22:12:57.260+0000] {dagbag.py:545} INFO - Filling up the DagBag from /home/airflow/.local/lib/python3.12/site-packages/airflow/example_dags/example_nested_branch_dag.py
[2026-05-08T22:12:57.273+0000] {processor.py:840} INFO - DAG(s) 'example_nested_branch_dag' retrieved from /home/airflow/.local/lib/python3.12/site-packages/airflow/example_dags/example_nested_branch_dag.py
[2026-05-08T22:12:57.299+0000] {logging_mixin.py:188} INFO - [2026-05-08T22:12:57.299+0000] {dag.py:3089} INFO - Sync 1 DAGs
[2026-05-08T22:12:57.325+0000] {logging_mixin.py:188} INFO - [2026-05-08T22:12:57.325+0000] {dag.py:3947} INFO - Setting next_dagrun for example_nested_branch_dag to 2026-05-07 00:00:00+00:00, run_after=2026-05-08 00:00:00+00:00
[2026-05-08T22:12:57.347+0000] {processor.py:183} INFO - Processing /home/airflow/.local/lib/python3.12/site-packages/airflow/example_dags/example_nested_branch_dag.py took 0.107 seconds
[2026-05-08T22:13:27.832+0000] {processor.py:161} INFO - Started process (PID=1079) to work on /home/airflow/.local/lib/python3.12/site-packages/airflow/example_dags/example_nested_branch_dag.py
[2026-05-08T22:13:27.833+0000] {processor.py:830} INFO - Processing file /home/airflow/.local/lib/python3.12/site-packages/airflow/example_dags/example_nested_branch_dag.py for tasks to queue
[2026-05-08T22:13:27.836+0000] {logging_mixin.py:188} INFO - [2026-05-08T22:13:27.836+0000] {dagbag.py:545} INFO - Filling up the DagBag from /home/airflow/.local/lib/python3.12/site-packages/airflow/example_dags/example_nested_branch_dag.py
[2026-05-08T22:13:27.846+0000] {processor.py:840} INFO - DAG(s) 'example_nested_branch_dag' retrieved from /home/airflow/.local/lib/python3.12/site-packages/airflow/example_dags/example_nested_branch_dag.py
[2026-05-08T22:13:27.869+0000] {logging_mixin.py:188} INFO - [2026-05-08T22:13:27.869+0000] {dag.py:3089} INFO - Sync 1 DAGs
[2026-05-08T22:13:27.888+0000] {logging_mixin.py:188} INFO - [2026-05-08T22:13:27.888+0000] {dag.py:3947} INFO - Setting next_dagrun for example_nested_branch_dag to 2026-05-07 00:00:00+00:00, run_after=2026-05-08 00:00:00+00:00
[2026-05-08T22:13:27.905+0000] {processor.py:183} INFO - Processing /home/airflow/.local/lib/python3.12/site-packages/airflow/example_dags/example_nested_branch_dag.py took 0.081 seconds
[2026-05-08T22:13:58.153+0000] {processor.py:161} INFO - Started process (PID=1138) to work on /home/airflow/.local/lib/python3.12/site-packages/airflow/example_dags/example_nested_branch_dag.py
[2026-05-08T22:13:58.154+0000] {processor.py:830} INFO - Processing file /home/airflow/.local/lib/python3.12/site-packages/airflow/example_dags/example_nested_branch_dag.py for tasks to queue
[2026-05-08T22:13:58.157+0000] {logging_mixin.py:188} INFO - [2026-05-08T22:13:58.157+0000] {dagbag.py:545} INFO - Filling up the DagBag from /home/airflow/.local/lib/python3.12/site-packages/airflow/example_dags/example_nested_branch_dag.py
[2026-05-08T22:13:58.170+0000] {processor.py:840} INFO - DAG(s) 'example_nested_branch_dag' retrieved from /home/airflow/.local/lib/python3.12/site-packages/airflow/example_dags/example_nested_branch_dag.py
[2026-05-08T22:13:58.209+0000] {logging_mixin.py:188} INFO - [2026-05-08T22:13:58.208+0000] {dag.py:3089} INFO - Sync 1 DAGs
[2026-05-08T22:13:58.240+0000] {logging_mixin.py:188} INFO - [2026-05-08T22:13:58.239+0000] {dag.py:3947} INFO - Setting next_dagrun for example_nested_branch_dag to 2026-05-07 00:00:00+00:00, run_after=2026-05-08 00:00:00+00:00
[2026-05-08T22:13:58.266+0000] {processor.py:183} INFO - Processing /home/airflow/.local/lib/python3.12/site-packages/airflow/example_dags/example_nested_branch_dag.py took 0.122 seconds
[2026-05-08T22:14:28.426+0000] {processor.py:161} INFO - Started process (PID=1196) to work on /home/airflow/.local/lib/python3.12/site-packages/airflow/example_dags/example_nested_branch_dag.py
[2026-05-08T22:14:28.428+0000] {processor.py:830} INFO - Processing file /home/airflow/.local/lib/python3.12/site-packages/airflow/example_dags/example_nested_branch_dag.py for tasks to queue
[2026-05-08T22:14:28.430+0000] {logging_mixin.py:188} INFO - [2026-05-08T22:14:28.430+0000] {dagbag.py:545} INFO - Filling up the DagBag from /home/airflow/.local/lib/python3.12/site-packages/airflow/example_dags/example_nested_branch_dag.py
[2026-05-08T22:14:28.441+0000] {processor.py:840} INFO - DAG(s) 'example_nested_branch_dag' retrieved from /home/airflow/.local/lib/python3.12/site-packages/airflow/example_dags/example_nested_branch_dag.py
[2026-05-08T22:14:28.470+0000] {logging_mixin.py:188} INFO - [2026-05-08T22:14:28.469+0000] {dag.py:3089} INFO - Sync 1 DAGs
[2026-05-08T22:14:28.499+0000] {logging_mixin.py:188} INFO - [2026-05-08T22:14:28.498+0000] {dag.py:3947} INFO - Setting next_dagrun for example_nested_branch_dag to 2026-05-07 00:00:00+00:00, run_after=2026-05-08 00:00:00+00:00
[2026-05-08T22:14:28.518+0000] {processor.py:183} INFO - Processing /home/airflow/.local/lib/python3.12/site-packages/airflow/example_dags/example_nested_branch_dag.py took 0.100 seconds
[2026-05-08T22:14:59.202+0000] {processor.py:161} INFO - Started process (PID=1255) to work on /home/airflow/.local/lib/python3.12/site-packages/airflow/example_dags/example_nested_branch_dag.py
[2026-05-08T22:14:59.203+0000] {processor.py:830} INFO - Processing file /home/airflow/.local/lib/python3.12/site-packages/airflow/example_dags/example_nested_branch_dag.py for tasks to queue
[2026-05-08T22:14:59.206+0000] {logging_mixin.py:188} INFO - [2026-05-08T22:14:59.206+0000] {dagbag.py:545} INFO - Filling up the DagBag from /home/airflow/.local/lib/python3.12/site-packages/airflow/example_dags/example_nested_branch_dag.py
[2026-05-08T22:14:59.217+0000] {processor.py:840} INFO - DAG(s) 'example_nested_branch_dag' retrieved from /home/airflow/.local/lib/python3.12/site-packages/airflow/example_dags/example_nested_branch_dag.py
[2026-05-08T22:14:59.242+0000] {logging_mixin.py:188} INFO - [2026-05-08T22:14:59.241+0000] {dag.py:3089} INFO - Sync 1 DAGs
[2026-05-08T22:14:59.266+0000] {logging_mixin.py:188} INFO - [2026-05-08T22:14:59.265+0000] {dag.py:3947} INFO - Setting next_dagrun for example_nested_branch_dag to 2026-05-07 00:00:00+00:00, run_after=2026-05-08 00:00:00+00:00
[2026-05-08T22:14:59.290+0000] {processor.py:183} INFO - Processing /home/airflow/.local/lib/python3.12/site-packages/airflow/example_dags/example_nested_branch_dag.py took 0.096 seconds
[2026-05-08T22:15:29.720+0000] {processor.py:161} INFO - Started process (PID=1314) to work on /home/airflow/.local/lib/python3.12/site-packages/airflow/example_dags/example_nested_branch_dag.py
[2026-05-08T22:15:29.722+0000] {processor.py:830} INFO - Processing file /home/airflow/.local/lib/python3.12/site-packages/airflow/example_dags/example_nested_branch_dag.py for tasks to queue
[2026-05-08T22:15:29.724+0000] {logging_mixin.py:188} INFO - [2026-05-08T22:15:29.724+0000] {dagbag.py:545} INFO - Filling up the DagBag from /home/airflow/.local/lib/python3.12/site-packages/airflow/example_dags/example_nested_branch_dag.py
[2026-05-08T22:15:29.734+0000] {processor.py:840} INFO - DAG(s) 'example_nested_branch_dag' retrieved from /home/airflow/.local/lib/python3.12/site-packages/airflow/example_dags/example_nested_branch_dag.py
[2026-05-08T22:15:29.758+0000] {logging_mixin.py:188} INFO - [2026-05-08T22:15:29.757+0000] {dag.py:3089} INFO - Sync 1 DAGs
[2026-05-08T22:15:29.777+0000] {logging_mixin.py:188} INFO - [2026-05-08T22:15:29.777+0000] {dag.py:3947} INFO - Setting next_dagrun for example_nested_branch_dag to 2026-05-07 00:00:00+00:00, run_after=2026-05-08 00:00:00+00:00
[2026-05-08T22:15:29.794+0000] {processor.py:183} INFO - Processing /home/airflow/.local/lib/python3.12/site-packages/airflow/example_dags/example_nested_branch_dag.py took 0.082 seconds
[2026-05-08T22:16:00.327+0000] {processor.py:161} INFO - Started process (PID=1373) to work on /home/airflow/.local/lib/python3.12/site-packages/airflow/example_dags/example_nested_branch_dag.py
[2026-05-08T22:16:00.329+0000] {processor.py:830} INFO - Processing file /home/airflow/.local/lib/python3.12/site-packages/airflow/example_dags/example_nested_branch_dag.py for tasks to queue
[2026-05-08T22:16:00.332+0000] {logging_mixin.py:188} INFO - [2026-05-08T22:16:00.331+0000] {dagbag.py:545} INFO - Filling up the DagBag from /home/airflow/.local/lib/python3.12/site-packages/airflow/example_dags/example_nested_branch_dag.py
[2026-05-08T22:16:00.342+0000] {processor.py:840} INFO - DAG(s) 'example_nested_branch_dag' retrieved from /home/airflow/.local/lib/python3.12/site-packages/airflow/example_dags/example_nested_branch_dag.py
[2026-05-08T22:16:00.366+0000] {logging_mixin.py:188} INFO - [2026-05-08T22:16:00.366+0000] {dag.py:3089} INFO - Sync 1 DAGs
[2026-05-08T22:16:00.386+0000] {logging_mixin.py:188} INFO - [2026-05-08T22:16:00.386+0000] {dag.py:3947} INFO - Setting next_dagrun for example_nested_branch_dag to 2026-05-07 00:00:00+00:00, run_after=2026-05-08 00:00:00+00:00
[2026-05-08T22:16:00.405+0000] {processor.py:183} INFO - Processing /home/airflow/.local/lib/python3.12/site-packages/airflow/example_dags/example_nested_branch_dag.py took 0.088 seconds
[2026-05-08T22:16:30.850+0000] {processor.py:161} INFO - Started process (PID=1432) to work on /home/airflow/.local/lib/python3.12/site-packages/airflow/example_dags/example_nested_branch_dag.py
[2026-05-08T22:16:30.851+0000] {processor.py:830} INFO - Processing file /home/airflow/.local/lib/python3.12/site-packages/airflow/example_dags/example_nested_branch_dag.py for tasks to queue
[2026-05-08T22:16:30.853+0000] {logging_mixin.py:188} INFO - [2026-05-08T22:16:30.853+0000] {dagbag.py:545} INFO - Filling up the DagBag from /home/airflow/.local/lib/python3.12/site-packages/airflow/example_dags/example_nested_branch_dag.py
[2026-05-08T22:16:30.862+0000] {processor.py:840} INFO - DAG(s) 'example_nested_branch_dag' retrieved from /home/airflow/.local/lib/python3.12/site-packages/airflow/example_dags/example_nested_branch_dag.py
[2026-05-08T22:16:30.885+0000] {logging_mixin.py:188} INFO - [2026-05-08T22:16:30.885+0000] {dag.py:3089} INFO - Sync 1 DAGs
[2026-05-08T22:16:30.905+0000] {logging_mixin.py:188} INFO - [2026-05-08T22:16:30.904+0000] {dag.py:3947} INFO - Setting next_dagrun for example_nested_branch_dag to 2026-05-07 00:00:00+00:00, run_after=2026-05-08 00:00:00+00:00
[2026-05-08T22:16:30.922+0000] {processor.py:183} INFO - Processing /home/airflow/.local/lib/python3.12/site-packages/airflow/example_dags/example_nested_branch_dag.py took 0.078 seconds
[2026-05-08T22:17:01.369+0000] {processor.py:161} INFO - Started process (PID=1491) to work on /home/airflow/.local/lib/python3.12/site-packages/airflow/example_dags/example_nested_branch_dag.py
[2026-05-08T22:17:01.371+0000] {processor.py:830} INFO - Processing file /home/airflow/.local/lib/python3.12/site-packages/airflow/example_dags/example_nested_branch_dag.py for tasks to queue
[2026-05-08T22:17:01.373+0000] {logging_mixin.py:188} INFO - [2026-05-08T22:17:01.373+0000] {dagbag.py:545} INFO - Filling up the DagBag from /home/airflow/.local/lib/python3.12/site-packages/airflow/example_dags/example_nested_branch_dag.py
[2026-05-08T22:17:01.383+0000] {processor.py:840} INFO - DAG(s) 'example_nested_branch_dag' retrieved from /home/airflow/.local/lib/python3.12/site-packages/airflow/example_dags/example_nested_branch_dag.py
[2026-05-08T22:17:01.404+0000] {logging_mixin.py:188} INFO - [2026-05-08T22:17:01.404+0000] {dag.py:3089} INFO - Sync 1 DAGs
[2026-05-08T22:17:01.423+0000] {logging_mixin.py:188} INFO - [2026-05-08T22:17:01.423+0000] {dag.py:3947} INFO - Setting next_dagrun for example_nested_branch_dag to 2026-05-07 00:00:00+00:00, run_after=2026-05-08 00:00:00+00:00
[2026-05-08T22:17:01.444+0000] {processor.py:183} INFO - Processing /home/airflow/.local/lib/python3.12/site-packages/airflow/example_dags/example_nested_branch_dag.py took 0.081 seconds
[2026-05-08T22:17:32.351+0000] {processor.py:161} INFO - Started process (PID=1550) to work on /home/airflow/.local/lib/python3.12/site-packages/airflow/example_dags/example_nested_branch_dag.py
[2026-05-08T22:17:32.353+0000] {processor.py:830} INFO - Processing file /home/airflow/.local/lib/python3.12/site-packages/airflow/example_dags/example_nested_branch_dag.py for tasks to queue
[2026-05-08T22:17:32.358+0000] {logging_mixin.py:188} INFO - [2026-05-08T22:17:32.357+0000] {dagbag.py:545} INFO - Filling up the DagBag from /home/airflow/.local/lib/python3.12/site-packages/airflow/example_dags/example_nested_branch_dag.py
[2026-05-08T22:17:32.377+0000] {processor.py:840} INFO - DAG(s) 'example_nested_branch_dag' retrieved from /home/airflow/.local/lib/python3.12/site-packages/airflow/example_dags/example_nested_branch_dag.py
[2026-05-08T22:17:32.414+0000] {logging_mixin.py:188} INFO - [2026-05-08T22:17:32.413+0000] {dag.py:3089} INFO - Sync 1 DAGs
[2026-05-08T22:17:32.446+0000] {logging_mixin.py:188} INFO - [2026-05-08T22:17:32.445+0000] {dag.py:3947} INFO - Setting next_dagrun for example_nested_branch_dag to 2026-05-07 00:00:00+00:00, run_after=2026-05-08 00:00:00+00:00
[2026-05-08T22:17:32.470+0000] {processor.py:183} INFO - Processing /home/airflow/.local/lib/python3.12/site-packages/airflow/example_dags/example_nested_branch_dag.py took 0.134 seconds
[2026-05-08T22:18:56.964+0000] {processor.py:161} INFO - Started process (PID=75) to work on /home/airflow/.local/lib/python3.12/site-packages/airflow/example_dags/example_nested_branch_dag.py
[2026-05-08T22:18:56.965+0000] {processor.py:830} INFO - Processing file /home/airflow/.local/lib/python3.12/site-packages/airflow/example_dags/example_nested_branch_dag.py for tasks to queue
[2026-05-08T22:18:56.967+0000] {logging_mixin.py:188} INFO - [2026-05-08T22:18:56.967+0000] {dagbag.py:545} INFO - Filling up the DagBag from /home/airflow/.local/lib/python3.12/site-packages/airflow/example_dags/example_nested_branch_dag.py
[2026-05-08T22:18:56.979+0000] {processor.py:840} INFO - DAG(s) 'example_nested_branch_dag' retrieved from /home/airflow/.local/lib/python3.12/site-packages/airflow/example_dags/example_nested_branch_dag.py
[2026-05-08T22:18:56.991+0000] {logging_mixin.py:188} INFO - [2026-05-08T22:18:56.991+0000] {dag.py:3089} INFO - Sync 1 DAGs
[2026-05-08T22:18:57.015+0000] {logging_mixin.py:188} INFO - [2026-05-08T22:18:57.015+0000] {dag.py:3947} INFO - Setting next_dagrun for example_nested_branch_dag to 2026-05-07 00:00:00+00:00, run_after=2026-05-08 00:00:00+00:00
[2026-05-08T22:18:57.039+0000] {processor.py:183} INFO - Processing /home/airflow/.local/lib/python3.12/site-packages/airflow/example_dags/example_nested_branch_dag.py took 0.082 seconds
[2026-05-08T22:19:28.751+0000] {processor.py:161} INFO - Started process (PID=134) to work on /home/airflow/.local/lib/python3.12/site-packages/airflow/example_dags/example_nested_branch_dag.py
[2026-05-08T22:19:28.752+0000] {processor.py:830} INFO - Processing file /home/airflow/.local/lib/python3.12/site-packages/airflow/example_dags/example_nested_branch_dag.py for tasks to queue
[2026-05-08T22:19:28.754+0000] {logging_mixin.py:188} INFO - [2026-05-08T22:19:28.754+0000] {dagbag.py:545} INFO - Filling up the DagBag from /home/airflow/.local/lib/python3.12/site-packages/airflow/example_dags/example_nested_branch_dag.py
[2026-05-08T22:19:28.763+0000] {processor.py:840} INFO - DAG(s) 'example_nested_branch_dag' retrieved from /home/airflow/.local/lib/python3.12/site-packages/airflow/example_dags/example_nested_branch_dag.py
[2026-05-08T22:19:28.854+0000] {logging_mixin.py:188} INFO - [2026-05-08T22:19:28.854+0000] {dag.py:3089} INFO - Sync 1 DAGs
[2026-05-08T22:19:28.871+0000] {logging_mixin.py:188} INFO - [2026-05-08T22:19:28.871+0000] {dag.py:3947} INFO - Setting next_dagrun for example_nested_branch_dag to 2026-05-07 00:00:00+00:00, run_after=2026-05-08 00:00:00+00:00
[2026-05-08T22:19:28.888+0000] {processor.py:183} INFO - Processing /home/airflow/.local/lib/python3.12/site-packages/airflow/example_dags/example_nested_branch_dag.py took 0.144 seconds
