[2026-05-08T11:45:10.136+0000] {processor.py:161} INFO - Started process (PID=96) to work on /home/airflow/.local/lib/python3.12/site-packages/airflow/example_dags/tutorial_dag.py
[2026-05-08T11:45:10.138+0000] {processor.py:830} INFO - Processing file /home/airflow/.local/lib/python3.12/site-packages/airflow/example_dags/tutorial_dag.py for tasks to queue
[2026-05-08T11:45:10.140+0000] {logging_mixin.py:188} INFO - [2026-05-08T11:45:10.139+0000] {dagbag.py:545} INFO - Filling up the DagBag from /home/airflow/.local/lib/python3.12/site-packages/airflow/example_dags/tutorial_dag.py
[2026-05-08T11:45:10.145+0000] {processor.py:840} INFO - DAG(s) 'tutorial_dag' retrieved from /home/airflow/.local/lib/python3.12/site-packages/airflow/example_dags/tutorial_dag.py
[2026-05-08T11:45:10.165+0000] {logging_mixin.py:188} INFO - [2026-05-08T11:45:10.165+0000] {dag.py:3089} INFO - Sync 1 DAGs
[2026-05-08T11:45:10.177+0000] {logging_mixin.py:188} INFO - [2026-05-08T11:45:10.177+0000] {dag.py:3947} INFO - Setting next_dagrun for tutorial_dag to None, run_after=None
[2026-05-08T11:45:10.193+0000] {processor.py:183} INFO - Processing /home/airflow/.local/lib/python3.12/site-packages/airflow/example_dags/tutorial_dag.py took 0.061 seconds
[2026-05-08T11:45:41.803+0000] {processor.py:161} INFO - Started process (PID=154) to work on /home/airflow/.local/lib/python3.12/site-packages/airflow/example_dags/tutorial_dag.py
[2026-05-08T11:45:41.804+0000] {processor.py:830} INFO - Processing file /home/airflow/.local/lib/python3.12/site-packages/airflow/example_dags/tutorial_dag.py for tasks to queue
[2026-05-08T11:45:41.806+0000] {logging_mixin.py:188} INFO - [2026-05-08T11:45:41.806+0000] {dagbag.py:545} INFO - Filling up the DagBag from /home/airflow/.local/lib/python3.12/site-packages/airflow/example_dags/tutorial_dag.py
[2026-05-08T11:45:41.811+0000] {processor.py:840} INFO - DAG(s) 'tutorial_dag' retrieved from /home/airflow/.local/lib/python3.12/site-packages/airflow/example_dags/tutorial_dag.py
[2026-05-08T11:45:41.883+0000] {logging_mixin.py:188} INFO - [2026-05-08T11:45:41.882+0000] {dag.py:3089} INFO - Sync 1 DAGs
[2026-05-08T11:45:41.893+0000] {logging_mixin.py:188} INFO - [2026-05-08T11:45:41.892+0000] {dag.py:3947} INFO - Setting next_dagrun for tutorial_dag to None, run_after=None
[2026-05-08T11:45:41.908+0000] {processor.py:183} INFO - Processing /home/airflow/.local/lib/python3.12/site-packages/airflow/example_dags/tutorial_dag.py took 0.109 seconds
[2026-05-08T11:46:11.997+0000] {processor.py:161} INFO - Started process (PID=212) to work on /home/airflow/.local/lib/python3.12/site-packages/airflow/example_dags/tutorial_dag.py
[2026-05-08T11:46:11.999+0000] {processor.py:830} INFO - Processing file /home/airflow/.local/lib/python3.12/site-packages/airflow/example_dags/tutorial_dag.py for tasks to queue
[2026-05-08T11:46:12.001+0000] {logging_mixin.py:188} INFO - [2026-05-08T11:46:12.001+0000] {dagbag.py:545} INFO - Filling up the DagBag from /home/airflow/.local/lib/python3.12/site-packages/airflow/example_dags/tutorial_dag.py
[2026-05-08T11:46:12.006+0000] {processor.py:840} INFO - DAG(s) 'tutorial_dag' retrieved from /home/airflow/.local/lib/python3.12/site-packages/airflow/example_dags/tutorial_dag.py
[2026-05-08T11:46:12.024+0000] {logging_mixin.py:188} INFO - [2026-05-08T11:46:12.023+0000] {dag.py:3089} INFO - Sync 1 DAGs
[2026-05-08T11:46:12.034+0000] {logging_mixin.py:188} INFO - [2026-05-08T11:46:12.033+0000] {dag.py:3947} INFO - Setting next_dagrun for tutorial_dag to None, run_after=None
[2026-05-08T11:46:12.048+0000] {processor.py:183} INFO - Processing /home/airflow/.local/lib/python3.12/site-packages/airflow/example_dags/tutorial_dag.py took 0.056 seconds
[2026-05-08T11:46:42.838+0000] {processor.py:161} INFO - Started process (PID=270) to work on /home/airflow/.local/lib/python3.12/site-packages/airflow/example_dags/tutorial_dag.py
[2026-05-08T11:46:42.839+0000] {processor.py:830} INFO - Processing file /home/airflow/.local/lib/python3.12/site-packages/airflow/example_dags/tutorial_dag.py for tasks to queue
[2026-05-08T11:46:42.841+0000] {logging_mixin.py:188} INFO - [2026-05-08T11:46:42.841+0000] {dagbag.py:545} INFO - Filling up the DagBag from /home/airflow/.local/lib/python3.12/site-packages/airflow/example_dags/tutorial_dag.py
[2026-05-08T11:46:42.846+0000] {processor.py:840} INFO - DAG(s) 'tutorial_dag' retrieved from /home/airflow/.local/lib/python3.12/site-packages/airflow/example_dags/tutorial_dag.py
[2026-05-08T11:46:42.865+0000] {logging_mixin.py:188} INFO - [2026-05-08T11:46:42.865+0000] {dag.py:3089} INFO - Sync 1 DAGs
[2026-05-08T11:46:42.877+0000] {logging_mixin.py:188} INFO - [2026-05-08T11:46:42.876+0000] {dag.py:3947} INFO - Setting next_dagrun for tutorial_dag to None, run_after=None
[2026-05-08T11:46:42.896+0000] {processor.py:183} INFO - Processing /home/airflow/.local/lib/python3.12/site-packages/airflow/example_dags/tutorial_dag.py took 0.063 seconds
[2026-05-08T11:47:13.420+0000] {processor.py:161} INFO - Started process (PID=328) to work on /home/airflow/.local/lib/python3.12/site-packages/airflow/example_dags/tutorial_dag.py
[2026-05-08T11:47:13.422+0000] {processor.py:830} INFO - Processing file /home/airflow/.local/lib/python3.12/site-packages/airflow/example_dags/tutorial_dag.py for tasks to queue
[2026-05-08T11:47:13.424+0000] {logging_mixin.py:188} INFO - [2026-05-08T11:47:13.423+0000] {dagbag.py:545} INFO - Filling up the DagBag from /home/airflow/.local/lib/python3.12/site-packages/airflow/example_dags/tutorial_dag.py
[2026-05-08T11:47:13.430+0000] {processor.py:840} INFO - DAG(s) 'tutorial_dag' retrieved from /home/airflow/.local/lib/python3.12/site-packages/airflow/example_dags/tutorial_dag.py
[2026-05-08T11:47:13.452+0000] {logging_mixin.py:188} INFO - [2026-05-08T11:47:13.452+0000] {dag.py:3089} INFO - Sync 1 DAGs
[2026-05-08T11:47:13.463+0000] {logging_mixin.py:188} INFO - [2026-05-08T11:47:13.463+0000] {dag.py:3947} INFO - Setting next_dagrun for tutorial_dag to None, run_after=None
[2026-05-08T11:47:13.478+0000] {processor.py:183} INFO - Processing /home/airflow/.local/lib/python3.12/site-packages/airflow/example_dags/tutorial_dag.py took 0.064 seconds
[2026-05-08T11:47:44.360+0000] {processor.py:161} INFO - Started process (PID=386) to work on /home/airflow/.local/lib/python3.12/site-packages/airflow/example_dags/tutorial_dag.py
[2026-05-08T11:47:44.362+0000] {processor.py:830} INFO - Processing file /home/airflow/.local/lib/python3.12/site-packages/airflow/example_dags/tutorial_dag.py for tasks to queue
[2026-05-08T11:47:44.364+0000] {logging_mixin.py:188} INFO - [2026-05-08T11:47:44.363+0000] {dagbag.py:545} INFO - Filling up the DagBag from /home/airflow/.local/lib/python3.12/site-packages/airflow/example_dags/tutorial_dag.py
[2026-05-08T11:47:44.370+0000] {processor.py:840} INFO - DAG(s) 'tutorial_dag' retrieved from /home/airflow/.local/lib/python3.12/site-packages/airflow/example_dags/tutorial_dag.py
[2026-05-08T11:47:44.391+0000] {logging_mixin.py:188} INFO - [2026-05-08T11:47:44.390+0000] {dag.py:3089} INFO - Sync 1 DAGs
[2026-05-08T11:47:44.404+0000] {logging_mixin.py:188} INFO - [2026-05-08T11:47:44.403+0000] {dag.py:3947} INFO - Setting next_dagrun for tutorial_dag to None, run_after=None
[2026-05-08T11:47:44.421+0000] {processor.py:183} INFO - Processing /home/airflow/.local/lib/python3.12/site-packages/airflow/example_dags/tutorial_dag.py took 0.067 seconds
[2026-05-08T11:48:14.507+0000] {processor.py:161} INFO - Started process (PID=444) to work on /home/airflow/.local/lib/python3.12/site-packages/airflow/example_dags/tutorial_dag.py
[2026-05-08T11:48:14.509+0000] {processor.py:830} INFO - Processing file /home/airflow/.local/lib/python3.12/site-packages/airflow/example_dags/tutorial_dag.py for tasks to queue
[2026-05-08T11:48:14.511+0000] {logging_mixin.py:188} INFO - [2026-05-08T11:48:14.511+0000] {dagbag.py:545} INFO - Filling up the DagBag from /home/airflow/.local/lib/python3.12/site-packages/airflow/example_dags/tutorial_dag.py
[2026-05-08T11:48:14.517+0000] {processor.py:840} INFO - DAG(s) 'tutorial_dag' retrieved from /home/airflow/.local/lib/python3.12/site-packages/airflow/example_dags/tutorial_dag.py
[2026-05-08T11:48:14.540+0000] {logging_mixin.py:188} INFO - [2026-05-08T11:48:14.540+0000] {dag.py:3089} INFO - Sync 1 DAGs
[2026-05-08T11:48:14.552+0000] {logging_mixin.py:188} INFO - [2026-05-08T11:48:14.552+0000] {dag.py:3947} INFO - Setting next_dagrun for tutorial_dag to None, run_after=None
[2026-05-08T11:48:14.568+0000] {processor.py:183} INFO - Processing /home/airflow/.local/lib/python3.12/site-packages/airflow/example_dags/tutorial_dag.py took 0.066 seconds
[2026-05-08T11:48:44.774+0000] {processor.py:161} INFO - Started process (PID=502) to work on /home/airflow/.local/lib/python3.12/site-packages/airflow/example_dags/tutorial_dag.py
[2026-05-08T11:48:44.775+0000] {processor.py:830} INFO - Processing file /home/airflow/.local/lib/python3.12/site-packages/airflow/example_dags/tutorial_dag.py for tasks to queue
[2026-05-08T11:48:44.777+0000] {logging_mixin.py:188} INFO - [2026-05-08T11:48:44.777+0000] {dagbag.py:545} INFO - Filling up the DagBag from /home/airflow/.local/lib/python3.12/site-packages/airflow/example_dags/tutorial_dag.py
[2026-05-08T11:48:44.783+0000] {processor.py:840} INFO - DAG(s) 'tutorial_dag' retrieved from /home/airflow/.local/lib/python3.12/site-packages/airflow/example_dags/tutorial_dag.py
[2026-05-08T11:48:44.806+0000] {logging_mixin.py:188} INFO - [2026-05-08T11:48:44.806+0000] {dag.py:3089} INFO - Sync 1 DAGs
[2026-05-08T11:48:44.819+0000] {logging_mixin.py:188} INFO - [2026-05-08T11:48:44.819+0000] {dag.py:3947} INFO - Setting next_dagrun for tutorial_dag to None, run_after=None
[2026-05-08T11:48:44.835+0000] {processor.py:183} INFO - Processing /home/airflow/.local/lib/python3.12/site-packages/airflow/example_dags/tutorial_dag.py took 0.068 seconds
[2026-05-08T11:49:14.963+0000] {processor.py:161} INFO - Started process (PID=560) to work on /home/airflow/.local/lib/python3.12/site-packages/airflow/example_dags/tutorial_dag.py
[2026-05-08T11:49:14.964+0000] {processor.py:830} INFO - Processing file /home/airflow/.local/lib/python3.12/site-packages/airflow/example_dags/tutorial_dag.py for tasks to queue
[2026-05-08T11:49:14.967+0000] {logging_mixin.py:188} INFO - [2026-05-08T11:49:14.967+0000] {dagbag.py:545} INFO - Filling up the DagBag from /home/airflow/.local/lib/python3.12/site-packages/airflow/example_dags/tutorial_dag.py
[2026-05-08T11:49:14.973+0000] {processor.py:840} INFO - DAG(s) 'tutorial_dag' retrieved from /home/airflow/.local/lib/python3.12/site-packages/airflow/example_dags/tutorial_dag.py
[2026-05-08T11:49:15.003+0000] {logging_mixin.py:188} INFO - [2026-05-08T11:49:15.003+0000] {dag.py:3089} INFO - Sync 1 DAGs
[2026-05-08T11:49:15.019+0000] {logging_mixin.py:188} INFO - [2026-05-08T11:49:15.018+0000] {dag.py:3947} INFO - Setting next_dagrun for tutorial_dag to None, run_after=None
[2026-05-08T11:49:15.049+0000] {processor.py:183} INFO - Processing /home/airflow/.local/lib/python3.12/site-packages/airflow/example_dags/tutorial_dag.py took 0.091 seconds
[2026-05-08T11:49:45.102+0000] {processor.py:161} INFO - Started process (PID=618) to work on /home/airflow/.local/lib/python3.12/site-packages/airflow/example_dags/tutorial_dag.py
[2026-05-08T11:49:45.104+0000] {processor.py:830} INFO - Processing file /home/airflow/.local/lib/python3.12/site-packages/airflow/example_dags/tutorial_dag.py for tasks to queue
[2026-05-08T11:49:45.107+0000] {logging_mixin.py:188} INFO - [2026-05-08T11:49:45.107+0000] {dagbag.py:545} INFO - Filling up the DagBag from /home/airflow/.local/lib/python3.12/site-packages/airflow/example_dags/tutorial_dag.py
[2026-05-08T11:49:45.113+0000] {processor.py:840} INFO - DAG(s) 'tutorial_dag' retrieved from /home/airflow/.local/lib/python3.12/site-packages/airflow/example_dags/tutorial_dag.py
[2026-05-08T11:49:45.129+0000] {logging_mixin.py:188} INFO - [2026-05-08T11:49:45.128+0000] {dag.py:3089} INFO - Sync 1 DAGs
[2026-05-08T11:49:45.142+0000] {logging_mixin.py:188} INFO - [2026-05-08T11:49:45.142+0000] {dag.py:3947} INFO - Setting next_dagrun for tutorial_dag to None, run_after=None
[2026-05-08T11:49:45.160+0000] {processor.py:183} INFO - Processing /home/airflow/.local/lib/python3.12/site-packages/airflow/example_dags/tutorial_dag.py took 0.064 seconds
[2026-05-08T11:50:15.517+0000] {processor.py:161} INFO - Started process (PID=676) to work on /home/airflow/.local/lib/python3.12/site-packages/airflow/example_dags/tutorial_dag.py
[2026-05-08T11:50:15.518+0000] {processor.py:830} INFO - Processing file /home/airflow/.local/lib/python3.12/site-packages/airflow/example_dags/tutorial_dag.py for tasks to queue
[2026-05-08T11:50:15.520+0000] {logging_mixin.py:188} INFO - [2026-05-08T11:50:15.519+0000] {dagbag.py:545} INFO - Filling up the DagBag from /home/airflow/.local/lib/python3.12/site-packages/airflow/example_dags/tutorial_dag.py
[2026-05-08T11:50:15.524+0000] {processor.py:840} INFO - DAG(s) 'tutorial_dag' retrieved from /home/airflow/.local/lib/python3.12/site-packages/airflow/example_dags/tutorial_dag.py
[2026-05-08T11:50:15.603+0000] {logging_mixin.py:188} INFO - [2026-05-08T11:50:15.603+0000] {dag.py:3089} INFO - Sync 1 DAGs
[2026-05-08T11:50:15.610+0000] {logging_mixin.py:188} INFO - [2026-05-08T11:50:15.610+0000] {dag.py:3947} INFO - Setting next_dagrun for tutorial_dag to None, run_after=None
[2026-05-08T11:50:15.624+0000] {processor.py:183} INFO - Processing /home/airflow/.local/lib/python3.12/site-packages/airflow/example_dags/tutorial_dag.py took 0.112 seconds
[2026-05-08T11:50:46.145+0000] {processor.py:161} INFO - Started process (PID=734) to work on /home/airflow/.local/lib/python3.12/site-packages/airflow/example_dags/tutorial_dag.py
[2026-05-08T11:50:46.146+0000] {processor.py:830} INFO - Processing file /home/airflow/.local/lib/python3.12/site-packages/airflow/example_dags/tutorial_dag.py for tasks to queue
[2026-05-08T11:50:46.147+0000] {logging_mixin.py:188} INFO - [2026-05-08T11:50:46.147+0000] {dagbag.py:545} INFO - Filling up the DagBag from /home/airflow/.local/lib/python3.12/site-packages/airflow/example_dags/tutorial_dag.py
[2026-05-08T11:50:46.152+0000] {processor.py:840} INFO - DAG(s) 'tutorial_dag' retrieved from /home/airflow/.local/lib/python3.12/site-packages/airflow/example_dags/tutorial_dag.py
[2026-05-08T11:50:46.169+0000] {logging_mixin.py:188} INFO - [2026-05-08T11:50:46.169+0000] {dag.py:3089} INFO - Sync 1 DAGs
[2026-05-08T11:50:46.178+0000] {logging_mixin.py:188} INFO - [2026-05-08T11:50:46.178+0000] {dag.py:3947} INFO - Setting next_dagrun for tutorial_dag to None, run_after=None
[2026-05-08T11:50:46.193+0000] {processor.py:183} INFO - Processing /home/airflow/.local/lib/python3.12/site-packages/airflow/example_dags/tutorial_dag.py took 0.053 seconds
[2026-05-08T11:51:16.441+0000] {processor.py:161} INFO - Started process (PID=792) to work on /home/airflow/.local/lib/python3.12/site-packages/airflow/example_dags/tutorial_dag.py
[2026-05-08T11:51:16.442+0000] {processor.py:830} INFO - Processing file /home/airflow/.local/lib/python3.12/site-packages/airflow/example_dags/tutorial_dag.py for tasks to queue
[2026-05-08T11:51:16.443+0000] {logging_mixin.py:188} INFO - [2026-05-08T11:51:16.443+0000] {dagbag.py:545} INFO - Filling up the DagBag from /home/airflow/.local/lib/python3.12/site-packages/airflow/example_dags/tutorial_dag.py
[2026-05-08T11:51:16.448+0000] {processor.py:840} INFO - DAG(s) 'tutorial_dag' retrieved from /home/airflow/.local/lib/python3.12/site-packages/airflow/example_dags/tutorial_dag.py
[2026-05-08T11:51:16.465+0000] {logging_mixin.py:188} INFO - [2026-05-08T11:51:16.464+0000] {dag.py:3089} INFO - Sync 1 DAGs
[2026-05-08T11:51:16.474+0000] {logging_mixin.py:188} INFO - [2026-05-08T11:51:16.474+0000] {dag.py:3947} INFO - Setting next_dagrun for tutorial_dag to None, run_after=None
[2026-05-08T11:51:16.488+0000] {processor.py:183} INFO - Processing /home/airflow/.local/lib/python3.12/site-packages/airflow/example_dags/tutorial_dag.py took 0.052 seconds
[2026-05-08T11:51:47.536+0000] {processor.py:161} INFO - Started process (PID=850) to work on /home/airflow/.local/lib/python3.12/site-packages/airflow/example_dags/tutorial_dag.py
[2026-05-08T11:51:47.537+0000] {processor.py:830} INFO - Processing file /home/airflow/.local/lib/python3.12/site-packages/airflow/example_dags/tutorial_dag.py for tasks to queue
[2026-05-08T11:51:47.538+0000] {logging_mixin.py:188} INFO - [2026-05-08T11:51:47.538+0000] {dagbag.py:545} INFO - Filling up the DagBag from /home/airflow/.local/lib/python3.12/site-packages/airflow/example_dags/tutorial_dag.py
[2026-05-08T11:51:47.543+0000] {processor.py:840} INFO - DAG(s) 'tutorial_dag' retrieved from /home/airflow/.local/lib/python3.12/site-packages/airflow/example_dags/tutorial_dag.py
[2026-05-08T11:51:47.559+0000] {logging_mixin.py:188} INFO - [2026-05-08T11:51:47.559+0000] {dag.py:3089} INFO - Sync 1 DAGs
[2026-05-08T11:51:47.568+0000] {logging_mixin.py:188} INFO - [2026-05-08T11:51:47.568+0000] {dag.py:3947} INFO - Setting next_dagrun for tutorial_dag to None, run_after=None
[2026-05-08T11:51:47.584+0000] {processor.py:183} INFO - Processing /home/airflow/.local/lib/python3.12/site-packages/airflow/example_dags/tutorial_dag.py took 0.053 seconds
[2026-05-08T11:52:19.206+0000] {processor.py:161} INFO - Started process (PID=908) to work on /home/airflow/.local/lib/python3.12/site-packages/airflow/example_dags/tutorial_dag.py
[2026-05-08T11:52:19.207+0000] {processor.py:830} INFO - Processing file /home/airflow/.local/lib/python3.12/site-packages/airflow/example_dags/tutorial_dag.py for tasks to queue
[2026-05-08T11:52:19.209+0000] {logging_mixin.py:188} INFO - [2026-05-08T11:52:19.209+0000] {dagbag.py:545} INFO - Filling up the DagBag from /home/airflow/.local/lib/python3.12/site-packages/airflow/example_dags/tutorial_dag.py
[2026-05-08T11:52:19.213+0000] {processor.py:840} INFO - DAG(s) 'tutorial_dag' retrieved from /home/airflow/.local/lib/python3.12/site-packages/airflow/example_dags/tutorial_dag.py
[2026-05-08T11:52:19.233+0000] {logging_mixin.py:188} INFO - [2026-05-08T11:52:19.233+0000] {dag.py:3089} INFO - Sync 1 DAGs
[2026-05-08T11:52:19.243+0000] {logging_mixin.py:188} INFO - [2026-05-08T11:52:19.243+0000] {dag.py:3947} INFO - Setting next_dagrun for tutorial_dag to None, run_after=None
[2026-05-08T11:52:19.261+0000] {processor.py:183} INFO - Processing /home/airflow/.local/lib/python3.12/site-packages/airflow/example_dags/tutorial_dag.py took 0.059 seconds
[2026-05-08T11:52:49.669+0000] {processor.py:161} INFO - Started process (PID=966) to work on /home/airflow/.local/lib/python3.12/site-packages/airflow/example_dags/tutorial_dag.py
[2026-05-08T11:52:49.670+0000] {processor.py:830} INFO - Processing file /home/airflow/.local/lib/python3.12/site-packages/airflow/example_dags/tutorial_dag.py for tasks to queue
[2026-05-08T11:52:49.671+0000] {logging_mixin.py:188} INFO - [2026-05-08T11:52:49.671+0000] {dagbag.py:545} INFO - Filling up the DagBag from /home/airflow/.local/lib/python3.12/site-packages/airflow/example_dags/tutorial_dag.py
[2026-05-08T11:52:49.676+0000] {processor.py:840} INFO - DAG(s) 'tutorial_dag' retrieved from /home/airflow/.local/lib/python3.12/site-packages/airflow/example_dags/tutorial_dag.py
[2026-05-08T11:52:49.692+0000] {logging_mixin.py:188} INFO - [2026-05-08T11:52:49.692+0000] {dag.py:3089} INFO - Sync 1 DAGs
[2026-05-08T11:52:49.702+0000] {logging_mixin.py:188} INFO - [2026-05-08T11:52:49.702+0000] {dag.py:3947} INFO - Setting next_dagrun for tutorial_dag to None, run_after=None
[2026-05-08T11:52:49.718+0000] {processor.py:183} INFO - Processing /home/airflow/.local/lib/python3.12/site-packages/airflow/example_dags/tutorial_dag.py took 0.054 seconds
[2026-05-08T11:53:20.491+0000] {processor.py:161} INFO - Started process (PID=1024) to work on /home/airflow/.local/lib/python3.12/site-packages/airflow/example_dags/tutorial_dag.py
[2026-05-08T11:53:20.492+0000] {processor.py:830} INFO - Processing file /home/airflow/.local/lib/python3.12/site-packages/airflow/example_dags/tutorial_dag.py for tasks to queue
[2026-05-08T11:53:20.494+0000] {logging_mixin.py:188} INFO - [2026-05-08T11:53:20.493+0000] {dagbag.py:545} INFO - Filling up the DagBag from /home/airflow/.local/lib/python3.12/site-packages/airflow/example_dags/tutorial_dag.py
[2026-05-08T11:53:20.498+0000] {processor.py:840} INFO - DAG(s) 'tutorial_dag' retrieved from /home/airflow/.local/lib/python3.12/site-packages/airflow/example_dags/tutorial_dag.py
[2026-05-08T11:53:20.516+0000] {logging_mixin.py:188} INFO - [2026-05-08T11:53:20.516+0000] {dag.py:3089} INFO - Sync 1 DAGs
[2026-05-08T11:53:20.525+0000] {logging_mixin.py:188} INFO - [2026-05-08T11:53:20.525+0000] {dag.py:3947} INFO - Setting next_dagrun for tutorial_dag to None, run_after=None
[2026-05-08T11:53:20.543+0000] {processor.py:183} INFO - Processing /home/airflow/.local/lib/python3.12/site-packages/airflow/example_dags/tutorial_dag.py took 0.057 seconds
[2026-05-08T11:53:51.818+0000] {processor.py:161} INFO - Started process (PID=1082) to work on /home/airflow/.local/lib/python3.12/site-packages/airflow/example_dags/tutorial_dag.py
[2026-05-08T11:53:51.819+0000] {processor.py:830} INFO - Processing file /home/airflow/.local/lib/python3.12/site-packages/airflow/example_dags/tutorial_dag.py for tasks to queue
[2026-05-08T11:53:51.821+0000] {logging_mixin.py:188} INFO - [2026-05-08T11:53:51.821+0000] {dagbag.py:545} INFO - Filling up the DagBag from /home/airflow/.local/lib/python3.12/site-packages/airflow/example_dags/tutorial_dag.py
[2026-05-08T11:53:51.827+0000] {processor.py:840} INFO - DAG(s) 'tutorial_dag' retrieved from /home/airflow/.local/lib/python3.12/site-packages/airflow/example_dags/tutorial_dag.py
[2026-05-08T11:53:51.849+0000] {logging_mixin.py:188} INFO - [2026-05-08T11:53:51.849+0000] {dag.py:3089} INFO - Sync 1 DAGs
[2026-05-08T11:53:51.861+0000] {logging_mixin.py:188} INFO - [2026-05-08T11:53:51.861+0000] {dag.py:3947} INFO - Setting next_dagrun for tutorial_dag to None, run_after=None
[2026-05-08T11:53:51.881+0000] {processor.py:183} INFO - Processing /home/airflow/.local/lib/python3.12/site-packages/airflow/example_dags/tutorial_dag.py took 0.069 seconds
[2026-05-08T11:54:22.066+0000] {processor.py:161} INFO - Started process (PID=1140) to work on /home/airflow/.local/lib/python3.12/site-packages/airflow/example_dags/tutorial_dag.py
[2026-05-08T11:54:22.067+0000] {processor.py:830} INFO - Processing file /home/airflow/.local/lib/python3.12/site-packages/airflow/example_dags/tutorial_dag.py for tasks to queue
[2026-05-08T11:54:22.069+0000] {logging_mixin.py:188} INFO - [2026-05-08T11:54:22.068+0000] {dagbag.py:545} INFO - Filling up the DagBag from /home/airflow/.local/lib/python3.12/site-packages/airflow/example_dags/tutorial_dag.py
[2026-05-08T11:54:22.074+0000] {processor.py:840} INFO - DAG(s) 'tutorial_dag' retrieved from /home/airflow/.local/lib/python3.12/site-packages/airflow/example_dags/tutorial_dag.py
[2026-05-08T11:54:22.091+0000] {logging_mixin.py:188} INFO - [2026-05-08T11:54:22.091+0000] {dag.py:3089} INFO - Sync 1 DAGs
[2026-05-08T11:54:22.103+0000] {logging_mixin.py:188} INFO - [2026-05-08T11:54:22.103+0000] {dag.py:3947} INFO - Setting next_dagrun for tutorial_dag to None, run_after=None
[2026-05-08T11:54:22.117+0000] {processor.py:183} INFO - Processing /home/airflow/.local/lib/python3.12/site-packages/airflow/example_dags/tutorial_dag.py took 0.056 seconds
[2026-05-08T11:54:53.164+0000] {processor.py:161} INFO - Started process (PID=1198) to work on /home/airflow/.local/lib/python3.12/site-packages/airflow/example_dags/tutorial_dag.py
[2026-05-08T11:54:53.165+0000] {processor.py:830} INFO - Processing file /home/airflow/.local/lib/python3.12/site-packages/airflow/example_dags/tutorial_dag.py for tasks to queue
[2026-05-08T11:54:53.167+0000] {logging_mixin.py:188} INFO - [2026-05-08T11:54:53.167+0000] {dagbag.py:545} INFO - Filling up the DagBag from /home/airflow/.local/lib/python3.12/site-packages/airflow/example_dags/tutorial_dag.py
[2026-05-08T11:54:53.172+0000] {processor.py:840} INFO - DAG(s) 'tutorial_dag' retrieved from /home/airflow/.local/lib/python3.12/site-packages/airflow/example_dags/tutorial_dag.py
[2026-05-08T11:54:53.189+0000] {logging_mixin.py:188} INFO - [2026-05-08T11:54:53.189+0000] {dag.py:3089} INFO - Sync 1 DAGs
[2026-05-08T11:54:53.198+0000] {logging_mixin.py:188} INFO - [2026-05-08T11:54:53.198+0000] {dag.py:3947} INFO - Setting next_dagrun for tutorial_dag to None, run_after=None
[2026-05-08T11:54:53.213+0000] {processor.py:183} INFO - Processing /home/airflow/.local/lib/python3.12/site-packages/airflow/example_dags/tutorial_dag.py took 0.053 seconds
[2026-05-08T11:55:24.050+0000] {processor.py:161} INFO - Started process (PID=1256) to work on /home/airflow/.local/lib/python3.12/site-packages/airflow/example_dags/tutorial_dag.py
[2026-05-08T11:55:24.052+0000] {processor.py:830} INFO - Processing file /home/airflow/.local/lib/python3.12/site-packages/airflow/example_dags/tutorial_dag.py for tasks to queue
[2026-05-08T11:55:24.054+0000] {logging_mixin.py:188} INFO - [2026-05-08T11:55:24.054+0000] {dagbag.py:545} INFO - Filling up the DagBag from /home/airflow/.local/lib/python3.12/site-packages/airflow/example_dags/tutorial_dag.py
[2026-05-08T11:55:24.061+0000] {processor.py:840} INFO - DAG(s) 'tutorial_dag' retrieved from /home/airflow/.local/lib/python3.12/site-packages/airflow/example_dags/tutorial_dag.py
[2026-05-08T11:55:24.082+0000] {logging_mixin.py:188} INFO - [2026-05-08T11:55:24.082+0000] {dag.py:3089} INFO - Sync 1 DAGs
[2026-05-08T11:55:24.094+0000] {logging_mixin.py:188} INFO - [2026-05-08T11:55:24.094+0000] {dag.py:3947} INFO - Setting next_dagrun for tutorial_dag to None, run_after=None
[2026-05-08T11:55:24.111+0000] {processor.py:183} INFO - Processing /home/airflow/.local/lib/python3.12/site-packages/airflow/example_dags/tutorial_dag.py took 0.068 seconds
[2026-05-08T11:55:54.285+0000] {processor.py:161} INFO - Started process (PID=1314) to work on /home/airflow/.local/lib/python3.12/site-packages/airflow/example_dags/tutorial_dag.py
[2026-05-08T11:55:54.286+0000] {processor.py:830} INFO - Processing file /home/airflow/.local/lib/python3.12/site-packages/airflow/example_dags/tutorial_dag.py for tasks to queue
[2026-05-08T11:55:54.288+0000] {logging_mixin.py:188} INFO - [2026-05-08T11:55:54.287+0000] {dagbag.py:545} INFO - Filling up the DagBag from /home/airflow/.local/lib/python3.12/site-packages/airflow/example_dags/tutorial_dag.py
[2026-05-08T11:55:54.292+0000] {processor.py:840} INFO - DAG(s) 'tutorial_dag' retrieved from /home/airflow/.local/lib/python3.12/site-packages/airflow/example_dags/tutorial_dag.py
[2026-05-08T11:55:54.311+0000] {logging_mixin.py:188} INFO - [2026-05-08T11:55:54.311+0000] {dag.py:3089} INFO - Sync 1 DAGs
[2026-05-08T11:55:54.321+0000] {logging_mixin.py:188} INFO - [2026-05-08T11:55:54.321+0000] {dag.py:3947} INFO - Setting next_dagrun for tutorial_dag to None, run_after=None
[2026-05-08T11:55:54.337+0000] {processor.py:183} INFO - Processing /home/airflow/.local/lib/python3.12/site-packages/airflow/example_dags/tutorial_dag.py took 0.057 seconds
[2026-05-08T11:56:24.659+0000] {processor.py:161} INFO - Started process (PID=1372) to work on /home/airflow/.local/lib/python3.12/site-packages/airflow/example_dags/tutorial_dag.py
[2026-05-08T11:56:24.660+0000] {processor.py:830} INFO - Processing file /home/airflow/.local/lib/python3.12/site-packages/airflow/example_dags/tutorial_dag.py for tasks to queue
[2026-05-08T11:56:24.662+0000] {logging_mixin.py:188} INFO - [2026-05-08T11:56:24.661+0000] {dagbag.py:545} INFO - Filling up the DagBag from /home/airflow/.local/lib/python3.12/site-packages/airflow/example_dags/tutorial_dag.py
[2026-05-08T11:56:24.666+0000] {processor.py:840} INFO - DAG(s) 'tutorial_dag' retrieved from /home/airflow/.local/lib/python3.12/site-packages/airflow/example_dags/tutorial_dag.py
[2026-05-08T11:56:24.685+0000] {logging_mixin.py:188} INFO - [2026-05-08T11:56:24.684+0000] {dag.py:3089} INFO - Sync 1 DAGs
[2026-05-08T11:56:24.696+0000] {logging_mixin.py:188} INFO - [2026-05-08T11:56:24.695+0000] {dag.py:3947} INFO - Setting next_dagrun for tutorial_dag to None, run_after=None
[2026-05-08T11:56:24.711+0000] {processor.py:183} INFO - Processing /home/airflow/.local/lib/python3.12/site-packages/airflow/example_dags/tutorial_dag.py took 0.056 seconds
[2026-05-08T11:56:55.094+0000] {processor.py:161} INFO - Started process (PID=1430) to work on /home/airflow/.local/lib/python3.12/site-packages/airflow/example_dags/tutorial_dag.py
[2026-05-08T11:56:55.095+0000] {processor.py:830} INFO - Processing file /home/airflow/.local/lib/python3.12/site-packages/airflow/example_dags/tutorial_dag.py for tasks to queue
[2026-05-08T11:56:55.097+0000] {logging_mixin.py:188} INFO - [2026-05-08T11:56:55.097+0000] {dagbag.py:545} INFO - Filling up the DagBag from /home/airflow/.local/lib/python3.12/site-packages/airflow/example_dags/tutorial_dag.py
[2026-05-08T11:56:55.102+0000] {processor.py:840} INFO - DAG(s) 'tutorial_dag' retrieved from /home/airflow/.local/lib/python3.12/site-packages/airflow/example_dags/tutorial_dag.py
[2026-05-08T11:56:55.118+0000] {logging_mixin.py:188} INFO - [2026-05-08T11:56:55.118+0000] {dag.py:3089} INFO - Sync 1 DAGs
[2026-05-08T11:56:55.128+0000] {logging_mixin.py:188} INFO - [2026-05-08T11:56:55.128+0000] {dag.py:3947} INFO - Setting next_dagrun for tutorial_dag to None, run_after=None
[2026-05-08T11:56:55.145+0000] {processor.py:183} INFO - Processing /home/airflow/.local/lib/python3.12/site-packages/airflow/example_dags/tutorial_dag.py took 0.055 seconds
[2026-05-08T11:57:25.459+0000] {processor.py:161} INFO - Started process (PID=1488) to work on /home/airflow/.local/lib/python3.12/site-packages/airflow/example_dags/tutorial_dag.py
[2026-05-08T11:57:25.460+0000] {processor.py:830} INFO - Processing file /home/airflow/.local/lib/python3.12/site-packages/airflow/example_dags/tutorial_dag.py for tasks to queue
[2026-05-08T11:57:25.463+0000] {logging_mixin.py:188} INFO - [2026-05-08T11:57:25.462+0000] {dagbag.py:545} INFO - Filling up the DagBag from /home/airflow/.local/lib/python3.12/site-packages/airflow/example_dags/tutorial_dag.py
[2026-05-08T11:57:25.468+0000] {processor.py:840} INFO - DAG(s) 'tutorial_dag' retrieved from /home/airflow/.local/lib/python3.12/site-packages/airflow/example_dags/tutorial_dag.py
[2026-05-08T11:57:25.486+0000] {logging_mixin.py:188} INFO - [2026-05-08T11:57:25.485+0000] {dag.py:3089} INFO - Sync 1 DAGs
[2026-05-08T11:57:25.496+0000] {logging_mixin.py:188} INFO - [2026-05-08T11:57:25.495+0000] {dag.py:3947} INFO - Setting next_dagrun for tutorial_dag to None, run_after=None
[2026-05-08T11:57:25.511+0000] {processor.py:183} INFO - Processing /home/airflow/.local/lib/python3.12/site-packages/airflow/example_dags/tutorial_dag.py took 0.057 seconds
[2026-05-08T11:57:56.289+0000] {processor.py:161} INFO - Started process (PID=1546) to work on /home/airflow/.local/lib/python3.12/site-packages/airflow/example_dags/tutorial_dag.py
[2026-05-08T11:57:56.290+0000] {processor.py:830} INFO - Processing file /home/airflow/.local/lib/python3.12/site-packages/airflow/example_dags/tutorial_dag.py for tasks to queue
[2026-05-08T11:57:56.292+0000] {logging_mixin.py:188} INFO - [2026-05-08T11:57:56.292+0000] {dagbag.py:545} INFO - Filling up the DagBag from /home/airflow/.local/lib/python3.12/site-packages/airflow/example_dags/tutorial_dag.py
[2026-05-08T11:57:56.299+0000] {processor.py:840} INFO - DAG(s) 'tutorial_dag' retrieved from /home/airflow/.local/lib/python3.12/site-packages/airflow/example_dags/tutorial_dag.py
[2026-05-08T11:57:56.326+0000] {logging_mixin.py:188} INFO - [2026-05-08T11:57:56.326+0000] {dag.py:3089} INFO - Sync 1 DAGs
[2026-05-08T11:57:56.342+0000] {logging_mixin.py:188} INFO - [2026-05-08T11:57:56.341+0000] {dag.py:3947} INFO - Setting next_dagrun for tutorial_dag to None, run_after=None
[2026-05-08T11:57:56.369+0000] {processor.py:183} INFO - Processing /home/airflow/.local/lib/python3.12/site-packages/airflow/example_dags/tutorial_dag.py took 0.087 seconds
[2026-05-08T11:58:26.895+0000] {processor.py:161} INFO - Started process (PID=1604) to work on /home/airflow/.local/lib/python3.12/site-packages/airflow/example_dags/tutorial_dag.py
[2026-05-08T11:58:26.897+0000] {processor.py:830} INFO - Processing file /home/airflow/.local/lib/python3.12/site-packages/airflow/example_dags/tutorial_dag.py for tasks to queue
[2026-05-08T11:58:26.899+0000] {logging_mixin.py:188} INFO - [2026-05-08T11:58:26.898+0000] {dagbag.py:545} INFO - Filling up the DagBag from /home/airflow/.local/lib/python3.12/site-packages/airflow/example_dags/tutorial_dag.py
[2026-05-08T11:58:26.903+0000] {processor.py:840} INFO - DAG(s) 'tutorial_dag' retrieved from /home/airflow/.local/lib/python3.12/site-packages/airflow/example_dags/tutorial_dag.py
[2026-05-08T11:58:26.921+0000] {logging_mixin.py:188} INFO - [2026-05-08T11:58:26.920+0000] {dag.py:3089} INFO - Sync 1 DAGs
[2026-05-08T11:58:26.930+0000] {logging_mixin.py:188} INFO - [2026-05-08T11:58:26.930+0000] {dag.py:3947} INFO - Setting next_dagrun for tutorial_dag to None, run_after=None
[2026-05-08T11:58:26.947+0000] {processor.py:183} INFO - Processing /home/airflow/.local/lib/python3.12/site-packages/airflow/example_dags/tutorial_dag.py took 0.056 seconds
[2026-05-08T11:58:57.432+0000] {processor.py:161} INFO - Started process (PID=1662) to work on /home/airflow/.local/lib/python3.12/site-packages/airflow/example_dags/tutorial_dag.py
[2026-05-08T11:58:57.434+0000] {processor.py:830} INFO - Processing file /home/airflow/.local/lib/python3.12/site-packages/airflow/example_dags/tutorial_dag.py for tasks to queue
[2026-05-08T11:58:57.436+0000] {logging_mixin.py:188} INFO - [2026-05-08T11:58:57.435+0000] {dagbag.py:545} INFO - Filling up the DagBag from /home/airflow/.local/lib/python3.12/site-packages/airflow/example_dags/tutorial_dag.py
[2026-05-08T11:58:57.444+0000] {processor.py:840} INFO - DAG(s) 'tutorial_dag' retrieved from /home/airflow/.local/lib/python3.12/site-packages/airflow/example_dags/tutorial_dag.py
[2026-05-08T11:58:57.469+0000] {logging_mixin.py:188} INFO - [2026-05-08T11:58:57.468+0000] {dag.py:3089} INFO - Sync 1 DAGs
[2026-05-08T11:58:57.482+0000] {logging_mixin.py:188} INFO - [2026-05-08T11:58:57.482+0000] {dag.py:3947} INFO - Setting next_dagrun for tutorial_dag to None, run_after=None
[2026-05-08T11:58:57.501+0000] {processor.py:183} INFO - Processing /home/airflow/.local/lib/python3.12/site-packages/airflow/example_dags/tutorial_dag.py took 0.076 seconds
[2026-05-08T11:59:27.958+0000] {processor.py:161} INFO - Started process (PID=1720) to work on /home/airflow/.local/lib/python3.12/site-packages/airflow/example_dags/tutorial_dag.py
[2026-05-08T11:59:27.959+0000] {processor.py:830} INFO - Processing file /home/airflow/.local/lib/python3.12/site-packages/airflow/example_dags/tutorial_dag.py for tasks to queue
[2026-05-08T11:59:27.961+0000] {logging_mixin.py:188} INFO - [2026-05-08T11:59:27.960+0000] {dagbag.py:545} INFO - Filling up the DagBag from /home/airflow/.local/lib/python3.12/site-packages/airflow/example_dags/tutorial_dag.py
[2026-05-08T11:59:27.965+0000] {processor.py:840} INFO - DAG(s) 'tutorial_dag' retrieved from /home/airflow/.local/lib/python3.12/site-packages/airflow/example_dags/tutorial_dag.py
[2026-05-08T11:59:27.982+0000] {logging_mixin.py:188} INFO - [2026-05-08T11:59:27.982+0000] {dag.py:3089} INFO - Sync 1 DAGs
[2026-05-08T11:59:27.992+0000] {logging_mixin.py:188} INFO - [2026-05-08T11:59:27.992+0000] {dag.py:3947} INFO - Setting next_dagrun for tutorial_dag to None, run_after=None
[2026-05-08T11:59:28.006+0000] {processor.py:183} INFO - Processing /home/airflow/.local/lib/python3.12/site-packages/airflow/example_dags/tutorial_dag.py took 0.052 seconds
[2026-05-08T13:36:18.122+0000] {processor.py:161} INFO - Started process (PID=96) to work on /home/airflow/.local/lib/python3.12/site-packages/airflow/example_dags/tutorial_dag.py
[2026-05-08T13:36:18.123+0000] {processor.py:830} INFO - Processing file /home/airflow/.local/lib/python3.12/site-packages/airflow/example_dags/tutorial_dag.py for tasks to queue
[2026-05-08T13:36:18.125+0000] {logging_mixin.py:188} INFO - [2026-05-08T13:36:18.124+0000] {dagbag.py:545} INFO - Filling up the DagBag from /home/airflow/.local/lib/python3.12/site-packages/airflow/example_dags/tutorial_dag.py
[2026-05-08T13:36:18.131+0000] {processor.py:840} INFO - DAG(s) 'tutorial_dag' retrieved from /home/airflow/.local/lib/python3.12/site-packages/airflow/example_dags/tutorial_dag.py
[2026-05-08T13:36:18.151+0000] {logging_mixin.py:188} INFO - [2026-05-08T13:36:18.151+0000] {dag.py:3089} INFO - Sync 1 DAGs
[2026-05-08T13:36:18.162+0000] {logging_mixin.py:188} INFO - [2026-05-08T13:36:18.162+0000] {dag.py:3947} INFO - Setting next_dagrun for tutorial_dag to None, run_after=None
[2026-05-08T13:36:18.178+0000] {processor.py:183} INFO - Processing /home/airflow/.local/lib/python3.12/site-packages/airflow/example_dags/tutorial_dag.py took 0.061 seconds
[2026-05-08T13:36:48.869+0000] {processor.py:161} INFO - Started process (PID=154) to work on /home/airflow/.local/lib/python3.12/site-packages/airflow/example_dags/tutorial_dag.py
[2026-05-08T13:36:48.870+0000] {processor.py:830} INFO - Processing file /home/airflow/.local/lib/python3.12/site-packages/airflow/example_dags/tutorial_dag.py for tasks to queue
[2026-05-08T13:36:48.872+0000] {logging_mixin.py:188} INFO - [2026-05-08T13:36:48.872+0000] {dagbag.py:545} INFO - Filling up the DagBag from /home/airflow/.local/lib/python3.12/site-packages/airflow/example_dags/tutorial_dag.py
[2026-05-08T13:36:48.878+0000] {processor.py:840} INFO - DAG(s) 'tutorial_dag' retrieved from /home/airflow/.local/lib/python3.12/site-packages/airflow/example_dags/tutorial_dag.py
[2026-05-08T13:36:48.903+0000] {logging_mixin.py:188} INFO - [2026-05-08T13:36:48.903+0000] {dag.py:3089} INFO - Sync 1 DAGs
[2026-05-08T13:36:48.914+0000] {logging_mixin.py:188} INFO - [2026-05-08T13:36:48.914+0000] {dag.py:3947} INFO - Setting next_dagrun for tutorial_dag to None, run_after=None
[2026-05-08T13:36:48.930+0000] {processor.py:183} INFO - Processing /home/airflow/.local/lib/python3.12/site-packages/airflow/example_dags/tutorial_dag.py took 0.066 seconds
[2026-05-08T13:37:19.323+0000] {processor.py:161} INFO - Started process (PID=212) to work on /home/airflow/.local/lib/python3.12/site-packages/airflow/example_dags/tutorial_dag.py
[2026-05-08T13:37:19.324+0000] {processor.py:830} INFO - Processing file /home/airflow/.local/lib/python3.12/site-packages/airflow/example_dags/tutorial_dag.py for tasks to queue
[2026-05-08T13:37:19.325+0000] {logging_mixin.py:188} INFO - [2026-05-08T13:37:19.325+0000] {dagbag.py:545} INFO - Filling up the DagBag from /home/airflow/.local/lib/python3.12/site-packages/airflow/example_dags/tutorial_dag.py
[2026-05-08T13:37:19.330+0000] {processor.py:840} INFO - DAG(s) 'tutorial_dag' retrieved from /home/airflow/.local/lib/python3.12/site-packages/airflow/example_dags/tutorial_dag.py
[2026-05-08T13:37:19.340+0000] {logging_mixin.py:188} INFO - [2026-05-08T13:37:19.340+0000] {dag.py:3089} INFO - Sync 1 DAGs
[2026-05-08T13:37:19.351+0000] {logging_mixin.py:188} INFO - [2026-05-08T13:37:19.351+0000] {dag.py:3947} INFO - Setting next_dagrun for tutorial_dag to None, run_after=None
[2026-05-08T13:37:19.369+0000] {processor.py:183} INFO - Processing /home/airflow/.local/lib/python3.12/site-packages/airflow/example_dags/tutorial_dag.py took 0.053 seconds
[2026-05-08T13:37:51.135+0000] {processor.py:161} INFO - Started process (PID=270) to work on /home/airflow/.local/lib/python3.12/site-packages/airflow/example_dags/tutorial_dag.py
[2026-05-08T13:37:51.136+0000] {processor.py:830} INFO - Processing file /home/airflow/.local/lib/python3.12/site-packages/airflow/example_dags/tutorial_dag.py for tasks to queue
[2026-05-08T13:37:51.138+0000] {logging_mixin.py:188} INFO - [2026-05-08T13:37:51.138+0000] {dagbag.py:545} INFO - Filling up the DagBag from /home/airflow/.local/lib/python3.12/site-packages/airflow/example_dags/tutorial_dag.py
[2026-05-08T13:37:51.143+0000] {processor.py:840} INFO - DAG(s) 'tutorial_dag' retrieved from /home/airflow/.local/lib/python3.12/site-packages/airflow/example_dags/tutorial_dag.py
[2026-05-08T13:37:51.226+0000] {logging_mixin.py:188} INFO - [2026-05-08T13:37:51.225+0000] {dag.py:3089} INFO - Sync 1 DAGs
[2026-05-08T13:37:51.233+0000] {logging_mixin.py:188} INFO - [2026-05-08T13:37:51.233+0000] {dag.py:3947} INFO - Setting next_dagrun for tutorial_dag to None, run_after=None
[2026-05-08T13:37:51.248+0000] {processor.py:183} INFO - Processing /home/airflow/.local/lib/python3.12/site-packages/airflow/example_dags/tutorial_dag.py took 0.117 seconds
[2026-05-08T13:38:22.047+0000] {processor.py:161} INFO - Started process (PID=328) to work on /home/airflow/.local/lib/python3.12/site-packages/airflow/example_dags/tutorial_dag.py
[2026-05-08T13:38:22.048+0000] {processor.py:830} INFO - Processing file /home/airflow/.local/lib/python3.12/site-packages/airflow/example_dags/tutorial_dag.py for tasks to queue
[2026-05-08T13:38:22.050+0000] {logging_mixin.py:188} INFO - [2026-05-08T13:38:22.049+0000] {dagbag.py:545} INFO - Filling up the DagBag from /home/airflow/.local/lib/python3.12/site-packages/airflow/example_dags/tutorial_dag.py
[2026-05-08T13:38:22.055+0000] {processor.py:840} INFO - DAG(s) 'tutorial_dag' retrieved from /home/airflow/.local/lib/python3.12/site-packages/airflow/example_dags/tutorial_dag.py
[2026-05-08T13:38:22.073+0000] {logging_mixin.py:188} INFO - [2026-05-08T13:38:22.073+0000] {dag.py:3089} INFO - Sync 1 DAGs
[2026-05-08T13:38:22.082+0000] {logging_mixin.py:188} INFO - [2026-05-08T13:38:22.082+0000] {dag.py:3947} INFO - Setting next_dagrun for tutorial_dag to None, run_after=None
[2026-05-08T13:38:22.096+0000] {processor.py:183} INFO - Processing /home/airflow/.local/lib/python3.12/site-packages/airflow/example_dags/tutorial_dag.py took 0.055 seconds
[2026-05-08T13:38:52.528+0000] {processor.py:161} INFO - Started process (PID=386) to work on /home/airflow/.local/lib/python3.12/site-packages/airflow/example_dags/tutorial_dag.py
[2026-05-08T13:38:52.528+0000] {processor.py:830} INFO - Processing file /home/airflow/.local/lib/python3.12/site-packages/airflow/example_dags/tutorial_dag.py for tasks to queue
[2026-05-08T13:38:52.530+0000] {logging_mixin.py:188} INFO - [2026-05-08T13:38:52.530+0000] {dagbag.py:545} INFO - Filling up the DagBag from /home/airflow/.local/lib/python3.12/site-packages/airflow/example_dags/tutorial_dag.py
[2026-05-08T13:38:52.535+0000] {processor.py:840} INFO - DAG(s) 'tutorial_dag' retrieved from /home/airflow/.local/lib/python3.12/site-packages/airflow/example_dags/tutorial_dag.py
[2026-05-08T13:38:52.554+0000] {logging_mixin.py:188} INFO - [2026-05-08T13:38:52.554+0000] {dag.py:3089} INFO - Sync 1 DAGs
[2026-05-08T13:38:52.565+0000] {logging_mixin.py:188} INFO - [2026-05-08T13:38:52.565+0000] {dag.py:3947} INFO - Setting next_dagrun for tutorial_dag to None, run_after=None
[2026-05-08T13:38:52.581+0000] {processor.py:183} INFO - Processing /home/airflow/.local/lib/python3.12/site-packages/airflow/example_dags/tutorial_dag.py took 0.059 seconds
[2026-05-08T13:39:23.005+0000] {processor.py:161} INFO - Started process (PID=444) to work on /home/airflow/.local/lib/python3.12/site-packages/airflow/example_dags/tutorial_dag.py
[2026-05-08T13:39:23.006+0000] {processor.py:830} INFO - Processing file /home/airflow/.local/lib/python3.12/site-packages/airflow/example_dags/tutorial_dag.py for tasks to queue
[2026-05-08T13:39:23.008+0000] {logging_mixin.py:188} INFO - [2026-05-08T13:39:23.007+0000] {dagbag.py:545} INFO - Filling up the DagBag from /home/airflow/.local/lib/python3.12/site-packages/airflow/example_dags/tutorial_dag.py
[2026-05-08T13:39:23.012+0000] {processor.py:840} INFO - DAG(s) 'tutorial_dag' retrieved from /home/airflow/.local/lib/python3.12/site-packages/airflow/example_dags/tutorial_dag.py
[2026-05-08T13:39:23.029+0000] {logging_mixin.py:188} INFO - [2026-05-08T13:39:23.029+0000] {dag.py:3089} INFO - Sync 1 DAGs
[2026-05-08T13:39:23.038+0000] {logging_mixin.py:188} INFO - [2026-05-08T13:39:23.038+0000] {dag.py:3947} INFO - Setting next_dagrun for tutorial_dag to None, run_after=None
[2026-05-08T13:39:23.052+0000] {processor.py:183} INFO - Processing /home/airflow/.local/lib/python3.12/site-packages/airflow/example_dags/tutorial_dag.py took 0.053 seconds
[2026-05-08T13:39:53.384+0000] {processor.py:161} INFO - Started process (PID=502) to work on /home/airflow/.local/lib/python3.12/site-packages/airflow/example_dags/tutorial_dag.py
[2026-05-08T13:39:53.385+0000] {processor.py:830} INFO - Processing file /home/airflow/.local/lib/python3.12/site-packages/airflow/example_dags/tutorial_dag.py for tasks to queue
[2026-05-08T13:39:53.387+0000] {logging_mixin.py:188} INFO - [2026-05-08T13:39:53.386+0000] {dagbag.py:545} INFO - Filling up the DagBag from /home/airflow/.local/lib/python3.12/site-packages/airflow/example_dags/tutorial_dag.py
[2026-05-08T13:39:53.391+0000] {processor.py:840} INFO - DAG(s) 'tutorial_dag' retrieved from /home/airflow/.local/lib/python3.12/site-packages/airflow/example_dags/tutorial_dag.py
[2026-05-08T13:39:53.409+0000] {logging_mixin.py:188} INFO - [2026-05-08T13:39:53.408+0000] {dag.py:3089} INFO - Sync 1 DAGs
[2026-05-08T13:39:53.421+0000] {logging_mixin.py:188} INFO - [2026-05-08T13:39:53.421+0000] {dag.py:3947} INFO - Setting next_dagrun for tutorial_dag to None, run_after=None
[2026-05-08T13:39:53.435+0000] {processor.py:183} INFO - Processing /home/airflow/.local/lib/python3.12/site-packages/airflow/example_dags/tutorial_dag.py took 0.056 seconds
[2026-05-08T13:40:23.639+0000] {processor.py:161} INFO - Started process (PID=560) to work on /home/airflow/.local/lib/python3.12/site-packages/airflow/example_dags/tutorial_dag.py
[2026-05-08T13:40:23.640+0000] {processor.py:830} INFO - Processing file /home/airflow/.local/lib/python3.12/site-packages/airflow/example_dags/tutorial_dag.py for tasks to queue
[2026-05-08T13:40:23.643+0000] {logging_mixin.py:188} INFO - [2026-05-08T13:40:23.642+0000] {dagbag.py:545} INFO - Filling up the DagBag from /home/airflow/.local/lib/python3.12/site-packages/airflow/example_dags/tutorial_dag.py
[2026-05-08T13:40:23.651+0000] {processor.py:840} INFO - DAG(s) 'tutorial_dag' retrieved from /home/airflow/.local/lib/python3.12/site-packages/airflow/example_dags/tutorial_dag.py
[2026-05-08T13:40:23.674+0000] {logging_mixin.py:188} INFO - [2026-05-08T13:40:23.673+0000] {dag.py:3089} INFO - Sync 1 DAGs
[2026-05-08T13:40:23.688+0000] {logging_mixin.py:188} INFO - [2026-05-08T13:40:23.688+0000] {dag.py:3947} INFO - Setting next_dagrun for tutorial_dag to None, run_after=None
[2026-05-08T13:40:23.709+0000] {processor.py:183} INFO - Processing /home/airflow/.local/lib/python3.12/site-packages/airflow/example_dags/tutorial_dag.py took 0.076 seconds
[2026-05-08T13:40:54.009+0000] {processor.py:161} INFO - Started process (PID=618) to work on /home/airflow/.local/lib/python3.12/site-packages/airflow/example_dags/tutorial_dag.py
[2026-05-08T13:40:54.010+0000] {processor.py:830} INFO - Processing file /home/airflow/.local/lib/python3.12/site-packages/airflow/example_dags/tutorial_dag.py for tasks to queue
[2026-05-08T13:40:54.012+0000] {logging_mixin.py:188} INFO - [2026-05-08T13:40:54.011+0000] {dagbag.py:545} INFO - Filling up the DagBag from /home/airflow/.local/lib/python3.12/site-packages/airflow/example_dags/tutorial_dag.py
[2026-05-08T13:40:54.016+0000] {processor.py:840} INFO - DAG(s) 'tutorial_dag' retrieved from /home/airflow/.local/lib/python3.12/site-packages/airflow/example_dags/tutorial_dag.py
[2026-05-08T13:40:54.031+0000] {logging_mixin.py:188} INFO - [2026-05-08T13:40:54.031+0000] {dag.py:3089} INFO - Sync 1 DAGs
[2026-05-08T13:40:54.040+0000] {logging_mixin.py:188} INFO - [2026-05-08T13:40:54.040+0000] {dag.py:3947} INFO - Setting next_dagrun for tutorial_dag to None, run_after=None
[2026-05-08T13:40:54.052+0000] {processor.py:183} INFO - Processing /home/airflow/.local/lib/python3.12/site-packages/airflow/example_dags/tutorial_dag.py took 0.047 seconds
[2026-05-08T13:41:24.289+0000] {processor.py:161} INFO - Started process (PID=676) to work on /home/airflow/.local/lib/python3.12/site-packages/airflow/example_dags/tutorial_dag.py
[2026-05-08T13:41:24.290+0000] {processor.py:830} INFO - Processing file /home/airflow/.local/lib/python3.12/site-packages/airflow/example_dags/tutorial_dag.py for tasks to queue
[2026-05-08T13:41:24.291+0000] {logging_mixin.py:188} INFO - [2026-05-08T13:41:24.291+0000] {dagbag.py:545} INFO - Filling up the DagBag from /home/airflow/.local/lib/python3.12/site-packages/airflow/example_dags/tutorial_dag.py
[2026-05-08T13:41:24.295+0000] {processor.py:840} INFO - DAG(s) 'tutorial_dag' retrieved from /home/airflow/.local/lib/python3.12/site-packages/airflow/example_dags/tutorial_dag.py
[2026-05-08T13:41:24.312+0000] {logging_mixin.py:188} INFO - [2026-05-08T13:41:24.312+0000] {dag.py:3089} INFO - Sync 1 DAGs
[2026-05-08T13:41:24.321+0000] {logging_mixin.py:188} INFO - [2026-05-08T13:41:24.321+0000] {dag.py:3947} INFO - Setting next_dagrun for tutorial_dag to None, run_after=None
[2026-05-08T13:41:24.334+0000] {processor.py:183} INFO - Processing /home/airflow/.local/lib/python3.12/site-packages/airflow/example_dags/tutorial_dag.py took 0.049 seconds
[2026-05-08T13:41:54.573+0000] {processor.py:161} INFO - Started process (PID=734) to work on /home/airflow/.local/lib/python3.12/site-packages/airflow/example_dags/tutorial_dag.py
[2026-05-08T13:41:54.574+0000] {processor.py:830} INFO - Processing file /home/airflow/.local/lib/python3.12/site-packages/airflow/example_dags/tutorial_dag.py for tasks to queue
[2026-05-08T13:41:54.576+0000] {logging_mixin.py:188} INFO - [2026-05-08T13:41:54.575+0000] {dagbag.py:545} INFO - Filling up the DagBag from /home/airflow/.local/lib/python3.12/site-packages/airflow/example_dags/tutorial_dag.py
[2026-05-08T13:41:54.580+0000] {processor.py:840} INFO - DAG(s) 'tutorial_dag' retrieved from /home/airflow/.local/lib/python3.12/site-packages/airflow/example_dags/tutorial_dag.py
[2026-05-08T13:41:54.596+0000] {logging_mixin.py:188} INFO - [2026-05-08T13:41:54.596+0000] {dag.py:3089} INFO - Sync 1 DAGs
[2026-05-08T13:41:54.604+0000] {logging_mixin.py:188} INFO - [2026-05-08T13:41:54.604+0000] {dag.py:3947} INFO - Setting next_dagrun for tutorial_dag to None, run_after=None
[2026-05-08T13:41:54.621+0000] {processor.py:183} INFO - Processing /home/airflow/.local/lib/python3.12/site-packages/airflow/example_dags/tutorial_dag.py took 0.051 seconds
[2026-05-08T13:42:24.882+0000] {processor.py:161} INFO - Started process (PID=792) to work on /home/airflow/.local/lib/python3.12/site-packages/airflow/example_dags/tutorial_dag.py
[2026-05-08T13:42:24.883+0000] {processor.py:830} INFO - Processing file /home/airflow/.local/lib/python3.12/site-packages/airflow/example_dags/tutorial_dag.py for tasks to queue
[2026-05-08T13:42:24.884+0000] {logging_mixin.py:188} INFO - [2026-05-08T13:42:24.884+0000] {dagbag.py:545} INFO - Filling up the DagBag from /home/airflow/.local/lib/python3.12/site-packages/airflow/example_dags/tutorial_dag.py
[2026-05-08T13:42:24.888+0000] {processor.py:840} INFO - DAG(s) 'tutorial_dag' retrieved from /home/airflow/.local/lib/python3.12/site-packages/airflow/example_dags/tutorial_dag.py
[2026-05-08T13:42:24.904+0000] {logging_mixin.py:188} INFO - [2026-05-08T13:42:24.904+0000] {dag.py:3089} INFO - Sync 1 DAGs
[2026-05-08T13:42:24.912+0000] {logging_mixin.py:188} INFO - [2026-05-08T13:42:24.912+0000] {dag.py:3947} INFO - Setting next_dagrun for tutorial_dag to None, run_after=None
[2026-05-08T13:42:24.923+0000] {processor.py:183} INFO - Processing /home/airflow/.local/lib/python3.12/site-packages/airflow/example_dags/tutorial_dag.py took 0.046 seconds
[2026-05-08T13:42:55.293+0000] {processor.py:161} INFO - Started process (PID=850) to work on /home/airflow/.local/lib/python3.12/site-packages/airflow/example_dags/tutorial_dag.py
[2026-05-08T13:42:55.294+0000] {processor.py:830} INFO - Processing file /home/airflow/.local/lib/python3.12/site-packages/airflow/example_dags/tutorial_dag.py for tasks to queue
[2026-05-08T13:42:55.295+0000] {logging_mixin.py:188} INFO - [2026-05-08T13:42:55.295+0000] {dagbag.py:545} INFO - Filling up the DagBag from /home/airflow/.local/lib/python3.12/site-packages/airflow/example_dags/tutorial_dag.py
[2026-05-08T13:42:55.299+0000] {processor.py:840} INFO - DAG(s) 'tutorial_dag' retrieved from /home/airflow/.local/lib/python3.12/site-packages/airflow/example_dags/tutorial_dag.py
[2026-05-08T13:42:55.315+0000] {logging_mixin.py:188} INFO - [2026-05-08T13:42:55.315+0000] {dag.py:3089} INFO - Sync 1 DAGs
[2026-05-08T13:42:55.324+0000] {logging_mixin.py:188} INFO - [2026-05-08T13:42:55.323+0000] {dag.py:3947} INFO - Setting next_dagrun for tutorial_dag to None, run_after=None
[2026-05-08T13:42:55.336+0000] {processor.py:183} INFO - Processing /home/airflow/.local/lib/python3.12/site-packages/airflow/example_dags/tutorial_dag.py took 0.047 seconds
[2026-05-08T13:43:25.705+0000] {processor.py:161} INFO - Started process (PID=908) to work on /home/airflow/.local/lib/python3.12/site-packages/airflow/example_dags/tutorial_dag.py
[2026-05-08T13:43:25.706+0000] {processor.py:830} INFO - Processing file /home/airflow/.local/lib/python3.12/site-packages/airflow/example_dags/tutorial_dag.py for tasks to queue
[2026-05-08T13:43:25.707+0000] {logging_mixin.py:188} INFO - [2026-05-08T13:43:25.707+0000] {dagbag.py:545} INFO - Filling up the DagBag from /home/airflow/.local/lib/python3.12/site-packages/airflow/example_dags/tutorial_dag.py
[2026-05-08T13:43:25.712+0000] {processor.py:840} INFO - DAG(s) 'tutorial_dag' retrieved from /home/airflow/.local/lib/python3.12/site-packages/airflow/example_dags/tutorial_dag.py
[2026-05-08T13:43:25.732+0000] {logging_mixin.py:188} INFO - [2026-05-08T13:43:25.731+0000] {dag.py:3089} INFO - Sync 1 DAGs
[2026-05-08T13:43:25.741+0000] {logging_mixin.py:188} INFO - [2026-05-08T13:43:25.741+0000] {dag.py:3947} INFO - Setting next_dagrun for tutorial_dag to None, run_after=None
[2026-05-08T13:43:25.755+0000] {processor.py:183} INFO - Processing /home/airflow/.local/lib/python3.12/site-packages/airflow/example_dags/tutorial_dag.py took 0.054 seconds
[2026-05-08T13:43:56.311+0000] {processor.py:161} INFO - Started process (PID=966) to work on /home/airflow/.local/lib/python3.12/site-packages/airflow/example_dags/tutorial_dag.py
[2026-05-08T13:43:56.312+0000] {processor.py:830} INFO - Processing file /home/airflow/.local/lib/python3.12/site-packages/airflow/example_dags/tutorial_dag.py for tasks to queue
[2026-05-08T13:43:56.314+0000] {logging_mixin.py:188} INFO - [2026-05-08T13:43:56.313+0000] {dagbag.py:545} INFO - Filling up the DagBag from /home/airflow/.local/lib/python3.12/site-packages/airflow/example_dags/tutorial_dag.py
[2026-05-08T13:43:56.320+0000] {processor.py:840} INFO - DAG(s) 'tutorial_dag' retrieved from /home/airflow/.local/lib/python3.12/site-packages/airflow/example_dags/tutorial_dag.py
[2026-05-08T13:43:56.338+0000] {logging_mixin.py:188} INFO - [2026-05-08T13:43:56.338+0000] {dag.py:3089} INFO - Sync 1 DAGs
[2026-05-08T13:43:56.350+0000] {logging_mixin.py:188} INFO - [2026-05-08T13:43:56.349+0000] {dag.py:3947} INFO - Setting next_dagrun for tutorial_dag to None, run_after=None
[2026-05-08T13:43:56.363+0000] {processor.py:183} INFO - Processing /home/airflow/.local/lib/python3.12/site-packages/airflow/example_dags/tutorial_dag.py took 0.058 seconds
[2026-05-08T17:11:45.887+0000] {processor.py:161} INFO - Started process (PID=72) to work on /home/airflow/.local/lib/python3.12/site-packages/airflow/example_dags/tutorial_dag.py
[2026-05-08T17:11:45.888+0000] {processor.py:830} INFO - Processing file /home/airflow/.local/lib/python3.12/site-packages/airflow/example_dags/tutorial_dag.py for tasks to queue
[2026-05-08T17:11:45.890+0000] {logging_mixin.py:188} INFO - [2026-05-08T17:11:45.890+0000] {dagbag.py:545} INFO - Filling up the DagBag from /home/airflow/.local/lib/python3.12/site-packages/airflow/example_dags/tutorial_dag.py
[2026-05-08T17:11:45.898+0000] {processor.py:840} INFO - DAG(s) 'tutorial_dag' retrieved from /home/airflow/.local/lib/python3.12/site-packages/airflow/example_dags/tutorial_dag.py
[2026-05-08T17:11:46.065+0000] {logging_mixin.py:188} INFO - [2026-05-08T17:11:46.064+0000] {override.py:1858} INFO - Created Permission View: can delete on DAG:tutorial_dag
[2026-05-08T17:11:46.075+0000] {logging_mixin.py:188} INFO - [2026-05-08T17:11:46.075+0000] {override.py:1858} INFO - Created Permission View: can read on DAG:tutorial_dag
[2026-05-08T17:11:46.082+0000] {logging_mixin.py:188} INFO - [2026-05-08T17:11:46.082+0000] {override.py:1858} INFO - Created Permission View: can edit on DAG:tutorial_dag
[2026-05-08T17:11:46.083+0000] {logging_mixin.py:188} INFO - [2026-05-08T17:11:46.082+0000] {dag.py:3089} INFO - Sync 1 DAGs
[2026-05-08T17:11:46.094+0000] {logging_mixin.py:188} INFO - [2026-05-08T17:11:46.094+0000] {dag.py:3111} INFO - Creating ORM DAG for tutorial_dag
[2026-05-08T17:11:46.095+0000] {logging_mixin.py:188} INFO - [2026-05-08T17:11:46.095+0000] {dag.py:3947} INFO - Setting next_dagrun for tutorial_dag to None, run_after=None
[2026-05-08T17:11:46.112+0000] {processor.py:183} INFO - Processing /home/airflow/.local/lib/python3.12/site-packages/airflow/example_dags/tutorial_dag.py took 0.233 seconds
[2026-05-08T17:12:16.211+0000] {processor.py:161} INFO - Started process (PID=130) to work on /home/airflow/.local/lib/python3.12/site-packages/airflow/example_dags/tutorial_dag.py
[2026-05-08T17:12:16.212+0000] {processor.py:830} INFO - Processing file /home/airflow/.local/lib/python3.12/site-packages/airflow/example_dags/tutorial_dag.py for tasks to queue
[2026-05-08T17:12:16.213+0000] {logging_mixin.py:188} INFO - [2026-05-08T17:12:16.213+0000] {dagbag.py:545} INFO - Filling up the DagBag from /home/airflow/.local/lib/python3.12/site-packages/airflow/example_dags/tutorial_dag.py
[2026-05-08T17:12:16.218+0000] {processor.py:840} INFO - DAG(s) 'tutorial_dag' retrieved from /home/airflow/.local/lib/python3.12/site-packages/airflow/example_dags/tutorial_dag.py
[2026-05-08T17:12:16.238+0000] {logging_mixin.py:188} INFO - [2026-05-08T17:12:16.238+0000] {dag.py:3089} INFO - Sync 1 DAGs
[2026-05-08T17:12:16.251+0000] {logging_mixin.py:188} INFO - [2026-05-08T17:12:16.251+0000] {dag.py:3947} INFO - Setting next_dagrun for tutorial_dag to None, run_after=None
[2026-05-08T17:12:16.267+0000] {processor.py:183} INFO - Processing /home/airflow/.local/lib/python3.12/site-packages/airflow/example_dags/tutorial_dag.py took 0.062 seconds
[2026-05-08T17:12:46.360+0000] {processor.py:161} INFO - Started process (PID=188) to work on /home/airflow/.local/lib/python3.12/site-packages/airflow/example_dags/tutorial_dag.py
[2026-05-08T17:12:46.361+0000] {processor.py:830} INFO - Processing file /home/airflow/.local/lib/python3.12/site-packages/airflow/example_dags/tutorial_dag.py for tasks to queue
[2026-05-08T17:12:46.363+0000] {logging_mixin.py:188} INFO - [2026-05-08T17:12:46.362+0000] {dagbag.py:545} INFO - Filling up the DagBag from /home/airflow/.local/lib/python3.12/site-packages/airflow/example_dags/tutorial_dag.py
[2026-05-08T17:12:46.368+0000] {processor.py:840} INFO - DAG(s) 'tutorial_dag' retrieved from /home/airflow/.local/lib/python3.12/site-packages/airflow/example_dags/tutorial_dag.py
[2026-05-08T17:12:46.385+0000] {logging_mixin.py:188} INFO - [2026-05-08T17:12:46.385+0000] {dag.py:3089} INFO - Sync 1 DAGs
[2026-05-08T17:12:46.395+0000] {logging_mixin.py:188} INFO - [2026-05-08T17:12:46.395+0000] {dag.py:3947} INFO - Setting next_dagrun for tutorial_dag to None, run_after=None
[2026-05-08T17:12:46.410+0000] {processor.py:183} INFO - Processing /home/airflow/.local/lib/python3.12/site-packages/airflow/example_dags/tutorial_dag.py took 0.056 seconds
[2026-05-08T17:13:16.879+0000] {processor.py:161} INFO - Started process (PID=246) to work on /home/airflow/.local/lib/python3.12/site-packages/airflow/example_dags/tutorial_dag.py
[2026-05-08T17:13:16.880+0000] {processor.py:830} INFO - Processing file /home/airflow/.local/lib/python3.12/site-packages/airflow/example_dags/tutorial_dag.py for tasks to queue
[2026-05-08T17:13:16.881+0000] {logging_mixin.py:188} INFO - [2026-05-08T17:13:16.881+0000] {dagbag.py:545} INFO - Filling up the DagBag from /home/airflow/.local/lib/python3.12/site-packages/airflow/example_dags/tutorial_dag.py
[2026-05-08T17:13:16.886+0000] {processor.py:840} INFO - DAG(s) 'tutorial_dag' retrieved from /home/airflow/.local/lib/python3.12/site-packages/airflow/example_dags/tutorial_dag.py
[2026-05-08T17:13:16.904+0000] {logging_mixin.py:188} INFO - [2026-05-08T17:13:16.903+0000] {dag.py:3089} INFO - Sync 1 DAGs
[2026-05-08T17:13:16.914+0000] {logging_mixin.py:188} INFO - [2026-05-08T17:13:16.914+0000] {dag.py:3947} INFO - Setting next_dagrun for tutorial_dag to None, run_after=None
[2026-05-08T17:13:16.928+0000] {processor.py:183} INFO - Processing /home/airflow/.local/lib/python3.12/site-packages/airflow/example_dags/tutorial_dag.py took 0.056 seconds
[2026-05-08T17:13:47.129+0000] {processor.py:161} INFO - Started process (PID=304) to work on /home/airflow/.local/lib/python3.12/site-packages/airflow/example_dags/tutorial_dag.py
[2026-05-08T17:13:47.129+0000] {processor.py:830} INFO - Processing file /home/airflow/.local/lib/python3.12/site-packages/airflow/example_dags/tutorial_dag.py for tasks to queue
[2026-05-08T17:13:47.131+0000] {logging_mixin.py:188} INFO - [2026-05-08T17:13:47.131+0000] {dagbag.py:545} INFO - Filling up the DagBag from /home/airflow/.local/lib/python3.12/site-packages/airflow/example_dags/tutorial_dag.py
[2026-05-08T17:13:47.136+0000] {processor.py:840} INFO - DAG(s) 'tutorial_dag' retrieved from /home/airflow/.local/lib/python3.12/site-packages/airflow/example_dags/tutorial_dag.py
[2026-05-08T17:13:47.154+0000] {logging_mixin.py:188} INFO - [2026-05-08T17:13:47.154+0000] {dag.py:3089} INFO - Sync 1 DAGs
[2026-05-08T17:13:47.165+0000] {logging_mixin.py:188} INFO - [2026-05-08T17:13:47.165+0000] {dag.py:3947} INFO - Setting next_dagrun for tutorial_dag to None, run_after=None
[2026-05-08T17:13:47.179+0000] {processor.py:183} INFO - Processing /home/airflow/.local/lib/python3.12/site-packages/airflow/example_dags/tutorial_dag.py took 0.057 seconds
[2026-05-08T17:14:17.510+0000] {processor.py:161} INFO - Started process (PID=362) to work on /home/airflow/.local/lib/python3.12/site-packages/airflow/example_dags/tutorial_dag.py
[2026-05-08T17:14:17.511+0000] {processor.py:830} INFO - Processing file /home/airflow/.local/lib/python3.12/site-packages/airflow/example_dags/tutorial_dag.py for tasks to queue
[2026-05-08T17:14:17.512+0000] {logging_mixin.py:188} INFO - [2026-05-08T17:14:17.512+0000] {dagbag.py:545} INFO - Filling up the DagBag from /home/airflow/.local/lib/python3.12/site-packages/airflow/example_dags/tutorial_dag.py
[2026-05-08T17:14:17.517+0000] {processor.py:840} INFO - DAG(s) 'tutorial_dag' retrieved from /home/airflow/.local/lib/python3.12/site-packages/airflow/example_dags/tutorial_dag.py
[2026-05-08T17:14:17.534+0000] {logging_mixin.py:188} INFO - [2026-05-08T17:14:17.534+0000] {dag.py:3089} INFO - Sync 1 DAGs
[2026-05-08T17:14:17.545+0000] {logging_mixin.py:188} INFO - [2026-05-08T17:14:17.545+0000] {dag.py:3947} INFO - Setting next_dagrun for tutorial_dag to None, run_after=None
[2026-05-08T17:14:17.560+0000] {processor.py:183} INFO - Processing /home/airflow/.local/lib/python3.12/site-packages/airflow/example_dags/tutorial_dag.py took 0.056 seconds
[2026-05-08T17:14:47.833+0000] {processor.py:161} INFO - Started process (PID=420) to work on /home/airflow/.local/lib/python3.12/site-packages/airflow/example_dags/tutorial_dag.py
[2026-05-08T17:14:47.834+0000] {processor.py:830} INFO - Processing file /home/airflow/.local/lib/python3.12/site-packages/airflow/example_dags/tutorial_dag.py for tasks to queue
[2026-05-08T17:14:47.835+0000] {logging_mixin.py:188} INFO - [2026-05-08T17:14:47.835+0000] {dagbag.py:545} INFO - Filling up the DagBag from /home/airflow/.local/lib/python3.12/site-packages/airflow/example_dags/tutorial_dag.py
[2026-05-08T17:14:47.840+0000] {processor.py:840} INFO - DAG(s) 'tutorial_dag' retrieved from /home/airflow/.local/lib/python3.12/site-packages/airflow/example_dags/tutorial_dag.py
[2026-05-08T17:14:47.857+0000] {logging_mixin.py:188} INFO - [2026-05-08T17:14:47.857+0000] {dag.py:3089} INFO - Sync 1 DAGs
[2026-05-08T17:14:47.867+0000] {logging_mixin.py:188} INFO - [2026-05-08T17:14:47.867+0000] {dag.py:3947} INFO - Setting next_dagrun for tutorial_dag to None, run_after=None
[2026-05-08T17:14:47.881+0000] {processor.py:183} INFO - Processing /home/airflow/.local/lib/python3.12/site-packages/airflow/example_dags/tutorial_dag.py took 0.054 seconds
[2026-05-08T17:15:18.116+0000] {processor.py:161} INFO - Started process (PID=478) to work on /home/airflow/.local/lib/python3.12/site-packages/airflow/example_dags/tutorial_dag.py
[2026-05-08T17:15:18.117+0000] {processor.py:830} INFO - Processing file /home/airflow/.local/lib/python3.12/site-packages/airflow/example_dags/tutorial_dag.py for tasks to queue
[2026-05-08T17:15:18.119+0000] {logging_mixin.py:188} INFO - [2026-05-08T17:15:18.118+0000] {dagbag.py:545} INFO - Filling up the DagBag from /home/airflow/.local/lib/python3.12/site-packages/airflow/example_dags/tutorial_dag.py
[2026-05-08T17:15:18.123+0000] {processor.py:840} INFO - DAG(s) 'tutorial_dag' retrieved from /home/airflow/.local/lib/python3.12/site-packages/airflow/example_dags/tutorial_dag.py
[2026-05-08T17:15:18.141+0000] {logging_mixin.py:188} INFO - [2026-05-08T17:15:18.141+0000] {dag.py:3089} INFO - Sync 1 DAGs
[2026-05-08T17:15:18.151+0000] {logging_mixin.py:188} INFO - [2026-05-08T17:15:18.151+0000] {dag.py:3947} INFO - Setting next_dagrun for tutorial_dag to None, run_after=None
[2026-05-08T17:15:18.166+0000] {processor.py:183} INFO - Processing /home/airflow/.local/lib/python3.12/site-packages/airflow/example_dags/tutorial_dag.py took 0.056 seconds
[2026-05-08T17:15:49.055+0000] {processor.py:161} INFO - Started process (PID=536) to work on /home/airflow/.local/lib/python3.12/site-packages/airflow/example_dags/tutorial_dag.py
[2026-05-08T17:15:49.055+0000] {processor.py:830} INFO - Processing file /home/airflow/.local/lib/python3.12/site-packages/airflow/example_dags/tutorial_dag.py for tasks to queue
[2026-05-08T17:15:49.057+0000] {logging_mixin.py:188} INFO - [2026-05-08T17:15:49.057+0000] {dagbag.py:545} INFO - Filling up the DagBag from /home/airflow/.local/lib/python3.12/site-packages/airflow/example_dags/tutorial_dag.py
[2026-05-08T17:15:49.062+0000] {processor.py:840} INFO - DAG(s) 'tutorial_dag' retrieved from /home/airflow/.local/lib/python3.12/site-packages/airflow/example_dags/tutorial_dag.py
[2026-05-08T17:15:49.079+0000] {logging_mixin.py:188} INFO - [2026-05-08T17:15:49.079+0000] {dag.py:3089} INFO - Sync 1 DAGs
[2026-05-08T17:15:49.089+0000] {logging_mixin.py:188} INFO - [2026-05-08T17:15:49.089+0000] {dag.py:3947} INFO - Setting next_dagrun for tutorial_dag to None, run_after=None
[2026-05-08T17:15:49.103+0000] {processor.py:183} INFO - Processing /home/airflow/.local/lib/python3.12/site-packages/airflow/example_dags/tutorial_dag.py took 0.055 seconds
[2026-05-08T17:16:19.275+0000] {processor.py:161} INFO - Started process (PID=594) to work on /home/airflow/.local/lib/python3.12/site-packages/airflow/example_dags/tutorial_dag.py
[2026-05-08T17:16:19.276+0000] {processor.py:830} INFO - Processing file /home/airflow/.local/lib/python3.12/site-packages/airflow/example_dags/tutorial_dag.py for tasks to queue
[2026-05-08T17:16:19.277+0000] {logging_mixin.py:188} INFO - [2026-05-08T17:16:19.277+0000] {dagbag.py:545} INFO - Filling up the DagBag from /home/airflow/.local/lib/python3.12/site-packages/airflow/example_dags/tutorial_dag.py
[2026-05-08T17:16:19.282+0000] {processor.py:840} INFO - DAG(s) 'tutorial_dag' retrieved from /home/airflow/.local/lib/python3.12/site-packages/airflow/example_dags/tutorial_dag.py
[2026-05-08T17:16:19.299+0000] {logging_mixin.py:188} INFO - [2026-05-08T17:16:19.299+0000] {dag.py:3089} INFO - Sync 1 DAGs
[2026-05-08T17:16:19.310+0000] {logging_mixin.py:188} INFO - [2026-05-08T17:16:19.310+0000] {dag.py:3947} INFO - Setting next_dagrun for tutorial_dag to None, run_after=None
[2026-05-08T17:16:19.325+0000] {processor.py:183} INFO - Processing /home/airflow/.local/lib/python3.12/site-packages/airflow/example_dags/tutorial_dag.py took 0.056 seconds
[2026-05-08T17:16:49.719+0000] {processor.py:161} INFO - Started process (PID=652) to work on /home/airflow/.local/lib/python3.12/site-packages/airflow/example_dags/tutorial_dag.py
[2026-05-08T17:16:49.720+0000] {processor.py:830} INFO - Processing file /home/airflow/.local/lib/python3.12/site-packages/airflow/example_dags/tutorial_dag.py for tasks to queue
[2026-05-08T17:16:49.722+0000] {logging_mixin.py:188} INFO - [2026-05-08T17:16:49.721+0000] {dagbag.py:545} INFO - Filling up the DagBag from /home/airflow/.local/lib/python3.12/site-packages/airflow/example_dags/tutorial_dag.py
[2026-05-08T17:16:49.727+0000] {processor.py:840} INFO - DAG(s) 'tutorial_dag' retrieved from /home/airflow/.local/lib/python3.12/site-packages/airflow/example_dags/tutorial_dag.py
[2026-05-08T17:16:49.744+0000] {logging_mixin.py:188} INFO - [2026-05-08T17:16:49.744+0000] {dag.py:3089} INFO - Sync 1 DAGs
[2026-05-08T17:16:49.754+0000] {logging_mixin.py:188} INFO - [2026-05-08T17:16:49.754+0000] {dag.py:3947} INFO - Setting next_dagrun for tutorial_dag to None, run_after=None
[2026-05-08T17:16:49.768+0000] {processor.py:183} INFO - Processing /home/airflow/.local/lib/python3.12/site-packages/airflow/example_dags/tutorial_dag.py took 0.055 seconds
[2026-05-08T17:17:20.146+0000] {processor.py:161} INFO - Started process (PID=710) to work on /home/airflow/.local/lib/python3.12/site-packages/airflow/example_dags/tutorial_dag.py
[2026-05-08T17:17:20.147+0000] {processor.py:830} INFO - Processing file /home/airflow/.local/lib/python3.12/site-packages/airflow/example_dags/tutorial_dag.py for tasks to queue
[2026-05-08T17:17:20.149+0000] {logging_mixin.py:188} INFO - [2026-05-08T17:17:20.149+0000] {dagbag.py:545} INFO - Filling up the DagBag from /home/airflow/.local/lib/python3.12/site-packages/airflow/example_dags/tutorial_dag.py
[2026-05-08T17:17:20.153+0000] {processor.py:840} INFO - DAG(s) 'tutorial_dag' retrieved from /home/airflow/.local/lib/python3.12/site-packages/airflow/example_dags/tutorial_dag.py
[2026-05-08T17:17:20.172+0000] {logging_mixin.py:188} INFO - [2026-05-08T17:17:20.172+0000] {dag.py:3089} INFO - Sync 1 DAGs
[2026-05-08T17:17:20.182+0000] {logging_mixin.py:188} INFO - [2026-05-08T17:17:20.182+0000] {dag.py:3947} INFO - Setting next_dagrun for tutorial_dag to None, run_after=None
[2026-05-08T17:17:20.197+0000] {processor.py:183} INFO - Processing /home/airflow/.local/lib/python3.12/site-packages/airflow/example_dags/tutorial_dag.py took 0.057 seconds
[2026-05-08T20:09:03.689+0000] {processor.py:161} INFO - Started process (PID=96) to work on /home/airflow/.local/lib/python3.12/site-packages/airflow/example_dags/tutorial_dag.py
[2026-05-08T20:09:03.690+0000] {processor.py:830} INFO - Processing file /home/airflow/.local/lib/python3.12/site-packages/airflow/example_dags/tutorial_dag.py for tasks to queue
[2026-05-08T20:09:03.692+0000] {logging_mixin.py:188} INFO - [2026-05-08T20:09:03.692+0000] {dagbag.py:545} INFO - Filling up the DagBag from /home/airflow/.local/lib/python3.12/site-packages/airflow/example_dags/tutorial_dag.py
[2026-05-08T20:09:03.697+0000] {processor.py:840} INFO - DAG(s) 'tutorial_dag' retrieved from /home/airflow/.local/lib/python3.12/site-packages/airflow/example_dags/tutorial_dag.py
[2026-05-08T20:09:03.709+0000] {logging_mixin.py:188} INFO - [2026-05-08T20:09:03.709+0000] {dag.py:3089} INFO - Sync 1 DAGs
[2026-05-08T20:09:03.723+0000] {logging_mixin.py:188} INFO - [2026-05-08T20:09:03.723+0000] {dag.py:3947} INFO - Setting next_dagrun for tutorial_dag to None, run_after=None
[2026-05-08T20:09:03.740+0000] {processor.py:183} INFO - Processing /home/airflow/.local/lib/python3.12/site-packages/airflow/example_dags/tutorial_dag.py took 0.057 seconds
[2026-05-08T20:09:34.959+0000] {processor.py:161} INFO - Started process (PID=154) to work on /home/airflow/.local/lib/python3.12/site-packages/airflow/example_dags/tutorial_dag.py
[2026-05-08T20:09:34.960+0000] {processor.py:830} INFO - Processing file /home/airflow/.local/lib/python3.12/site-packages/airflow/example_dags/tutorial_dag.py for tasks to queue
[2026-05-08T20:09:34.961+0000] {logging_mixin.py:188} INFO - [2026-05-08T20:09:34.961+0000] {dagbag.py:545} INFO - Filling up the DagBag from /home/airflow/.local/lib/python3.12/site-packages/airflow/example_dags/tutorial_dag.py
[2026-05-08T20:09:34.965+0000] {processor.py:840} INFO - DAG(s) 'tutorial_dag' retrieved from /home/airflow/.local/lib/python3.12/site-packages/airflow/example_dags/tutorial_dag.py
[2026-05-08T20:09:35.042+0000] {logging_mixin.py:188} INFO - [2026-05-08T20:09:35.042+0000] {dag.py:3089} INFO - Sync 1 DAGs
[2026-05-08T20:09:35.050+0000] {logging_mixin.py:188} INFO - [2026-05-08T20:09:35.050+0000] {dag.py:3947} INFO - Setting next_dagrun for tutorial_dag to None, run_after=None
[2026-05-08T20:09:35.066+0000] {processor.py:183} INFO - Processing /home/airflow/.local/lib/python3.12/site-packages/airflow/example_dags/tutorial_dag.py took 0.112 seconds
[2026-05-08T20:10:05.137+0000] {processor.py:161} INFO - Started process (PID=212) to work on /home/airflow/.local/lib/python3.12/site-packages/airflow/example_dags/tutorial_dag.py
[2026-05-08T20:10:05.138+0000] {processor.py:830} INFO - Processing file /home/airflow/.local/lib/python3.12/site-packages/airflow/example_dags/tutorial_dag.py for tasks to queue
[2026-05-08T20:10:05.140+0000] {logging_mixin.py:188} INFO - [2026-05-08T20:10:05.140+0000] {dagbag.py:545} INFO - Filling up the DagBag from /home/airflow/.local/lib/python3.12/site-packages/airflow/example_dags/tutorial_dag.py
[2026-05-08T20:10:05.145+0000] {processor.py:840} INFO - DAG(s) 'tutorial_dag' retrieved from /home/airflow/.local/lib/python3.12/site-packages/airflow/example_dags/tutorial_dag.py
[2026-05-08T20:10:05.162+0000] {logging_mixin.py:188} INFO - [2026-05-08T20:10:05.162+0000] {dag.py:3089} INFO - Sync 1 DAGs
[2026-05-08T20:10:05.172+0000] {logging_mixin.py:188} INFO - [2026-05-08T20:10:05.172+0000] {dag.py:3947} INFO - Setting next_dagrun for tutorial_dag to None, run_after=None
[2026-05-08T20:10:05.186+0000] {processor.py:183} INFO - Processing /home/airflow/.local/lib/python3.12/site-packages/airflow/example_dags/tutorial_dag.py took 0.054 seconds
[2026-05-08T20:10:35.473+0000] {processor.py:161} INFO - Started process (PID=270) to work on /home/airflow/.local/lib/python3.12/site-packages/airflow/example_dags/tutorial_dag.py
[2026-05-08T20:10:35.474+0000] {processor.py:830} INFO - Processing file /home/airflow/.local/lib/python3.12/site-packages/airflow/example_dags/tutorial_dag.py for tasks to queue
[2026-05-08T20:10:35.476+0000] {logging_mixin.py:188} INFO - [2026-05-08T20:10:35.475+0000] {dagbag.py:545} INFO - Filling up the DagBag from /home/airflow/.local/lib/python3.12/site-packages/airflow/example_dags/tutorial_dag.py
[2026-05-08T20:10:35.480+0000] {processor.py:840} INFO - DAG(s) 'tutorial_dag' retrieved from /home/airflow/.local/lib/python3.12/site-packages/airflow/example_dags/tutorial_dag.py
[2026-05-08T20:10:35.495+0000] {logging_mixin.py:188} INFO - [2026-05-08T20:10:35.495+0000] {dag.py:3089} INFO - Sync 1 DAGs
[2026-05-08T20:10:35.504+0000] {logging_mixin.py:188} INFO - [2026-05-08T20:10:35.504+0000] {dag.py:3947} INFO - Setting next_dagrun for tutorial_dag to None, run_after=None
[2026-05-08T20:10:35.517+0000] {processor.py:183} INFO - Processing /home/airflow/.local/lib/python3.12/site-packages/airflow/example_dags/tutorial_dag.py took 0.049 seconds
[2026-05-08T20:12:04.531+0000] {processor.py:161} INFO - Started process (PID=96) to work on /home/airflow/.local/lib/python3.12/site-packages/airflow/example_dags/tutorial_dag.py
[2026-05-08T20:12:04.532+0000] {processor.py:830} INFO - Processing file /home/airflow/.local/lib/python3.12/site-packages/airflow/example_dags/tutorial_dag.py for tasks to queue
[2026-05-08T20:12:04.534+0000] {logging_mixin.py:188} INFO - [2026-05-08T20:12:04.534+0000] {dagbag.py:545} INFO - Filling up the DagBag from /home/airflow/.local/lib/python3.12/site-packages/airflow/example_dags/tutorial_dag.py
[2026-05-08T20:12:04.540+0000] {processor.py:840} INFO - DAG(s) 'tutorial_dag' retrieved from /home/airflow/.local/lib/python3.12/site-packages/airflow/example_dags/tutorial_dag.py
[2026-05-08T20:12:04.552+0000] {logging_mixin.py:188} INFO - [2026-05-08T20:12:04.552+0000] {dag.py:3089} INFO - Sync 1 DAGs
[2026-05-08T20:12:04.570+0000] {logging_mixin.py:188} INFO - [2026-05-08T20:12:04.569+0000] {dag.py:3947} INFO - Setting next_dagrun for tutorial_dag to None, run_after=None
[2026-05-08T20:12:04.588+0000] {processor.py:183} INFO - Processing /home/airflow/.local/lib/python3.12/site-packages/airflow/example_dags/tutorial_dag.py took 0.063 seconds
[2026-05-08T20:12:35.457+0000] {processor.py:161} INFO - Started process (PID=154) to work on /home/airflow/.local/lib/python3.12/site-packages/airflow/example_dags/tutorial_dag.py
[2026-05-08T20:12:35.457+0000] {processor.py:830} INFO - Processing file /home/airflow/.local/lib/python3.12/site-packages/airflow/example_dags/tutorial_dag.py for tasks to queue
[2026-05-08T20:12:35.459+0000] {logging_mixin.py:188} INFO - [2026-05-08T20:12:35.459+0000] {dagbag.py:545} INFO - Filling up the DagBag from /home/airflow/.local/lib/python3.12/site-packages/airflow/example_dags/tutorial_dag.py
[2026-05-08T20:12:35.463+0000] {processor.py:840} INFO - DAG(s) 'tutorial_dag' retrieved from /home/airflow/.local/lib/python3.12/site-packages/airflow/example_dags/tutorial_dag.py
[2026-05-08T20:12:35.532+0000] {logging_mixin.py:188} INFO - [2026-05-08T20:12:35.532+0000] {dag.py:3089} INFO - Sync 1 DAGs
[2026-05-08T20:12:35.539+0000] {logging_mixin.py:188} INFO - [2026-05-08T20:12:35.539+0000] {dag.py:3947} INFO - Setting next_dagrun for tutorial_dag to None, run_after=None
[2026-05-08T20:12:35.553+0000] {processor.py:183} INFO - Processing /home/airflow/.local/lib/python3.12/site-packages/airflow/example_dags/tutorial_dag.py took 0.101 seconds
[2026-05-08T20:13:06.519+0000] {processor.py:161} INFO - Started process (PID=212) to work on /home/airflow/.local/lib/python3.12/site-packages/airflow/example_dags/tutorial_dag.py
[2026-05-08T20:13:06.520+0000] {processor.py:830} INFO - Processing file /home/airflow/.local/lib/python3.12/site-packages/airflow/example_dags/tutorial_dag.py for tasks to queue
[2026-05-08T20:13:06.522+0000] {logging_mixin.py:188} INFO - [2026-05-08T20:13:06.521+0000] {dagbag.py:545} INFO - Filling up the DagBag from /home/airflow/.local/lib/python3.12/site-packages/airflow/example_dags/tutorial_dag.py
[2026-05-08T20:13:06.526+0000] {processor.py:840} INFO - DAG(s) 'tutorial_dag' retrieved from /home/airflow/.local/lib/python3.12/site-packages/airflow/example_dags/tutorial_dag.py
[2026-05-08T20:13:06.542+0000] {logging_mixin.py:188} INFO - [2026-05-08T20:13:06.541+0000] {dag.py:3089} INFO - Sync 1 DAGs
[2026-05-08T20:13:06.551+0000] {logging_mixin.py:188} INFO - [2026-05-08T20:13:06.551+0000] {dag.py:3947} INFO - Setting next_dagrun for tutorial_dag to None, run_after=None
[2026-05-08T20:13:06.565+0000] {processor.py:183} INFO - Processing /home/airflow/.local/lib/python3.12/site-packages/airflow/example_dags/tutorial_dag.py took 0.051 seconds
[2026-05-08T20:13:37.165+0000] {processor.py:161} INFO - Started process (PID=270) to work on /home/airflow/.local/lib/python3.12/site-packages/airflow/example_dags/tutorial_dag.py
[2026-05-08T20:13:37.166+0000] {processor.py:830} INFO - Processing file /home/airflow/.local/lib/python3.12/site-packages/airflow/example_dags/tutorial_dag.py for tasks to queue
[2026-05-08T20:13:37.168+0000] {logging_mixin.py:188} INFO - [2026-05-08T20:13:37.168+0000] {dagbag.py:545} INFO - Filling up the DagBag from /home/airflow/.local/lib/python3.12/site-packages/airflow/example_dags/tutorial_dag.py
[2026-05-08T20:13:37.172+0000] {processor.py:840} INFO - DAG(s) 'tutorial_dag' retrieved from /home/airflow/.local/lib/python3.12/site-packages/airflow/example_dags/tutorial_dag.py
[2026-05-08T20:13:37.189+0000] {logging_mixin.py:188} INFO - [2026-05-08T20:13:37.188+0000] {dag.py:3089} INFO - Sync 1 DAGs
[2026-05-08T20:13:37.198+0000] {logging_mixin.py:188} INFO - [2026-05-08T20:13:37.198+0000] {dag.py:3947} INFO - Setting next_dagrun for tutorial_dag to None, run_after=None
[2026-05-08T20:13:37.212+0000] {processor.py:183} INFO - Processing /home/airflow/.local/lib/python3.12/site-packages/airflow/example_dags/tutorial_dag.py took 0.052 seconds
[2026-05-08T20:14:07.502+0000] {processor.py:161} INFO - Started process (PID=328) to work on /home/airflow/.local/lib/python3.12/site-packages/airflow/example_dags/tutorial_dag.py
[2026-05-08T20:14:07.503+0000] {processor.py:830} INFO - Processing file /home/airflow/.local/lib/python3.12/site-packages/airflow/example_dags/tutorial_dag.py for tasks to queue
[2026-05-08T20:14:07.504+0000] {logging_mixin.py:188} INFO - [2026-05-08T20:14:07.504+0000] {dagbag.py:545} INFO - Filling up the DagBag from /home/airflow/.local/lib/python3.12/site-packages/airflow/example_dags/tutorial_dag.py
[2026-05-08T20:14:07.509+0000] {processor.py:840} INFO - DAG(s) 'tutorial_dag' retrieved from /home/airflow/.local/lib/python3.12/site-packages/airflow/example_dags/tutorial_dag.py
[2026-05-08T20:14:07.525+0000] {logging_mixin.py:188} INFO - [2026-05-08T20:14:07.525+0000] {dag.py:3089} INFO - Sync 1 DAGs
[2026-05-08T20:14:07.533+0000] {logging_mixin.py:188} INFO - [2026-05-08T20:14:07.533+0000] {dag.py:3947} INFO - Setting next_dagrun for tutorial_dag to None, run_after=None
[2026-05-08T20:14:07.546+0000] {processor.py:183} INFO - Processing /home/airflow/.local/lib/python3.12/site-packages/airflow/example_dags/tutorial_dag.py took 0.049 seconds
[2026-05-08T20:14:37.970+0000] {processor.py:161} INFO - Started process (PID=386) to work on /home/airflow/.local/lib/python3.12/site-packages/airflow/example_dags/tutorial_dag.py
[2026-05-08T20:14:37.971+0000] {processor.py:830} INFO - Processing file /home/airflow/.local/lib/python3.12/site-packages/airflow/example_dags/tutorial_dag.py for tasks to queue
[2026-05-08T20:14:37.973+0000] {logging_mixin.py:188} INFO - [2026-05-08T20:14:37.973+0000] {dagbag.py:545} INFO - Filling up the DagBag from /home/airflow/.local/lib/python3.12/site-packages/airflow/example_dags/tutorial_dag.py
[2026-05-08T20:14:37.978+0000] {processor.py:840} INFO - DAG(s) 'tutorial_dag' retrieved from /home/airflow/.local/lib/python3.12/site-packages/airflow/example_dags/tutorial_dag.py
[2026-05-08T20:14:37.996+0000] {logging_mixin.py:188} INFO - [2026-05-08T20:14:37.995+0000] {dag.py:3089} INFO - Sync 1 DAGs
[2026-05-08T20:14:38.008+0000] {logging_mixin.py:188} INFO - [2026-05-08T20:14:38.007+0000] {dag.py:3947} INFO - Setting next_dagrun for tutorial_dag to None, run_after=None
[2026-05-08T20:14:38.025+0000] {processor.py:183} INFO - Processing /home/airflow/.local/lib/python3.12/site-packages/airflow/example_dags/tutorial_dag.py took 0.060 seconds
[2026-05-08T20:15:08.548+0000] {processor.py:161} INFO - Started process (PID=444) to work on /home/airflow/.local/lib/python3.12/site-packages/airflow/example_dags/tutorial_dag.py
[2026-05-08T20:15:08.549+0000] {processor.py:830} INFO - Processing file /home/airflow/.local/lib/python3.12/site-packages/airflow/example_dags/tutorial_dag.py for tasks to queue
[2026-05-08T20:15:08.550+0000] {logging_mixin.py:188} INFO - [2026-05-08T20:15:08.550+0000] {dagbag.py:545} INFO - Filling up the DagBag from /home/airflow/.local/lib/python3.12/site-packages/airflow/example_dags/tutorial_dag.py
[2026-05-08T20:15:08.555+0000] {processor.py:840} INFO - DAG(s) 'tutorial_dag' retrieved from /home/airflow/.local/lib/python3.12/site-packages/airflow/example_dags/tutorial_dag.py
[2026-05-08T20:15:08.570+0000] {logging_mixin.py:188} INFO - [2026-05-08T20:15:08.570+0000] {dag.py:3089} INFO - Sync 1 DAGs
[2026-05-08T20:15:08.580+0000] {logging_mixin.py:188} INFO - [2026-05-08T20:15:08.580+0000] {dag.py:3947} INFO - Setting next_dagrun for tutorial_dag to None, run_after=None
[2026-05-08T20:15:08.592+0000] {processor.py:183} INFO - Processing /home/airflow/.local/lib/python3.12/site-packages/airflow/example_dags/tutorial_dag.py took 0.049 seconds
[2026-05-08T20:15:39.007+0000] {processor.py:161} INFO - Started process (PID=502) to work on /home/airflow/.local/lib/python3.12/site-packages/airflow/example_dags/tutorial_dag.py
[2026-05-08T20:15:39.008+0000] {processor.py:830} INFO - Processing file /home/airflow/.local/lib/python3.12/site-packages/airflow/example_dags/tutorial_dag.py for tasks to queue
[2026-05-08T20:15:39.009+0000] {logging_mixin.py:188} INFO - [2026-05-08T20:15:39.009+0000] {dagbag.py:545} INFO - Filling up the DagBag from /home/airflow/.local/lib/python3.12/site-packages/airflow/example_dags/tutorial_dag.py
[2026-05-08T20:15:39.014+0000] {processor.py:840} INFO - DAG(s) 'tutorial_dag' retrieved from /home/airflow/.local/lib/python3.12/site-packages/airflow/example_dags/tutorial_dag.py
[2026-05-08T20:15:39.029+0000] {logging_mixin.py:188} INFO - [2026-05-08T20:15:39.029+0000] {dag.py:3089} INFO - Sync 1 DAGs
[2026-05-08T20:15:39.038+0000] {logging_mixin.py:188} INFO - [2026-05-08T20:15:39.038+0000] {dag.py:3947} INFO - Setting next_dagrun for tutorial_dag to None, run_after=None
[2026-05-08T20:15:39.049+0000] {processor.py:183} INFO - Processing /home/airflow/.local/lib/python3.12/site-packages/airflow/example_dags/tutorial_dag.py took 0.048 seconds
[2026-05-08T20:16:09.426+0000] {processor.py:161} INFO - Started process (PID=560) to work on /home/airflow/.local/lib/python3.12/site-packages/airflow/example_dags/tutorial_dag.py
[2026-05-08T20:16:09.427+0000] {processor.py:830} INFO - Processing file /home/airflow/.local/lib/python3.12/site-packages/airflow/example_dags/tutorial_dag.py for tasks to queue
[2026-05-08T20:16:09.429+0000] {logging_mixin.py:188} INFO - [2026-05-08T20:16:09.428+0000] {dagbag.py:545} INFO - Filling up the DagBag from /home/airflow/.local/lib/python3.12/site-packages/airflow/example_dags/tutorial_dag.py
[2026-05-08T20:16:09.433+0000] {processor.py:840} INFO - DAG(s) 'tutorial_dag' retrieved from /home/airflow/.local/lib/python3.12/site-packages/airflow/example_dags/tutorial_dag.py
[2026-05-08T20:16:09.450+0000] {logging_mixin.py:188} INFO - [2026-05-08T20:16:09.450+0000] {dag.py:3089} INFO - Sync 1 DAGs
[2026-05-08T20:16:09.460+0000] {logging_mixin.py:188} INFO - [2026-05-08T20:16:09.460+0000] {dag.py:3947} INFO - Setting next_dagrun for tutorial_dag to None, run_after=None
[2026-05-08T20:16:09.473+0000] {processor.py:183} INFO - Processing /home/airflow/.local/lib/python3.12/site-packages/airflow/example_dags/tutorial_dag.py took 0.052 seconds
[2026-05-08T20:16:39.822+0000] {processor.py:161} INFO - Started process (PID=618) to work on /home/airflow/.local/lib/python3.12/site-packages/airflow/example_dags/tutorial_dag.py
[2026-05-08T20:16:39.823+0000] {processor.py:830} INFO - Processing file /home/airflow/.local/lib/python3.12/site-packages/airflow/example_dags/tutorial_dag.py for tasks to queue
[2026-05-08T20:16:39.824+0000] {logging_mixin.py:188} INFO - [2026-05-08T20:16:39.824+0000] {dagbag.py:545} INFO - Filling up the DagBag from /home/airflow/.local/lib/python3.12/site-packages/airflow/example_dags/tutorial_dag.py
[2026-05-08T20:16:39.829+0000] {processor.py:840} INFO - DAG(s) 'tutorial_dag' retrieved from /home/airflow/.local/lib/python3.12/site-packages/airflow/example_dags/tutorial_dag.py
[2026-05-08T20:16:39.844+0000] {logging_mixin.py:188} INFO - [2026-05-08T20:16:39.844+0000] {dag.py:3089} INFO - Sync 1 DAGs
[2026-05-08T20:16:39.853+0000] {logging_mixin.py:188} INFO - [2026-05-08T20:16:39.853+0000] {dag.py:3947} INFO - Setting next_dagrun for tutorial_dag to None, run_after=None
[2026-05-08T20:16:39.865+0000] {processor.py:183} INFO - Processing /home/airflow/.local/lib/python3.12/site-packages/airflow/example_dags/tutorial_dag.py took 0.049 seconds
[2026-05-08T20:17:10.207+0000] {processor.py:161} INFO - Started process (PID=676) to work on /home/airflow/.local/lib/python3.12/site-packages/airflow/example_dags/tutorial_dag.py
[2026-05-08T20:17:10.207+0000] {processor.py:830} INFO - Processing file /home/airflow/.local/lib/python3.12/site-packages/airflow/example_dags/tutorial_dag.py for tasks to queue
[2026-05-08T20:17:10.209+0000] {logging_mixin.py:188} INFO - [2026-05-08T20:17:10.209+0000] {dagbag.py:545} INFO - Filling up the DagBag from /home/airflow/.local/lib/python3.12/site-packages/airflow/example_dags/tutorial_dag.py
[2026-05-08T20:17:10.213+0000] {processor.py:840} INFO - DAG(s) 'tutorial_dag' retrieved from /home/airflow/.local/lib/python3.12/site-packages/airflow/example_dags/tutorial_dag.py
[2026-05-08T20:17:10.229+0000] {logging_mixin.py:188} INFO - [2026-05-08T20:17:10.228+0000] {dag.py:3089} INFO - Sync 1 DAGs
[2026-05-08T20:17:10.238+0000] {logging_mixin.py:188} INFO - [2026-05-08T20:17:10.238+0000] {dag.py:3947} INFO - Setting next_dagrun for tutorial_dag to None, run_after=None
[2026-05-08T20:17:10.250+0000] {processor.py:183} INFO - Processing /home/airflow/.local/lib/python3.12/site-packages/airflow/example_dags/tutorial_dag.py took 0.048 seconds
[2026-05-08T20:17:40.563+0000] {processor.py:161} INFO - Started process (PID=734) to work on /home/airflow/.local/lib/python3.12/site-packages/airflow/example_dags/tutorial_dag.py
[2026-05-08T20:17:40.564+0000] {processor.py:830} INFO - Processing file /home/airflow/.local/lib/python3.12/site-packages/airflow/example_dags/tutorial_dag.py for tasks to queue
[2026-05-08T20:17:40.565+0000] {logging_mixin.py:188} INFO - [2026-05-08T20:17:40.565+0000] {dagbag.py:545} INFO - Filling up the DagBag from /home/airflow/.local/lib/python3.12/site-packages/airflow/example_dags/tutorial_dag.py
[2026-05-08T20:17:40.569+0000] {processor.py:840} INFO - DAG(s) 'tutorial_dag' retrieved from /home/airflow/.local/lib/python3.12/site-packages/airflow/example_dags/tutorial_dag.py
[2026-05-08T20:17:40.586+0000] {logging_mixin.py:188} INFO - [2026-05-08T20:17:40.586+0000] {dag.py:3089} INFO - Sync 1 DAGs
[2026-05-08T20:17:40.595+0000] {logging_mixin.py:188} INFO - [2026-05-08T20:17:40.595+0000] {dag.py:3947} INFO - Setting next_dagrun for tutorial_dag to None, run_after=None
[2026-05-08T20:17:40.607+0000] {processor.py:183} INFO - Processing /home/airflow/.local/lib/python3.12/site-packages/airflow/example_dags/tutorial_dag.py took 0.049 seconds
[2026-05-08T20:18:10.915+0000] {processor.py:161} INFO - Started process (PID=792) to work on /home/airflow/.local/lib/python3.12/site-packages/airflow/example_dags/tutorial_dag.py
[2026-05-08T20:18:10.916+0000] {processor.py:830} INFO - Processing file /home/airflow/.local/lib/python3.12/site-packages/airflow/example_dags/tutorial_dag.py for tasks to queue
[2026-05-08T20:18:10.917+0000] {logging_mixin.py:188} INFO - [2026-05-08T20:18:10.917+0000] {dagbag.py:545} INFO - Filling up the DagBag from /home/airflow/.local/lib/python3.12/site-packages/airflow/example_dags/tutorial_dag.py
[2026-05-08T20:18:10.922+0000] {processor.py:840} INFO - DAG(s) 'tutorial_dag' retrieved from /home/airflow/.local/lib/python3.12/site-packages/airflow/example_dags/tutorial_dag.py
[2026-05-08T20:18:10.938+0000] {logging_mixin.py:188} INFO - [2026-05-08T20:18:10.938+0000] {dag.py:3089} INFO - Sync 1 DAGs
[2026-05-08T20:18:10.947+0000] {logging_mixin.py:188} INFO - [2026-05-08T20:18:10.947+0000] {dag.py:3947} INFO - Setting next_dagrun for tutorial_dag to None, run_after=None
[2026-05-08T20:18:10.961+0000] {processor.py:183} INFO - Processing /home/airflow/.local/lib/python3.12/site-packages/airflow/example_dags/tutorial_dag.py took 0.051 seconds
[2026-05-08T20:18:41.443+0000] {processor.py:161} INFO - Started process (PID=850) to work on /home/airflow/.local/lib/python3.12/site-packages/airflow/example_dags/tutorial_dag.py
[2026-05-08T20:18:41.444+0000] {processor.py:830} INFO - Processing file /home/airflow/.local/lib/python3.12/site-packages/airflow/example_dags/tutorial_dag.py for tasks to queue
[2026-05-08T20:18:41.445+0000] {logging_mixin.py:188} INFO - [2026-05-08T20:18:41.445+0000] {dagbag.py:545} INFO - Filling up the DagBag from /home/airflow/.local/lib/python3.12/site-packages/airflow/example_dags/tutorial_dag.py
[2026-05-08T20:18:41.450+0000] {processor.py:840} INFO - DAG(s) 'tutorial_dag' retrieved from /home/airflow/.local/lib/python3.12/site-packages/airflow/example_dags/tutorial_dag.py
[2026-05-08T20:18:41.469+0000] {logging_mixin.py:188} INFO - [2026-05-08T20:18:41.469+0000] {dag.py:3089} INFO - Sync 1 DAGs
[2026-05-08T20:18:41.478+0000] {logging_mixin.py:188} INFO - [2026-05-08T20:18:41.478+0000] {dag.py:3947} INFO - Setting next_dagrun for tutorial_dag to None, run_after=None
[2026-05-08T20:18:41.490+0000] {processor.py:183} INFO - Processing /home/airflow/.local/lib/python3.12/site-packages/airflow/example_dags/tutorial_dag.py took 0.053 seconds
[2026-05-08T20:19:11.947+0000] {processor.py:161} INFO - Started process (PID=908) to work on /home/airflow/.local/lib/python3.12/site-packages/airflow/example_dags/tutorial_dag.py
[2026-05-08T20:19:11.948+0000] {processor.py:830} INFO - Processing file /home/airflow/.local/lib/python3.12/site-packages/airflow/example_dags/tutorial_dag.py for tasks to queue
[2026-05-08T20:19:11.950+0000] {logging_mixin.py:188} INFO - [2026-05-08T20:19:11.949+0000] {dagbag.py:545} INFO - Filling up the DagBag from /home/airflow/.local/lib/python3.12/site-packages/airflow/example_dags/tutorial_dag.py
[2026-05-08T20:19:11.954+0000] {processor.py:840} INFO - DAG(s) 'tutorial_dag' retrieved from /home/airflow/.local/lib/python3.12/site-packages/airflow/example_dags/tutorial_dag.py
[2026-05-08T20:19:11.970+0000] {logging_mixin.py:188} INFO - [2026-05-08T20:19:11.970+0000] {dag.py:3089} INFO - Sync 1 DAGs
[2026-05-08T20:19:11.978+0000] {logging_mixin.py:188} INFO - [2026-05-08T20:19:11.978+0000] {dag.py:3947} INFO - Setting next_dagrun for tutorial_dag to None, run_after=None
[2026-05-08T20:19:11.990+0000] {processor.py:183} INFO - Processing /home/airflow/.local/lib/python3.12/site-packages/airflow/example_dags/tutorial_dag.py took 0.048 seconds
[2026-05-08T20:19:42.452+0000] {processor.py:161} INFO - Started process (PID=966) to work on /home/airflow/.local/lib/python3.12/site-packages/airflow/example_dags/tutorial_dag.py
[2026-05-08T20:19:42.452+0000] {processor.py:830} INFO - Processing file /home/airflow/.local/lib/python3.12/site-packages/airflow/example_dags/tutorial_dag.py for tasks to queue
[2026-05-08T20:19:42.454+0000] {logging_mixin.py:188} INFO - [2026-05-08T20:19:42.454+0000] {dagbag.py:545} INFO - Filling up the DagBag from /home/airflow/.local/lib/python3.12/site-packages/airflow/example_dags/tutorial_dag.py
[2026-05-08T20:19:42.459+0000] {processor.py:840} INFO - DAG(s) 'tutorial_dag' retrieved from /home/airflow/.local/lib/python3.12/site-packages/airflow/example_dags/tutorial_dag.py
[2026-05-08T20:19:42.475+0000] {logging_mixin.py:188} INFO - [2026-05-08T20:19:42.474+0000] {dag.py:3089} INFO - Sync 1 DAGs
[2026-05-08T20:19:42.484+0000] {logging_mixin.py:188} INFO - [2026-05-08T20:19:42.483+0000] {dag.py:3947} INFO - Setting next_dagrun for tutorial_dag to None, run_after=None
[2026-05-08T20:19:42.496+0000] {processor.py:183} INFO - Processing /home/airflow/.local/lib/python3.12/site-packages/airflow/example_dags/tutorial_dag.py took 0.055 seconds
[2026-05-08T20:20:12.951+0000] {processor.py:161} INFO - Started process (PID=1024) to work on /home/airflow/.local/lib/python3.12/site-packages/airflow/example_dags/tutorial_dag.py
[2026-05-08T20:20:12.952+0000] {processor.py:830} INFO - Processing file /home/airflow/.local/lib/python3.12/site-packages/airflow/example_dags/tutorial_dag.py for tasks to queue
[2026-05-08T20:20:12.954+0000] {logging_mixin.py:188} INFO - [2026-05-08T20:20:12.953+0000] {dagbag.py:545} INFO - Filling up the DagBag from /home/airflow/.local/lib/python3.12/site-packages/airflow/example_dags/tutorial_dag.py
[2026-05-08T20:20:12.958+0000] {processor.py:840} INFO - DAG(s) 'tutorial_dag' retrieved from /home/airflow/.local/lib/python3.12/site-packages/airflow/example_dags/tutorial_dag.py
[2026-05-08T20:20:12.973+0000] {logging_mixin.py:188} INFO - [2026-05-08T20:20:12.973+0000] {dag.py:3089} INFO - Sync 1 DAGs
[2026-05-08T20:20:12.982+0000] {logging_mixin.py:188} INFO - [2026-05-08T20:20:12.981+0000] {dag.py:3947} INFO - Setting next_dagrun for tutorial_dag to None, run_after=None
[2026-05-08T20:20:12.993+0000] {processor.py:183} INFO - Processing /home/airflow/.local/lib/python3.12/site-packages/airflow/example_dags/tutorial_dag.py took 0.047 seconds
[2026-05-08T20:20:43.527+0000] {processor.py:161} INFO - Started process (PID=1082) to work on /home/airflow/.local/lib/python3.12/site-packages/airflow/example_dags/tutorial_dag.py
[2026-05-08T20:20:43.528+0000] {processor.py:830} INFO - Processing file /home/airflow/.local/lib/python3.12/site-packages/airflow/example_dags/tutorial_dag.py for tasks to queue
[2026-05-08T20:20:43.530+0000] {logging_mixin.py:188} INFO - [2026-05-08T20:20:43.530+0000] {dagbag.py:545} INFO - Filling up the DagBag from /home/airflow/.local/lib/python3.12/site-packages/airflow/example_dags/tutorial_dag.py
[2026-05-08T20:20:43.535+0000] {processor.py:840} INFO - DAG(s) 'tutorial_dag' retrieved from /home/airflow/.local/lib/python3.12/site-packages/airflow/example_dags/tutorial_dag.py
[2026-05-08T20:20:43.550+0000] {logging_mixin.py:188} INFO - [2026-05-08T20:20:43.550+0000] {dag.py:3089} INFO - Sync 1 DAGs
[2026-05-08T20:20:43.559+0000] {logging_mixin.py:188} INFO - [2026-05-08T20:20:43.559+0000] {dag.py:3947} INFO - Setting next_dagrun for tutorial_dag to None, run_after=None
[2026-05-08T20:20:43.571+0000] {processor.py:183} INFO - Processing /home/airflow/.local/lib/python3.12/site-packages/airflow/example_dags/tutorial_dag.py took 0.051 seconds
[2026-05-08T20:21:14.025+0000] {processor.py:161} INFO - Started process (PID=1140) to work on /home/airflow/.local/lib/python3.12/site-packages/airflow/example_dags/tutorial_dag.py
[2026-05-08T20:21:14.025+0000] {processor.py:830} INFO - Processing file /home/airflow/.local/lib/python3.12/site-packages/airflow/example_dags/tutorial_dag.py for tasks to queue
[2026-05-08T20:21:14.027+0000] {logging_mixin.py:188} INFO - [2026-05-08T20:21:14.027+0000] {dagbag.py:545} INFO - Filling up the DagBag from /home/airflow/.local/lib/python3.12/site-packages/airflow/example_dags/tutorial_dag.py
[2026-05-08T20:21:14.034+0000] {processor.py:840} INFO - DAG(s) 'tutorial_dag' retrieved from /home/airflow/.local/lib/python3.12/site-packages/airflow/example_dags/tutorial_dag.py
[2026-05-08T20:21:14.051+0000] {logging_mixin.py:188} INFO - [2026-05-08T20:21:14.051+0000] {dag.py:3089} INFO - Sync 1 DAGs
[2026-05-08T20:21:14.060+0000] {logging_mixin.py:188} INFO - [2026-05-08T20:21:14.060+0000] {dag.py:3947} INFO - Setting next_dagrun for tutorial_dag to None, run_after=None
[2026-05-08T20:21:14.074+0000] {processor.py:183} INFO - Processing /home/airflow/.local/lib/python3.12/site-packages/airflow/example_dags/tutorial_dag.py took 0.055 seconds
[2026-05-08T20:21:44.454+0000] {processor.py:161} INFO - Started process (PID=1198) to work on /home/airflow/.local/lib/python3.12/site-packages/airflow/example_dags/tutorial_dag.py
[2026-05-08T20:21:44.455+0000] {processor.py:830} INFO - Processing file /home/airflow/.local/lib/python3.12/site-packages/airflow/example_dags/tutorial_dag.py for tasks to queue
[2026-05-08T20:21:44.456+0000] {logging_mixin.py:188} INFO - [2026-05-08T20:21:44.456+0000] {dagbag.py:545} INFO - Filling up the DagBag from /home/airflow/.local/lib/python3.12/site-packages/airflow/example_dags/tutorial_dag.py
[2026-05-08T20:21:44.461+0000] {processor.py:840} INFO - DAG(s) 'tutorial_dag' retrieved from /home/airflow/.local/lib/python3.12/site-packages/airflow/example_dags/tutorial_dag.py
[2026-05-08T20:21:44.477+0000] {logging_mixin.py:188} INFO - [2026-05-08T20:21:44.476+0000] {dag.py:3089} INFO - Sync 1 DAGs
[2026-05-08T20:21:44.486+0000] {logging_mixin.py:188} INFO - [2026-05-08T20:21:44.485+0000] {dag.py:3947} INFO - Setting next_dagrun for tutorial_dag to None, run_after=None
[2026-05-08T20:21:44.498+0000] {processor.py:183} INFO - Processing /home/airflow/.local/lib/python3.12/site-packages/airflow/example_dags/tutorial_dag.py took 0.050 seconds
[2026-05-08T20:22:15.100+0000] {processor.py:161} INFO - Started process (PID=1256) to work on /home/airflow/.local/lib/python3.12/site-packages/airflow/example_dags/tutorial_dag.py
[2026-05-08T20:22:15.101+0000] {processor.py:830} INFO - Processing file /home/airflow/.local/lib/python3.12/site-packages/airflow/example_dags/tutorial_dag.py for tasks to queue
[2026-05-08T20:22:15.102+0000] {logging_mixin.py:188} INFO - [2026-05-08T20:22:15.102+0000] {dagbag.py:545} INFO - Filling up the DagBag from /home/airflow/.local/lib/python3.12/site-packages/airflow/example_dags/tutorial_dag.py
[2026-05-08T20:22:15.107+0000] {processor.py:840} INFO - DAG(s) 'tutorial_dag' retrieved from /home/airflow/.local/lib/python3.12/site-packages/airflow/example_dags/tutorial_dag.py
[2026-05-08T20:22:15.123+0000] {logging_mixin.py:188} INFO - [2026-05-08T20:22:15.122+0000] {dag.py:3089} INFO - Sync 1 DAGs
[2026-05-08T20:22:15.132+0000] {logging_mixin.py:188} INFO - [2026-05-08T20:22:15.131+0000] {dag.py:3947} INFO - Setting next_dagrun for tutorial_dag to None, run_after=None
[2026-05-08T20:22:15.144+0000] {processor.py:183} INFO - Processing /home/airflow/.local/lib/python3.12/site-packages/airflow/example_dags/tutorial_dag.py took 0.050 seconds
[2026-05-08T20:22:45.664+0000] {processor.py:161} INFO - Started process (PID=1314) to work on /home/airflow/.local/lib/python3.12/site-packages/airflow/example_dags/tutorial_dag.py
[2026-05-08T20:22:45.664+0000] {processor.py:830} INFO - Processing file /home/airflow/.local/lib/python3.12/site-packages/airflow/example_dags/tutorial_dag.py for tasks to queue
[2026-05-08T20:22:45.666+0000] {logging_mixin.py:188} INFO - [2026-05-08T20:22:45.666+0000] {dagbag.py:545} INFO - Filling up the DagBag from /home/airflow/.local/lib/python3.12/site-packages/airflow/example_dags/tutorial_dag.py
[2026-05-08T20:22:45.670+0000] {processor.py:840} INFO - DAG(s) 'tutorial_dag' retrieved from /home/airflow/.local/lib/python3.12/site-packages/airflow/example_dags/tutorial_dag.py
[2026-05-08T20:22:45.686+0000] {logging_mixin.py:188} INFO - [2026-05-08T20:22:45.686+0000] {dag.py:3089} INFO - Sync 1 DAGs
[2026-05-08T20:22:45.695+0000] {logging_mixin.py:188} INFO - [2026-05-08T20:22:45.695+0000] {dag.py:3947} INFO - Setting next_dagrun for tutorial_dag to None, run_after=None
[2026-05-08T20:22:45.708+0000] {processor.py:183} INFO - Processing /home/airflow/.local/lib/python3.12/site-packages/airflow/example_dags/tutorial_dag.py took 0.049 seconds
[2026-05-08T20:23:16.079+0000] {processor.py:161} INFO - Started process (PID=1372) to work on /home/airflow/.local/lib/python3.12/site-packages/airflow/example_dags/tutorial_dag.py
[2026-05-08T20:23:16.080+0000] {processor.py:830} INFO - Processing file /home/airflow/.local/lib/python3.12/site-packages/airflow/example_dags/tutorial_dag.py for tasks to queue
[2026-05-08T20:23:16.082+0000] {logging_mixin.py:188} INFO - [2026-05-08T20:23:16.081+0000] {dagbag.py:545} INFO - Filling up the DagBag from /home/airflow/.local/lib/python3.12/site-packages/airflow/example_dags/tutorial_dag.py
[2026-05-08T20:23:16.087+0000] {processor.py:840} INFO - DAG(s) 'tutorial_dag' retrieved from /home/airflow/.local/lib/python3.12/site-packages/airflow/example_dags/tutorial_dag.py
[2026-05-08T20:23:16.103+0000] {logging_mixin.py:188} INFO - [2026-05-08T20:23:16.103+0000] {dag.py:3089} INFO - Sync 1 DAGs
[2026-05-08T20:23:16.113+0000] {logging_mixin.py:188} INFO - [2026-05-08T20:23:16.112+0000] {dag.py:3947} INFO - Setting next_dagrun for tutorial_dag to None, run_after=None
[2026-05-08T20:23:16.126+0000] {processor.py:183} INFO - Processing /home/airflow/.local/lib/python3.12/site-packages/airflow/example_dags/tutorial_dag.py took 0.054 seconds
[2026-05-08T20:23:46.636+0000] {processor.py:161} INFO - Started process (PID=1430) to work on /home/airflow/.local/lib/python3.12/site-packages/airflow/example_dags/tutorial_dag.py
[2026-05-08T20:23:46.636+0000] {processor.py:830} INFO - Processing file /home/airflow/.local/lib/python3.12/site-packages/airflow/example_dags/tutorial_dag.py for tasks to queue
[2026-05-08T20:23:46.638+0000] {logging_mixin.py:188} INFO - [2026-05-08T20:23:46.638+0000] {dagbag.py:545} INFO - Filling up the DagBag from /home/airflow/.local/lib/python3.12/site-packages/airflow/example_dags/tutorial_dag.py
[2026-05-08T20:23:46.643+0000] {processor.py:840} INFO - DAG(s) 'tutorial_dag' retrieved from /home/airflow/.local/lib/python3.12/site-packages/airflow/example_dags/tutorial_dag.py
[2026-05-08T20:23:46.660+0000] {logging_mixin.py:188} INFO - [2026-05-08T20:23:46.659+0000] {dag.py:3089} INFO - Sync 1 DAGs
[2026-05-08T20:23:46.670+0000] {logging_mixin.py:188} INFO - [2026-05-08T20:23:46.669+0000] {dag.py:3947} INFO - Setting next_dagrun for tutorial_dag to None, run_after=None
[2026-05-08T20:23:46.683+0000] {processor.py:183} INFO - Processing /home/airflow/.local/lib/python3.12/site-packages/airflow/example_dags/tutorial_dag.py took 0.053 seconds
[2026-05-08T20:24:17.326+0000] {processor.py:161} INFO - Started process (PID=1488) to work on /home/airflow/.local/lib/python3.12/site-packages/airflow/example_dags/tutorial_dag.py
[2026-05-08T20:24:17.327+0000] {processor.py:830} INFO - Processing file /home/airflow/.local/lib/python3.12/site-packages/airflow/example_dags/tutorial_dag.py for tasks to queue
[2026-05-08T20:24:17.329+0000] {logging_mixin.py:188} INFO - [2026-05-08T20:24:17.328+0000] {dagbag.py:545} INFO - Filling up the DagBag from /home/airflow/.local/lib/python3.12/site-packages/airflow/example_dags/tutorial_dag.py
[2026-05-08T20:24:17.333+0000] {processor.py:840} INFO - DAG(s) 'tutorial_dag' retrieved from /home/airflow/.local/lib/python3.12/site-packages/airflow/example_dags/tutorial_dag.py
[2026-05-08T20:24:17.350+0000] {logging_mixin.py:188} INFO - [2026-05-08T20:24:17.350+0000] {dag.py:3089} INFO - Sync 1 DAGs
[2026-05-08T20:24:17.359+0000] {logging_mixin.py:188} INFO - [2026-05-08T20:24:17.359+0000] {dag.py:3947} INFO - Setting next_dagrun for tutorial_dag to None, run_after=None
[2026-05-08T20:24:17.373+0000] {processor.py:183} INFO - Processing /home/airflow/.local/lib/python3.12/site-packages/airflow/example_dags/tutorial_dag.py took 0.052 seconds
[2026-05-08T21:47:28.492+0000] {processor.py:161} INFO - Started process (PID=134) to work on /home/airflow/.local/lib/python3.12/site-packages/airflow/example_dags/tutorial_dag.py
[2026-05-08T21:47:28.493+0000] {processor.py:830} INFO - Processing file /home/airflow/.local/lib/python3.12/site-packages/airflow/example_dags/tutorial_dag.py for tasks to queue
[2026-05-08T21:47:28.496+0000] {logging_mixin.py:188} INFO - [2026-05-08T21:47:28.494+0000] {dagbag.py:545} INFO - Filling up the DagBag from /home/airflow/.local/lib/python3.12/site-packages/airflow/example_dags/tutorial_dag.py
[2026-05-08T21:47:28.503+0000] {processor.py:840} INFO - DAG(s) 'tutorial_dag' retrieved from /home/airflow/.local/lib/python3.12/site-packages/airflow/example_dags/tutorial_dag.py
[2026-05-08T21:47:28.585+0000] {logging_mixin.py:188} INFO - [2026-05-08T21:47:28.585+0000] {dag.py:3089} INFO - Sync 1 DAGs
[2026-05-08T21:47:28.595+0000] {logging_mixin.py:188} INFO - [2026-05-08T21:47:28.594+0000] {dag.py:3947} INFO - Setting next_dagrun for tutorial_dag to None, run_after=None
[2026-05-08T21:47:28.610+0000] {processor.py:183} INFO - Processing /home/airflow/.local/lib/python3.12/site-packages/airflow/example_dags/tutorial_dag.py took 0.124 seconds
[2026-05-08T21:47:59.045+0000] {processor.py:161} INFO - Started process (PID=193) to work on /home/airflow/.local/lib/python3.12/site-packages/airflow/example_dags/tutorial_dag.py
[2026-05-08T21:47:59.046+0000] {processor.py:830} INFO - Processing file /home/airflow/.local/lib/python3.12/site-packages/airflow/example_dags/tutorial_dag.py for tasks to queue
[2026-05-08T21:47:59.050+0000] {logging_mixin.py:188} INFO - [2026-05-08T21:47:59.050+0000] {dagbag.py:545} INFO - Filling up the DagBag from /home/airflow/.local/lib/python3.12/site-packages/airflow/example_dags/tutorial_dag.py
[2026-05-08T21:47:59.055+0000] {processor.py:840} INFO - DAG(s) 'tutorial_dag' retrieved from /home/airflow/.local/lib/python3.12/site-packages/airflow/example_dags/tutorial_dag.py
[2026-05-08T21:47:59.071+0000] {logging_mixin.py:188} INFO - [2026-05-08T21:47:59.071+0000] {dag.py:3089} INFO - Sync 1 DAGs
[2026-05-08T21:47:59.080+0000] {logging_mixin.py:188} INFO - [2026-05-08T21:47:59.080+0000] {dag.py:3947} INFO - Setting next_dagrun for tutorial_dag to None, run_after=None
[2026-05-08T21:47:59.095+0000] {processor.py:183} INFO - Processing /home/airflow/.local/lib/python3.12/site-packages/airflow/example_dags/tutorial_dag.py took 0.057 seconds
[2026-05-08T21:49:19.968+0000] {processor.py:161} INFO - Started process (PID=97) to work on /home/airflow/.local/lib/python3.12/site-packages/airflow/example_dags/tutorial_dag.py
[2026-05-08T21:49:19.969+0000] {processor.py:830} INFO - Processing file /home/airflow/.local/lib/python3.12/site-packages/airflow/example_dags/tutorial_dag.py for tasks to queue
[2026-05-08T21:49:19.971+0000] {logging_mixin.py:188} INFO - [2026-05-08T21:49:19.971+0000] {dagbag.py:545} INFO - Filling up the DagBag from /home/airflow/.local/lib/python3.12/site-packages/airflow/example_dags/tutorial_dag.py
[2026-05-08T21:49:19.977+0000] {processor.py:840} INFO - DAG(s) 'tutorial_dag' retrieved from /home/airflow/.local/lib/python3.12/site-packages/airflow/example_dags/tutorial_dag.py
[2026-05-08T21:49:19.992+0000] {logging_mixin.py:188} INFO - [2026-05-08T21:49:19.992+0000] {dag.py:3089} INFO - Sync 1 DAGs
[2026-05-08T21:49:20.002+0000] {logging_mixin.py:188} INFO - [2026-05-08T21:49:20.002+0000] {dag.py:3947} INFO - Setting next_dagrun for tutorial_dag to None, run_after=None
[2026-05-08T21:49:20.016+0000] {processor.py:183} INFO - Processing /home/airflow/.local/lib/python3.12/site-packages/airflow/example_dags/tutorial_dag.py took 0.055 seconds
[2026-05-08T21:49:51.114+0000] {processor.py:161} INFO - Started process (PID=156) to work on /home/airflow/.local/lib/python3.12/site-packages/airflow/example_dags/tutorial_dag.py
[2026-05-08T21:49:51.115+0000] {processor.py:830} INFO - Processing file /home/airflow/.local/lib/python3.12/site-packages/airflow/example_dags/tutorial_dag.py for tasks to queue
[2026-05-08T21:49:51.116+0000] {logging_mixin.py:188} INFO - [2026-05-08T21:49:51.116+0000] {dagbag.py:545} INFO - Filling up the DagBag from /home/airflow/.local/lib/python3.12/site-packages/airflow/example_dags/tutorial_dag.py
[2026-05-08T21:49:51.121+0000] {processor.py:840} INFO - DAG(s) 'tutorial_dag' retrieved from /home/airflow/.local/lib/python3.12/site-packages/airflow/example_dags/tutorial_dag.py
[2026-05-08T21:49:51.198+0000] {logging_mixin.py:188} INFO - [2026-05-08T21:49:51.198+0000] {dag.py:3089} INFO - Sync 1 DAGs
[2026-05-08T21:49:51.206+0000] {logging_mixin.py:188} INFO - [2026-05-08T21:49:51.206+0000] {dag.py:3947} INFO - Setting next_dagrun for tutorial_dag to None, run_after=None
[2026-05-08T21:49:51.219+0000] {processor.py:183} INFO - Processing /home/airflow/.local/lib/python3.12/site-packages/airflow/example_dags/tutorial_dag.py took 0.111 seconds
[2026-05-08T21:50:22.018+0000] {processor.py:161} INFO - Started process (PID=215) to work on /home/airflow/.local/lib/python3.12/site-packages/airflow/example_dags/tutorial_dag.py
[2026-05-08T21:50:22.018+0000] {processor.py:830} INFO - Processing file /home/airflow/.local/lib/python3.12/site-packages/airflow/example_dags/tutorial_dag.py for tasks to queue
[2026-05-08T21:50:22.020+0000] {logging_mixin.py:188} INFO - [2026-05-08T21:50:22.020+0000] {dagbag.py:545} INFO - Filling up the DagBag from /home/airflow/.local/lib/python3.12/site-packages/airflow/example_dags/tutorial_dag.py
[2026-05-08T21:50:22.024+0000] {processor.py:840} INFO - DAG(s) 'tutorial_dag' retrieved from /home/airflow/.local/lib/python3.12/site-packages/airflow/example_dags/tutorial_dag.py
[2026-05-08T21:50:22.040+0000] {logging_mixin.py:188} INFO - [2026-05-08T21:50:22.040+0000] {dag.py:3089} INFO - Sync 1 DAGs
[2026-05-08T21:50:22.049+0000] {logging_mixin.py:188} INFO - [2026-05-08T21:50:22.049+0000] {dag.py:3947} INFO - Setting next_dagrun for tutorial_dag to None, run_after=None
[2026-05-08T21:50:22.065+0000] {processor.py:183} INFO - Processing /home/airflow/.local/lib/python3.12/site-packages/airflow/example_dags/tutorial_dag.py took 0.052 seconds
[2026-05-08T21:50:52.297+0000] {processor.py:161} INFO - Started process (PID=274) to work on /home/airflow/.local/lib/python3.12/site-packages/airflow/example_dags/tutorial_dag.py
[2026-05-08T21:50:52.298+0000] {processor.py:830} INFO - Processing file /home/airflow/.local/lib/python3.12/site-packages/airflow/example_dags/tutorial_dag.py for tasks to queue
[2026-05-08T21:50:52.300+0000] {logging_mixin.py:188} INFO - [2026-05-08T21:50:52.299+0000] {dagbag.py:545} INFO - Filling up the DagBag from /home/airflow/.local/lib/python3.12/site-packages/airflow/example_dags/tutorial_dag.py
[2026-05-08T21:50:52.304+0000] {processor.py:840} INFO - DAG(s) 'tutorial_dag' retrieved from /home/airflow/.local/lib/python3.12/site-packages/airflow/example_dags/tutorial_dag.py
[2026-05-08T21:50:52.320+0000] {logging_mixin.py:188} INFO - [2026-05-08T21:50:52.320+0000] {dag.py:3089} INFO - Sync 1 DAGs
[2026-05-08T21:50:52.329+0000] {logging_mixin.py:188} INFO - [2026-05-08T21:50:52.329+0000] {dag.py:3947} INFO - Setting next_dagrun for tutorial_dag to None, run_after=None
[2026-05-08T21:50:52.341+0000] {processor.py:183} INFO - Processing /home/airflow/.local/lib/python3.12/site-packages/airflow/example_dags/tutorial_dag.py took 0.049 seconds
[2026-05-08T21:51:22.439+0000] {processor.py:161} INFO - Started process (PID=333) to work on /home/airflow/.local/lib/python3.12/site-packages/airflow/example_dags/tutorial_dag.py
[2026-05-08T21:51:22.440+0000] {processor.py:830} INFO - Processing file /home/airflow/.local/lib/python3.12/site-packages/airflow/example_dags/tutorial_dag.py for tasks to queue
[2026-05-08T21:51:22.441+0000] {logging_mixin.py:188} INFO - [2026-05-08T21:51:22.441+0000] {dagbag.py:545} INFO - Filling up the DagBag from /home/airflow/.local/lib/python3.12/site-packages/airflow/example_dags/tutorial_dag.py
[2026-05-08T21:51:22.446+0000] {processor.py:840} INFO - DAG(s) 'tutorial_dag' retrieved from /home/airflow/.local/lib/python3.12/site-packages/airflow/example_dags/tutorial_dag.py
[2026-05-08T21:51:22.462+0000] {logging_mixin.py:188} INFO - [2026-05-08T21:51:22.462+0000] {dag.py:3089} INFO - Sync 1 DAGs
[2026-05-08T21:51:22.471+0000] {logging_mixin.py:188} INFO - [2026-05-08T21:51:22.471+0000] {dag.py:3947} INFO - Setting next_dagrun for tutorial_dag to None, run_after=None
[2026-05-08T21:51:22.484+0000] {processor.py:183} INFO - Processing /home/airflow/.local/lib/python3.12/site-packages/airflow/example_dags/tutorial_dag.py took 0.051 seconds
[2026-05-08T21:51:52.612+0000] {processor.py:161} INFO - Started process (PID=392) to work on /home/airflow/.local/lib/python3.12/site-packages/airflow/example_dags/tutorial_dag.py
[2026-05-08T21:51:52.613+0000] {processor.py:830} INFO - Processing file /home/airflow/.local/lib/python3.12/site-packages/airflow/example_dags/tutorial_dag.py for tasks to queue
[2026-05-08T21:51:52.615+0000] {logging_mixin.py:188} INFO - [2026-05-08T21:51:52.614+0000] {dagbag.py:545} INFO - Filling up the DagBag from /home/airflow/.local/lib/python3.12/site-packages/airflow/example_dags/tutorial_dag.py
[2026-05-08T21:51:52.619+0000] {processor.py:840} INFO - DAG(s) 'tutorial_dag' retrieved from /home/airflow/.local/lib/python3.12/site-packages/airflow/example_dags/tutorial_dag.py
[2026-05-08T21:51:52.635+0000] {logging_mixin.py:188} INFO - [2026-05-08T21:51:52.635+0000] {dag.py:3089} INFO - Sync 1 DAGs
[2026-05-08T21:51:52.644+0000] {logging_mixin.py:188} INFO - [2026-05-08T21:51:52.644+0000] {dag.py:3947} INFO - Setting next_dagrun for tutorial_dag to None, run_after=None
[2026-05-08T21:51:52.656+0000] {processor.py:183} INFO - Processing /home/airflow/.local/lib/python3.12/site-packages/airflow/example_dags/tutorial_dag.py took 0.049 seconds
[2026-05-08T22:03:28.914+0000] {processor.py:161} INFO - Started process (PID=134) to work on /home/airflow/.local/lib/python3.12/site-packages/airflow/example_dags/tutorial_dag.py
[2026-05-08T22:03:28.915+0000] {processor.py:830} INFO - Processing file /home/airflow/.local/lib/python3.12/site-packages/airflow/example_dags/tutorial_dag.py for tasks to queue
[2026-05-08T22:03:28.917+0000] {logging_mixin.py:188} INFO - [2026-05-08T22:03:28.917+0000] {dagbag.py:545} INFO - Filling up the DagBag from /home/airflow/.local/lib/python3.12/site-packages/airflow/example_dags/tutorial_dag.py
[2026-05-08T22:03:28.923+0000] {processor.py:840} INFO - DAG(s) 'tutorial_dag' retrieved from /home/airflow/.local/lib/python3.12/site-packages/airflow/example_dags/tutorial_dag.py
[2026-05-08T22:03:29.038+0000] {logging_mixin.py:188} INFO - [2026-05-08T22:03:29.038+0000] {dag.py:3089} INFO - Sync 1 DAGs
[2026-05-08T22:03:29.052+0000] {logging_mixin.py:188} INFO - [2026-05-08T22:03:29.051+0000] {dag.py:3947} INFO - Setting next_dagrun for tutorial_dag to None, run_after=None
[2026-05-08T22:03:29.073+0000] {processor.py:183} INFO - Processing /home/airflow/.local/lib/python3.12/site-packages/airflow/example_dags/tutorial_dag.py took 0.166 seconds
[2026-05-08T22:04:47.098+0000] {processor.py:161} INFO - Started process (PID=98) to work on /home/airflow/.local/lib/python3.12/site-packages/airflow/example_dags/tutorial_dag.py
[2026-05-08T22:04:47.099+0000] {processor.py:830} INFO - Processing file /home/airflow/.local/lib/python3.12/site-packages/airflow/example_dags/tutorial_dag.py for tasks to queue
[2026-05-08T22:04:47.102+0000] {logging_mixin.py:188} INFO - [2026-05-08T22:04:47.101+0000] {dagbag.py:545} INFO - Filling up the DagBag from /home/airflow/.local/lib/python3.12/site-packages/airflow/example_dags/tutorial_dag.py
[2026-05-08T22:04:47.107+0000] {processor.py:840} INFO - DAG(s) 'tutorial_dag' retrieved from /home/airflow/.local/lib/python3.12/site-packages/airflow/example_dags/tutorial_dag.py
[2026-05-08T22:04:47.119+0000] {logging_mixin.py:188} INFO - [2026-05-08T22:04:47.118+0000] {dag.py:3089} INFO - Sync 1 DAGs
[2026-05-08T22:04:47.130+0000] {logging_mixin.py:188} INFO - [2026-05-08T22:04:47.130+0000] {dag.py:3947} INFO - Setting next_dagrun for tutorial_dag to None, run_after=None
[2026-05-08T22:04:47.150+0000] {processor.py:183} INFO - Processing /home/airflow/.local/lib/python3.12/site-packages/airflow/example_dags/tutorial_dag.py took 0.058 seconds
[2026-05-08T22:05:19.592+0000] {processor.py:161} INFO - Started process (PID=157) to work on /home/airflow/.local/lib/python3.12/site-packages/airflow/example_dags/tutorial_dag.py
[2026-05-08T22:05:19.593+0000] {processor.py:830} INFO - Processing file /home/airflow/.local/lib/python3.12/site-packages/airflow/example_dags/tutorial_dag.py for tasks to queue
[2026-05-08T22:05:19.596+0000] {logging_mixin.py:188} INFO - [2026-05-08T22:05:19.595+0000] {dagbag.py:545} INFO - Filling up the DagBag from /home/airflow/.local/lib/python3.12/site-packages/airflow/example_dags/tutorial_dag.py
[2026-05-08T22:05:19.600+0000] {processor.py:840} INFO - DAG(s) 'tutorial_dag' retrieved from /home/airflow/.local/lib/python3.12/site-packages/airflow/example_dags/tutorial_dag.py
[2026-05-08T22:05:19.679+0000] {logging_mixin.py:188} INFO - [2026-05-08T22:05:19.679+0000] {dag.py:3089} INFO - Sync 1 DAGs
[2026-05-08T22:05:19.687+0000] {logging_mixin.py:188} INFO - [2026-05-08T22:05:19.687+0000] {dag.py:3947} INFO - Setting next_dagrun for tutorial_dag to None, run_after=None
[2026-05-08T22:05:19.703+0000] {processor.py:183} INFO - Processing /home/airflow/.local/lib/python3.12/site-packages/airflow/example_dags/tutorial_dag.py took 0.117 seconds
[2026-05-08T22:05:50.446+0000] {processor.py:161} INFO - Started process (PID=216) to work on /home/airflow/.local/lib/python3.12/site-packages/airflow/example_dags/tutorial_dag.py
[2026-05-08T22:05:50.447+0000] {processor.py:830} INFO - Processing file /home/airflow/.local/lib/python3.12/site-packages/airflow/example_dags/tutorial_dag.py for tasks to queue
[2026-05-08T22:05:50.448+0000] {logging_mixin.py:188} INFO - [2026-05-08T22:05:50.448+0000] {dagbag.py:545} INFO - Filling up the DagBag from /home/airflow/.local/lib/python3.12/site-packages/airflow/example_dags/tutorial_dag.py
[2026-05-08T22:05:50.453+0000] {processor.py:840} INFO - DAG(s) 'tutorial_dag' retrieved from /home/airflow/.local/lib/python3.12/site-packages/airflow/example_dags/tutorial_dag.py
[2026-05-08T22:05:50.468+0000] {logging_mixin.py:188} INFO - [2026-05-08T22:05:50.467+0000] {dag.py:3089} INFO - Sync 1 DAGs
[2026-05-08T22:05:50.478+0000] {logging_mixin.py:188} INFO - [2026-05-08T22:05:50.478+0000] {dag.py:3947} INFO - Setting next_dagrun for tutorial_dag to None, run_after=None
[2026-05-08T22:05:50.495+0000] {processor.py:183} INFO - Processing /home/airflow/.local/lib/python3.12/site-packages/airflow/example_dags/tutorial_dag.py took 0.055 seconds
[2026-05-08T22:06:20.774+0000] {processor.py:161} INFO - Started process (PID=275) to work on /home/airflow/.local/lib/python3.12/site-packages/airflow/example_dags/tutorial_dag.py
[2026-05-08T22:06:20.775+0000] {processor.py:830} INFO - Processing file /home/airflow/.local/lib/python3.12/site-packages/airflow/example_dags/tutorial_dag.py for tasks to queue
[2026-05-08T22:06:20.778+0000] {logging_mixin.py:188} INFO - [2026-05-08T22:06:20.777+0000] {dagbag.py:545} INFO - Filling up the DagBag from /home/airflow/.local/lib/python3.12/site-packages/airflow/example_dags/tutorial_dag.py
[2026-05-08T22:06:20.782+0000] {processor.py:840} INFO - DAG(s) 'tutorial_dag' retrieved from /home/airflow/.local/lib/python3.12/site-packages/airflow/example_dags/tutorial_dag.py
[2026-05-08T22:06:20.801+0000] {logging_mixin.py:188} INFO - [2026-05-08T22:06:20.801+0000] {dag.py:3089} INFO - Sync 1 DAGs
[2026-05-08T22:06:20.812+0000] {logging_mixin.py:188} INFO - [2026-05-08T22:06:20.811+0000] {dag.py:3947} INFO - Setting next_dagrun for tutorial_dag to None, run_after=None
[2026-05-08T22:06:20.827+0000] {processor.py:183} INFO - Processing /home/airflow/.local/lib/python3.12/site-packages/airflow/example_dags/tutorial_dag.py took 0.058 seconds
[2026-05-08T22:06:50.954+0000] {processor.py:161} INFO - Started process (PID=334) to work on /home/airflow/.local/lib/python3.12/site-packages/airflow/example_dags/tutorial_dag.py
[2026-05-08T22:06:50.955+0000] {processor.py:830} INFO - Processing file /home/airflow/.local/lib/python3.12/site-packages/airflow/example_dags/tutorial_dag.py for tasks to queue
[2026-05-08T22:06:50.957+0000] {logging_mixin.py:188} INFO - [2026-05-08T22:06:50.956+0000] {dagbag.py:545} INFO - Filling up the DagBag from /home/airflow/.local/lib/python3.12/site-packages/airflow/example_dags/tutorial_dag.py
[2026-05-08T22:06:50.962+0000] {processor.py:840} INFO - DAG(s) 'tutorial_dag' retrieved from /home/airflow/.local/lib/python3.12/site-packages/airflow/example_dags/tutorial_dag.py
[2026-05-08T22:06:50.981+0000] {logging_mixin.py:188} INFO - [2026-05-08T22:06:50.981+0000] {dag.py:3089} INFO - Sync 1 DAGs
[2026-05-08T22:06:50.989+0000] {logging_mixin.py:188} INFO - [2026-05-08T22:06:50.989+0000] {dag.py:3947} INFO - Setting next_dagrun for tutorial_dag to None, run_after=None
[2026-05-08T22:06:51.003+0000] {processor.py:183} INFO - Processing /home/airflow/.local/lib/python3.12/site-packages/airflow/example_dags/tutorial_dag.py took 0.055 seconds
[2026-05-08T22:07:21.840+0000] {processor.py:161} INFO - Started process (PID=393) to work on /home/airflow/.local/lib/python3.12/site-packages/airflow/example_dags/tutorial_dag.py
[2026-05-08T22:07:21.841+0000] {processor.py:830} INFO - Processing file /home/airflow/.local/lib/python3.12/site-packages/airflow/example_dags/tutorial_dag.py for tasks to queue
[2026-05-08T22:07:21.846+0000] {logging_mixin.py:188} INFO - [2026-05-08T22:07:21.845+0000] {dagbag.py:545} INFO - Filling up the DagBag from /home/airflow/.local/lib/python3.12/site-packages/airflow/example_dags/tutorial_dag.py
[2026-05-08T22:07:21.852+0000] {processor.py:840} INFO - DAG(s) 'tutorial_dag' retrieved from /home/airflow/.local/lib/python3.12/site-packages/airflow/example_dags/tutorial_dag.py
[2026-05-08T22:07:21.876+0000] {logging_mixin.py:188} INFO - [2026-05-08T22:07:21.876+0000] {dag.py:3089} INFO - Sync 1 DAGs
[2026-05-08T22:07:21.889+0000] {logging_mixin.py:188} INFO - [2026-05-08T22:07:21.888+0000] {dag.py:3947} INFO - Setting next_dagrun for tutorial_dag to None, run_after=None
[2026-05-08T22:07:21.907+0000] {processor.py:183} INFO - Processing /home/airflow/.local/lib/python3.12/site-packages/airflow/example_dags/tutorial_dag.py took 0.078 seconds
[2026-05-08T22:07:52.546+0000] {processor.py:161} INFO - Started process (PID=452) to work on /home/airflow/.local/lib/python3.12/site-packages/airflow/example_dags/tutorial_dag.py
[2026-05-08T22:07:52.547+0000] {processor.py:830} INFO - Processing file /home/airflow/.local/lib/python3.12/site-packages/airflow/example_dags/tutorial_dag.py for tasks to queue
[2026-05-08T22:07:52.549+0000] {logging_mixin.py:188} INFO - [2026-05-08T22:07:52.549+0000] {dagbag.py:545} INFO - Filling up the DagBag from /home/airflow/.local/lib/python3.12/site-packages/airflow/example_dags/tutorial_dag.py
[2026-05-08T22:07:52.555+0000] {processor.py:840} INFO - DAG(s) 'tutorial_dag' retrieved from /home/airflow/.local/lib/python3.12/site-packages/airflow/example_dags/tutorial_dag.py
[2026-05-08T22:07:52.572+0000] {logging_mixin.py:188} INFO - [2026-05-08T22:07:52.572+0000] {dag.py:3089} INFO - Sync 1 DAGs
[2026-05-08T22:07:52.583+0000] {logging_mixin.py:188} INFO - [2026-05-08T22:07:52.583+0000] {dag.py:3947} INFO - Setting next_dagrun for tutorial_dag to None, run_after=None
[2026-05-08T22:07:52.598+0000] {processor.py:183} INFO - Processing /home/airflow/.local/lib/python3.12/site-packages/airflow/example_dags/tutorial_dag.py took 0.058 seconds
[2026-05-08T22:08:22.924+0000] {processor.py:161} INFO - Started process (PID=512) to work on /home/airflow/.local/lib/python3.12/site-packages/airflow/example_dags/tutorial_dag.py
[2026-05-08T22:08:22.926+0000] {processor.py:830} INFO - Processing file /home/airflow/.local/lib/python3.12/site-packages/airflow/example_dags/tutorial_dag.py for tasks to queue
[2026-05-08T22:08:22.928+0000] {logging_mixin.py:188} INFO - [2026-05-08T22:08:22.928+0000] {dagbag.py:545} INFO - Filling up the DagBag from /home/airflow/.local/lib/python3.12/site-packages/airflow/example_dags/tutorial_dag.py
[2026-05-08T22:08:22.935+0000] {processor.py:840} INFO - DAG(s) 'tutorial_dag' retrieved from /home/airflow/.local/lib/python3.12/site-packages/airflow/example_dags/tutorial_dag.py
[2026-05-08T22:08:22.960+0000] {logging_mixin.py:188} INFO - [2026-05-08T22:08:22.960+0000] {dag.py:3089} INFO - Sync 1 DAGs
[2026-05-08T22:08:22.973+0000] {logging_mixin.py:188} INFO - [2026-05-08T22:08:22.973+0000] {dag.py:3947} INFO - Setting next_dagrun for tutorial_dag to None, run_after=None
[2026-05-08T22:08:22.990+0000] {processor.py:183} INFO - Processing /home/airflow/.local/lib/python3.12/site-packages/airflow/example_dags/tutorial_dag.py took 0.074 seconds
[2026-05-08T22:08:53.406+0000] {processor.py:161} INFO - Started process (PID=570) to work on /home/airflow/.local/lib/python3.12/site-packages/airflow/example_dags/tutorial_dag.py
[2026-05-08T22:08:53.407+0000] {processor.py:830} INFO - Processing file /home/airflow/.local/lib/python3.12/site-packages/airflow/example_dags/tutorial_dag.py for tasks to queue
[2026-05-08T22:08:53.410+0000] {logging_mixin.py:188} INFO - [2026-05-08T22:08:53.410+0000] {dagbag.py:545} INFO - Filling up the DagBag from /home/airflow/.local/lib/python3.12/site-packages/airflow/example_dags/tutorial_dag.py
[2026-05-08T22:08:53.417+0000] {processor.py:840} INFO - DAG(s) 'tutorial_dag' retrieved from /home/airflow/.local/lib/python3.12/site-packages/airflow/example_dags/tutorial_dag.py
[2026-05-08T22:08:53.441+0000] {logging_mixin.py:188} INFO - [2026-05-08T22:08:53.441+0000] {dag.py:3089} INFO - Sync 1 DAGs
[2026-05-08T22:08:53.454+0000] {logging_mixin.py:188} INFO - [2026-05-08T22:08:53.454+0000] {dag.py:3947} INFO - Setting next_dagrun for tutorial_dag to None, run_after=None
[2026-05-08T22:08:53.472+0000] {processor.py:183} INFO - Processing /home/airflow/.local/lib/python3.12/site-packages/airflow/example_dags/tutorial_dag.py took 0.074 seconds
[2026-05-08T22:09:24.185+0000] {processor.py:161} INFO - Started process (PID=629) to work on /home/airflow/.local/lib/python3.12/site-packages/airflow/example_dags/tutorial_dag.py
[2026-05-08T22:09:24.186+0000] {processor.py:830} INFO - Processing file /home/airflow/.local/lib/python3.12/site-packages/airflow/example_dags/tutorial_dag.py for tasks to queue
[2026-05-08T22:09:24.189+0000] {logging_mixin.py:188} INFO - [2026-05-08T22:09:24.188+0000] {dagbag.py:545} INFO - Filling up the DagBag from /home/airflow/.local/lib/python3.12/site-packages/airflow/example_dags/tutorial_dag.py
[2026-05-08T22:09:24.195+0000] {processor.py:840} INFO - DAG(s) 'tutorial_dag' retrieved from /home/airflow/.local/lib/python3.12/site-packages/airflow/example_dags/tutorial_dag.py
[2026-05-08T22:09:24.219+0000] {logging_mixin.py:188} INFO - [2026-05-08T22:09:24.218+0000] {dag.py:3089} INFO - Sync 1 DAGs
[2026-05-08T22:09:24.231+0000] {logging_mixin.py:188} INFO - [2026-05-08T22:09:24.231+0000] {dag.py:3947} INFO - Setting next_dagrun for tutorial_dag to None, run_after=None
[2026-05-08T22:09:24.250+0000] {processor.py:183} INFO - Processing /home/airflow/.local/lib/python3.12/site-packages/airflow/example_dags/tutorial_dag.py took 0.073 seconds
[2026-05-08T22:09:54.888+0000] {processor.py:161} INFO - Started process (PID=688) to work on /home/airflow/.local/lib/python3.12/site-packages/airflow/example_dags/tutorial_dag.py
[2026-05-08T22:09:54.889+0000] {processor.py:830} INFO - Processing file /home/airflow/.local/lib/python3.12/site-packages/airflow/example_dags/tutorial_dag.py for tasks to queue
[2026-05-08T22:09:54.891+0000] {logging_mixin.py:188} INFO - [2026-05-08T22:09:54.891+0000] {dagbag.py:545} INFO - Filling up the DagBag from /home/airflow/.local/lib/python3.12/site-packages/airflow/example_dags/tutorial_dag.py
[2026-05-08T22:09:54.898+0000] {processor.py:840} INFO - DAG(s) 'tutorial_dag' retrieved from /home/airflow/.local/lib/python3.12/site-packages/airflow/example_dags/tutorial_dag.py
[2026-05-08T22:09:54.919+0000] {logging_mixin.py:188} INFO - [2026-05-08T22:09:54.919+0000] {dag.py:3089} INFO - Sync 1 DAGs
[2026-05-08T22:09:54.929+0000] {logging_mixin.py:188} INFO - [2026-05-08T22:09:54.929+0000] {dag.py:3947} INFO - Setting next_dagrun for tutorial_dag to None, run_after=None
[2026-05-08T22:09:54.946+0000] {processor.py:183} INFO - Processing /home/airflow/.local/lib/python3.12/site-packages/airflow/example_dags/tutorial_dag.py took 0.066 seconds
[2026-05-08T22:10:25.530+0000] {processor.py:161} INFO - Started process (PID=747) to work on /home/airflow/.local/lib/python3.12/site-packages/airflow/example_dags/tutorial_dag.py
[2026-05-08T22:10:25.532+0000] {processor.py:830} INFO - Processing file /home/airflow/.local/lib/python3.12/site-packages/airflow/example_dags/tutorial_dag.py for tasks to queue
[2026-05-08T22:10:25.534+0000] {logging_mixin.py:188} INFO - [2026-05-08T22:10:25.534+0000] {dagbag.py:545} INFO - Filling up the DagBag from /home/airflow/.local/lib/python3.12/site-packages/airflow/example_dags/tutorial_dag.py
[2026-05-08T22:10:25.542+0000] {processor.py:840} INFO - DAG(s) 'tutorial_dag' retrieved from /home/airflow/.local/lib/python3.12/site-packages/airflow/example_dags/tutorial_dag.py
[2026-05-08T22:10:25.567+0000] {logging_mixin.py:188} INFO - [2026-05-08T22:10:25.567+0000] {dag.py:3089} INFO - Sync 1 DAGs
[2026-05-08T22:10:25.579+0000] {logging_mixin.py:188} INFO - [2026-05-08T22:10:25.579+0000] {dag.py:3947} INFO - Setting next_dagrun for tutorial_dag to None, run_after=None
[2026-05-08T22:10:25.599+0000] {processor.py:183} INFO - Processing /home/airflow/.local/lib/python3.12/site-packages/airflow/example_dags/tutorial_dag.py took 0.078 seconds
[2026-05-08T22:10:56.510+0000] {processor.py:161} INFO - Started process (PID=806) to work on /home/airflow/.local/lib/python3.12/site-packages/airflow/example_dags/tutorial_dag.py
[2026-05-08T22:10:56.511+0000] {processor.py:830} INFO - Processing file /home/airflow/.local/lib/python3.12/site-packages/airflow/example_dags/tutorial_dag.py for tasks to queue
[2026-05-08T22:10:56.514+0000] {logging_mixin.py:188} INFO - [2026-05-08T22:10:56.514+0000] {dagbag.py:545} INFO - Filling up the DagBag from /home/airflow/.local/lib/python3.12/site-packages/airflow/example_dags/tutorial_dag.py
[2026-05-08T22:10:56.520+0000] {processor.py:840} INFO - DAG(s) 'tutorial_dag' retrieved from /home/airflow/.local/lib/python3.12/site-packages/airflow/example_dags/tutorial_dag.py
[2026-05-08T22:10:56.545+0000] {logging_mixin.py:188} INFO - [2026-05-08T22:10:56.545+0000] {dag.py:3089} INFO - Sync 1 DAGs
[2026-05-08T22:10:56.559+0000] {logging_mixin.py:188} INFO - [2026-05-08T22:10:56.558+0000] {dag.py:3947} INFO - Setting next_dagrun for tutorial_dag to None, run_after=None
[2026-05-08T22:10:56.577+0000] {processor.py:183} INFO - Processing /home/airflow/.local/lib/python3.12/site-packages/airflow/example_dags/tutorial_dag.py took 0.074 seconds
[2026-05-08T22:11:27.167+0000] {processor.py:161} INFO - Started process (PID=865) to work on /home/airflow/.local/lib/python3.12/site-packages/airflow/example_dags/tutorial_dag.py
[2026-05-08T22:11:27.169+0000] {processor.py:830} INFO - Processing file /home/airflow/.local/lib/python3.12/site-packages/airflow/example_dags/tutorial_dag.py for tasks to queue
[2026-05-08T22:11:27.171+0000] {logging_mixin.py:188} INFO - [2026-05-08T22:11:27.171+0000] {dagbag.py:545} INFO - Filling up the DagBag from /home/airflow/.local/lib/python3.12/site-packages/airflow/example_dags/tutorial_dag.py
[2026-05-08T22:11:27.177+0000] {processor.py:840} INFO - DAG(s) 'tutorial_dag' retrieved from /home/airflow/.local/lib/python3.12/site-packages/airflow/example_dags/tutorial_dag.py
[2026-05-08T22:11:27.199+0000] {logging_mixin.py:188} INFO - [2026-05-08T22:11:27.199+0000] {dag.py:3089} INFO - Sync 1 DAGs
[2026-05-08T22:11:27.211+0000] {logging_mixin.py:188} INFO - [2026-05-08T22:11:27.211+0000] {dag.py:3947} INFO - Setting next_dagrun for tutorial_dag to None, run_after=None
[2026-05-08T22:11:27.231+0000] {processor.py:183} INFO - Processing /home/airflow/.local/lib/python3.12/site-packages/airflow/example_dags/tutorial_dag.py took 0.072 seconds
[2026-05-08T22:11:57.709+0000] {processor.py:161} INFO - Started process (PID=924) to work on /home/airflow/.local/lib/python3.12/site-packages/airflow/example_dags/tutorial_dag.py
[2026-05-08T22:11:57.711+0000] {processor.py:830} INFO - Processing file /home/airflow/.local/lib/python3.12/site-packages/airflow/example_dags/tutorial_dag.py for tasks to queue
[2026-05-08T22:11:57.713+0000] {logging_mixin.py:188} INFO - [2026-05-08T22:11:57.713+0000] {dagbag.py:545} INFO - Filling up the DagBag from /home/airflow/.local/lib/python3.12/site-packages/airflow/example_dags/tutorial_dag.py
[2026-05-08T22:11:57.720+0000] {processor.py:840} INFO - DAG(s) 'tutorial_dag' retrieved from /home/airflow/.local/lib/python3.12/site-packages/airflow/example_dags/tutorial_dag.py
[2026-05-08T22:11:57.743+0000] {logging_mixin.py:188} INFO - [2026-05-08T22:11:57.742+0000] {dag.py:3089} INFO - Sync 1 DAGs
[2026-05-08T22:11:57.755+0000] {logging_mixin.py:188} INFO - [2026-05-08T22:11:57.755+0000] {dag.py:3947} INFO - Setting next_dagrun for tutorial_dag to None, run_after=None
[2026-05-08T22:11:57.771+0000] {processor.py:183} INFO - Processing /home/airflow/.local/lib/python3.12/site-packages/airflow/example_dags/tutorial_dag.py took 0.068 seconds
[2026-05-08T22:12:27.811+0000] {processor.py:161} INFO - Started process (PID=982) to work on /home/airflow/.local/lib/python3.12/site-packages/airflow/example_dags/tutorial_dag.py
[2026-05-08T22:12:27.811+0000] {processor.py:830} INFO - Processing file /home/airflow/.local/lib/python3.12/site-packages/airflow/example_dags/tutorial_dag.py for tasks to queue
[2026-05-08T22:12:27.813+0000] {logging_mixin.py:188} INFO - [2026-05-08T22:12:27.813+0000] {dagbag.py:545} INFO - Filling up the DagBag from /home/airflow/.local/lib/python3.12/site-packages/airflow/example_dags/tutorial_dag.py
[2026-05-08T22:12:27.818+0000] {processor.py:840} INFO - DAG(s) 'tutorial_dag' retrieved from /home/airflow/.local/lib/python3.12/site-packages/airflow/example_dags/tutorial_dag.py
[2026-05-08T22:12:27.837+0000] {logging_mixin.py:188} INFO - [2026-05-08T22:12:27.837+0000] {dag.py:3089} INFO - Sync 1 DAGs
[2026-05-08T22:12:27.847+0000] {logging_mixin.py:188} INFO - [2026-05-08T22:12:27.847+0000] {dag.py:3947} INFO - Setting next_dagrun for tutorial_dag to None, run_after=None
[2026-05-08T22:12:27.861+0000] {processor.py:183} INFO - Processing /home/airflow/.local/lib/python3.12/site-packages/airflow/example_dags/tutorial_dag.py took 0.056 seconds
[2026-05-08T22:12:59.162+0000] {processor.py:161} INFO - Started process (PID=1042) to work on /home/airflow/.local/lib/python3.12/site-packages/airflow/example_dags/tutorial_dag.py
[2026-05-08T22:12:59.164+0000] {processor.py:830} INFO - Processing file /home/airflow/.local/lib/python3.12/site-packages/airflow/example_dags/tutorial_dag.py for tasks to queue
[2026-05-08T22:12:59.169+0000] {logging_mixin.py:188} INFO - [2026-05-08T22:12:59.169+0000] {dagbag.py:545} INFO - Filling up the DagBag from /home/airflow/.local/lib/python3.12/site-packages/airflow/example_dags/tutorial_dag.py
[2026-05-08T22:12:59.177+0000] {processor.py:840} INFO - DAG(s) 'tutorial_dag' retrieved from /home/airflow/.local/lib/python3.12/site-packages/airflow/example_dags/tutorial_dag.py
[2026-05-08T22:12:59.200+0000] {logging_mixin.py:188} INFO - [2026-05-08T22:12:59.200+0000] {dag.py:3089} INFO - Sync 1 DAGs
[2026-05-08T22:12:59.210+0000] {logging_mixin.py:188} INFO - [2026-05-08T22:12:59.210+0000] {dag.py:3947} INFO - Setting next_dagrun for tutorial_dag to None, run_after=None
[2026-05-08T22:12:59.233+0000] {processor.py:183} INFO - Processing /home/airflow/.local/lib/python3.12/site-packages/airflow/example_dags/tutorial_dag.py took 0.081 seconds
[2026-05-08T22:13:29.516+0000] {processor.py:161} INFO - Started process (PID=1101) to work on /home/airflow/.local/lib/python3.12/site-packages/airflow/example_dags/tutorial_dag.py
[2026-05-08T22:13:29.517+0000] {processor.py:830} INFO - Processing file /home/airflow/.local/lib/python3.12/site-packages/airflow/example_dags/tutorial_dag.py for tasks to queue
[2026-05-08T22:13:29.520+0000] {logging_mixin.py:188} INFO - [2026-05-08T22:13:29.520+0000] {dagbag.py:545} INFO - Filling up the DagBag from /home/airflow/.local/lib/python3.12/site-packages/airflow/example_dags/tutorial_dag.py
[2026-05-08T22:13:29.526+0000] {processor.py:840} INFO - DAG(s) 'tutorial_dag' retrieved from /home/airflow/.local/lib/python3.12/site-packages/airflow/example_dags/tutorial_dag.py
[2026-05-08T22:13:29.542+0000] {logging_mixin.py:188} INFO - [2026-05-08T22:13:29.542+0000] {dag.py:3089} INFO - Sync 1 DAGs
[2026-05-08T22:13:29.552+0000] {logging_mixin.py:188} INFO - [2026-05-08T22:13:29.552+0000] {dag.py:3947} INFO - Setting next_dagrun for tutorial_dag to None, run_after=None
[2026-05-08T22:13:29.567+0000] {processor.py:183} INFO - Processing /home/airflow/.local/lib/python3.12/site-packages/airflow/example_dags/tutorial_dag.py took 0.059 seconds
[2026-05-08T22:13:59.974+0000] {processor.py:161} INFO - Started process (PID=1160) to work on /home/airflow/.local/lib/python3.12/site-packages/airflow/example_dags/tutorial_dag.py
[2026-05-08T22:13:59.974+0000] {processor.py:830} INFO - Processing file /home/airflow/.local/lib/python3.12/site-packages/airflow/example_dags/tutorial_dag.py for tasks to queue
[2026-05-08T22:13:59.976+0000] {logging_mixin.py:188} INFO - [2026-05-08T22:13:59.976+0000] {dagbag.py:545} INFO - Filling up the DagBag from /home/airflow/.local/lib/python3.12/site-packages/airflow/example_dags/tutorial_dag.py
[2026-05-08T22:13:59.981+0000] {processor.py:840} INFO - DAG(s) 'tutorial_dag' retrieved from /home/airflow/.local/lib/python3.12/site-packages/airflow/example_dags/tutorial_dag.py
[2026-05-08T22:13:59.999+0000] {logging_mixin.py:188} INFO - [2026-05-08T22:13:59.999+0000] {dag.py:3089} INFO - Sync 1 DAGs
[2026-05-08T22:14:00.008+0000] {logging_mixin.py:188} INFO - [2026-05-08T22:14:00.008+0000] {dag.py:3947} INFO - Setting next_dagrun for tutorial_dag to None, run_after=None
[2026-05-08T22:14:00.023+0000] {processor.py:183} INFO - Processing /home/airflow/.local/lib/python3.12/site-packages/airflow/example_dags/tutorial_dag.py took 0.056 seconds
[2026-05-08T22:14:30.375+0000] {processor.py:161} INFO - Started process (PID=1219) to work on /home/airflow/.local/lib/python3.12/site-packages/airflow/example_dags/tutorial_dag.py
[2026-05-08T22:14:30.375+0000] {processor.py:830} INFO - Processing file /home/airflow/.local/lib/python3.12/site-packages/airflow/example_dags/tutorial_dag.py for tasks to queue
[2026-05-08T22:14:30.378+0000] {logging_mixin.py:188} INFO - [2026-05-08T22:14:30.377+0000] {dagbag.py:545} INFO - Filling up the DagBag from /home/airflow/.local/lib/python3.12/site-packages/airflow/example_dags/tutorial_dag.py
[2026-05-08T22:14:30.382+0000] {processor.py:840} INFO - DAG(s) 'tutorial_dag' retrieved from /home/airflow/.local/lib/python3.12/site-packages/airflow/example_dags/tutorial_dag.py
[2026-05-08T22:14:30.400+0000] {logging_mixin.py:188} INFO - [2026-05-08T22:14:30.400+0000] {dag.py:3089} INFO - Sync 1 DAGs
[2026-05-08T22:14:30.410+0000] {logging_mixin.py:188} INFO - [2026-05-08T22:14:30.409+0000] {dag.py:3947} INFO - Setting next_dagrun for tutorial_dag to None, run_after=None
[2026-05-08T22:14:30.425+0000] {processor.py:183} INFO - Processing /home/airflow/.local/lib/python3.12/site-packages/airflow/example_dags/tutorial_dag.py took 0.056 seconds
[2026-05-08T22:15:00.805+0000] {processor.py:161} INFO - Started process (PID=1278) to work on /home/airflow/.local/lib/python3.12/site-packages/airflow/example_dags/tutorial_dag.py
[2026-05-08T22:15:00.807+0000] {processor.py:830} INFO - Processing file /home/airflow/.local/lib/python3.12/site-packages/airflow/example_dags/tutorial_dag.py for tasks to queue
[2026-05-08T22:15:00.808+0000] {logging_mixin.py:188} INFO - [2026-05-08T22:15:00.808+0000] {dagbag.py:545} INFO - Filling up the DagBag from /home/airflow/.local/lib/python3.12/site-packages/airflow/example_dags/tutorial_dag.py
[2026-05-08T22:15:00.813+0000] {processor.py:840} INFO - DAG(s) 'tutorial_dag' retrieved from /home/airflow/.local/lib/python3.12/site-packages/airflow/example_dags/tutorial_dag.py
[2026-05-08T22:15:00.832+0000] {logging_mixin.py:188} INFO - [2026-05-08T22:15:00.831+0000] {dag.py:3089} INFO - Sync 1 DAGs
[2026-05-08T22:15:00.842+0000] {logging_mixin.py:188} INFO - [2026-05-08T22:15:00.842+0000] {dag.py:3947} INFO - Setting next_dagrun for tutorial_dag to None, run_after=None
[2026-05-08T22:15:00.859+0000] {processor.py:183} INFO - Processing /home/airflow/.local/lib/python3.12/site-packages/airflow/example_dags/tutorial_dag.py took 0.062 seconds
[2026-05-08T22:15:31.460+0000] {processor.py:161} INFO - Started process (PID=1337) to work on /home/airflow/.local/lib/python3.12/site-packages/airflow/example_dags/tutorial_dag.py
[2026-05-08T22:15:31.462+0000] {processor.py:830} INFO - Processing file /home/airflow/.local/lib/python3.12/site-packages/airflow/example_dags/tutorial_dag.py for tasks to queue
[2026-05-08T22:15:31.464+0000] {logging_mixin.py:188} INFO - [2026-05-08T22:15:31.463+0000] {dagbag.py:545} INFO - Filling up the DagBag from /home/airflow/.local/lib/python3.12/site-packages/airflow/example_dags/tutorial_dag.py
[2026-05-08T22:15:31.469+0000] {processor.py:840} INFO - DAG(s) 'tutorial_dag' retrieved from /home/airflow/.local/lib/python3.12/site-packages/airflow/example_dags/tutorial_dag.py
[2026-05-08T22:15:31.486+0000] {logging_mixin.py:188} INFO - [2026-05-08T22:15:31.486+0000] {dag.py:3089} INFO - Sync 1 DAGs
[2026-05-08T22:15:31.497+0000] {logging_mixin.py:188} INFO - [2026-05-08T22:15:31.496+0000] {dag.py:3947} INFO - Setting next_dagrun for tutorial_dag to None, run_after=None
[2026-05-08T22:15:31.512+0000] {processor.py:183} INFO - Processing /home/airflow/.local/lib/python3.12/site-packages/airflow/example_dags/tutorial_dag.py took 0.059 seconds
[2026-05-08T22:16:02.140+0000] {processor.py:161} INFO - Started process (PID=1396) to work on /home/airflow/.local/lib/python3.12/site-packages/airflow/example_dags/tutorial_dag.py
[2026-05-08T22:16:02.142+0000] {processor.py:830} INFO - Processing file /home/airflow/.local/lib/python3.12/site-packages/airflow/example_dags/tutorial_dag.py for tasks to queue
[2026-05-08T22:16:02.145+0000] {logging_mixin.py:188} INFO - [2026-05-08T22:16:02.144+0000] {dagbag.py:545} INFO - Filling up the DagBag from /home/airflow/.local/lib/python3.12/site-packages/airflow/example_dags/tutorial_dag.py
[2026-05-08T22:16:02.151+0000] {processor.py:840} INFO - DAG(s) 'tutorial_dag' retrieved from /home/airflow/.local/lib/python3.12/site-packages/airflow/example_dags/tutorial_dag.py
[2026-05-08T22:16:02.177+0000] {logging_mixin.py:188} INFO - [2026-05-08T22:16:02.177+0000] {dag.py:3089} INFO - Sync 1 DAGs
[2026-05-08T22:16:02.188+0000] {logging_mixin.py:188} INFO - [2026-05-08T22:16:02.188+0000] {dag.py:3947} INFO - Setting next_dagrun for tutorial_dag to None, run_after=None
[2026-05-08T22:16:02.203+0000] {processor.py:183} INFO - Processing /home/airflow/.local/lib/python3.12/site-packages/airflow/example_dags/tutorial_dag.py took 0.072 seconds
[2026-05-08T22:16:32.524+0000] {processor.py:161} INFO - Started process (PID=1455) to work on /home/airflow/.local/lib/python3.12/site-packages/airflow/example_dags/tutorial_dag.py
[2026-05-08T22:16:32.526+0000] {processor.py:830} INFO - Processing file /home/airflow/.local/lib/python3.12/site-packages/airflow/example_dags/tutorial_dag.py for tasks to queue
[2026-05-08T22:16:32.528+0000] {logging_mixin.py:188} INFO - [2026-05-08T22:16:32.527+0000] {dagbag.py:545} INFO - Filling up the DagBag from /home/airflow/.local/lib/python3.12/site-packages/airflow/example_dags/tutorial_dag.py
[2026-05-08T22:16:32.532+0000] {processor.py:840} INFO - DAG(s) 'tutorial_dag' retrieved from /home/airflow/.local/lib/python3.12/site-packages/airflow/example_dags/tutorial_dag.py
[2026-05-08T22:16:32.552+0000] {logging_mixin.py:188} INFO - [2026-05-08T22:16:32.552+0000] {dag.py:3089} INFO - Sync 1 DAGs
[2026-05-08T22:16:32.563+0000] {logging_mixin.py:188} INFO - [2026-05-08T22:16:32.563+0000] {dag.py:3947} INFO - Setting next_dagrun for tutorial_dag to None, run_after=None
[2026-05-08T22:16:32.579+0000] {processor.py:183} INFO - Processing /home/airflow/.local/lib/python3.12/site-packages/airflow/example_dags/tutorial_dag.py took 0.061 seconds
[2026-05-08T22:17:03.152+0000] {processor.py:161} INFO - Started process (PID=1514) to work on /home/airflow/.local/lib/python3.12/site-packages/airflow/example_dags/tutorial_dag.py
[2026-05-08T22:17:03.153+0000] {processor.py:830} INFO - Processing file /home/airflow/.local/lib/python3.12/site-packages/airflow/example_dags/tutorial_dag.py for tasks to queue
[2026-05-08T22:17:03.156+0000] {logging_mixin.py:188} INFO - [2026-05-08T22:17:03.155+0000] {dagbag.py:545} INFO - Filling up the DagBag from /home/airflow/.local/lib/python3.12/site-packages/airflow/example_dags/tutorial_dag.py
[2026-05-08T22:17:03.163+0000] {processor.py:840} INFO - DAG(s) 'tutorial_dag' retrieved from /home/airflow/.local/lib/python3.12/site-packages/airflow/example_dags/tutorial_dag.py
[2026-05-08T22:17:03.188+0000] {logging_mixin.py:188} INFO - [2026-05-08T22:17:03.188+0000] {dag.py:3089} INFO - Sync 1 DAGs
[2026-05-08T22:17:03.203+0000] {logging_mixin.py:188} INFO - [2026-05-08T22:17:03.202+0000] {dag.py:3947} INFO - Setting next_dagrun for tutorial_dag to None, run_after=None
[2026-05-08T22:17:03.225+0000] {processor.py:183} INFO - Processing /home/airflow/.local/lib/python3.12/site-packages/airflow/example_dags/tutorial_dag.py took 0.082 seconds
[2026-05-08T22:17:34.199+0000] {processor.py:161} INFO - Started process (PID=1573) to work on /home/airflow/.local/lib/python3.12/site-packages/airflow/example_dags/tutorial_dag.py
[2026-05-08T22:17:34.200+0000] {processor.py:830} INFO - Processing file /home/airflow/.local/lib/python3.12/site-packages/airflow/example_dags/tutorial_dag.py for tasks to queue
[2026-05-08T22:17:34.202+0000] {logging_mixin.py:188} INFO - [2026-05-08T22:17:34.201+0000] {dagbag.py:545} INFO - Filling up the DagBag from /home/airflow/.local/lib/python3.12/site-packages/airflow/example_dags/tutorial_dag.py
[2026-05-08T22:17:34.207+0000] {processor.py:840} INFO - DAG(s) 'tutorial_dag' retrieved from /home/airflow/.local/lib/python3.12/site-packages/airflow/example_dags/tutorial_dag.py
[2026-05-08T22:17:34.227+0000] {logging_mixin.py:188} INFO - [2026-05-08T22:17:34.227+0000] {dag.py:3089} INFO - Sync 1 DAGs
[2026-05-08T22:17:34.236+0000] {logging_mixin.py:188} INFO - [2026-05-08T22:17:34.236+0000] {dag.py:3947} INFO - Setting next_dagrun for tutorial_dag to None, run_after=None
[2026-05-08T22:17:34.252+0000] {processor.py:183} INFO - Processing /home/airflow/.local/lib/python3.12/site-packages/airflow/example_dags/tutorial_dag.py took 0.059 seconds
[2026-05-08T22:18:58.204+0000] {processor.py:161} INFO - Started process (PID=97) to work on /home/airflow/.local/lib/python3.12/site-packages/airflow/example_dags/tutorial_dag.py
[2026-05-08T22:18:58.205+0000] {processor.py:830} INFO - Processing file /home/airflow/.local/lib/python3.12/site-packages/airflow/example_dags/tutorial_dag.py for tasks to queue
[2026-05-08T22:18:58.206+0000] {logging_mixin.py:188} INFO - [2026-05-08T22:18:58.206+0000] {dagbag.py:545} INFO - Filling up the DagBag from /home/airflow/.local/lib/python3.12/site-packages/airflow/example_dags/tutorial_dag.py
[2026-05-08T22:18:58.212+0000] {processor.py:840} INFO - DAG(s) 'tutorial_dag' retrieved from /home/airflow/.local/lib/python3.12/site-packages/airflow/example_dags/tutorial_dag.py
[2026-05-08T22:18:58.224+0000] {logging_mixin.py:188} INFO - [2026-05-08T22:18:58.224+0000] {dag.py:3089} INFO - Sync 1 DAGs
[2026-05-08T22:18:58.238+0000] {logging_mixin.py:188} INFO - [2026-05-08T22:18:58.238+0000] {dag.py:3947} INFO - Setting next_dagrun for tutorial_dag to None, run_after=None
[2026-05-08T22:18:58.255+0000] {processor.py:183} INFO - Processing /home/airflow/.local/lib/python3.12/site-packages/airflow/example_dags/tutorial_dag.py took 0.058 seconds
[2026-05-08T22:19:30.582+0000] {processor.py:161} INFO - Started process (PID=156) to work on /home/airflow/.local/lib/python3.12/site-packages/airflow/example_dags/tutorial_dag.py
[2026-05-08T22:19:30.583+0000] {processor.py:830} INFO - Processing file /home/airflow/.local/lib/python3.12/site-packages/airflow/example_dags/tutorial_dag.py for tasks to queue
[2026-05-08T22:19:30.585+0000] {logging_mixin.py:188} INFO - [2026-05-08T22:19:30.585+0000] {dagbag.py:545} INFO - Filling up the DagBag from /home/airflow/.local/lib/python3.12/site-packages/airflow/example_dags/tutorial_dag.py
[2026-05-08T22:19:30.591+0000] {processor.py:840} INFO - DAG(s) 'tutorial_dag' retrieved from /home/airflow/.local/lib/python3.12/site-packages/airflow/example_dags/tutorial_dag.py
[2026-05-08T22:19:30.676+0000] {logging_mixin.py:188} INFO - [2026-05-08T22:19:30.676+0000] {dag.py:3089} INFO - Sync 1 DAGs
[2026-05-08T22:19:30.685+0000] {logging_mixin.py:188} INFO - [2026-05-08T22:19:30.684+0000] {dag.py:3947} INFO - Setting next_dagrun for tutorial_dag to None, run_after=None
[2026-05-08T22:19:30.701+0000] {processor.py:183} INFO - Processing /home/airflow/.local/lib/python3.12/site-packages/airflow/example_dags/tutorial_dag.py took 0.126 seconds
