[2026-05-10T08:47:01.813+0000] {processor.py:161} INFO - Started process (PID=78) to work on /home/airflow/.local/lib/python3.12/site-packages/airflow/example_dags/example_params_trigger_ui.py
[2026-05-10T08:47:01.814+0000] {processor.py:830} INFO - Processing file /home/airflow/.local/lib/python3.12/site-packages/airflow/example_dags/example_params_trigger_ui.py for tasks to queue
[2026-05-10T08:47:01.816+0000] {logging_mixin.py:188} INFO - [2026-05-10T08:47:01.815+0000] {dagbag.py:545} INFO - Filling up the DagBag from /home/airflow/.local/lib/python3.12/site-packages/airflow/example_dags/example_params_trigger_ui.py
[2026-05-10T08:47:01.832+0000] {processor.py:840} INFO - DAG(s) 'example_params_trigger_ui' retrieved from /home/airflow/.local/lib/python3.12/site-packages/airflow/example_dags/example_params_trigger_ui.py
[2026-05-10T08:47:01.846+0000] {logging_mixin.py:188} INFO - [2026-05-10T08:47:01.845+0000] {dag.py:3089} INFO - Sync 1 DAGs
[2026-05-10T08:47:01.859+0000] {logging_mixin.py:188} INFO - [2026-05-10T08:47:01.859+0000] {dag.py:3947} INFO - Setting next_dagrun for example_params_trigger_ui to None, run_after=None
[2026-05-10T08:47:01.874+0000] {processor.py:183} INFO - Processing /home/airflow/.local/lib/python3.12/site-packages/airflow/example_dags/example_params_trigger_ui.py took 0.067 seconds
[2026-05-10T08:47:32.805+0000] {processor.py:161} INFO - Started process (PID=137) to work on /home/airflow/.local/lib/python3.12/site-packages/airflow/example_dags/example_params_trigger_ui.py
[2026-05-10T08:47:32.805+0000] {processor.py:830} INFO - Processing file /home/airflow/.local/lib/python3.12/site-packages/airflow/example_dags/example_params_trigger_ui.py for tasks to queue
[2026-05-10T08:47:32.807+0000] {logging_mixin.py:188} INFO - [2026-05-10T08:47:32.807+0000] {dagbag.py:545} INFO - Filling up the DagBag from /home/airflow/.local/lib/python3.12/site-packages/airflow/example_dags/example_params_trigger_ui.py
[2026-05-10T08:47:32.814+0000] {processor.py:840} INFO - DAG(s) 'example_params_trigger_ui' retrieved from /home/airflow/.local/lib/python3.12/site-packages/airflow/example_dags/example_params_trigger_ui.py
[2026-05-10T08:47:32.902+0000] {logging_mixin.py:188} INFO - [2026-05-10T08:47:32.902+0000] {dag.py:3089} INFO - Sync 1 DAGs
[2026-05-10T08:47:32.909+0000] {logging_mixin.py:188} INFO - [2026-05-10T08:47:32.909+0000] {dag.py:3947} INFO - Setting next_dagrun for example_params_trigger_ui to None, run_after=None
[2026-05-10T08:47:32.922+0000] {processor.py:183} INFO - Processing /home/airflow/.local/lib/python3.12/site-packages/airflow/example_dags/example_params_trigger_ui.py took 0.123 seconds
[2026-05-10T08:48:03.259+0000] {processor.py:161} INFO - Started process (PID=196) to work on /home/airflow/.local/lib/python3.12/site-packages/airflow/example_dags/example_params_trigger_ui.py
[2026-05-10T08:48:03.259+0000] {processor.py:830} INFO - Processing file /home/airflow/.local/lib/python3.12/site-packages/airflow/example_dags/example_params_trigger_ui.py for tasks to queue
[2026-05-10T08:48:03.260+0000] {logging_mixin.py:188} INFO - [2026-05-10T08:48:03.260+0000] {dagbag.py:545} INFO - Filling up the DagBag from /home/airflow/.local/lib/python3.12/site-packages/airflow/example_dags/example_params_trigger_ui.py
[2026-05-10T08:48:03.268+0000] {processor.py:840} INFO - DAG(s) 'example_params_trigger_ui' retrieved from /home/airflow/.local/lib/python3.12/site-packages/airflow/example_dags/example_params_trigger_ui.py
[2026-05-10T08:48:03.304+0000] {logging_mixin.py:188} INFO - [2026-05-10T08:48:03.304+0000] {dag.py:3089} INFO - Sync 1 DAGs
[2026-05-10T08:48:03.313+0000] {logging_mixin.py:188} INFO - [2026-05-10T08:48:03.313+0000] {dag.py:3947} INFO - Setting next_dagrun for example_params_trigger_ui to None, run_after=None
[2026-05-10T08:48:03.329+0000] {processor.py:183} INFO - Processing /home/airflow/.local/lib/python3.12/site-packages/airflow/example_dags/example_params_trigger_ui.py took 0.076 seconds
[2026-05-10T10:24:37.616+0000] {processor.py:161} INFO - Started process (PID=79) to work on /home/airflow/.local/lib/python3.12/site-packages/airflow/example_dags/example_params_trigger_ui.py
[2026-05-10T10:24:37.617+0000] {processor.py:830} INFO - Processing file /home/airflow/.local/lib/python3.12/site-packages/airflow/example_dags/example_params_trigger_ui.py for tasks to queue
[2026-05-10T10:24:37.620+0000] {logging_mixin.py:188} INFO - [2026-05-10T10:24:37.620+0000] {dagbag.py:545} INFO - Filling up the DagBag from /home/airflow/.local/lib/python3.12/site-packages/airflow/example_dags/example_params_trigger_ui.py
[2026-05-10T10:24:37.641+0000] {processor.py:840} INFO - DAG(s) 'example_params_trigger_ui' retrieved from /home/airflow/.local/lib/python3.12/site-packages/airflow/example_dags/example_params_trigger_ui.py
[2026-05-10T10:24:37.653+0000] {logging_mixin.py:188} INFO - [2026-05-10T10:24:37.653+0000] {dag.py:3089} INFO - Sync 1 DAGs
[2026-05-10T10:24:37.666+0000] {logging_mixin.py:188} INFO - [2026-05-10T10:24:37.666+0000] {dag.py:3947} INFO - Setting next_dagrun for example_params_trigger_ui to None, run_after=None
[2026-05-10T10:24:37.684+0000] {processor.py:183} INFO - Processing /home/airflow/.local/lib/python3.12/site-packages/airflow/example_dags/example_params_trigger_ui.py took 0.075 seconds
[2026-05-10T10:25:09.593+0000] {processor.py:161} INFO - Started process (PID=139) to work on /home/airflow/.local/lib/python3.12/site-packages/airflow/example_dags/example_params_trigger_ui.py
[2026-05-10T10:25:09.593+0000] {processor.py:830} INFO - Processing file /home/airflow/.local/lib/python3.12/site-packages/airflow/example_dags/example_params_trigger_ui.py for tasks to queue
[2026-05-10T10:25:09.595+0000] {logging_mixin.py:188} INFO - [2026-05-10T10:25:09.595+0000] {dagbag.py:545} INFO - Filling up the DagBag from /home/airflow/.local/lib/python3.12/site-packages/airflow/example_dags/example_params_trigger_ui.py
[2026-05-10T10:25:09.602+0000] {processor.py:840} INFO - DAG(s) 'example_params_trigger_ui' retrieved from /home/airflow/.local/lib/python3.12/site-packages/airflow/example_dags/example_params_trigger_ui.py
[2026-05-10T10:25:09.687+0000] {logging_mixin.py:188} INFO - [2026-05-10T10:25:09.687+0000] {dag.py:3089} INFO - Sync 1 DAGs
[2026-05-10T10:25:09.694+0000] {logging_mixin.py:188} INFO - [2026-05-10T10:25:09.694+0000] {dag.py:3947} INFO - Setting next_dagrun for example_params_trigger_ui to None, run_after=None
[2026-05-10T10:25:09.707+0000] {processor.py:183} INFO - Processing /home/airflow/.local/lib/python3.12/site-packages/airflow/example_dags/example_params_trigger_ui.py took 0.120 seconds
[2026-05-10T10:25:39.986+0000] {processor.py:161} INFO - Started process (PID=199) to work on /home/airflow/.local/lib/python3.12/site-packages/airflow/example_dags/example_params_trigger_ui.py
[2026-05-10T10:25:39.987+0000] {processor.py:830} INFO - Processing file /home/airflow/.local/lib/python3.12/site-packages/airflow/example_dags/example_params_trigger_ui.py for tasks to queue
[2026-05-10T10:25:39.990+0000] {logging_mixin.py:188} INFO - [2026-05-10T10:25:39.990+0000] {dagbag.py:545} INFO - Filling up the DagBag from /home/airflow/.local/lib/python3.12/site-packages/airflow/example_dags/example_params_trigger_ui.py
[2026-05-10T10:25:39.999+0000] {processor.py:840} INFO - DAG(s) 'example_params_trigger_ui' retrieved from /home/airflow/.local/lib/python3.12/site-packages/airflow/example_dags/example_params_trigger_ui.py
[2026-05-10T10:25:40.037+0000] {logging_mixin.py:188} INFO - [2026-05-10T10:25:40.037+0000] {dag.py:3089} INFO - Sync 1 DAGs
[2026-05-10T10:25:40.046+0000] {logging_mixin.py:188} INFO - [2026-05-10T10:25:40.046+0000] {dag.py:3947} INFO - Setting next_dagrun for example_params_trigger_ui to None, run_after=None
[2026-05-10T10:25:40.059+0000] {processor.py:183} INFO - Processing /home/airflow/.local/lib/python3.12/site-packages/airflow/example_dags/example_params_trigger_ui.py took 0.085 seconds
[2026-05-10T10:26:10.242+0000] {processor.py:161} INFO - Started process (PID=259) to work on /home/airflow/.local/lib/python3.12/site-packages/airflow/example_dags/example_params_trigger_ui.py
[2026-05-10T10:26:10.243+0000] {processor.py:830} INFO - Processing file /home/airflow/.local/lib/python3.12/site-packages/airflow/example_dags/example_params_trigger_ui.py for tasks to queue
[2026-05-10T10:26:10.244+0000] {logging_mixin.py:188} INFO - [2026-05-10T10:26:10.244+0000] {dagbag.py:545} INFO - Filling up the DagBag from /home/airflow/.local/lib/python3.12/site-packages/airflow/example_dags/example_params_trigger_ui.py
[2026-05-10T10:26:10.251+0000] {processor.py:840} INFO - DAG(s) 'example_params_trigger_ui' retrieved from /home/airflow/.local/lib/python3.12/site-packages/airflow/example_dags/example_params_trigger_ui.py
[2026-05-10T10:26:10.280+0000] {logging_mixin.py:188} INFO - [2026-05-10T10:26:10.280+0000] {dag.py:3089} INFO - Sync 1 DAGs
[2026-05-10T10:26:10.292+0000] {logging_mixin.py:188} INFO - [2026-05-10T10:26:10.292+0000] {dag.py:3947} INFO - Setting next_dagrun for example_params_trigger_ui to None, run_after=None
[2026-05-10T10:26:10.306+0000] {processor.py:183} INFO - Processing /home/airflow/.local/lib/python3.12/site-packages/airflow/example_dags/example_params_trigger_ui.py took 0.070 seconds
[2026-05-10T10:26:40.431+0000] {processor.py:161} INFO - Started process (PID=319) to work on /home/airflow/.local/lib/python3.12/site-packages/airflow/example_dags/example_params_trigger_ui.py
[2026-05-10T10:26:40.432+0000] {processor.py:830} INFO - Processing file /home/airflow/.local/lib/python3.12/site-packages/airflow/example_dags/example_params_trigger_ui.py for tasks to queue
[2026-05-10T10:26:40.434+0000] {logging_mixin.py:188} INFO - [2026-05-10T10:26:40.433+0000] {dagbag.py:545} INFO - Filling up the DagBag from /home/airflow/.local/lib/python3.12/site-packages/airflow/example_dags/example_params_trigger_ui.py
[2026-05-10T10:26:40.441+0000] {processor.py:840} INFO - DAG(s) 'example_params_trigger_ui' retrieved from /home/airflow/.local/lib/python3.12/site-packages/airflow/example_dags/example_params_trigger_ui.py
[2026-05-10T10:26:40.470+0000] {logging_mixin.py:188} INFO - [2026-05-10T10:26:40.469+0000] {dag.py:3089} INFO - Sync 1 DAGs
[2026-05-10T10:26:40.478+0000] {logging_mixin.py:188} INFO - [2026-05-10T10:26:40.478+0000] {dag.py:3947} INFO - Setting next_dagrun for example_params_trigger_ui to None, run_after=None
[2026-05-10T10:26:40.491+0000] {processor.py:183} INFO - Processing /home/airflow/.local/lib/python3.12/site-packages/airflow/example_dags/example_params_trigger_ui.py took 0.066 seconds
[2026-05-10T10:27:10.690+0000] {processor.py:161} INFO - Started process (PID=379) to work on /home/airflow/.local/lib/python3.12/site-packages/airflow/example_dags/example_params_trigger_ui.py
[2026-05-10T10:27:10.691+0000] {processor.py:830} INFO - Processing file /home/airflow/.local/lib/python3.12/site-packages/airflow/example_dags/example_params_trigger_ui.py for tasks to queue
[2026-05-10T10:27:10.692+0000] {logging_mixin.py:188} INFO - [2026-05-10T10:27:10.692+0000] {dagbag.py:545} INFO - Filling up the DagBag from /home/airflow/.local/lib/python3.12/site-packages/airflow/example_dags/example_params_trigger_ui.py
[2026-05-10T10:27:10.700+0000] {processor.py:840} INFO - DAG(s) 'example_params_trigger_ui' retrieved from /home/airflow/.local/lib/python3.12/site-packages/airflow/example_dags/example_params_trigger_ui.py
[2026-05-10T10:27:10.730+0000] {logging_mixin.py:188} INFO - [2026-05-10T10:27:10.730+0000] {dag.py:3089} INFO - Sync 1 DAGs
[2026-05-10T10:27:10.739+0000] {logging_mixin.py:188} INFO - [2026-05-10T10:27:10.739+0000] {dag.py:3947} INFO - Setting next_dagrun for example_params_trigger_ui to None, run_after=None
[2026-05-10T10:27:10.752+0000] {processor.py:183} INFO - Processing /home/airflow/.local/lib/python3.12/site-packages/airflow/example_dags/example_params_trigger_ui.py took 0.068 seconds
[2026-05-10T10:27:41.147+0000] {processor.py:161} INFO - Started process (PID=445) to work on /home/airflow/.local/lib/python3.12/site-packages/airflow/example_dags/example_params_trigger_ui.py
[2026-05-10T10:27:41.148+0000] {processor.py:830} INFO - Processing file /home/airflow/.local/lib/python3.12/site-packages/airflow/example_dags/example_params_trigger_ui.py for tasks to queue
[2026-05-10T10:27:41.150+0000] {logging_mixin.py:188} INFO - [2026-05-10T10:27:41.150+0000] {dagbag.py:545} INFO - Filling up the DagBag from /home/airflow/.local/lib/python3.12/site-packages/airflow/example_dags/example_params_trigger_ui.py
[2026-05-10T10:27:41.158+0000] {processor.py:840} INFO - DAG(s) 'example_params_trigger_ui' retrieved from /home/airflow/.local/lib/python3.12/site-packages/airflow/example_dags/example_params_trigger_ui.py
[2026-05-10T10:27:41.191+0000] {logging_mixin.py:188} INFO - [2026-05-10T10:27:41.191+0000] {dag.py:3089} INFO - Sync 1 DAGs
[2026-05-10T10:27:41.201+0000] {logging_mixin.py:188} INFO - [2026-05-10T10:27:41.201+0000] {dag.py:3947} INFO - Setting next_dagrun for example_params_trigger_ui to None, run_after=None
[2026-05-10T10:27:41.216+0000] {processor.py:183} INFO - Processing /home/airflow/.local/lib/python3.12/site-packages/airflow/example_dags/example_params_trigger_ui.py took 0.077 seconds
[2026-05-10T10:28:11.704+0000] {processor.py:161} INFO - Started process (PID=506) to work on /home/airflow/.local/lib/python3.12/site-packages/airflow/example_dags/example_params_trigger_ui.py
[2026-05-10T10:28:11.705+0000] {processor.py:830} INFO - Processing file /home/airflow/.local/lib/python3.12/site-packages/airflow/example_dags/example_params_trigger_ui.py for tasks to queue
[2026-05-10T10:28:11.707+0000] {logging_mixin.py:188} INFO - [2026-05-10T10:28:11.707+0000] {dagbag.py:545} INFO - Filling up the DagBag from /home/airflow/.local/lib/python3.12/site-packages/airflow/example_dags/example_params_trigger_ui.py
[2026-05-10T10:28:11.714+0000] {processor.py:840} INFO - DAG(s) 'example_params_trigger_ui' retrieved from /home/airflow/.local/lib/python3.12/site-packages/airflow/example_dags/example_params_trigger_ui.py
[2026-05-10T10:28:11.745+0000] {logging_mixin.py:188} INFO - [2026-05-10T10:28:11.745+0000] {dag.py:3089} INFO - Sync 1 DAGs
[2026-05-10T10:28:11.756+0000] {logging_mixin.py:188} INFO - [2026-05-10T10:28:11.756+0000] {dag.py:3947} INFO - Setting next_dagrun for example_params_trigger_ui to None, run_after=None
[2026-05-10T10:28:11.772+0000] {processor.py:183} INFO - Processing /home/airflow/.local/lib/python3.12/site-packages/airflow/example_dags/example_params_trigger_ui.py took 0.075 seconds
[2026-05-10T10:30:16.485+0000] {processor.py:161} INFO - Started process (PID=79) to work on /home/airflow/.local/lib/python3.12/site-packages/airflow/example_dags/example_params_trigger_ui.py
[2026-05-10T10:30:16.486+0000] {processor.py:830} INFO - Processing file /home/airflow/.local/lib/python3.12/site-packages/airflow/example_dags/example_params_trigger_ui.py for tasks to queue
[2026-05-10T10:30:16.489+0000] {logging_mixin.py:188} INFO - [2026-05-10T10:30:16.488+0000] {dagbag.py:545} INFO - Filling up the DagBag from /home/airflow/.local/lib/python3.12/site-packages/airflow/example_dags/example_params_trigger_ui.py
[2026-05-10T10:30:16.507+0000] {processor.py:840} INFO - DAG(s) 'example_params_trigger_ui' retrieved from /home/airflow/.local/lib/python3.12/site-packages/airflow/example_dags/example_params_trigger_ui.py
[2026-05-10T10:30:16.522+0000] {logging_mixin.py:188} INFO - [2026-05-10T10:30:16.522+0000] {dag.py:3089} INFO - Sync 1 DAGs
[2026-05-10T10:30:16.540+0000] {logging_mixin.py:188} INFO - [2026-05-10T10:30:16.540+0000] {dag.py:3947} INFO - Setting next_dagrun for example_params_trigger_ui to None, run_after=None
[2026-05-10T10:30:16.565+0000] {processor.py:183} INFO - Processing /home/airflow/.local/lib/python3.12/site-packages/airflow/example_dags/example_params_trigger_ui.py took 0.088 seconds
[2026-05-10T10:30:47.527+0000] {processor.py:161} INFO - Started process (PID=139) to work on /home/airflow/.local/lib/python3.12/site-packages/airflow/example_dags/example_params_trigger_ui.py
[2026-05-10T10:30:47.528+0000] {processor.py:830} INFO - Processing file /home/airflow/.local/lib/python3.12/site-packages/airflow/example_dags/example_params_trigger_ui.py for tasks to queue
[2026-05-10T10:30:47.530+0000] {logging_mixin.py:188} INFO - [2026-05-10T10:30:47.529+0000] {dagbag.py:545} INFO - Filling up the DagBag from /home/airflow/.local/lib/python3.12/site-packages/airflow/example_dags/example_params_trigger_ui.py
[2026-05-10T10:30:47.537+0000] {processor.py:840} INFO - DAG(s) 'example_params_trigger_ui' retrieved from /home/airflow/.local/lib/python3.12/site-packages/airflow/example_dags/example_params_trigger_ui.py
[2026-05-10T10:30:47.635+0000] {logging_mixin.py:188} INFO - [2026-05-10T10:30:47.635+0000] {dag.py:3089} INFO - Sync 1 DAGs
[2026-05-10T10:30:47.642+0000] {logging_mixin.py:188} INFO - [2026-05-10T10:30:47.642+0000] {dag.py:3947} INFO - Setting next_dagrun for example_params_trigger_ui to None, run_after=None
[2026-05-10T10:30:47.656+0000] {processor.py:183} INFO - Processing /home/airflow/.local/lib/python3.12/site-packages/airflow/example_dags/example_params_trigger_ui.py took 0.135 seconds
[2026-05-10T10:31:18.248+0000] {processor.py:161} INFO - Started process (PID=199) to work on /home/airflow/.local/lib/python3.12/site-packages/airflow/example_dags/example_params_trigger_ui.py
[2026-05-10T10:31:18.249+0000] {processor.py:830} INFO - Processing file /home/airflow/.local/lib/python3.12/site-packages/airflow/example_dags/example_params_trigger_ui.py for tasks to queue
[2026-05-10T10:31:18.251+0000] {logging_mixin.py:188} INFO - [2026-05-10T10:31:18.251+0000] {dagbag.py:545} INFO - Filling up the DagBag from /home/airflow/.local/lib/python3.12/site-packages/airflow/example_dags/example_params_trigger_ui.py
[2026-05-10T10:31:18.260+0000] {processor.py:840} INFO - DAG(s) 'example_params_trigger_ui' retrieved from /home/airflow/.local/lib/python3.12/site-packages/airflow/example_dags/example_params_trigger_ui.py
[2026-05-10T10:31:18.289+0000] {logging_mixin.py:188} INFO - [2026-05-10T10:31:18.289+0000] {dag.py:3089} INFO - Sync 1 DAGs
[2026-05-10T10:31:18.298+0000] {logging_mixin.py:188} INFO - [2026-05-10T10:31:18.298+0000] {dag.py:3947} INFO - Setting next_dagrun for example_params_trigger_ui to None, run_after=None
[2026-05-10T10:31:18.313+0000] {processor.py:183} INFO - Processing /home/airflow/.local/lib/python3.12/site-packages/airflow/example_dags/example_params_trigger_ui.py took 0.071 seconds
[2026-05-10T10:31:48.658+0000] {processor.py:161} INFO - Started process (PID=265) to work on /home/airflow/.local/lib/python3.12/site-packages/airflow/example_dags/example_params_trigger_ui.py
[2026-05-10T10:31:48.659+0000] {processor.py:830} INFO - Processing file /home/airflow/.local/lib/python3.12/site-packages/airflow/example_dags/example_params_trigger_ui.py for tasks to queue
[2026-05-10T10:31:48.661+0000] {logging_mixin.py:188} INFO - [2026-05-10T10:31:48.661+0000] {dagbag.py:545} INFO - Filling up the DagBag from /home/airflow/.local/lib/python3.12/site-packages/airflow/example_dags/example_params_trigger_ui.py
[2026-05-10T10:31:48.670+0000] {processor.py:840} INFO - DAG(s) 'example_params_trigger_ui' retrieved from /home/airflow/.local/lib/python3.12/site-packages/airflow/example_dags/example_params_trigger_ui.py
[2026-05-10T10:31:48.701+0000] {logging_mixin.py:188} INFO - [2026-05-10T10:31:48.700+0000] {dag.py:3089} INFO - Sync 1 DAGs
[2026-05-10T10:31:48.710+0000] {logging_mixin.py:188} INFO - [2026-05-10T10:31:48.710+0000] {dag.py:3947} INFO - Setting next_dagrun for example_params_trigger_ui to None, run_after=None
[2026-05-10T10:31:48.726+0000] {processor.py:183} INFO - Processing /home/airflow/.local/lib/python3.12/site-packages/airflow/example_dags/example_params_trigger_ui.py took 0.075 seconds
[2026-05-10T10:32:19.249+0000] {processor.py:161} INFO - Started process (PID=325) to work on /home/airflow/.local/lib/python3.12/site-packages/airflow/example_dags/example_params_trigger_ui.py
[2026-05-10T10:32:19.250+0000] {processor.py:830} INFO - Processing file /home/airflow/.local/lib/python3.12/site-packages/airflow/example_dags/example_params_trigger_ui.py for tasks to queue
[2026-05-10T10:32:19.252+0000] {logging_mixin.py:188} INFO - [2026-05-10T10:32:19.251+0000] {dagbag.py:545} INFO - Filling up the DagBag from /home/airflow/.local/lib/python3.12/site-packages/airflow/example_dags/example_params_trigger_ui.py
[2026-05-10T10:32:19.259+0000] {processor.py:840} INFO - DAG(s) 'example_params_trigger_ui' retrieved from /home/airflow/.local/lib/python3.12/site-packages/airflow/example_dags/example_params_trigger_ui.py
[2026-05-10T10:32:19.290+0000] {logging_mixin.py:188} INFO - [2026-05-10T10:32:19.290+0000] {dag.py:3089} INFO - Sync 1 DAGs
[2026-05-10T10:32:19.299+0000] {logging_mixin.py:188} INFO - [2026-05-10T10:32:19.299+0000] {dag.py:3947} INFO - Setting next_dagrun for example_params_trigger_ui to None, run_after=None
[2026-05-10T10:32:19.312+0000] {processor.py:183} INFO - Processing /home/airflow/.local/lib/python3.12/site-packages/airflow/example_dags/example_params_trigger_ui.py took 0.069 seconds
[2026-05-10T10:47:04.291+0000] {processor.py:161} INFO - Started process (PID=79) to work on /home/airflow/.local/lib/python3.12/site-packages/airflow/example_dags/example_params_trigger_ui.py
[2026-05-10T10:47:04.292+0000] {processor.py:830} INFO - Processing file /home/airflow/.local/lib/python3.12/site-packages/airflow/example_dags/example_params_trigger_ui.py for tasks to queue
[2026-05-10T10:47:04.294+0000] {logging_mixin.py:188} INFO - [2026-05-10T10:47:04.294+0000] {dagbag.py:545} INFO - Filling up the DagBag from /home/airflow/.local/lib/python3.12/site-packages/airflow/example_dags/example_params_trigger_ui.py
[2026-05-10T10:47:04.304+0000] {processor.py:840} INFO - DAG(s) 'example_params_trigger_ui' retrieved from /home/airflow/.local/lib/python3.12/site-packages/airflow/example_dags/example_params_trigger_ui.py
[2026-05-10T10:47:04.405+0000] {logging_mixin.py:188} INFO - [2026-05-10T10:47:04.404+0000] {override.py:1858} INFO - Created Permission View: can delete on DAG:example_params_trigger_ui
[2026-05-10T10:47:04.413+0000] {logging_mixin.py:188} INFO - [2026-05-10T10:47:04.412+0000] {override.py:1858} INFO - Created Permission View: can read on DAG:example_params_trigger_ui
[2026-05-10T10:47:04.417+0000] {logging_mixin.py:188} INFO - [2026-05-10T10:47:04.417+0000] {override.py:1858} INFO - Created Permission View: can edit on DAG:example_params_trigger_ui
[2026-05-10T10:47:04.418+0000] {logging_mixin.py:188} INFO - [2026-05-10T10:47:04.418+0000] {dag.py:3089} INFO - Sync 1 DAGs
[2026-05-10T10:47:04.426+0000] {logging_mixin.py:188} INFO - [2026-05-10T10:47:04.426+0000] {dag.py:3111} INFO - Creating ORM DAG for example_params_trigger_ui
[2026-05-10T10:47:04.427+0000] {logging_mixin.py:188} INFO - [2026-05-10T10:47:04.427+0000] {dag.py:3947} INFO - Setting next_dagrun for example_params_trigger_ui to None, run_after=None
[2026-05-10T10:47:04.442+0000] {processor.py:183} INFO - Processing /home/airflow/.local/lib/python3.12/site-packages/airflow/example_dags/example_params_trigger_ui.py took 0.157 seconds
[2026-05-10T10:47:35.084+0000] {processor.py:161} INFO - Started process (PID=139) to work on /home/airflow/.local/lib/python3.12/site-packages/airflow/example_dags/example_params_trigger_ui.py
[2026-05-10T10:47:35.085+0000] {processor.py:830} INFO - Processing file /home/airflow/.local/lib/python3.12/site-packages/airflow/example_dags/example_params_trigger_ui.py for tasks to queue
[2026-05-10T10:47:35.087+0000] {logging_mixin.py:188} INFO - [2026-05-10T10:47:35.086+0000] {dagbag.py:545} INFO - Filling up the DagBag from /home/airflow/.local/lib/python3.12/site-packages/airflow/example_dags/example_params_trigger_ui.py
[2026-05-10T10:47:35.094+0000] {processor.py:840} INFO - DAG(s) 'example_params_trigger_ui' retrieved from /home/airflow/.local/lib/python3.12/site-packages/airflow/example_dags/example_params_trigger_ui.py
[2026-05-10T10:47:35.122+0000] {logging_mixin.py:188} INFO - [2026-05-10T10:47:35.122+0000] {dag.py:3089} INFO - Sync 1 DAGs
[2026-05-10T10:47:35.131+0000] {logging_mixin.py:188} INFO - [2026-05-10T10:47:35.131+0000] {dag.py:3947} INFO - Setting next_dagrun for example_params_trigger_ui to None, run_after=None
[2026-05-10T10:47:35.143+0000] {processor.py:183} INFO - Processing /home/airflow/.local/lib/python3.12/site-packages/airflow/example_dags/example_params_trigger_ui.py took 0.065 seconds
[2026-05-10T10:48:05.747+0000] {processor.py:161} INFO - Started process (PID=199) to work on /home/airflow/.local/lib/python3.12/site-packages/airflow/example_dags/example_params_trigger_ui.py
[2026-05-10T10:48:05.748+0000] {processor.py:830} INFO - Processing file /home/airflow/.local/lib/python3.12/site-packages/airflow/example_dags/example_params_trigger_ui.py for tasks to queue
[2026-05-10T10:48:05.750+0000] {logging_mixin.py:188} INFO - [2026-05-10T10:48:05.749+0000] {dagbag.py:545} INFO - Filling up the DagBag from /home/airflow/.local/lib/python3.12/site-packages/airflow/example_dags/example_params_trigger_ui.py
[2026-05-10T10:48:05.757+0000] {processor.py:840} INFO - DAG(s) 'example_params_trigger_ui' retrieved from /home/airflow/.local/lib/python3.12/site-packages/airflow/example_dags/example_params_trigger_ui.py
[2026-05-10T10:48:05.787+0000] {logging_mixin.py:188} INFO - [2026-05-10T10:48:05.787+0000] {dag.py:3089} INFO - Sync 1 DAGs
[2026-05-10T10:48:05.796+0000] {logging_mixin.py:188} INFO - [2026-05-10T10:48:05.796+0000] {dag.py:3947} INFO - Setting next_dagrun for example_params_trigger_ui to None, run_after=None
[2026-05-10T10:48:05.810+0000] {processor.py:183} INFO - Processing /home/airflow/.local/lib/python3.12/site-packages/airflow/example_dags/example_params_trigger_ui.py took 0.069 seconds
[2026-05-10T10:48:36.424+0000] {processor.py:161} INFO - Started process (PID=259) to work on /home/airflow/.local/lib/python3.12/site-packages/airflow/example_dags/example_params_trigger_ui.py
[2026-05-10T10:48:36.424+0000] {processor.py:830} INFO - Processing file /home/airflow/.local/lib/python3.12/site-packages/airflow/example_dags/example_params_trigger_ui.py for tasks to queue
[2026-05-10T10:48:36.426+0000] {logging_mixin.py:188} INFO - [2026-05-10T10:48:36.426+0000] {dagbag.py:545} INFO - Filling up the DagBag from /home/airflow/.local/lib/python3.12/site-packages/airflow/example_dags/example_params_trigger_ui.py
[2026-05-10T10:48:36.433+0000] {processor.py:840} INFO - DAG(s) 'example_params_trigger_ui' retrieved from /home/airflow/.local/lib/python3.12/site-packages/airflow/example_dags/example_params_trigger_ui.py
[2026-05-10T10:48:36.463+0000] {logging_mixin.py:188} INFO - [2026-05-10T10:48:36.463+0000] {dag.py:3089} INFO - Sync 1 DAGs
[2026-05-10T10:48:36.472+0000] {logging_mixin.py:188} INFO - [2026-05-10T10:48:36.472+0000] {dag.py:3947} INFO - Setting next_dagrun for example_params_trigger_ui to None, run_after=None
[2026-05-10T10:48:36.486+0000] {processor.py:183} INFO - Processing /home/airflow/.local/lib/python3.12/site-packages/airflow/example_dags/example_params_trigger_ui.py took 0.068 seconds
[2026-05-10T10:49:06.967+0000] {processor.py:161} INFO - Started process (PID=319) to work on /home/airflow/.local/lib/python3.12/site-packages/airflow/example_dags/example_params_trigger_ui.py
[2026-05-10T10:49:06.968+0000] {processor.py:830} INFO - Processing file /home/airflow/.local/lib/python3.12/site-packages/airflow/example_dags/example_params_trigger_ui.py for tasks to queue
[2026-05-10T10:49:06.970+0000] {logging_mixin.py:188} INFO - [2026-05-10T10:49:06.969+0000] {dagbag.py:545} INFO - Filling up the DagBag from /home/airflow/.local/lib/python3.12/site-packages/airflow/example_dags/example_params_trigger_ui.py
[2026-05-10T10:49:06.978+0000] {processor.py:840} INFO - DAG(s) 'example_params_trigger_ui' retrieved from /home/airflow/.local/lib/python3.12/site-packages/airflow/example_dags/example_params_trigger_ui.py
[2026-05-10T10:49:07.006+0000] {logging_mixin.py:188} INFO - [2026-05-10T10:49:07.006+0000] {dag.py:3089} INFO - Sync 1 DAGs
[2026-05-10T10:49:07.015+0000] {logging_mixin.py:188} INFO - [2026-05-10T10:49:07.015+0000] {dag.py:3947} INFO - Setting next_dagrun for example_params_trigger_ui to None, run_after=None
[2026-05-10T10:49:07.028+0000] {processor.py:183} INFO - Processing /home/airflow/.local/lib/python3.12/site-packages/airflow/example_dags/example_params_trigger_ui.py took 0.068 seconds
[2026-05-10T10:49:37.571+0000] {processor.py:161} INFO - Started process (PID=379) to work on /home/airflow/.local/lib/python3.12/site-packages/airflow/example_dags/example_params_trigger_ui.py
[2026-05-10T10:49:37.572+0000] {processor.py:830} INFO - Processing file /home/airflow/.local/lib/python3.12/site-packages/airflow/example_dags/example_params_trigger_ui.py for tasks to queue
[2026-05-10T10:49:37.574+0000] {logging_mixin.py:188} INFO - [2026-05-10T10:49:37.573+0000] {dagbag.py:545} INFO - Filling up the DagBag from /home/airflow/.local/lib/python3.12/site-packages/airflow/example_dags/example_params_trigger_ui.py
[2026-05-10T10:49:37.581+0000] {processor.py:840} INFO - DAG(s) 'example_params_trigger_ui' retrieved from /home/airflow/.local/lib/python3.12/site-packages/airflow/example_dags/example_params_trigger_ui.py
[2026-05-10T10:49:37.610+0000] {logging_mixin.py:188} INFO - [2026-05-10T10:49:37.610+0000] {dag.py:3089} INFO - Sync 1 DAGs
[2026-05-10T10:49:37.619+0000] {logging_mixin.py:188} INFO - [2026-05-10T10:49:37.619+0000] {dag.py:3947} INFO - Setting next_dagrun for example_params_trigger_ui to None, run_after=None
[2026-05-10T10:49:37.631+0000] {processor.py:183} INFO - Processing /home/airflow/.local/lib/python3.12/site-packages/airflow/example_dags/example_params_trigger_ui.py took 0.066 seconds
[2026-05-10T10:50:08.415+0000] {processor.py:161} INFO - Started process (PID=439) to work on /home/airflow/.local/lib/python3.12/site-packages/airflow/example_dags/example_params_trigger_ui.py
[2026-05-10T10:50:08.416+0000] {processor.py:830} INFO - Processing file /home/airflow/.local/lib/python3.12/site-packages/airflow/example_dags/example_params_trigger_ui.py for tasks to queue
[2026-05-10T10:50:08.418+0000] {logging_mixin.py:188} INFO - [2026-05-10T10:50:08.417+0000] {dagbag.py:545} INFO - Filling up the DagBag from /home/airflow/.local/lib/python3.12/site-packages/airflow/example_dags/example_params_trigger_ui.py
[2026-05-10T10:50:08.425+0000] {processor.py:840} INFO - DAG(s) 'example_params_trigger_ui' retrieved from /home/airflow/.local/lib/python3.12/site-packages/airflow/example_dags/example_params_trigger_ui.py
[2026-05-10T10:50:08.453+0000] {logging_mixin.py:188} INFO - [2026-05-10T10:50:08.453+0000] {dag.py:3089} INFO - Sync 1 DAGs
[2026-05-10T10:50:08.462+0000] {logging_mixin.py:188} INFO - [2026-05-10T10:50:08.462+0000] {dag.py:3947} INFO - Setting next_dagrun for example_params_trigger_ui to None, run_after=None
[2026-05-10T10:50:08.475+0000] {processor.py:183} INFO - Processing /home/airflow/.local/lib/python3.12/site-packages/airflow/example_dags/example_params_trigger_ui.py took 0.065 seconds
[2026-05-10T10:50:39.125+0000] {processor.py:161} INFO - Started process (PID=499) to work on /home/airflow/.local/lib/python3.12/site-packages/airflow/example_dags/example_params_trigger_ui.py
[2026-05-10T10:50:39.126+0000] {processor.py:830} INFO - Processing file /home/airflow/.local/lib/python3.12/site-packages/airflow/example_dags/example_params_trigger_ui.py for tasks to queue
[2026-05-10T10:50:39.128+0000] {logging_mixin.py:188} INFO - [2026-05-10T10:50:39.128+0000] {dagbag.py:545} INFO - Filling up the DagBag from /home/airflow/.local/lib/python3.12/site-packages/airflow/example_dags/example_params_trigger_ui.py
[2026-05-10T10:50:39.135+0000] {processor.py:840} INFO - DAG(s) 'example_params_trigger_ui' retrieved from /home/airflow/.local/lib/python3.12/site-packages/airflow/example_dags/example_params_trigger_ui.py
[2026-05-10T10:50:39.165+0000] {logging_mixin.py:188} INFO - [2026-05-10T10:50:39.165+0000] {dag.py:3089} INFO - Sync 1 DAGs
[2026-05-10T10:50:39.180+0000] {logging_mixin.py:188} INFO - [2026-05-10T10:50:39.179+0000] {dag.py:3947} INFO - Setting next_dagrun for example_params_trigger_ui to None, run_after=None
[2026-05-10T10:50:39.193+0000] {processor.py:183} INFO - Processing /home/airflow/.local/lib/python3.12/site-packages/airflow/example_dags/example_params_trigger_ui.py took 0.073 seconds
[2026-05-10T10:51:09.944+0000] {processor.py:161} INFO - Started process (PID=559) to work on /home/airflow/.local/lib/python3.12/site-packages/airflow/example_dags/example_params_trigger_ui.py
[2026-05-10T10:51:09.945+0000] {processor.py:830} INFO - Processing file /home/airflow/.local/lib/python3.12/site-packages/airflow/example_dags/example_params_trigger_ui.py for tasks to queue
[2026-05-10T10:51:09.946+0000] {logging_mixin.py:188} INFO - [2026-05-10T10:51:09.946+0000] {dagbag.py:545} INFO - Filling up the DagBag from /home/airflow/.local/lib/python3.12/site-packages/airflow/example_dags/example_params_trigger_ui.py
[2026-05-10T10:51:09.953+0000] {processor.py:840} INFO - DAG(s) 'example_params_trigger_ui' retrieved from /home/airflow/.local/lib/python3.12/site-packages/airflow/example_dags/example_params_trigger_ui.py
[2026-05-10T10:51:09.982+0000] {logging_mixin.py:188} INFO - [2026-05-10T10:51:09.981+0000] {dag.py:3089} INFO - Sync 1 DAGs
[2026-05-10T10:51:09.990+0000] {logging_mixin.py:188} INFO - [2026-05-10T10:51:09.990+0000] {dag.py:3947} INFO - Setting next_dagrun for example_params_trigger_ui to None, run_after=None
[2026-05-10T10:51:10.003+0000] {processor.py:183} INFO - Processing /home/airflow/.local/lib/python3.12/site-packages/airflow/example_dags/example_params_trigger_ui.py took 0.064 seconds
[2026-05-10T10:51:40.236+0000] {processor.py:161} INFO - Started process (PID=619) to work on /home/airflow/.local/lib/python3.12/site-packages/airflow/example_dags/example_params_trigger_ui.py
[2026-05-10T10:51:40.237+0000] {processor.py:830} INFO - Processing file /home/airflow/.local/lib/python3.12/site-packages/airflow/example_dags/example_params_trigger_ui.py for tasks to queue
[2026-05-10T10:51:40.239+0000] {logging_mixin.py:188} INFO - [2026-05-10T10:51:40.238+0000] {dagbag.py:545} INFO - Filling up the DagBag from /home/airflow/.local/lib/python3.12/site-packages/airflow/example_dags/example_params_trigger_ui.py
[2026-05-10T10:51:40.246+0000] {processor.py:840} INFO - DAG(s) 'example_params_trigger_ui' retrieved from /home/airflow/.local/lib/python3.12/site-packages/airflow/example_dags/example_params_trigger_ui.py
[2026-05-10T10:51:40.330+0000] {logging_mixin.py:188} INFO - [2026-05-10T10:51:40.329+0000] {dag.py:3089} INFO - Sync 1 DAGs
[2026-05-10T10:51:40.347+0000] {logging_mixin.py:188} INFO - [2026-05-10T10:51:40.347+0000] {dag.py:3947} INFO - Setting next_dagrun for example_params_trigger_ui to None, run_after=None
[2026-05-10T10:51:40.364+0000] {processor.py:183} INFO - Processing /home/airflow/.local/lib/python3.12/site-packages/airflow/example_dags/example_params_trigger_ui.py took 0.133 seconds
[2026-05-10T10:53:04.534+0000] {processor.py:161} INFO - Started process (PID=79) to work on /home/airflow/.local/lib/python3.12/site-packages/airflow/example_dags/example_params_trigger_ui.py
[2026-05-10T10:53:04.535+0000] {processor.py:830} INFO - Processing file /home/airflow/.local/lib/python3.12/site-packages/airflow/example_dags/example_params_trigger_ui.py for tasks to queue
[2026-05-10T10:53:04.537+0000] {logging_mixin.py:188} INFO - [2026-05-10T10:53:04.536+0000] {dagbag.py:545} INFO - Filling up the DagBag from /home/airflow/.local/lib/python3.12/site-packages/airflow/example_dags/example_params_trigger_ui.py
[2026-05-10T10:53:04.547+0000] {processor.py:840} INFO - DAG(s) 'example_params_trigger_ui' retrieved from /home/airflow/.local/lib/python3.12/site-packages/airflow/example_dags/example_params_trigger_ui.py
[2026-05-10T10:53:04.667+0000] {logging_mixin.py:188} INFO - [2026-05-10T10:53:04.666+0000] {override.py:1858} INFO - Created Permission View: can read on DAG:example_params_trigger_ui
[2026-05-10T10:53:04.676+0000] {logging_mixin.py:188} INFO - [2026-05-10T10:53:04.676+0000] {override.py:1858} INFO - Created Permission View: can delete on DAG:example_params_trigger_ui
[2026-05-10T10:53:04.681+0000] {logging_mixin.py:188} INFO - [2026-05-10T10:53:04.681+0000] {override.py:1858} INFO - Created Permission View: can edit on DAG:example_params_trigger_ui
[2026-05-10T10:53:04.682+0000] {logging_mixin.py:188} INFO - [2026-05-10T10:53:04.681+0000] {dag.py:3089} INFO - Sync 1 DAGs
[2026-05-10T10:53:04.691+0000] {logging_mixin.py:188} INFO - [2026-05-10T10:53:04.691+0000] {dag.py:3111} INFO - Creating ORM DAG for example_params_trigger_ui
[2026-05-10T10:53:04.692+0000] {logging_mixin.py:188} INFO - [2026-05-10T10:53:04.692+0000] {dag.py:3947} INFO - Setting next_dagrun for example_params_trigger_ui to None, run_after=None
[2026-05-10T10:53:04.706+0000] {processor.py:183} INFO - Processing /home/airflow/.local/lib/python3.12/site-packages/airflow/example_dags/example_params_trigger_ui.py took 0.178 seconds
[2026-05-10T10:53:34.755+0000] {processor.py:161} INFO - Started process (PID=139) to work on /home/airflow/.local/lib/python3.12/site-packages/airflow/example_dags/example_params_trigger_ui.py
[2026-05-10T10:53:34.756+0000] {processor.py:830} INFO - Processing file /home/airflow/.local/lib/python3.12/site-packages/airflow/example_dags/example_params_trigger_ui.py for tasks to queue
[2026-05-10T10:53:34.758+0000] {logging_mixin.py:188} INFO - [2026-05-10T10:53:34.758+0000] {dagbag.py:545} INFO - Filling up the DagBag from /home/airflow/.local/lib/python3.12/site-packages/airflow/example_dags/example_params_trigger_ui.py
[2026-05-10T10:53:34.769+0000] {processor.py:840} INFO - DAG(s) 'example_params_trigger_ui' retrieved from /home/airflow/.local/lib/python3.12/site-packages/airflow/example_dags/example_params_trigger_ui.py
[2026-05-10T10:53:34.809+0000] {logging_mixin.py:188} INFO - [2026-05-10T10:53:34.809+0000] {dag.py:3089} INFO - Sync 1 DAGs
[2026-05-10T10:53:34.819+0000] {logging_mixin.py:188} INFO - [2026-05-10T10:53:34.818+0000] {dag.py:3947} INFO - Setting next_dagrun for example_params_trigger_ui to None, run_after=None
[2026-05-10T10:53:34.833+0000] {processor.py:183} INFO - Processing /home/airflow/.local/lib/python3.12/site-packages/airflow/example_dags/example_params_trigger_ui.py took 0.083 seconds
[2026-05-10T10:54:05.104+0000] {processor.py:161} INFO - Started process (PID=205) to work on /home/airflow/.local/lib/python3.12/site-packages/airflow/example_dags/example_params_trigger_ui.py
[2026-05-10T10:54:05.105+0000] {processor.py:830} INFO - Processing file /home/airflow/.local/lib/python3.12/site-packages/airflow/example_dags/example_params_trigger_ui.py for tasks to queue
[2026-05-10T10:54:05.107+0000] {logging_mixin.py:188} INFO - [2026-05-10T10:54:05.106+0000] {dagbag.py:545} INFO - Filling up the DagBag from /home/airflow/.local/lib/python3.12/site-packages/airflow/example_dags/example_params_trigger_ui.py
[2026-05-10T10:54:05.115+0000] {processor.py:840} INFO - DAG(s) 'example_params_trigger_ui' retrieved from /home/airflow/.local/lib/python3.12/site-packages/airflow/example_dags/example_params_trigger_ui.py
[2026-05-10T10:54:05.146+0000] {logging_mixin.py:188} INFO - [2026-05-10T10:54:05.145+0000] {dag.py:3089} INFO - Sync 1 DAGs
[2026-05-10T10:54:05.158+0000] {logging_mixin.py:188} INFO - [2026-05-10T10:54:05.157+0000] {dag.py:3947} INFO - Setting next_dagrun for example_params_trigger_ui to None, run_after=None
[2026-05-10T10:54:05.177+0000] {processor.py:183} INFO - Processing /home/airflow/.local/lib/python3.12/site-packages/airflow/example_dags/example_params_trigger_ui.py took 0.079 seconds
[2026-05-10T10:54:35.474+0000] {processor.py:161} INFO - Started process (PID=265) to work on /home/airflow/.local/lib/python3.12/site-packages/airflow/example_dags/example_params_trigger_ui.py
[2026-05-10T10:54:35.475+0000] {processor.py:830} INFO - Processing file /home/airflow/.local/lib/python3.12/site-packages/airflow/example_dags/example_params_trigger_ui.py for tasks to queue
[2026-05-10T10:54:35.478+0000] {logging_mixin.py:188} INFO - [2026-05-10T10:54:35.477+0000] {dagbag.py:545} INFO - Filling up the DagBag from /home/airflow/.local/lib/python3.12/site-packages/airflow/example_dags/example_params_trigger_ui.py
[2026-05-10T10:54:35.491+0000] {processor.py:840} INFO - DAG(s) 'example_params_trigger_ui' retrieved from /home/airflow/.local/lib/python3.12/site-packages/airflow/example_dags/example_params_trigger_ui.py
[2026-05-10T10:54:35.530+0000] {logging_mixin.py:188} INFO - [2026-05-10T10:54:35.530+0000] {dag.py:3089} INFO - Sync 1 DAGs
[2026-05-10T10:54:35.539+0000] {logging_mixin.py:188} INFO - [2026-05-10T10:54:35.539+0000] {dag.py:3947} INFO - Setting next_dagrun for example_params_trigger_ui to None, run_after=None
[2026-05-10T10:54:35.555+0000] {processor.py:183} INFO - Processing /home/airflow/.local/lib/python3.12/site-packages/airflow/example_dags/example_params_trigger_ui.py took 0.089 seconds
[2026-05-10T10:55:06.049+0000] {processor.py:161} INFO - Started process (PID=325) to work on /home/airflow/.local/lib/python3.12/site-packages/airflow/example_dags/example_params_trigger_ui.py
[2026-05-10T10:55:06.050+0000] {processor.py:830} INFO - Processing file /home/airflow/.local/lib/python3.12/site-packages/airflow/example_dags/example_params_trigger_ui.py for tasks to queue
[2026-05-10T10:55:06.051+0000] {logging_mixin.py:188} INFO - [2026-05-10T10:55:06.051+0000] {dagbag.py:545} INFO - Filling up the DagBag from /home/airflow/.local/lib/python3.12/site-packages/airflow/example_dags/example_params_trigger_ui.py
[2026-05-10T10:55:06.058+0000] {processor.py:840} INFO - DAG(s) 'example_params_trigger_ui' retrieved from /home/airflow/.local/lib/python3.12/site-packages/airflow/example_dags/example_params_trigger_ui.py
[2026-05-10T10:55:06.085+0000] {logging_mixin.py:188} INFO - [2026-05-10T10:55:06.085+0000] {dag.py:3089} INFO - Sync 1 DAGs
[2026-05-10T10:55:06.094+0000] {logging_mixin.py:188} INFO - [2026-05-10T10:55:06.094+0000] {dag.py:3947} INFO - Setting next_dagrun for example_params_trigger_ui to None, run_after=None
[2026-05-10T10:55:06.105+0000] {processor.py:183} INFO - Processing /home/airflow/.local/lib/python3.12/site-packages/airflow/example_dags/example_params_trigger_ui.py took 0.062 seconds
[2026-05-10T10:55:37.014+0000] {processor.py:161} INFO - Started process (PID=385) to work on /home/airflow/.local/lib/python3.12/site-packages/airflow/example_dags/example_params_trigger_ui.py
[2026-05-10T10:55:37.015+0000] {processor.py:830} INFO - Processing file /home/airflow/.local/lib/python3.12/site-packages/airflow/example_dags/example_params_trigger_ui.py for tasks to queue
[2026-05-10T10:55:37.017+0000] {logging_mixin.py:188} INFO - [2026-05-10T10:55:37.017+0000] {dagbag.py:545} INFO - Filling up the DagBag from /home/airflow/.local/lib/python3.12/site-packages/airflow/example_dags/example_params_trigger_ui.py
[2026-05-10T10:55:37.024+0000] {processor.py:840} INFO - DAG(s) 'example_params_trigger_ui' retrieved from /home/airflow/.local/lib/python3.12/site-packages/airflow/example_dags/example_params_trigger_ui.py
[2026-05-10T10:55:37.056+0000] {logging_mixin.py:188} INFO - [2026-05-10T10:55:37.055+0000] {dag.py:3089} INFO - Sync 1 DAGs
[2026-05-10T10:55:37.064+0000] {logging_mixin.py:188} INFO - [2026-05-10T10:55:37.064+0000] {dag.py:3947} INFO - Setting next_dagrun for example_params_trigger_ui to None, run_after=None
[2026-05-10T10:55:37.076+0000] {processor.py:183} INFO - Processing /home/airflow/.local/lib/python3.12/site-packages/airflow/example_dags/example_params_trigger_ui.py took 0.069 seconds
[2026-05-10T10:56:08.197+0000] {processor.py:161} INFO - Started process (PID=445) to work on /home/airflow/.local/lib/python3.12/site-packages/airflow/example_dags/example_params_trigger_ui.py
[2026-05-10T10:56:08.198+0000] {processor.py:830} INFO - Processing file /home/airflow/.local/lib/python3.12/site-packages/airflow/example_dags/example_params_trigger_ui.py for tasks to queue
[2026-05-10T10:56:08.200+0000] {logging_mixin.py:188} INFO - [2026-05-10T10:56:08.200+0000] {dagbag.py:545} INFO - Filling up the DagBag from /home/airflow/.local/lib/python3.12/site-packages/airflow/example_dags/example_params_trigger_ui.py
[2026-05-10T10:56:08.210+0000] {processor.py:840} INFO - DAG(s) 'example_params_trigger_ui' retrieved from /home/airflow/.local/lib/python3.12/site-packages/airflow/example_dags/example_params_trigger_ui.py
[2026-05-10T10:56:08.245+0000] {logging_mixin.py:188} INFO - [2026-05-10T10:56:08.244+0000] {dag.py:3089} INFO - Sync 1 DAGs
[2026-05-10T10:56:08.257+0000] {logging_mixin.py:188} INFO - [2026-05-10T10:56:08.256+0000] {dag.py:3947} INFO - Setting next_dagrun for example_params_trigger_ui to None, run_after=None
[2026-05-10T10:56:08.275+0000] {processor.py:183} INFO - Processing /home/airflow/.local/lib/python3.12/site-packages/airflow/example_dags/example_params_trigger_ui.py took 0.086 seconds
[2026-05-10T11:56:08.568+0000] {processor.py:161} INFO - Started process (PID=79) to work on /home/airflow/.local/lib/python3.12/site-packages/airflow/example_dags/example_params_trigger_ui.py
[2026-05-10T11:56:08.569+0000] {processor.py:830} INFO - Processing file /home/airflow/.local/lib/python3.12/site-packages/airflow/example_dags/example_params_trigger_ui.py for tasks to queue
[2026-05-10T11:56:08.571+0000] {logging_mixin.py:188} INFO - [2026-05-10T11:56:08.570+0000] {dagbag.py:545} INFO - Filling up the DagBag from /home/airflow/.local/lib/python3.12/site-packages/airflow/example_dags/example_params_trigger_ui.py
[2026-05-10T11:56:08.582+0000] {processor.py:840} INFO - DAG(s) 'example_params_trigger_ui' retrieved from /home/airflow/.local/lib/python3.12/site-packages/airflow/example_dags/example_params_trigger_ui.py
[2026-05-10T11:56:08.595+0000] {logging_mixin.py:188} INFO - [2026-05-10T11:56:08.594+0000] {dag.py:3089} INFO - Sync 1 DAGs
[2026-05-10T11:56:08.607+0000] {logging_mixin.py:188} INFO - [2026-05-10T11:56:08.607+0000] {dag.py:3947} INFO - Setting next_dagrun for example_params_trigger_ui to None, run_after=None
[2026-05-10T11:56:08.624+0000] {processor.py:183} INFO - Processing /home/airflow/.local/lib/python3.12/site-packages/airflow/example_dags/example_params_trigger_ui.py took 0.062 seconds
[2026-05-10T11:56:39.443+0000] {processor.py:161} INFO - Started process (PID=139) to work on /home/airflow/.local/lib/python3.12/site-packages/airflow/example_dags/example_params_trigger_ui.py
[2026-05-10T11:56:39.443+0000] {processor.py:830} INFO - Processing file /home/airflow/.local/lib/python3.12/site-packages/airflow/example_dags/example_params_trigger_ui.py for tasks to queue
[2026-05-10T11:56:39.445+0000] {logging_mixin.py:188} INFO - [2026-05-10T11:56:39.445+0000] {dagbag.py:545} INFO - Filling up the DagBag from /home/airflow/.local/lib/python3.12/site-packages/airflow/example_dags/example_params_trigger_ui.py
[2026-05-10T11:56:39.453+0000] {processor.py:840} INFO - DAG(s) 'example_params_trigger_ui' retrieved from /home/airflow/.local/lib/python3.12/site-packages/airflow/example_dags/example_params_trigger_ui.py
[2026-05-10T11:56:39.549+0000] {logging_mixin.py:188} INFO - [2026-05-10T11:56:39.548+0000] {dag.py:3089} INFO - Sync 1 DAGs
[2026-05-10T11:56:39.557+0000] {logging_mixin.py:188} INFO - [2026-05-10T11:56:39.556+0000] {dag.py:3947} INFO - Setting next_dagrun for example_params_trigger_ui to None, run_after=None
[2026-05-10T11:56:39.572+0000] {processor.py:183} INFO - Processing /home/airflow/.local/lib/python3.12/site-packages/airflow/example_dags/example_params_trigger_ui.py took 0.135 seconds
[2026-05-10T11:57:09.860+0000] {processor.py:161} INFO - Started process (PID=199) to work on /home/airflow/.local/lib/python3.12/site-packages/airflow/example_dags/example_params_trigger_ui.py
[2026-05-10T11:57:09.860+0000] {processor.py:830} INFO - Processing file /home/airflow/.local/lib/python3.12/site-packages/airflow/example_dags/example_params_trigger_ui.py for tasks to queue
[2026-05-10T11:57:09.862+0000] {logging_mixin.py:188} INFO - [2026-05-10T11:57:09.862+0000] {dagbag.py:545} INFO - Filling up the DagBag from /home/airflow/.local/lib/python3.12/site-packages/airflow/example_dags/example_params_trigger_ui.py
[2026-05-10T11:57:09.869+0000] {processor.py:840} INFO - DAG(s) 'example_params_trigger_ui' retrieved from /home/airflow/.local/lib/python3.12/site-packages/airflow/example_dags/example_params_trigger_ui.py
[2026-05-10T11:57:09.898+0000] {logging_mixin.py:188} INFO - [2026-05-10T11:57:09.897+0000] {dag.py:3089} INFO - Sync 1 DAGs
[2026-05-10T11:57:09.907+0000] {logging_mixin.py:188} INFO - [2026-05-10T11:57:09.907+0000] {dag.py:3947} INFO - Setting next_dagrun for example_params_trigger_ui to None, run_after=None
[2026-05-10T11:57:09.920+0000] {processor.py:183} INFO - Processing /home/airflow/.local/lib/python3.12/site-packages/airflow/example_dags/example_params_trigger_ui.py took 0.067 seconds
[2026-05-10T11:57:41.244+0000] {processor.py:161} INFO - Started process (PID=259) to work on /home/airflow/.local/lib/python3.12/site-packages/airflow/example_dags/example_params_trigger_ui.py
[2026-05-10T11:57:41.245+0000] {processor.py:830} INFO - Processing file /home/airflow/.local/lib/python3.12/site-packages/airflow/example_dags/example_params_trigger_ui.py for tasks to queue
[2026-05-10T11:57:41.247+0000] {logging_mixin.py:188} INFO - [2026-05-10T11:57:41.247+0000] {dagbag.py:545} INFO - Filling up the DagBag from /home/airflow/.local/lib/python3.12/site-packages/airflow/example_dags/example_params_trigger_ui.py
[2026-05-10T11:57:41.258+0000] {processor.py:840} INFO - DAG(s) 'example_params_trigger_ui' retrieved from /home/airflow/.local/lib/python3.12/site-packages/airflow/example_dags/example_params_trigger_ui.py
[2026-05-10T11:57:41.291+0000] {logging_mixin.py:188} INFO - [2026-05-10T11:57:41.290+0000] {dag.py:3089} INFO - Sync 1 DAGs
[2026-05-10T11:57:41.300+0000] {logging_mixin.py:188} INFO - [2026-05-10T11:57:41.300+0000] {dag.py:3947} INFO - Setting next_dagrun for example_params_trigger_ui to None, run_after=None
[2026-05-10T11:57:41.315+0000] {processor.py:183} INFO - Processing /home/airflow/.local/lib/python3.12/site-packages/airflow/example_dags/example_params_trigger_ui.py took 0.078 seconds
[2026-05-10T11:58:12.267+0000] {processor.py:161} INFO - Started process (PID=319) to work on /home/airflow/.local/lib/python3.12/site-packages/airflow/example_dags/example_params_trigger_ui.py
[2026-05-10T11:58:12.268+0000] {processor.py:830} INFO - Processing file /home/airflow/.local/lib/python3.12/site-packages/airflow/example_dags/example_params_trigger_ui.py for tasks to queue
[2026-05-10T11:58:12.269+0000] {logging_mixin.py:188} INFO - [2026-05-10T11:58:12.269+0000] {dagbag.py:545} INFO - Filling up the DagBag from /home/airflow/.local/lib/python3.12/site-packages/airflow/example_dags/example_params_trigger_ui.py
[2026-05-10T11:58:12.276+0000] {processor.py:840} INFO - DAG(s) 'example_params_trigger_ui' retrieved from /home/airflow/.local/lib/python3.12/site-packages/airflow/example_dags/example_params_trigger_ui.py
[2026-05-10T11:58:12.306+0000] {logging_mixin.py:188} INFO - [2026-05-10T11:58:12.306+0000] {dag.py:3089} INFO - Sync 1 DAGs
[2026-05-10T11:58:12.316+0000] {logging_mixin.py:188} INFO - [2026-05-10T11:58:12.316+0000] {dag.py:3947} INFO - Setting next_dagrun for example_params_trigger_ui to None, run_after=None
[2026-05-10T11:58:12.330+0000] {processor.py:183} INFO - Processing /home/airflow/.local/lib/python3.12/site-packages/airflow/example_dags/example_params_trigger_ui.py took 0.069 seconds
[2026-05-10T11:58:43.461+0000] {processor.py:161} INFO - Started process (PID=379) to work on /home/airflow/.local/lib/python3.12/site-packages/airflow/example_dags/example_params_trigger_ui.py
[2026-05-10T11:58:43.462+0000] {processor.py:830} INFO - Processing file /home/airflow/.local/lib/python3.12/site-packages/airflow/example_dags/example_params_trigger_ui.py for tasks to queue
[2026-05-10T11:58:43.463+0000] {logging_mixin.py:188} INFO - [2026-05-10T11:58:43.463+0000] {dagbag.py:545} INFO - Filling up the DagBag from /home/airflow/.local/lib/python3.12/site-packages/airflow/example_dags/example_params_trigger_ui.py
[2026-05-10T11:58:43.471+0000] {processor.py:840} INFO - DAG(s) 'example_params_trigger_ui' retrieved from /home/airflow/.local/lib/python3.12/site-packages/airflow/example_dags/example_params_trigger_ui.py
[2026-05-10T11:58:43.501+0000] {logging_mixin.py:188} INFO - [2026-05-10T11:58:43.500+0000] {dag.py:3089} INFO - Sync 1 DAGs
[2026-05-10T11:58:43.510+0000] {logging_mixin.py:188} INFO - [2026-05-10T11:58:43.510+0000] {dag.py:3947} INFO - Setting next_dagrun for example_params_trigger_ui to None, run_after=None
[2026-05-10T11:58:43.523+0000] {processor.py:183} INFO - Processing /home/airflow/.local/lib/python3.12/site-packages/airflow/example_dags/example_params_trigger_ui.py took 0.067 seconds
[2026-05-10T11:59:14.710+0000] {processor.py:161} INFO - Started process (PID=439) to work on /home/airflow/.local/lib/python3.12/site-packages/airflow/example_dags/example_params_trigger_ui.py
[2026-05-10T11:59:14.711+0000] {processor.py:830} INFO - Processing file /home/airflow/.local/lib/python3.12/site-packages/airflow/example_dags/example_params_trigger_ui.py for tasks to queue
[2026-05-10T11:59:14.713+0000] {logging_mixin.py:188} INFO - [2026-05-10T11:59:14.713+0000] {dagbag.py:545} INFO - Filling up the DagBag from /home/airflow/.local/lib/python3.12/site-packages/airflow/example_dags/example_params_trigger_ui.py
[2026-05-10T11:59:14.721+0000] {processor.py:840} INFO - DAG(s) 'example_params_trigger_ui' retrieved from /home/airflow/.local/lib/python3.12/site-packages/airflow/example_dags/example_params_trigger_ui.py
[2026-05-10T11:59:14.750+0000] {logging_mixin.py:188} INFO - [2026-05-10T11:59:14.749+0000] {dag.py:3089} INFO - Sync 1 DAGs
[2026-05-10T11:59:14.759+0000] {logging_mixin.py:188} INFO - [2026-05-10T11:59:14.759+0000] {dag.py:3947} INFO - Setting next_dagrun for example_params_trigger_ui to None, run_after=None
[2026-05-10T11:59:14.772+0000] {processor.py:183} INFO - Processing /home/airflow/.local/lib/python3.12/site-packages/airflow/example_dags/example_params_trigger_ui.py took 0.068 seconds
[2026-05-10T11:59:45.198+0000] {processor.py:161} INFO - Started process (PID=499) to work on /home/airflow/.local/lib/python3.12/site-packages/airflow/example_dags/example_params_trigger_ui.py
[2026-05-10T11:59:45.199+0000] {processor.py:830} INFO - Processing file /home/airflow/.local/lib/python3.12/site-packages/airflow/example_dags/example_params_trigger_ui.py for tasks to queue
[2026-05-10T11:59:45.201+0000] {logging_mixin.py:188} INFO - [2026-05-10T11:59:45.200+0000] {dagbag.py:545} INFO - Filling up the DagBag from /home/airflow/.local/lib/python3.12/site-packages/airflow/example_dags/example_params_trigger_ui.py
[2026-05-10T11:59:45.208+0000] {processor.py:840} INFO - DAG(s) 'example_params_trigger_ui' retrieved from /home/airflow/.local/lib/python3.12/site-packages/airflow/example_dags/example_params_trigger_ui.py
[2026-05-10T11:59:45.240+0000] {logging_mixin.py:188} INFO - [2026-05-10T11:59:45.240+0000] {dag.py:3089} INFO - Sync 1 DAGs
[2026-05-10T11:59:45.249+0000] {logging_mixin.py:188} INFO - [2026-05-10T11:59:45.248+0000] {dag.py:3947} INFO - Setting next_dagrun for example_params_trigger_ui to None, run_after=None
[2026-05-10T11:59:45.261+0000] {processor.py:183} INFO - Processing /home/airflow/.local/lib/python3.12/site-packages/airflow/example_dags/example_params_trigger_ui.py took 0.068 seconds
[2026-05-10T12:00:15.974+0000] {processor.py:161} INFO - Started process (PID=559) to work on /home/airflow/.local/lib/python3.12/site-packages/airflow/example_dags/example_params_trigger_ui.py
[2026-05-10T12:00:15.974+0000] {processor.py:830} INFO - Processing file /home/airflow/.local/lib/python3.12/site-packages/airflow/example_dags/example_params_trigger_ui.py for tasks to queue
[2026-05-10T12:00:15.976+0000] {logging_mixin.py:188} INFO - [2026-05-10T12:00:15.976+0000] {dagbag.py:545} INFO - Filling up the DagBag from /home/airflow/.local/lib/python3.12/site-packages/airflow/example_dags/example_params_trigger_ui.py
[2026-05-10T12:00:15.983+0000] {processor.py:840} INFO - DAG(s) 'example_params_trigger_ui' retrieved from /home/airflow/.local/lib/python3.12/site-packages/airflow/example_dags/example_params_trigger_ui.py
[2026-05-10T12:00:16.013+0000] {logging_mixin.py:188} INFO - [2026-05-10T12:00:16.013+0000] {dag.py:3089} INFO - Sync 1 DAGs
[2026-05-10T12:00:16.022+0000] {logging_mixin.py:188} INFO - [2026-05-10T12:00:16.022+0000] {dag.py:3947} INFO - Setting next_dagrun for example_params_trigger_ui to None, run_after=None
[2026-05-10T12:00:16.035+0000] {processor.py:183} INFO - Processing /home/airflow/.local/lib/python3.12/site-packages/airflow/example_dags/example_params_trigger_ui.py took 0.067 seconds
[2026-05-10T12:00:46.684+0000] {processor.py:161} INFO - Started process (PID=619) to work on /home/airflow/.local/lib/python3.12/site-packages/airflow/example_dags/example_params_trigger_ui.py
[2026-05-10T12:00:46.685+0000] {processor.py:830} INFO - Processing file /home/airflow/.local/lib/python3.12/site-packages/airflow/example_dags/example_params_trigger_ui.py for tasks to queue
[2026-05-10T12:00:46.687+0000] {logging_mixin.py:188} INFO - [2026-05-10T12:00:46.686+0000] {dagbag.py:545} INFO - Filling up the DagBag from /home/airflow/.local/lib/python3.12/site-packages/airflow/example_dags/example_params_trigger_ui.py
[2026-05-10T12:00:46.695+0000] {processor.py:840} INFO - DAG(s) 'example_params_trigger_ui' retrieved from /home/airflow/.local/lib/python3.12/site-packages/airflow/example_dags/example_params_trigger_ui.py
[2026-05-10T12:00:46.727+0000] {logging_mixin.py:188} INFO - [2026-05-10T12:00:46.726+0000] {dag.py:3089} INFO - Sync 1 DAGs
[2026-05-10T12:00:46.736+0000] {logging_mixin.py:188} INFO - [2026-05-10T12:00:46.736+0000] {dag.py:3947} INFO - Setting next_dagrun for example_params_trigger_ui to None, run_after=None
[2026-05-10T12:00:46.749+0000] {processor.py:183} INFO - Processing /home/airflow/.local/lib/python3.12/site-packages/airflow/example_dags/example_params_trigger_ui.py took 0.071 seconds
[2026-05-10T12:01:18.025+0000] {processor.py:161} INFO - Started process (PID=679) to work on /home/airflow/.local/lib/python3.12/site-packages/airflow/example_dags/example_params_trigger_ui.py
[2026-05-10T12:01:18.026+0000] {processor.py:830} INFO - Processing file /home/airflow/.local/lib/python3.12/site-packages/airflow/example_dags/example_params_trigger_ui.py for tasks to queue
[2026-05-10T12:01:18.028+0000] {logging_mixin.py:188} INFO - [2026-05-10T12:01:18.028+0000] {dagbag.py:545} INFO - Filling up the DagBag from /home/airflow/.local/lib/python3.12/site-packages/airflow/example_dags/example_params_trigger_ui.py
[2026-05-10T12:01:18.035+0000] {processor.py:840} INFO - DAG(s) 'example_params_trigger_ui' retrieved from /home/airflow/.local/lib/python3.12/site-packages/airflow/example_dags/example_params_trigger_ui.py
[2026-05-10T12:01:18.063+0000] {logging_mixin.py:188} INFO - [2026-05-10T12:01:18.063+0000] {dag.py:3089} INFO - Sync 1 DAGs
[2026-05-10T12:01:18.071+0000] {logging_mixin.py:188} INFO - [2026-05-10T12:01:18.071+0000] {dag.py:3947} INFO - Setting next_dagrun for example_params_trigger_ui to None, run_after=None
[2026-05-10T12:01:18.084+0000] {processor.py:183} INFO - Processing /home/airflow/.local/lib/python3.12/site-packages/airflow/example_dags/example_params_trigger_ui.py took 0.065 seconds
[2026-05-10T12:01:48.574+0000] {processor.py:161} INFO - Started process (PID=739) to work on /home/airflow/.local/lib/python3.12/site-packages/airflow/example_dags/example_params_trigger_ui.py
[2026-05-10T12:01:48.575+0000] {processor.py:830} INFO - Processing file /home/airflow/.local/lib/python3.12/site-packages/airflow/example_dags/example_params_trigger_ui.py for tasks to queue
[2026-05-10T12:01:48.577+0000] {logging_mixin.py:188} INFO - [2026-05-10T12:01:48.577+0000] {dagbag.py:545} INFO - Filling up the DagBag from /home/airflow/.local/lib/python3.12/site-packages/airflow/example_dags/example_params_trigger_ui.py
[2026-05-10T12:01:48.584+0000] {processor.py:840} INFO - DAG(s) 'example_params_trigger_ui' retrieved from /home/airflow/.local/lib/python3.12/site-packages/airflow/example_dags/example_params_trigger_ui.py
[2026-05-10T12:01:48.613+0000] {logging_mixin.py:188} INFO - [2026-05-10T12:01:48.613+0000] {dag.py:3089} INFO - Sync 1 DAGs
[2026-05-10T12:01:48.622+0000] {logging_mixin.py:188} INFO - [2026-05-10T12:01:48.622+0000] {dag.py:3947} INFO - Setting next_dagrun for example_params_trigger_ui to None, run_after=None
[2026-05-10T12:01:48.637+0000] {processor.py:183} INFO - Processing /home/airflow/.local/lib/python3.12/site-packages/airflow/example_dags/example_params_trigger_ui.py took 0.069 seconds
[2026-05-10T12:02:19.921+0000] {processor.py:161} INFO - Started process (PID=799) to work on /home/airflow/.local/lib/python3.12/site-packages/airflow/example_dags/example_params_trigger_ui.py
[2026-05-10T12:02:19.922+0000] {processor.py:830} INFO - Processing file /home/airflow/.local/lib/python3.12/site-packages/airflow/example_dags/example_params_trigger_ui.py for tasks to queue
[2026-05-10T12:02:19.924+0000] {logging_mixin.py:188} INFO - [2026-05-10T12:02:19.924+0000] {dagbag.py:545} INFO - Filling up the DagBag from /home/airflow/.local/lib/python3.12/site-packages/airflow/example_dags/example_params_trigger_ui.py
[2026-05-10T12:02:19.935+0000] {processor.py:840} INFO - DAG(s) 'example_params_trigger_ui' retrieved from /home/airflow/.local/lib/python3.12/site-packages/airflow/example_dags/example_params_trigger_ui.py
[2026-05-10T12:02:19.971+0000] {logging_mixin.py:188} INFO - [2026-05-10T12:02:19.971+0000] {dag.py:3089} INFO - Sync 1 DAGs
[2026-05-10T12:02:19.984+0000] {logging_mixin.py:188} INFO - [2026-05-10T12:02:19.984+0000] {dag.py:3947} INFO - Setting next_dagrun for example_params_trigger_ui to None, run_after=None
[2026-05-10T12:02:20.001+0000] {processor.py:183} INFO - Processing /home/airflow/.local/lib/python3.12/site-packages/airflow/example_dags/example_params_trigger_ui.py took 0.088 seconds
[2026-05-10T12:03:55.594+0000] {processor.py:161} INFO - Started process (PID=79) to work on /home/airflow/.local/lib/python3.12/site-packages/airflow/example_dags/example_params_trigger_ui.py
[2026-05-10T12:03:55.595+0000] {processor.py:830} INFO - Processing file /home/airflow/.local/lib/python3.12/site-packages/airflow/example_dags/example_params_trigger_ui.py for tasks to queue
[2026-05-10T12:03:55.597+0000] {logging_mixin.py:188} INFO - [2026-05-10T12:03:55.597+0000] {dagbag.py:545} INFO - Filling up the DagBag from /home/airflow/.local/lib/python3.12/site-packages/airflow/example_dags/example_params_trigger_ui.py
[2026-05-10T12:03:55.608+0000] {processor.py:840} INFO - DAG(s) 'example_params_trigger_ui' retrieved from /home/airflow/.local/lib/python3.12/site-packages/airflow/example_dags/example_params_trigger_ui.py
[2026-05-10T12:03:55.620+0000] {logging_mixin.py:188} INFO - [2026-05-10T12:03:55.620+0000] {dag.py:3089} INFO - Sync 1 DAGs
[2026-05-10T12:03:55.636+0000] {logging_mixin.py:188} INFO - [2026-05-10T12:03:55.635+0000] {dag.py:3947} INFO - Setting next_dagrun for example_params_trigger_ui to None, run_after=None
[2026-05-10T12:03:55.653+0000] {processor.py:183} INFO - Processing /home/airflow/.local/lib/python3.12/site-packages/airflow/example_dags/example_params_trigger_ui.py took 0.065 seconds
[2026-05-10T12:04:26.547+0000] {processor.py:161} INFO - Started process (PID=139) to work on /home/airflow/.local/lib/python3.12/site-packages/airflow/example_dags/example_params_trigger_ui.py
[2026-05-10T12:04:26.548+0000] {processor.py:830} INFO - Processing file /home/airflow/.local/lib/python3.12/site-packages/airflow/example_dags/example_params_trigger_ui.py for tasks to queue
[2026-05-10T12:04:26.550+0000] {logging_mixin.py:188} INFO - [2026-05-10T12:04:26.550+0000] {dagbag.py:545} INFO - Filling up the DagBag from /home/airflow/.local/lib/python3.12/site-packages/airflow/example_dags/example_params_trigger_ui.py
[2026-05-10T12:04:26.558+0000] {processor.py:840} INFO - DAG(s) 'example_params_trigger_ui' retrieved from /home/airflow/.local/lib/python3.12/site-packages/airflow/example_dags/example_params_trigger_ui.py
[2026-05-10T12:04:26.654+0000] {logging_mixin.py:188} INFO - [2026-05-10T12:04:26.654+0000] {dag.py:3089} INFO - Sync 1 DAGs
[2026-05-10T12:04:26.661+0000] {logging_mixin.py:188} INFO - [2026-05-10T12:04:26.661+0000] {dag.py:3947} INFO - Setting next_dagrun for example_params_trigger_ui to None, run_after=None
[2026-05-10T12:04:26.674+0000] {processor.py:183} INFO - Processing /home/airflow/.local/lib/python3.12/site-packages/airflow/example_dags/example_params_trigger_ui.py took 0.134 seconds
[2026-05-10T12:04:57.005+0000] {processor.py:161} INFO - Started process (PID=199) to work on /home/airflow/.local/lib/python3.12/site-packages/airflow/example_dags/example_params_trigger_ui.py
[2026-05-10T12:04:57.007+0000] {processor.py:830} INFO - Processing file /home/airflow/.local/lib/python3.12/site-packages/airflow/example_dags/example_params_trigger_ui.py for tasks to queue
[2026-05-10T12:04:57.010+0000] {logging_mixin.py:188} INFO - [2026-05-10T12:04:57.009+0000] {dagbag.py:545} INFO - Filling up the DagBag from /home/airflow/.local/lib/python3.12/site-packages/airflow/example_dags/example_params_trigger_ui.py
[2026-05-10T12:04:57.020+0000] {processor.py:840} INFO - DAG(s) 'example_params_trigger_ui' retrieved from /home/airflow/.local/lib/python3.12/site-packages/airflow/example_dags/example_params_trigger_ui.py
[2026-05-10T12:04:57.079+0000] {logging_mixin.py:188} INFO - [2026-05-10T12:04:57.078+0000] {dag.py:3089} INFO - Sync 1 DAGs
[2026-05-10T12:04:57.095+0000] {logging_mixin.py:188} INFO - [2026-05-10T12:04:57.094+0000] {dag.py:3947} INFO - Setting next_dagrun for example_params_trigger_ui to None, run_after=None
[2026-05-10T12:04:57.117+0000] {processor.py:183} INFO - Processing /home/airflow/.local/lib/python3.12/site-packages/airflow/example_dags/example_params_trigger_ui.py took 0.122 seconds
[2026-05-10T12:05:27.521+0000] {processor.py:161} INFO - Started process (PID=258) to work on /home/airflow/.local/lib/python3.12/site-packages/airflow/example_dags/example_params_trigger_ui.py
[2026-05-10T12:05:27.522+0000] {processor.py:830} INFO - Processing file /home/airflow/.local/lib/python3.12/site-packages/airflow/example_dags/example_params_trigger_ui.py for tasks to queue
[2026-05-10T12:05:27.524+0000] {logging_mixin.py:188} INFO - [2026-05-10T12:05:27.523+0000] {dagbag.py:545} INFO - Filling up the DagBag from /home/airflow/.local/lib/python3.12/site-packages/airflow/example_dags/example_params_trigger_ui.py
[2026-05-10T12:05:27.535+0000] {processor.py:840} INFO - DAG(s) 'example_params_trigger_ui' retrieved from /home/airflow/.local/lib/python3.12/site-packages/airflow/example_dags/example_params_trigger_ui.py
[2026-05-10T12:05:27.572+0000] {logging_mixin.py:188} INFO - [2026-05-10T12:05:27.572+0000] {dag.py:3089} INFO - Sync 1 DAGs
[2026-05-10T12:05:27.582+0000] {logging_mixin.py:188} INFO - [2026-05-10T12:05:27.582+0000] {dag.py:3947} INFO - Setting next_dagrun for example_params_trigger_ui to None, run_after=None
[2026-05-10T12:05:27.599+0000] {processor.py:183} INFO - Processing /home/airflow/.local/lib/python3.12/site-packages/airflow/example_dags/example_params_trigger_ui.py took 0.085 seconds
[2026-05-10T12:05:58.329+0000] {processor.py:161} INFO - Started process (PID=319) to work on /home/airflow/.local/lib/python3.12/site-packages/airflow/example_dags/example_params_trigger_ui.py
[2026-05-10T12:05:58.330+0000] {processor.py:830} INFO - Processing file /home/airflow/.local/lib/python3.12/site-packages/airflow/example_dags/example_params_trigger_ui.py for tasks to queue
[2026-05-10T12:05:58.332+0000] {logging_mixin.py:188} INFO - [2026-05-10T12:05:58.332+0000] {dagbag.py:545} INFO - Filling up the DagBag from /home/airflow/.local/lib/python3.12/site-packages/airflow/example_dags/example_params_trigger_ui.py
[2026-05-10T12:05:58.341+0000] {processor.py:840} INFO - DAG(s) 'example_params_trigger_ui' retrieved from /home/airflow/.local/lib/python3.12/site-packages/airflow/example_dags/example_params_trigger_ui.py
[2026-05-10T12:05:58.373+0000] {logging_mixin.py:188} INFO - [2026-05-10T12:05:58.372+0000] {dag.py:3089} INFO - Sync 1 DAGs
[2026-05-10T12:05:58.383+0000] {logging_mixin.py:188} INFO - [2026-05-10T12:05:58.383+0000] {dag.py:3947} INFO - Setting next_dagrun for example_params_trigger_ui to None, run_after=None
[2026-05-10T12:05:58.400+0000] {processor.py:183} INFO - Processing /home/airflow/.local/lib/python3.12/site-packages/airflow/example_dags/example_params_trigger_ui.py took 0.076 seconds
[2026-05-10T12:06:29.164+0000] {processor.py:161} INFO - Started process (PID=379) to work on /home/airflow/.local/lib/python3.12/site-packages/airflow/example_dags/example_params_trigger_ui.py
[2026-05-10T12:06:29.165+0000] {processor.py:830} INFO - Processing file /home/airflow/.local/lib/python3.12/site-packages/airflow/example_dags/example_params_trigger_ui.py for tasks to queue
[2026-05-10T12:06:29.167+0000] {logging_mixin.py:188} INFO - [2026-05-10T12:06:29.166+0000] {dagbag.py:545} INFO - Filling up the DagBag from /home/airflow/.local/lib/python3.12/site-packages/airflow/example_dags/example_params_trigger_ui.py
[2026-05-10T12:06:29.174+0000] {processor.py:840} INFO - DAG(s) 'example_params_trigger_ui' retrieved from /home/airflow/.local/lib/python3.12/site-packages/airflow/example_dags/example_params_trigger_ui.py
[2026-05-10T12:06:29.268+0000] {logging_mixin.py:188} INFO - [2026-05-10T12:06:29.268+0000] {dag.py:3089} INFO - Sync 1 DAGs
[2026-05-10T12:06:29.275+0000] {logging_mixin.py:188} INFO - [2026-05-10T12:06:29.275+0000] {dag.py:3111} INFO - Creating ORM DAG for example_params_trigger_ui
[2026-05-10T12:06:29.275+0000] {logging_mixin.py:188} INFO - [2026-05-10T12:06:29.275+0000] {dag.py:3947} INFO - Setting next_dagrun for example_params_trigger_ui to None, run_after=None
[2026-05-10T12:06:29.291+0000] {processor.py:183} INFO - Processing /home/airflow/.local/lib/python3.12/site-packages/airflow/example_dags/example_params_trigger_ui.py took 0.132 seconds
[2026-05-10T12:06:59.730+0000] {processor.py:161} INFO - Started process (PID=439) to work on /home/airflow/.local/lib/python3.12/site-packages/airflow/example_dags/example_params_trigger_ui.py
[2026-05-10T12:06:59.730+0000] {processor.py:830} INFO - Processing file /home/airflow/.local/lib/python3.12/site-packages/airflow/example_dags/example_params_trigger_ui.py for tasks to queue
[2026-05-10T12:06:59.732+0000] {logging_mixin.py:188} INFO - [2026-05-10T12:06:59.732+0000] {dagbag.py:545} INFO - Filling up the DagBag from /home/airflow/.local/lib/python3.12/site-packages/airflow/example_dags/example_params_trigger_ui.py
[2026-05-10T12:06:59.741+0000] {processor.py:840} INFO - DAG(s) 'example_params_trigger_ui' retrieved from /home/airflow/.local/lib/python3.12/site-packages/airflow/example_dags/example_params_trigger_ui.py
[2026-05-10T12:06:59.776+0000] {logging_mixin.py:188} INFO - [2026-05-10T12:06:59.776+0000] {dag.py:3089} INFO - Sync 1 DAGs
[2026-05-10T12:06:59.787+0000] {logging_mixin.py:188} INFO - [2026-05-10T12:06:59.786+0000] {dag.py:3947} INFO - Setting next_dagrun for example_params_trigger_ui to None, run_after=None
[2026-05-10T12:06:59.806+0000] {processor.py:183} INFO - Processing /home/airflow/.local/lib/python3.12/site-packages/airflow/example_dags/example_params_trigger_ui.py took 0.082 seconds
[2026-05-10T12:07:30.871+0000] {processor.py:161} INFO - Started process (PID=499) to work on /home/airflow/.local/lib/python3.12/site-packages/airflow/example_dags/example_params_trigger_ui.py
[2026-05-10T12:07:30.872+0000] {processor.py:830} INFO - Processing file /home/airflow/.local/lib/python3.12/site-packages/airflow/example_dags/example_params_trigger_ui.py for tasks to queue
[2026-05-10T12:07:30.874+0000] {logging_mixin.py:188} INFO - [2026-05-10T12:07:30.873+0000] {dagbag.py:545} INFO - Filling up the DagBag from /home/airflow/.local/lib/python3.12/site-packages/airflow/example_dags/example_params_trigger_ui.py
[2026-05-10T12:07:30.883+0000] {processor.py:840} INFO - DAG(s) 'example_params_trigger_ui' retrieved from /home/airflow/.local/lib/python3.12/site-packages/airflow/example_dags/example_params_trigger_ui.py
[2026-05-10T12:07:30.915+0000] {logging_mixin.py:188} INFO - [2026-05-10T12:07:30.915+0000] {dag.py:3089} INFO - Sync 1 DAGs
[2026-05-10T12:07:30.926+0000] {logging_mixin.py:188} INFO - [2026-05-10T12:07:30.926+0000] {dag.py:3947} INFO - Setting next_dagrun for example_params_trigger_ui to None, run_after=None
[2026-05-10T12:07:30.945+0000] {processor.py:183} INFO - Processing /home/airflow/.local/lib/python3.12/site-packages/airflow/example_dags/example_params_trigger_ui.py took 0.081 seconds
[2026-05-10T12:08:02.034+0000] {processor.py:161} INFO - Started process (PID=559) to work on /home/airflow/.local/lib/python3.12/site-packages/airflow/example_dags/example_params_trigger_ui.py
[2026-05-10T12:08:02.035+0000] {processor.py:830} INFO - Processing file /home/airflow/.local/lib/python3.12/site-packages/airflow/example_dags/example_params_trigger_ui.py for tasks to queue
[2026-05-10T12:08:02.036+0000] {logging_mixin.py:188} INFO - [2026-05-10T12:08:02.036+0000] {dagbag.py:545} INFO - Filling up the DagBag from /home/airflow/.local/lib/python3.12/site-packages/airflow/example_dags/example_params_trigger_ui.py
[2026-05-10T12:08:02.043+0000] {processor.py:840} INFO - DAG(s) 'example_params_trigger_ui' retrieved from /home/airflow/.local/lib/python3.12/site-packages/airflow/example_dags/example_params_trigger_ui.py
[2026-05-10T12:08:02.075+0000] {logging_mixin.py:188} INFO - [2026-05-10T12:08:02.075+0000] {dag.py:3089} INFO - Sync 1 DAGs
[2026-05-10T12:08:02.085+0000] {logging_mixin.py:188} INFO - [2026-05-10T12:08:02.085+0000] {dag.py:3947} INFO - Setting next_dagrun for example_params_trigger_ui to None, run_after=None
[2026-05-10T12:08:02.099+0000] {processor.py:183} INFO - Processing /home/airflow/.local/lib/python3.12/site-packages/airflow/example_dags/example_params_trigger_ui.py took 0.071 seconds
[2026-05-10T12:08:32.562+0000] {processor.py:161} INFO - Started process (PID=619) to work on /home/airflow/.local/lib/python3.12/site-packages/airflow/example_dags/example_params_trigger_ui.py
[2026-05-10T12:08:32.563+0000] {processor.py:830} INFO - Processing file /home/airflow/.local/lib/python3.12/site-packages/airflow/example_dags/example_params_trigger_ui.py for tasks to queue
[2026-05-10T12:08:32.565+0000] {logging_mixin.py:188} INFO - [2026-05-10T12:08:32.565+0000] {dagbag.py:545} INFO - Filling up the DagBag from /home/airflow/.local/lib/python3.12/site-packages/airflow/example_dags/example_params_trigger_ui.py
[2026-05-10T12:08:32.573+0000] {processor.py:840} INFO - DAG(s) 'example_params_trigger_ui' retrieved from /home/airflow/.local/lib/python3.12/site-packages/airflow/example_dags/example_params_trigger_ui.py
[2026-05-10T12:08:32.609+0000] {logging_mixin.py:188} INFO - [2026-05-10T12:08:32.609+0000] {dag.py:3089} INFO - Sync 1 DAGs
[2026-05-10T12:08:32.621+0000] {logging_mixin.py:188} INFO - [2026-05-10T12:08:32.620+0000] {dag.py:3947} INFO - Setting next_dagrun for example_params_trigger_ui to None, run_after=None
[2026-05-10T12:08:32.637+0000] {processor.py:183} INFO - Processing /home/airflow/.local/lib/python3.12/site-packages/airflow/example_dags/example_params_trigger_ui.py took 0.082 seconds
[2026-05-10T12:09:03.414+0000] {processor.py:161} INFO - Started process (PID=679) to work on /home/airflow/.local/lib/python3.12/site-packages/airflow/example_dags/example_params_trigger_ui.py
[2026-05-10T12:09:03.415+0000] {processor.py:830} INFO - Processing file /home/airflow/.local/lib/python3.12/site-packages/airflow/example_dags/example_params_trigger_ui.py for tasks to queue
[2026-05-10T12:09:03.417+0000] {logging_mixin.py:188} INFO - [2026-05-10T12:09:03.416+0000] {dagbag.py:545} INFO - Filling up the DagBag from /home/airflow/.local/lib/python3.12/site-packages/airflow/example_dags/example_params_trigger_ui.py
[2026-05-10T12:09:03.424+0000] {processor.py:840} INFO - DAG(s) 'example_params_trigger_ui' retrieved from /home/airflow/.local/lib/python3.12/site-packages/airflow/example_dags/example_params_trigger_ui.py
[2026-05-10T12:09:03.454+0000] {logging_mixin.py:188} INFO - [2026-05-10T12:09:03.454+0000] {dag.py:3089} INFO - Sync 1 DAGs
[2026-05-10T12:09:03.465+0000] {logging_mixin.py:188} INFO - [2026-05-10T12:09:03.465+0000] {dag.py:3947} INFO - Setting next_dagrun for example_params_trigger_ui to None, run_after=None
[2026-05-10T12:09:03.478+0000] {processor.py:183} INFO - Processing /home/airflow/.local/lib/python3.12/site-packages/airflow/example_dags/example_params_trigger_ui.py took 0.070 seconds
[2026-05-10T12:09:34.620+0000] {processor.py:161} INFO - Started process (PID=739) to work on /home/airflow/.local/lib/python3.12/site-packages/airflow/example_dags/example_params_trigger_ui.py
[2026-05-10T12:09:34.622+0000] {processor.py:830} INFO - Processing file /home/airflow/.local/lib/python3.12/site-packages/airflow/example_dags/example_params_trigger_ui.py for tasks to queue
[2026-05-10T12:09:34.624+0000] {logging_mixin.py:188} INFO - [2026-05-10T12:09:34.623+0000] {dagbag.py:545} INFO - Filling up the DagBag from /home/airflow/.local/lib/python3.12/site-packages/airflow/example_dags/example_params_trigger_ui.py
[2026-05-10T12:09:34.631+0000] {processor.py:840} INFO - DAG(s) 'example_params_trigger_ui' retrieved from /home/airflow/.local/lib/python3.12/site-packages/airflow/example_dags/example_params_trigger_ui.py
[2026-05-10T12:09:34.663+0000] {logging_mixin.py:188} INFO - [2026-05-10T12:09:34.663+0000] {dag.py:3089} INFO - Sync 1 DAGs
[2026-05-10T12:09:34.673+0000] {logging_mixin.py:188} INFO - [2026-05-10T12:09:34.672+0000] {dag.py:3947} INFO - Setting next_dagrun for example_params_trigger_ui to None, run_after=None
[2026-05-10T12:09:34.684+0000] {processor.py:183} INFO - Processing /home/airflow/.local/lib/python3.12/site-packages/airflow/example_dags/example_params_trigger_ui.py took 0.069 seconds
[2026-05-10T12:10:05.731+0000] {processor.py:161} INFO - Started process (PID=799) to work on /home/airflow/.local/lib/python3.12/site-packages/airflow/example_dags/example_params_trigger_ui.py
[2026-05-10T12:10:05.731+0000] {processor.py:830} INFO - Processing file /home/airflow/.local/lib/python3.12/site-packages/airflow/example_dags/example_params_trigger_ui.py for tasks to queue
[2026-05-10T12:10:05.733+0000] {logging_mixin.py:188} INFO - [2026-05-10T12:10:05.733+0000] {dagbag.py:545} INFO - Filling up the DagBag from /home/airflow/.local/lib/python3.12/site-packages/airflow/example_dags/example_params_trigger_ui.py
[2026-05-10T12:10:05.740+0000] {processor.py:840} INFO - DAG(s) 'example_params_trigger_ui' retrieved from /home/airflow/.local/lib/python3.12/site-packages/airflow/example_dags/example_params_trigger_ui.py
[2026-05-10T12:10:05.768+0000] {logging_mixin.py:188} INFO - [2026-05-10T12:10:05.768+0000] {dag.py:3089} INFO - Sync 1 DAGs
[2026-05-10T12:10:05.777+0000] {logging_mixin.py:188} INFO - [2026-05-10T12:10:05.777+0000] {dag.py:3947} INFO - Setting next_dagrun for example_params_trigger_ui to None, run_after=None
[2026-05-10T12:10:05.794+0000] {processor.py:183} INFO - Processing /home/airflow/.local/lib/python3.12/site-packages/airflow/example_dags/example_params_trigger_ui.py took 0.069 seconds
[2026-05-10T12:10:36.933+0000] {processor.py:161} INFO - Started process (PID=859) to work on /home/airflow/.local/lib/python3.12/site-packages/airflow/example_dags/example_params_trigger_ui.py
[2026-05-10T12:10:36.934+0000] {processor.py:830} INFO - Processing file /home/airflow/.local/lib/python3.12/site-packages/airflow/example_dags/example_params_trigger_ui.py for tasks to queue
[2026-05-10T12:10:36.935+0000] {logging_mixin.py:188} INFO - [2026-05-10T12:10:36.935+0000] {dagbag.py:545} INFO - Filling up the DagBag from /home/airflow/.local/lib/python3.12/site-packages/airflow/example_dags/example_params_trigger_ui.py
[2026-05-10T12:10:36.942+0000] {processor.py:840} INFO - DAG(s) 'example_params_trigger_ui' retrieved from /home/airflow/.local/lib/python3.12/site-packages/airflow/example_dags/example_params_trigger_ui.py
[2026-05-10T12:10:36.974+0000] {logging_mixin.py:188} INFO - [2026-05-10T12:10:36.974+0000] {dag.py:3089} INFO - Sync 1 DAGs
[2026-05-10T12:10:36.982+0000] {logging_mixin.py:188} INFO - [2026-05-10T12:10:36.982+0000] {dag.py:3947} INFO - Setting next_dagrun for example_params_trigger_ui to None, run_after=None
[2026-05-10T12:10:36.994+0000] {processor.py:183} INFO - Processing /home/airflow/.local/lib/python3.12/site-packages/airflow/example_dags/example_params_trigger_ui.py took 0.068 seconds
[2026-05-10T12:11:08.117+0000] {processor.py:161} INFO - Started process (PID=919) to work on /home/airflow/.local/lib/python3.12/site-packages/airflow/example_dags/example_params_trigger_ui.py
[2026-05-10T12:11:08.118+0000] {processor.py:830} INFO - Processing file /home/airflow/.local/lib/python3.12/site-packages/airflow/example_dags/example_params_trigger_ui.py for tasks to queue
[2026-05-10T12:11:08.120+0000] {logging_mixin.py:188} INFO - [2026-05-10T12:11:08.120+0000] {dagbag.py:545} INFO - Filling up the DagBag from /home/airflow/.local/lib/python3.12/site-packages/airflow/example_dags/example_params_trigger_ui.py
[2026-05-10T12:11:08.127+0000] {processor.py:840} INFO - DAG(s) 'example_params_trigger_ui' retrieved from /home/airflow/.local/lib/python3.12/site-packages/airflow/example_dags/example_params_trigger_ui.py
[2026-05-10T12:11:08.159+0000] {logging_mixin.py:188} INFO - [2026-05-10T12:11:08.159+0000] {dag.py:3089} INFO - Sync 1 DAGs
[2026-05-10T12:11:08.168+0000] {logging_mixin.py:188} INFO - [2026-05-10T12:11:08.167+0000] {dag.py:3947} INFO - Setting next_dagrun for example_params_trigger_ui to None, run_after=None
[2026-05-10T12:11:08.181+0000] {processor.py:183} INFO - Processing /home/airflow/.local/lib/python3.12/site-packages/airflow/example_dags/example_params_trigger_ui.py took 0.069 seconds
[2026-05-10T12:11:39.225+0000] {processor.py:161} INFO - Started process (PID=979) to work on /home/airflow/.local/lib/python3.12/site-packages/airflow/example_dags/example_params_trigger_ui.py
[2026-05-10T12:11:39.226+0000] {processor.py:830} INFO - Processing file /home/airflow/.local/lib/python3.12/site-packages/airflow/example_dags/example_params_trigger_ui.py for tasks to queue
[2026-05-10T12:11:39.228+0000] {logging_mixin.py:188} INFO - [2026-05-10T12:11:39.227+0000] {dagbag.py:545} INFO - Filling up the DagBag from /home/airflow/.local/lib/python3.12/site-packages/airflow/example_dags/example_params_trigger_ui.py
[2026-05-10T12:11:39.235+0000] {processor.py:840} INFO - DAG(s) 'example_params_trigger_ui' retrieved from /home/airflow/.local/lib/python3.12/site-packages/airflow/example_dags/example_params_trigger_ui.py
[2026-05-10T12:11:39.263+0000] {logging_mixin.py:188} INFO - [2026-05-10T12:11:39.263+0000] {dag.py:3089} INFO - Sync 1 DAGs
[2026-05-10T12:11:39.272+0000] {logging_mixin.py:188} INFO - [2026-05-10T12:11:39.272+0000] {dag.py:3947} INFO - Setting next_dagrun for example_params_trigger_ui to None, run_after=None
[2026-05-10T12:11:39.285+0000] {processor.py:183} INFO - Processing /home/airflow/.local/lib/python3.12/site-packages/airflow/example_dags/example_params_trigger_ui.py took 0.066 seconds
[2026-05-10T12:12:10.405+0000] {processor.py:161} INFO - Started process (PID=1039) to work on /home/airflow/.local/lib/python3.12/site-packages/airflow/example_dags/example_params_trigger_ui.py
[2026-05-10T12:12:10.406+0000] {processor.py:830} INFO - Processing file /home/airflow/.local/lib/python3.12/site-packages/airflow/example_dags/example_params_trigger_ui.py for tasks to queue
[2026-05-10T12:12:10.408+0000] {logging_mixin.py:188} INFO - [2026-05-10T12:12:10.407+0000] {dagbag.py:545} INFO - Filling up the DagBag from /home/airflow/.local/lib/python3.12/site-packages/airflow/example_dags/example_params_trigger_ui.py
[2026-05-10T12:12:10.415+0000] {processor.py:840} INFO - DAG(s) 'example_params_trigger_ui' retrieved from /home/airflow/.local/lib/python3.12/site-packages/airflow/example_dags/example_params_trigger_ui.py
[2026-05-10T12:12:10.445+0000] {logging_mixin.py:188} INFO - [2026-05-10T12:12:10.445+0000] {dag.py:3089} INFO - Sync 1 DAGs
[2026-05-10T12:12:10.454+0000] {logging_mixin.py:188} INFO - [2026-05-10T12:12:10.454+0000] {dag.py:3947} INFO - Setting next_dagrun for example_params_trigger_ui to None, run_after=None
[2026-05-10T12:12:10.467+0000] {processor.py:183} INFO - Processing /home/airflow/.local/lib/python3.12/site-packages/airflow/example_dags/example_params_trigger_ui.py took 0.069 seconds
[2026-05-10T12:12:41.711+0000] {processor.py:161} INFO - Started process (PID=1099) to work on /home/airflow/.local/lib/python3.12/site-packages/airflow/example_dags/example_params_trigger_ui.py
[2026-05-10T12:12:41.712+0000] {processor.py:830} INFO - Processing file /home/airflow/.local/lib/python3.12/site-packages/airflow/example_dags/example_params_trigger_ui.py for tasks to queue
[2026-05-10T12:12:41.713+0000] {logging_mixin.py:188} INFO - [2026-05-10T12:12:41.713+0000] {dagbag.py:545} INFO - Filling up the DagBag from /home/airflow/.local/lib/python3.12/site-packages/airflow/example_dags/example_params_trigger_ui.py
[2026-05-10T12:12:41.722+0000] {processor.py:840} INFO - DAG(s) 'example_params_trigger_ui' retrieved from /home/airflow/.local/lib/python3.12/site-packages/airflow/example_dags/example_params_trigger_ui.py
[2026-05-10T12:12:41.756+0000] {logging_mixin.py:188} INFO - [2026-05-10T12:12:41.755+0000] {dag.py:3089} INFO - Sync 1 DAGs
[2026-05-10T12:12:41.766+0000] {logging_mixin.py:188} INFO - [2026-05-10T12:12:41.766+0000] {dag.py:3947} INFO - Setting next_dagrun for example_params_trigger_ui to None, run_after=None
[2026-05-10T12:12:41.783+0000] {processor.py:183} INFO - Processing /home/airflow/.local/lib/python3.12/site-packages/airflow/example_dags/example_params_trigger_ui.py took 0.081 seconds
[2026-05-10T12:13:12.255+0000] {processor.py:161} INFO - Started process (PID=1159) to work on /home/airflow/.local/lib/python3.12/site-packages/airflow/example_dags/example_params_trigger_ui.py
[2026-05-10T12:13:12.256+0000] {processor.py:830} INFO - Processing file /home/airflow/.local/lib/python3.12/site-packages/airflow/example_dags/example_params_trigger_ui.py for tasks to queue
[2026-05-10T12:13:12.258+0000] {logging_mixin.py:188} INFO - [2026-05-10T12:13:12.257+0000] {dagbag.py:545} INFO - Filling up the DagBag from /home/airflow/.local/lib/python3.12/site-packages/airflow/example_dags/example_params_trigger_ui.py
[2026-05-10T12:13:12.265+0000] {processor.py:840} INFO - DAG(s) 'example_params_trigger_ui' retrieved from /home/airflow/.local/lib/python3.12/site-packages/airflow/example_dags/example_params_trigger_ui.py
[2026-05-10T12:13:12.296+0000] {logging_mixin.py:188} INFO - [2026-05-10T12:13:12.296+0000] {dag.py:3089} INFO - Sync 1 DAGs
[2026-05-10T12:13:12.306+0000] {logging_mixin.py:188} INFO - [2026-05-10T12:13:12.305+0000] {dag.py:3947} INFO - Setting next_dagrun for example_params_trigger_ui to None, run_after=None
[2026-05-10T12:13:12.319+0000] {processor.py:183} INFO - Processing /home/airflow/.local/lib/python3.12/site-packages/airflow/example_dags/example_params_trigger_ui.py took 0.070 seconds
[2026-05-10T12:13:42.617+0000] {processor.py:161} INFO - Started process (PID=1219) to work on /home/airflow/.local/lib/python3.12/site-packages/airflow/example_dags/example_params_trigger_ui.py
[2026-05-10T12:13:42.618+0000] {processor.py:830} INFO - Processing file /home/airflow/.local/lib/python3.12/site-packages/airflow/example_dags/example_params_trigger_ui.py for tasks to queue
[2026-05-10T12:13:42.621+0000] {logging_mixin.py:188} INFO - [2026-05-10T12:13:42.621+0000] {dagbag.py:545} INFO - Filling up the DagBag from /home/airflow/.local/lib/python3.12/site-packages/airflow/example_dags/example_params_trigger_ui.py
[2026-05-10T12:13:42.629+0000] {processor.py:840} INFO - DAG(s) 'example_params_trigger_ui' retrieved from /home/airflow/.local/lib/python3.12/site-packages/airflow/example_dags/example_params_trigger_ui.py
[2026-05-10T12:13:42.664+0000] {logging_mixin.py:188} INFO - [2026-05-10T12:13:42.664+0000] {dag.py:3089} INFO - Sync 1 DAGs
[2026-05-10T12:13:42.675+0000] {logging_mixin.py:188} INFO - [2026-05-10T12:13:42.674+0000] {dag.py:3947} INFO - Setting next_dagrun for example_params_trigger_ui to None, run_after=None
[2026-05-10T12:13:42.692+0000] {processor.py:183} INFO - Processing /home/airflow/.local/lib/python3.12/site-packages/airflow/example_dags/example_params_trigger_ui.py took 0.081 seconds
[2026-05-10T12:15:55.459+0000] {processor.py:161} INFO - Started process (PID=79) to work on /home/airflow/.local/lib/python3.12/site-packages/airflow/example_dags/example_params_trigger_ui.py
[2026-05-10T12:15:55.460+0000] {processor.py:830} INFO - Processing file /home/airflow/.local/lib/python3.12/site-packages/airflow/example_dags/example_params_trigger_ui.py for tasks to queue
[2026-05-10T12:15:55.461+0000] {logging_mixin.py:188} INFO - [2026-05-10T12:15:55.461+0000] {dagbag.py:545} INFO - Filling up the DagBag from /home/airflow/.local/lib/python3.12/site-packages/airflow/example_dags/example_params_trigger_ui.py
[2026-05-10T12:15:55.474+0000] {processor.py:840} INFO - DAG(s) 'example_params_trigger_ui' retrieved from /home/airflow/.local/lib/python3.12/site-packages/airflow/example_dags/example_params_trigger_ui.py
[2026-05-10T12:15:55.491+0000] {logging_mixin.py:188} INFO - [2026-05-10T12:15:55.491+0000] {dag.py:3089} INFO - Sync 1 DAGs
[2026-05-10T12:15:55.506+0000] {logging_mixin.py:188} INFO - [2026-05-10T12:15:55.506+0000] {dag.py:3947} INFO - Setting next_dagrun for example_params_trigger_ui to None, run_after=None
[2026-05-10T12:15:55.525+0000] {processor.py:183} INFO - Processing /home/airflow/.local/lib/python3.12/site-packages/airflow/example_dags/example_params_trigger_ui.py took 0.073 seconds
[2026-05-10T12:16:27.289+0000] {processor.py:161} INFO - Started process (PID=139) to work on /home/airflow/.local/lib/python3.12/site-packages/airflow/example_dags/example_params_trigger_ui.py
[2026-05-10T12:16:27.290+0000] {processor.py:830} INFO - Processing file /home/airflow/.local/lib/python3.12/site-packages/airflow/example_dags/example_params_trigger_ui.py for tasks to queue
[2026-05-10T12:16:27.291+0000] {logging_mixin.py:188} INFO - [2026-05-10T12:16:27.291+0000] {dagbag.py:545} INFO - Filling up the DagBag from /home/airflow/.local/lib/python3.12/site-packages/airflow/example_dags/example_params_trigger_ui.py
[2026-05-10T12:16:27.298+0000] {processor.py:840} INFO - DAG(s) 'example_params_trigger_ui' retrieved from /home/airflow/.local/lib/python3.12/site-packages/airflow/example_dags/example_params_trigger_ui.py
[2026-05-10T12:16:27.390+0000] {logging_mixin.py:188} INFO - [2026-05-10T12:16:27.389+0000] {dag.py:3089} INFO - Sync 1 DAGs
[2026-05-10T12:16:27.398+0000] {logging_mixin.py:188} INFO - [2026-05-10T12:16:27.398+0000] {dag.py:3947} INFO - Setting next_dagrun for example_params_trigger_ui to None, run_after=None
[2026-05-10T12:16:27.415+0000] {processor.py:183} INFO - Processing /home/airflow/.local/lib/python3.12/site-packages/airflow/example_dags/example_params_trigger_ui.py took 0.132 seconds
[2026-05-10T12:16:58.149+0000] {processor.py:161} INFO - Started process (PID=205) to work on /home/airflow/.local/lib/python3.12/site-packages/airflow/example_dags/example_params_trigger_ui.py
[2026-05-10T12:16:58.149+0000] {processor.py:830} INFO - Processing file /home/airflow/.local/lib/python3.12/site-packages/airflow/example_dags/example_params_trigger_ui.py for tasks to queue
[2026-05-10T12:16:58.151+0000] {logging_mixin.py:188} INFO - [2026-05-10T12:16:58.151+0000] {dagbag.py:545} INFO - Filling up the DagBag from /home/airflow/.local/lib/python3.12/site-packages/airflow/example_dags/example_params_trigger_ui.py
[2026-05-10T12:16:58.158+0000] {processor.py:840} INFO - DAG(s) 'example_params_trigger_ui' retrieved from /home/airflow/.local/lib/python3.12/site-packages/airflow/example_dags/example_params_trigger_ui.py
[2026-05-10T12:16:58.189+0000] {logging_mixin.py:188} INFO - [2026-05-10T12:16:58.188+0000] {dag.py:3089} INFO - Sync 1 DAGs
[2026-05-10T12:16:58.198+0000] {logging_mixin.py:188} INFO - [2026-05-10T12:16:58.198+0000] {dag.py:3947} INFO - Setting next_dagrun for example_params_trigger_ui to None, run_after=None
[2026-05-10T12:16:58.212+0000] {processor.py:183} INFO - Processing /home/airflow/.local/lib/python3.12/site-packages/airflow/example_dags/example_params_trigger_ui.py took 0.069 seconds
[2026-05-10T12:17:28.694+0000] {processor.py:161} INFO - Started process (PID=265) to work on /home/airflow/.local/lib/python3.12/site-packages/airflow/example_dags/example_params_trigger_ui.py
[2026-05-10T12:17:28.695+0000] {processor.py:830} INFO - Processing file /home/airflow/.local/lib/python3.12/site-packages/airflow/example_dags/example_params_trigger_ui.py for tasks to queue
[2026-05-10T12:17:28.697+0000] {logging_mixin.py:188} INFO - [2026-05-10T12:17:28.696+0000] {dagbag.py:545} INFO - Filling up the DagBag from /home/airflow/.local/lib/python3.12/site-packages/airflow/example_dags/example_params_trigger_ui.py
[2026-05-10T12:17:28.705+0000] {processor.py:840} INFO - DAG(s) 'example_params_trigger_ui' retrieved from /home/airflow/.local/lib/python3.12/site-packages/airflow/example_dags/example_params_trigger_ui.py
[2026-05-10T12:17:28.736+0000] {logging_mixin.py:188} INFO - [2026-05-10T12:17:28.735+0000] {dag.py:3089} INFO - Sync 1 DAGs
[2026-05-10T12:17:28.745+0000] {logging_mixin.py:188} INFO - [2026-05-10T12:17:28.745+0000] {dag.py:3947} INFO - Setting next_dagrun for example_params_trigger_ui to None, run_after=None
[2026-05-10T12:17:28.763+0000] {processor.py:183} INFO - Processing /home/airflow/.local/lib/python3.12/site-packages/airflow/example_dags/example_params_trigger_ui.py took 0.075 seconds
[2026-05-10T12:17:58.843+0000] {processor.py:161} INFO - Started process (PID=325) to work on /home/airflow/.local/lib/python3.12/site-packages/airflow/example_dags/example_params_trigger_ui.py
[2026-05-10T12:17:58.843+0000] {processor.py:830} INFO - Processing file /home/airflow/.local/lib/python3.12/site-packages/airflow/example_dags/example_params_trigger_ui.py for tasks to queue
[2026-05-10T12:17:58.845+0000] {logging_mixin.py:188} INFO - [2026-05-10T12:17:58.845+0000] {dagbag.py:545} INFO - Filling up the DagBag from /home/airflow/.local/lib/python3.12/site-packages/airflow/example_dags/example_params_trigger_ui.py
[2026-05-10T12:17:58.854+0000] {processor.py:840} INFO - DAG(s) 'example_params_trigger_ui' retrieved from /home/airflow/.local/lib/python3.12/site-packages/airflow/example_dags/example_params_trigger_ui.py
[2026-05-10T12:17:58.885+0000] {logging_mixin.py:188} INFO - [2026-05-10T12:17:58.885+0000] {dag.py:3089} INFO - Sync 1 DAGs
[2026-05-10T12:17:58.895+0000] {logging_mixin.py:188} INFO - [2026-05-10T12:17:58.895+0000] {dag.py:3947} INFO - Setting next_dagrun for example_params_trigger_ui to None, run_after=None
[2026-05-10T12:17:58.909+0000] {processor.py:183} INFO - Processing /home/airflow/.local/lib/python3.12/site-packages/airflow/example_dags/example_params_trigger_ui.py took 0.073 seconds
[2026-05-10T12:18:29.111+0000] {processor.py:161} INFO - Started process (PID=385) to work on /home/airflow/.local/lib/python3.12/site-packages/airflow/example_dags/example_params_trigger_ui.py
[2026-05-10T12:18:29.112+0000] {processor.py:830} INFO - Processing file /home/airflow/.local/lib/python3.12/site-packages/airflow/example_dags/example_params_trigger_ui.py for tasks to queue
[2026-05-10T12:18:29.114+0000] {logging_mixin.py:188} INFO - [2026-05-10T12:18:29.114+0000] {dagbag.py:545} INFO - Filling up the DagBag from /home/airflow/.local/lib/python3.12/site-packages/airflow/example_dags/example_params_trigger_ui.py
[2026-05-10T12:18:29.122+0000] {processor.py:840} INFO - DAG(s) 'example_params_trigger_ui' retrieved from /home/airflow/.local/lib/python3.12/site-packages/airflow/example_dags/example_params_trigger_ui.py
[2026-05-10T12:18:29.156+0000] {logging_mixin.py:188} INFO - [2026-05-10T12:18:29.156+0000] {dag.py:3089} INFO - Sync 1 DAGs
[2026-05-10T12:18:29.170+0000] {logging_mixin.py:188} INFO - [2026-05-10T12:18:29.169+0000] {dag.py:3947} INFO - Setting next_dagrun for example_params_trigger_ui to None, run_after=None
[2026-05-10T12:18:29.183+0000] {processor.py:183} INFO - Processing /home/airflow/.local/lib/python3.12/site-packages/airflow/example_dags/example_params_trigger_ui.py took 0.078 seconds
[2026-05-10T12:18:59.590+0000] {processor.py:161} INFO - Started process (PID=445) to work on /home/airflow/.local/lib/python3.12/site-packages/airflow/example_dags/example_params_trigger_ui.py
[2026-05-10T12:18:59.590+0000] {processor.py:830} INFO - Processing file /home/airflow/.local/lib/python3.12/site-packages/airflow/example_dags/example_params_trigger_ui.py for tasks to queue
[2026-05-10T12:18:59.592+0000] {logging_mixin.py:188} INFO - [2026-05-10T12:18:59.592+0000] {dagbag.py:545} INFO - Filling up the DagBag from /home/airflow/.local/lib/python3.12/site-packages/airflow/example_dags/example_params_trigger_ui.py
[2026-05-10T12:18:59.600+0000] {processor.py:840} INFO - DAG(s) 'example_params_trigger_ui' retrieved from /home/airflow/.local/lib/python3.12/site-packages/airflow/example_dags/example_params_trigger_ui.py
[2026-05-10T12:18:59.630+0000] {logging_mixin.py:188} INFO - [2026-05-10T12:18:59.629+0000] {dag.py:3089} INFO - Sync 1 DAGs
[2026-05-10T12:18:59.639+0000] {logging_mixin.py:188} INFO - [2026-05-10T12:18:59.639+0000] {dag.py:3947} INFO - Setting next_dagrun for example_params_trigger_ui to None, run_after=None
[2026-05-10T12:18:59.655+0000] {processor.py:183} INFO - Processing /home/airflow/.local/lib/python3.12/site-packages/airflow/example_dags/example_params_trigger_ui.py took 0.072 seconds
[2026-05-10T12:27:25.615+0000] {processor.py:161} INFO - Started process (PID=79) to work on /home/airflow/.local/lib/python3.12/site-packages/airflow/example_dags/example_params_trigger_ui.py
[2026-05-10T12:27:25.616+0000] {processor.py:830} INFO - Processing file /home/airflow/.local/lib/python3.12/site-packages/airflow/example_dags/example_params_trigger_ui.py for tasks to queue
[2026-05-10T12:27:25.618+0000] {logging_mixin.py:188} INFO - [2026-05-10T12:27:25.618+0000] {dagbag.py:545} INFO - Filling up the DagBag from /home/airflow/.local/lib/python3.12/site-packages/airflow/example_dags/example_params_trigger_ui.py
[2026-05-10T12:27:25.629+0000] {processor.py:840} INFO - DAG(s) 'example_params_trigger_ui' retrieved from /home/airflow/.local/lib/python3.12/site-packages/airflow/example_dags/example_params_trigger_ui.py
[2026-05-10T12:27:25.643+0000] {logging_mixin.py:188} INFO - [2026-05-10T12:27:25.643+0000] {dag.py:3089} INFO - Sync 1 DAGs
[2026-05-10T12:27:25.655+0000] {logging_mixin.py:188} INFO - [2026-05-10T12:27:25.655+0000] {dag.py:3947} INFO - Setting next_dagrun for example_params_trigger_ui to None, run_after=None
[2026-05-10T12:27:25.671+0000] {processor.py:183} INFO - Processing /home/airflow/.local/lib/python3.12/site-packages/airflow/example_dags/example_params_trigger_ui.py took 0.063 seconds
[2026-05-10T12:27:56.261+0000] {processor.py:161} INFO - Started process (PID=139) to work on /home/airflow/.local/lib/python3.12/site-packages/airflow/example_dags/example_params_trigger_ui.py
[2026-05-10T12:27:56.262+0000] {processor.py:830} INFO - Processing file /home/airflow/.local/lib/python3.12/site-packages/airflow/example_dags/example_params_trigger_ui.py for tasks to queue
[2026-05-10T12:27:56.263+0000] {logging_mixin.py:188} INFO - [2026-05-10T12:27:56.263+0000] {dagbag.py:545} INFO - Filling up the DagBag from /home/airflow/.local/lib/python3.12/site-packages/airflow/example_dags/example_params_trigger_ui.py
[2026-05-10T12:27:56.271+0000] {processor.py:840} INFO - DAG(s) 'example_params_trigger_ui' retrieved from /home/airflow/.local/lib/python3.12/site-packages/airflow/example_dags/example_params_trigger_ui.py
[2026-05-10T12:27:56.362+0000] {logging_mixin.py:188} INFO - [2026-05-10T12:27:56.362+0000] {dag.py:3089} INFO - Sync 1 DAGs
[2026-05-10T12:27:56.369+0000] {logging_mixin.py:188} INFO - [2026-05-10T12:27:56.369+0000] {dag.py:3947} INFO - Setting next_dagrun for example_params_trigger_ui to None, run_after=None
[2026-05-10T12:27:56.383+0000] {processor.py:183} INFO - Processing /home/airflow/.local/lib/python3.12/site-packages/airflow/example_dags/example_params_trigger_ui.py took 0.127 seconds
[2026-05-10T12:28:26.892+0000] {processor.py:161} INFO - Started process (PID=199) to work on /home/airflow/.local/lib/python3.12/site-packages/airflow/example_dags/example_params_trigger_ui.py
[2026-05-10T12:28:26.893+0000] {processor.py:830} INFO - Processing file /home/airflow/.local/lib/python3.12/site-packages/airflow/example_dags/example_params_trigger_ui.py for tasks to queue
[2026-05-10T12:28:26.895+0000] {logging_mixin.py:188} INFO - [2026-05-10T12:28:26.894+0000] {dagbag.py:545} INFO - Filling up the DagBag from /home/airflow/.local/lib/python3.12/site-packages/airflow/example_dags/example_params_trigger_ui.py
[2026-05-10T12:28:26.903+0000] {processor.py:840} INFO - DAG(s) 'example_params_trigger_ui' retrieved from /home/airflow/.local/lib/python3.12/site-packages/airflow/example_dags/example_params_trigger_ui.py
[2026-05-10T12:28:26.936+0000] {logging_mixin.py:188} INFO - [2026-05-10T12:28:26.936+0000] {dag.py:3089} INFO - Sync 1 DAGs
[2026-05-10T12:28:26.948+0000] {logging_mixin.py:188} INFO - [2026-05-10T12:28:26.948+0000] {dag.py:3947} INFO - Setting next_dagrun for example_params_trigger_ui to None, run_after=None
[2026-05-10T12:28:26.965+0000] {processor.py:183} INFO - Processing /home/airflow/.local/lib/python3.12/site-packages/airflow/example_dags/example_params_trigger_ui.py took 0.078 seconds
[2026-05-10T12:28:57.308+0000] {processor.py:161} INFO - Started process (PID=259) to work on /home/airflow/.local/lib/python3.12/site-packages/airflow/example_dags/example_params_trigger_ui.py
[2026-05-10T12:28:57.309+0000] {processor.py:830} INFO - Processing file /home/airflow/.local/lib/python3.12/site-packages/airflow/example_dags/example_params_trigger_ui.py for tasks to queue
[2026-05-10T12:28:57.311+0000] {logging_mixin.py:188} INFO - [2026-05-10T12:28:57.311+0000] {dagbag.py:545} INFO - Filling up the DagBag from /home/airflow/.local/lib/python3.12/site-packages/airflow/example_dags/example_params_trigger_ui.py
[2026-05-10T12:28:57.318+0000] {processor.py:840} INFO - DAG(s) 'example_params_trigger_ui' retrieved from /home/airflow/.local/lib/python3.12/site-packages/airflow/example_dags/example_params_trigger_ui.py
[2026-05-10T12:28:57.349+0000] {logging_mixin.py:188} INFO - [2026-05-10T12:28:57.348+0000] {dag.py:3089} INFO - Sync 1 DAGs
[2026-05-10T12:28:57.358+0000] {logging_mixin.py:188} INFO - [2026-05-10T12:28:57.358+0000] {dag.py:3947} INFO - Setting next_dagrun for example_params_trigger_ui to None, run_after=None
[2026-05-10T12:28:57.372+0000] {processor.py:183} INFO - Processing /home/airflow/.local/lib/python3.12/site-packages/airflow/example_dags/example_params_trigger_ui.py took 0.069 seconds
[2026-05-10T12:29:28.189+0000] {processor.py:161} INFO - Started process (PID=325) to work on /home/airflow/.local/lib/python3.12/site-packages/airflow/example_dags/example_params_trigger_ui.py
[2026-05-10T12:29:28.189+0000] {processor.py:830} INFO - Processing file /home/airflow/.local/lib/python3.12/site-packages/airflow/example_dags/example_params_trigger_ui.py for tasks to queue
[2026-05-10T12:29:28.191+0000] {logging_mixin.py:188} INFO - [2026-05-10T12:29:28.191+0000] {dagbag.py:545} INFO - Filling up the DagBag from /home/airflow/.local/lib/python3.12/site-packages/airflow/example_dags/example_params_trigger_ui.py
[2026-05-10T12:29:28.198+0000] {processor.py:840} INFO - DAG(s) 'example_params_trigger_ui' retrieved from /home/airflow/.local/lib/python3.12/site-packages/airflow/example_dags/example_params_trigger_ui.py
[2026-05-10T12:29:28.227+0000] {logging_mixin.py:188} INFO - [2026-05-10T12:29:28.227+0000] {dag.py:3089} INFO - Sync 1 DAGs
[2026-05-10T12:29:28.236+0000] {logging_mixin.py:188} INFO - [2026-05-10T12:29:28.236+0000] {dag.py:3947} INFO - Setting next_dagrun for example_params_trigger_ui to None, run_after=None
[2026-05-10T12:29:28.248+0000] {processor.py:183} INFO - Processing /home/airflow/.local/lib/python3.12/site-packages/airflow/example_dags/example_params_trigger_ui.py took 0.065 seconds
[2026-05-10T12:29:59.273+0000] {processor.py:161} INFO - Started process (PID=385) to work on /home/airflow/.local/lib/python3.12/site-packages/airflow/example_dags/example_params_trigger_ui.py
[2026-05-10T12:29:59.276+0000] {processor.py:830} INFO - Processing file /home/airflow/.local/lib/python3.12/site-packages/airflow/example_dags/example_params_trigger_ui.py for tasks to queue
[2026-05-10T12:29:59.278+0000] {logging_mixin.py:188} INFO - [2026-05-10T12:29:59.278+0000] {dagbag.py:545} INFO - Filling up the DagBag from /home/airflow/.local/lib/python3.12/site-packages/airflow/example_dags/example_params_trigger_ui.py
[2026-05-10T12:29:59.285+0000] {processor.py:840} INFO - DAG(s) 'example_params_trigger_ui' retrieved from /home/airflow/.local/lib/python3.12/site-packages/airflow/example_dags/example_params_trigger_ui.py
[2026-05-10T12:29:59.320+0000] {logging_mixin.py:188} INFO - [2026-05-10T12:29:59.320+0000] {dag.py:3089} INFO - Sync 1 DAGs
[2026-05-10T12:29:59.332+0000] {logging_mixin.py:188} INFO - [2026-05-10T12:29:59.332+0000] {dag.py:3947} INFO - Setting next_dagrun for example_params_trigger_ui to None, run_after=None
[2026-05-10T12:29:59.348+0000] {processor.py:183} INFO - Processing /home/airflow/.local/lib/python3.12/site-packages/airflow/example_dags/example_params_trigger_ui.py took 0.081 seconds
[2026-05-10T12:30:30.242+0000] {processor.py:161} INFO - Started process (PID=449) to work on /home/airflow/.local/lib/python3.12/site-packages/airflow/example_dags/example_params_trigger_ui.py
[2026-05-10T12:30:30.243+0000] {processor.py:830} INFO - Processing file /home/airflow/.local/lib/python3.12/site-packages/airflow/example_dags/example_params_trigger_ui.py for tasks to queue
[2026-05-10T12:30:30.245+0000] {logging_mixin.py:188} INFO - [2026-05-10T12:30:30.245+0000] {dagbag.py:545} INFO - Filling up the DagBag from /home/airflow/.local/lib/python3.12/site-packages/airflow/example_dags/example_params_trigger_ui.py
[2026-05-10T12:30:30.253+0000] {processor.py:840} INFO - DAG(s) 'example_params_trigger_ui' retrieved from /home/airflow/.local/lib/python3.12/site-packages/airflow/example_dags/example_params_trigger_ui.py
[2026-05-10T12:30:30.288+0000] {logging_mixin.py:188} INFO - [2026-05-10T12:30:30.287+0000] {dag.py:3089} INFO - Sync 1 DAGs
[2026-05-10T12:30:30.297+0000] {logging_mixin.py:188} INFO - [2026-05-10T12:30:30.297+0000] {dag.py:3947} INFO - Setting next_dagrun for example_params_trigger_ui to None, run_after=None
[2026-05-10T12:30:30.314+0000] {processor.py:183} INFO - Processing /home/airflow/.local/lib/python3.12/site-packages/airflow/example_dags/example_params_trigger_ui.py took 0.078 seconds
[2026-05-10T12:31:01.487+0000] {processor.py:161} INFO - Started process (PID=509) to work on /home/airflow/.local/lib/python3.12/site-packages/airflow/example_dags/example_params_trigger_ui.py
[2026-05-10T12:31:01.488+0000] {processor.py:830} INFO - Processing file /home/airflow/.local/lib/python3.12/site-packages/airflow/example_dags/example_params_trigger_ui.py for tasks to queue
[2026-05-10T12:31:01.489+0000] {logging_mixin.py:188} INFO - [2026-05-10T12:31:01.489+0000] {dagbag.py:545} INFO - Filling up the DagBag from /home/airflow/.local/lib/python3.12/site-packages/airflow/example_dags/example_params_trigger_ui.py
[2026-05-10T12:31:01.496+0000] {processor.py:840} INFO - DAG(s) 'example_params_trigger_ui' retrieved from /home/airflow/.local/lib/python3.12/site-packages/airflow/example_dags/example_params_trigger_ui.py
[2026-05-10T12:31:01.525+0000] {logging_mixin.py:188} INFO - [2026-05-10T12:31:01.525+0000] {dag.py:3089} INFO - Sync 1 DAGs
[2026-05-10T12:31:01.535+0000] {logging_mixin.py:188} INFO - [2026-05-10T12:31:01.535+0000] {dag.py:3947} INFO - Setting next_dagrun for example_params_trigger_ui to None, run_after=None
[2026-05-10T12:31:01.546+0000] {processor.py:183} INFO - Processing /home/airflow/.local/lib/python3.12/site-packages/airflow/example_dags/example_params_trigger_ui.py took 0.065 seconds
[2026-05-10T12:31:32.634+0000] {processor.py:161} INFO - Started process (PID=569) to work on /home/airflow/.local/lib/python3.12/site-packages/airflow/example_dags/example_params_trigger_ui.py
[2026-05-10T12:31:32.635+0000] {processor.py:830} INFO - Processing file /home/airflow/.local/lib/python3.12/site-packages/airflow/example_dags/example_params_trigger_ui.py for tasks to queue
[2026-05-10T12:31:32.636+0000] {logging_mixin.py:188} INFO - [2026-05-10T12:31:32.636+0000] {dagbag.py:545} INFO - Filling up the DagBag from /home/airflow/.local/lib/python3.12/site-packages/airflow/example_dags/example_params_trigger_ui.py
[2026-05-10T12:31:32.644+0000] {processor.py:840} INFO - DAG(s) 'example_params_trigger_ui' retrieved from /home/airflow/.local/lib/python3.12/site-packages/airflow/example_dags/example_params_trigger_ui.py
[2026-05-10T12:31:32.676+0000] {logging_mixin.py:188} INFO - [2026-05-10T12:31:32.676+0000] {dag.py:3089} INFO - Sync 1 DAGs
[2026-05-10T12:31:32.686+0000] {logging_mixin.py:188} INFO - [2026-05-10T12:31:32.686+0000] {dag.py:3947} INFO - Setting next_dagrun for example_params_trigger_ui to None, run_after=None
[2026-05-10T12:31:32.703+0000] {processor.py:183} INFO - Processing /home/airflow/.local/lib/python3.12/site-packages/airflow/example_dags/example_params_trigger_ui.py took 0.074 seconds
[2026-05-10T12:32:02.938+0000] {processor.py:161} INFO - Started process (PID=629) to work on /home/airflow/.local/lib/python3.12/site-packages/airflow/example_dags/example_params_trigger_ui.py
[2026-05-10T12:32:02.939+0000] {processor.py:830} INFO - Processing file /home/airflow/.local/lib/python3.12/site-packages/airflow/example_dags/example_params_trigger_ui.py for tasks to queue
[2026-05-10T12:32:02.941+0000] {logging_mixin.py:188} INFO - [2026-05-10T12:32:02.940+0000] {dagbag.py:545} INFO - Filling up the DagBag from /home/airflow/.local/lib/python3.12/site-packages/airflow/example_dags/example_params_trigger_ui.py
[2026-05-10T12:32:02.948+0000] {processor.py:840} INFO - DAG(s) 'example_params_trigger_ui' retrieved from /home/airflow/.local/lib/python3.12/site-packages/airflow/example_dags/example_params_trigger_ui.py
[2026-05-10T12:32:02.976+0000] {logging_mixin.py:188} INFO - [2026-05-10T12:32:02.976+0000] {dag.py:3089} INFO - Sync 1 DAGs
[2026-05-10T12:32:02.985+0000] {logging_mixin.py:188} INFO - [2026-05-10T12:32:02.984+0000] {dag.py:3947} INFO - Setting next_dagrun for example_params_trigger_ui to None, run_after=None
[2026-05-10T12:32:02.997+0000] {processor.py:183} INFO - Processing /home/airflow/.local/lib/python3.12/site-packages/airflow/example_dags/example_params_trigger_ui.py took 0.064 seconds
[2026-05-10T12:32:34.313+0000] {processor.py:161} INFO - Started process (PID=689) to work on /home/airflow/.local/lib/python3.12/site-packages/airflow/example_dags/example_params_trigger_ui.py
[2026-05-10T12:32:34.314+0000] {processor.py:830} INFO - Processing file /home/airflow/.local/lib/python3.12/site-packages/airflow/example_dags/example_params_trigger_ui.py for tasks to queue
[2026-05-10T12:32:34.315+0000] {logging_mixin.py:188} INFO - [2026-05-10T12:32:34.315+0000] {dagbag.py:545} INFO - Filling up the DagBag from /home/airflow/.local/lib/python3.12/site-packages/airflow/example_dags/example_params_trigger_ui.py
[2026-05-10T12:32:34.323+0000] {processor.py:840} INFO - DAG(s) 'example_params_trigger_ui' retrieved from /home/airflow/.local/lib/python3.12/site-packages/airflow/example_dags/example_params_trigger_ui.py
[2026-05-10T12:32:34.355+0000] {logging_mixin.py:188} INFO - [2026-05-10T12:32:34.354+0000] {dag.py:3089} INFO - Sync 1 DAGs
[2026-05-10T12:32:34.363+0000] {logging_mixin.py:188} INFO - [2026-05-10T12:32:34.363+0000] {dag.py:3947} INFO - Setting next_dagrun for example_params_trigger_ui to None, run_after=None
[2026-05-10T12:32:34.380+0000] {processor.py:183} INFO - Processing /home/airflow/.local/lib/python3.12/site-packages/airflow/example_dags/example_params_trigger_ui.py took 0.072 seconds
[2026-05-10T12:33:05.470+0000] {processor.py:161} INFO - Started process (PID=749) to work on /home/airflow/.local/lib/python3.12/site-packages/airflow/example_dags/example_params_trigger_ui.py
[2026-05-10T12:33:05.471+0000] {processor.py:830} INFO - Processing file /home/airflow/.local/lib/python3.12/site-packages/airflow/example_dags/example_params_trigger_ui.py for tasks to queue
[2026-05-10T12:33:05.473+0000] {logging_mixin.py:188} INFO - [2026-05-10T12:33:05.473+0000] {dagbag.py:545} INFO - Filling up the DagBag from /home/airflow/.local/lib/python3.12/site-packages/airflow/example_dags/example_params_trigger_ui.py
[2026-05-10T12:33:05.480+0000] {processor.py:840} INFO - DAG(s) 'example_params_trigger_ui' retrieved from /home/airflow/.local/lib/python3.12/site-packages/airflow/example_dags/example_params_trigger_ui.py
[2026-05-10T12:33:05.509+0000] {logging_mixin.py:188} INFO - [2026-05-10T12:33:05.508+0000] {dag.py:3089} INFO - Sync 1 DAGs
[2026-05-10T12:33:05.520+0000] {logging_mixin.py:188} INFO - [2026-05-10T12:33:05.520+0000] {dag.py:3947} INFO - Setting next_dagrun for example_params_trigger_ui to None, run_after=None
[2026-05-10T12:33:05.532+0000] {processor.py:183} INFO - Processing /home/airflow/.local/lib/python3.12/site-packages/airflow/example_dags/example_params_trigger_ui.py took 0.068 seconds
[2026-05-10T12:33:36.562+0000] {processor.py:161} INFO - Started process (PID=810) to work on /home/airflow/.local/lib/python3.12/site-packages/airflow/example_dags/example_params_trigger_ui.py
[2026-05-10T12:33:36.563+0000] {processor.py:830} INFO - Processing file /home/airflow/.local/lib/python3.12/site-packages/airflow/example_dags/example_params_trigger_ui.py for tasks to queue
[2026-05-10T12:33:36.565+0000] {logging_mixin.py:188} INFO - [2026-05-10T12:33:36.565+0000] {dagbag.py:545} INFO - Filling up the DagBag from /home/airflow/.local/lib/python3.12/site-packages/airflow/example_dags/example_params_trigger_ui.py
[2026-05-10T12:33:36.572+0000] {processor.py:840} INFO - DAG(s) 'example_params_trigger_ui' retrieved from /home/airflow/.local/lib/python3.12/site-packages/airflow/example_dags/example_params_trigger_ui.py
[2026-05-10T12:33:36.601+0000] {logging_mixin.py:188} INFO - [2026-05-10T12:33:36.601+0000] {dag.py:3089} INFO - Sync 1 DAGs
[2026-05-10T12:33:36.610+0000] {logging_mixin.py:188} INFO - [2026-05-10T12:33:36.610+0000] {dag.py:3947} INFO - Setting next_dagrun for example_params_trigger_ui to None, run_after=None
[2026-05-10T12:33:36.623+0000] {processor.py:183} INFO - Processing /home/airflow/.local/lib/python3.12/site-packages/airflow/example_dags/example_params_trigger_ui.py took 0.066 seconds
[2026-05-10T12:34:07.198+0000] {processor.py:161} INFO - Started process (PID=870) to work on /home/airflow/.local/lib/python3.12/site-packages/airflow/example_dags/example_params_trigger_ui.py
[2026-05-10T12:34:07.199+0000] {processor.py:830} INFO - Processing file /home/airflow/.local/lib/python3.12/site-packages/airflow/example_dags/example_params_trigger_ui.py for tasks to queue
[2026-05-10T12:34:07.201+0000] {logging_mixin.py:188} INFO - [2026-05-10T12:34:07.200+0000] {dagbag.py:545} INFO - Filling up the DagBag from /home/airflow/.local/lib/python3.12/site-packages/airflow/example_dags/example_params_trigger_ui.py
[2026-05-10T12:34:07.208+0000] {processor.py:840} INFO - DAG(s) 'example_params_trigger_ui' retrieved from /home/airflow/.local/lib/python3.12/site-packages/airflow/example_dags/example_params_trigger_ui.py
[2026-05-10T12:34:07.237+0000] {logging_mixin.py:188} INFO - [2026-05-10T12:34:07.237+0000] {dag.py:3089} INFO - Sync 1 DAGs
[2026-05-10T12:34:07.246+0000] {logging_mixin.py:188} INFO - [2026-05-10T12:34:07.246+0000] {dag.py:3947} INFO - Setting next_dagrun for example_params_trigger_ui to None, run_after=None
[2026-05-10T12:34:07.258+0000] {processor.py:183} INFO - Processing /home/airflow/.local/lib/python3.12/site-packages/airflow/example_dags/example_params_trigger_ui.py took 0.065 seconds
[2026-05-10T12:34:38.540+0000] {processor.py:161} INFO - Started process (PID=930) to work on /home/airflow/.local/lib/python3.12/site-packages/airflow/example_dags/example_params_trigger_ui.py
[2026-05-10T12:34:38.541+0000] {processor.py:830} INFO - Processing file /home/airflow/.local/lib/python3.12/site-packages/airflow/example_dags/example_params_trigger_ui.py for tasks to queue
[2026-05-10T12:34:38.542+0000] {logging_mixin.py:188} INFO - [2026-05-10T12:34:38.542+0000] {dagbag.py:545} INFO - Filling up the DagBag from /home/airflow/.local/lib/python3.12/site-packages/airflow/example_dags/example_params_trigger_ui.py
[2026-05-10T12:34:38.551+0000] {processor.py:840} INFO - DAG(s) 'example_params_trigger_ui' retrieved from /home/airflow/.local/lib/python3.12/site-packages/airflow/example_dags/example_params_trigger_ui.py
[2026-05-10T12:34:38.596+0000] {logging_mixin.py:188} INFO - [2026-05-10T12:34:38.596+0000] {dag.py:3089} INFO - Sync 1 DAGs
[2026-05-10T12:34:38.610+0000] {logging_mixin.py:188} INFO - [2026-05-10T12:34:38.609+0000] {dag.py:3947} INFO - Setting next_dagrun for example_params_trigger_ui to None, run_after=None
[2026-05-10T12:34:38.628+0000] {processor.py:183} INFO - Processing /home/airflow/.local/lib/python3.12/site-packages/airflow/example_dags/example_params_trigger_ui.py took 0.094 seconds
[2026-05-10T12:35:09.686+0000] {processor.py:161} INFO - Started process (PID=990) to work on /home/airflow/.local/lib/python3.12/site-packages/airflow/example_dags/example_params_trigger_ui.py
[2026-05-10T12:35:09.687+0000] {processor.py:830} INFO - Processing file /home/airflow/.local/lib/python3.12/site-packages/airflow/example_dags/example_params_trigger_ui.py for tasks to queue
[2026-05-10T12:35:09.688+0000] {logging_mixin.py:188} INFO - [2026-05-10T12:35:09.688+0000] {dagbag.py:545} INFO - Filling up the DagBag from /home/airflow/.local/lib/python3.12/site-packages/airflow/example_dags/example_params_trigger_ui.py
[2026-05-10T12:35:09.696+0000] {processor.py:840} INFO - DAG(s) 'example_params_trigger_ui' retrieved from /home/airflow/.local/lib/python3.12/site-packages/airflow/example_dags/example_params_trigger_ui.py
[2026-05-10T12:35:09.725+0000] {logging_mixin.py:188} INFO - [2026-05-10T12:35:09.725+0000] {dag.py:3089} INFO - Sync 1 DAGs
[2026-05-10T12:35:09.737+0000] {logging_mixin.py:188} INFO - [2026-05-10T12:35:09.736+0000] {dag.py:3947} INFO - Setting next_dagrun for example_params_trigger_ui to None, run_after=None
[2026-05-10T12:35:09.754+0000] {processor.py:183} INFO - Processing /home/airflow/.local/lib/python3.12/site-packages/airflow/example_dags/example_params_trigger_ui.py took 0.074 seconds
[2026-05-10T12:35:40.881+0000] {processor.py:161} INFO - Started process (PID=1050) to work on /home/airflow/.local/lib/python3.12/site-packages/airflow/example_dags/example_params_trigger_ui.py
[2026-05-10T12:35:40.881+0000] {processor.py:830} INFO - Processing file /home/airflow/.local/lib/python3.12/site-packages/airflow/example_dags/example_params_trigger_ui.py for tasks to queue
[2026-05-10T12:35:40.883+0000] {logging_mixin.py:188} INFO - [2026-05-10T12:35:40.883+0000] {dagbag.py:545} INFO - Filling up the DagBag from /home/airflow/.local/lib/python3.12/site-packages/airflow/example_dags/example_params_trigger_ui.py
[2026-05-10T12:35:40.890+0000] {processor.py:840} INFO - DAG(s) 'example_params_trigger_ui' retrieved from /home/airflow/.local/lib/python3.12/site-packages/airflow/example_dags/example_params_trigger_ui.py
[2026-05-10T12:35:40.919+0000] {logging_mixin.py:188} INFO - [2026-05-10T12:35:40.919+0000] {dag.py:3089} INFO - Sync 1 DAGs
[2026-05-10T12:35:40.928+0000] {logging_mixin.py:188} INFO - [2026-05-10T12:35:40.928+0000] {dag.py:3947} INFO - Setting next_dagrun for example_params_trigger_ui to None, run_after=None
[2026-05-10T12:35:40.940+0000] {processor.py:183} INFO - Processing /home/airflow/.local/lib/python3.12/site-packages/airflow/example_dags/example_params_trigger_ui.py took 0.065 seconds
[2026-05-10T12:36:12.122+0000] {processor.py:161} INFO - Started process (PID=1110) to work on /home/airflow/.local/lib/python3.12/site-packages/airflow/example_dags/example_params_trigger_ui.py
[2026-05-10T12:36:12.123+0000] {processor.py:830} INFO - Processing file /home/airflow/.local/lib/python3.12/site-packages/airflow/example_dags/example_params_trigger_ui.py for tasks to queue
[2026-05-10T12:36:12.125+0000] {logging_mixin.py:188} INFO - [2026-05-10T12:36:12.125+0000] {dagbag.py:545} INFO - Filling up the DagBag from /home/airflow/.local/lib/python3.12/site-packages/airflow/example_dags/example_params_trigger_ui.py
[2026-05-10T12:36:12.135+0000] {processor.py:840} INFO - DAG(s) 'example_params_trigger_ui' retrieved from /home/airflow/.local/lib/python3.12/site-packages/airflow/example_dags/example_params_trigger_ui.py
[2026-05-10T12:36:12.167+0000] {logging_mixin.py:188} INFO - [2026-05-10T12:36:12.166+0000] {dag.py:3089} INFO - Sync 1 DAGs
[2026-05-10T12:36:12.176+0000] {logging_mixin.py:188} INFO - [2026-05-10T12:36:12.176+0000] {dag.py:3947} INFO - Setting next_dagrun for example_params_trigger_ui to None, run_after=None
[2026-05-10T12:36:12.191+0000] {processor.py:183} INFO - Processing /home/airflow/.local/lib/python3.12/site-packages/airflow/example_dags/example_params_trigger_ui.py took 0.075 seconds
[2026-05-10T12:36:43.365+0000] {processor.py:161} INFO - Started process (PID=1170) to work on /home/airflow/.local/lib/python3.12/site-packages/airflow/example_dags/example_params_trigger_ui.py
[2026-05-10T12:36:43.365+0000] {processor.py:830} INFO - Processing file /home/airflow/.local/lib/python3.12/site-packages/airflow/example_dags/example_params_trigger_ui.py for tasks to queue
[2026-05-10T12:36:43.367+0000] {logging_mixin.py:188} INFO - [2026-05-10T12:36:43.367+0000] {dagbag.py:545} INFO - Filling up the DagBag from /home/airflow/.local/lib/python3.12/site-packages/airflow/example_dags/example_params_trigger_ui.py
[2026-05-10T12:36:43.374+0000] {processor.py:840} INFO - DAG(s) 'example_params_trigger_ui' retrieved from /home/airflow/.local/lib/python3.12/site-packages/airflow/example_dags/example_params_trigger_ui.py
[2026-05-10T12:36:43.404+0000] {logging_mixin.py:188} INFO - [2026-05-10T12:36:43.403+0000] {dag.py:3089} INFO - Sync 1 DAGs
[2026-05-10T12:36:43.412+0000] {logging_mixin.py:188} INFO - [2026-05-10T12:36:43.412+0000] {dag.py:3947} INFO - Setting next_dagrun for example_params_trigger_ui to None, run_after=None
[2026-05-10T12:36:43.424+0000] {processor.py:183} INFO - Processing /home/airflow/.local/lib/python3.12/site-packages/airflow/example_dags/example_params_trigger_ui.py took 0.066 seconds
[2026-05-10T12:37:13.985+0000] {processor.py:161} INFO - Started process (PID=1230) to work on /home/airflow/.local/lib/python3.12/site-packages/airflow/example_dags/example_params_trigger_ui.py
[2026-05-10T12:37:13.986+0000] {processor.py:830} INFO - Processing file /home/airflow/.local/lib/python3.12/site-packages/airflow/example_dags/example_params_trigger_ui.py for tasks to queue
[2026-05-10T12:37:13.987+0000] {logging_mixin.py:188} INFO - [2026-05-10T12:37:13.987+0000] {dagbag.py:545} INFO - Filling up the DagBag from /home/airflow/.local/lib/python3.12/site-packages/airflow/example_dags/example_params_trigger_ui.py
[2026-05-10T12:37:13.995+0000] {processor.py:840} INFO - DAG(s) 'example_params_trigger_ui' retrieved from /home/airflow/.local/lib/python3.12/site-packages/airflow/example_dags/example_params_trigger_ui.py
[2026-05-10T12:37:14.028+0000] {logging_mixin.py:188} INFO - [2026-05-10T12:37:14.028+0000] {dag.py:3089} INFO - Sync 1 DAGs
[2026-05-10T12:37:14.038+0000] {logging_mixin.py:188} INFO - [2026-05-10T12:37:14.037+0000] {dag.py:3947} INFO - Setting next_dagrun for example_params_trigger_ui to None, run_after=None
[2026-05-10T12:37:14.051+0000] {processor.py:183} INFO - Processing /home/airflow/.local/lib/python3.12/site-packages/airflow/example_dags/example_params_trigger_ui.py took 0.073 seconds
[2026-05-10T12:37:44.884+0000] {processor.py:161} INFO - Started process (PID=1290) to work on /home/airflow/.local/lib/python3.12/site-packages/airflow/example_dags/example_params_trigger_ui.py
[2026-05-10T12:37:44.885+0000] {processor.py:830} INFO - Processing file /home/airflow/.local/lib/python3.12/site-packages/airflow/example_dags/example_params_trigger_ui.py for tasks to queue
[2026-05-10T12:37:44.886+0000] {logging_mixin.py:188} INFO - [2026-05-10T12:37:44.886+0000] {dagbag.py:545} INFO - Filling up the DagBag from /home/airflow/.local/lib/python3.12/site-packages/airflow/example_dags/example_params_trigger_ui.py
[2026-05-10T12:37:44.893+0000] {processor.py:840} INFO - DAG(s) 'example_params_trigger_ui' retrieved from /home/airflow/.local/lib/python3.12/site-packages/airflow/example_dags/example_params_trigger_ui.py
[2026-05-10T12:37:44.926+0000] {logging_mixin.py:188} INFO - [2026-05-10T12:37:44.926+0000] {dag.py:3089} INFO - Sync 1 DAGs
[2026-05-10T12:37:44.935+0000] {logging_mixin.py:188} INFO - [2026-05-10T12:37:44.935+0000] {dag.py:3947} INFO - Setting next_dagrun for example_params_trigger_ui to None, run_after=None
[2026-05-10T12:37:44.948+0000] {processor.py:183} INFO - Processing /home/airflow/.local/lib/python3.12/site-packages/airflow/example_dags/example_params_trigger_ui.py took 0.070 seconds
[2026-05-10T12:38:16.127+0000] {processor.py:161} INFO - Started process (PID=1350) to work on /home/airflow/.local/lib/python3.12/site-packages/airflow/example_dags/example_params_trigger_ui.py
[2026-05-10T12:38:16.128+0000] {processor.py:830} INFO - Processing file /home/airflow/.local/lib/python3.12/site-packages/airflow/example_dags/example_params_trigger_ui.py for tasks to queue
[2026-05-10T12:38:16.130+0000] {logging_mixin.py:188} INFO - [2026-05-10T12:38:16.130+0000] {dagbag.py:545} INFO - Filling up the DagBag from /home/airflow/.local/lib/python3.12/site-packages/airflow/example_dags/example_params_trigger_ui.py
[2026-05-10T12:38:16.139+0000] {processor.py:840} INFO - DAG(s) 'example_params_trigger_ui' retrieved from /home/airflow/.local/lib/python3.12/site-packages/airflow/example_dags/example_params_trigger_ui.py
[2026-05-10T12:38:16.172+0000] {logging_mixin.py:188} INFO - [2026-05-10T12:38:16.172+0000] {dag.py:3089} INFO - Sync 1 DAGs
[2026-05-10T12:38:16.181+0000] {logging_mixin.py:188} INFO - [2026-05-10T12:38:16.181+0000] {dag.py:3947} INFO - Setting next_dagrun for example_params_trigger_ui to None, run_after=None
[2026-05-10T12:38:16.195+0000] {processor.py:183} INFO - Processing /home/airflow/.local/lib/python3.12/site-packages/airflow/example_dags/example_params_trigger_ui.py took 0.075 seconds
[2026-05-10T12:38:47.266+0000] {processor.py:161} INFO - Started process (PID=1410) to work on /home/airflow/.local/lib/python3.12/site-packages/airflow/example_dags/example_params_trigger_ui.py
[2026-05-10T12:38:47.267+0000] {processor.py:830} INFO - Processing file /home/airflow/.local/lib/python3.12/site-packages/airflow/example_dags/example_params_trigger_ui.py for tasks to queue
[2026-05-10T12:38:47.269+0000] {logging_mixin.py:188} INFO - [2026-05-10T12:38:47.268+0000] {dagbag.py:545} INFO - Filling up the DagBag from /home/airflow/.local/lib/python3.12/site-packages/airflow/example_dags/example_params_trigger_ui.py
[2026-05-10T12:38:47.276+0000] {processor.py:840} INFO - DAG(s) 'example_params_trigger_ui' retrieved from /home/airflow/.local/lib/python3.12/site-packages/airflow/example_dags/example_params_trigger_ui.py
[2026-05-10T12:38:47.308+0000] {logging_mixin.py:188} INFO - [2026-05-10T12:38:47.308+0000] {dag.py:3089} INFO - Sync 1 DAGs
[2026-05-10T12:38:47.318+0000] {logging_mixin.py:188} INFO - [2026-05-10T12:38:47.318+0000] {dag.py:3947} INFO - Setting next_dagrun for example_params_trigger_ui to None, run_after=None
[2026-05-10T12:38:47.331+0000] {processor.py:183} INFO - Processing /home/airflow/.local/lib/python3.12/site-packages/airflow/example_dags/example_params_trigger_ui.py took 0.071 seconds
[2026-05-10T12:39:18.382+0000] {processor.py:161} INFO - Started process (PID=1470) to work on /home/airflow/.local/lib/python3.12/site-packages/airflow/example_dags/example_params_trigger_ui.py
[2026-05-10T12:39:18.383+0000] {processor.py:830} INFO - Processing file /home/airflow/.local/lib/python3.12/site-packages/airflow/example_dags/example_params_trigger_ui.py for tasks to queue
[2026-05-10T12:39:18.385+0000] {logging_mixin.py:188} INFO - [2026-05-10T12:39:18.384+0000] {dagbag.py:545} INFO - Filling up the DagBag from /home/airflow/.local/lib/python3.12/site-packages/airflow/example_dags/example_params_trigger_ui.py
[2026-05-10T12:39:18.394+0000] {processor.py:840} INFO - DAG(s) 'example_params_trigger_ui' retrieved from /home/airflow/.local/lib/python3.12/site-packages/airflow/example_dags/example_params_trigger_ui.py
[2026-05-10T12:39:18.423+0000] {logging_mixin.py:188} INFO - [2026-05-10T12:39:18.423+0000] {dag.py:3089} INFO - Sync 1 DAGs
[2026-05-10T12:39:18.433+0000] {logging_mixin.py:188} INFO - [2026-05-10T12:39:18.433+0000] {dag.py:3947} INFO - Setting next_dagrun for example_params_trigger_ui to None, run_after=None
[2026-05-10T12:39:18.446+0000] {processor.py:183} INFO - Processing /home/airflow/.local/lib/python3.12/site-packages/airflow/example_dags/example_params_trigger_ui.py took 0.070 seconds
[2026-05-10T12:39:49.058+0000] {processor.py:161} INFO - Started process (PID=1530) to work on /home/airflow/.local/lib/python3.12/site-packages/airflow/example_dags/example_params_trigger_ui.py
[2026-05-10T12:39:49.058+0000] {processor.py:830} INFO - Processing file /home/airflow/.local/lib/python3.12/site-packages/airflow/example_dags/example_params_trigger_ui.py for tasks to queue
[2026-05-10T12:39:49.060+0000] {logging_mixin.py:188} INFO - [2026-05-10T12:39:49.060+0000] {dagbag.py:545} INFO - Filling up the DagBag from /home/airflow/.local/lib/python3.12/site-packages/airflow/example_dags/example_params_trigger_ui.py
[2026-05-10T12:39:49.067+0000] {processor.py:840} INFO - DAG(s) 'example_params_trigger_ui' retrieved from /home/airflow/.local/lib/python3.12/site-packages/airflow/example_dags/example_params_trigger_ui.py
[2026-05-10T12:39:49.096+0000] {logging_mixin.py:188} INFO - [2026-05-10T12:39:49.095+0000] {dag.py:3089} INFO - Sync 1 DAGs
[2026-05-10T12:39:49.105+0000] {logging_mixin.py:188} INFO - [2026-05-10T12:39:49.105+0000] {dag.py:3947} INFO - Setting next_dagrun for example_params_trigger_ui to None, run_after=None
[2026-05-10T12:39:49.119+0000] {processor.py:183} INFO - Processing /home/airflow/.local/lib/python3.12/site-packages/airflow/example_dags/example_params_trigger_ui.py took 0.067 seconds
[2026-05-10T12:40:20.155+0000] {processor.py:161} INFO - Started process (PID=1590) to work on /home/airflow/.local/lib/python3.12/site-packages/airflow/example_dags/example_params_trigger_ui.py
[2026-05-10T12:40:20.156+0000] {processor.py:830} INFO - Processing file /home/airflow/.local/lib/python3.12/site-packages/airflow/example_dags/example_params_trigger_ui.py for tasks to queue
[2026-05-10T12:40:20.158+0000] {logging_mixin.py:188} INFO - [2026-05-10T12:40:20.157+0000] {dagbag.py:545} INFO - Filling up the DagBag from /home/airflow/.local/lib/python3.12/site-packages/airflow/example_dags/example_params_trigger_ui.py
[2026-05-10T12:40:20.165+0000] {processor.py:840} INFO - DAG(s) 'example_params_trigger_ui' retrieved from /home/airflow/.local/lib/python3.12/site-packages/airflow/example_dags/example_params_trigger_ui.py
[2026-05-10T12:40:20.197+0000] {logging_mixin.py:188} INFO - [2026-05-10T12:40:20.196+0000] {dag.py:3089} INFO - Sync 1 DAGs
[2026-05-10T12:40:20.206+0000] {logging_mixin.py:188} INFO - [2026-05-10T12:40:20.206+0000] {dag.py:3947} INFO - Setting next_dagrun for example_params_trigger_ui to None, run_after=None
[2026-05-10T12:40:20.220+0000] {processor.py:183} INFO - Processing /home/airflow/.local/lib/python3.12/site-packages/airflow/example_dags/example_params_trigger_ui.py took 0.071 seconds
[2026-05-10T12:40:51.179+0000] {processor.py:161} INFO - Started process (PID=1650) to work on /home/airflow/.local/lib/python3.12/site-packages/airflow/example_dags/example_params_trigger_ui.py
[2026-05-10T12:40:51.179+0000] {processor.py:830} INFO - Processing file /home/airflow/.local/lib/python3.12/site-packages/airflow/example_dags/example_params_trigger_ui.py for tasks to queue
[2026-05-10T12:40:51.181+0000] {logging_mixin.py:188} INFO - [2026-05-10T12:40:51.181+0000] {dagbag.py:545} INFO - Filling up the DagBag from /home/airflow/.local/lib/python3.12/site-packages/airflow/example_dags/example_params_trigger_ui.py
[2026-05-10T12:40:51.188+0000] {processor.py:840} INFO - DAG(s) 'example_params_trigger_ui' retrieved from /home/airflow/.local/lib/python3.12/site-packages/airflow/example_dags/example_params_trigger_ui.py
[2026-05-10T12:40:51.220+0000] {logging_mixin.py:188} INFO - [2026-05-10T12:40:51.219+0000] {dag.py:3089} INFO - Sync 1 DAGs
[2026-05-10T12:40:51.229+0000] {logging_mixin.py:188} INFO - [2026-05-10T12:40:51.229+0000] {dag.py:3947} INFO - Setting next_dagrun for example_params_trigger_ui to None, run_after=None
[2026-05-10T12:40:51.380+0000] {processor.py:183} INFO - Processing /home/airflow/.local/lib/python3.12/site-packages/airflow/example_dags/example_params_trigger_ui.py took 0.208 seconds
[2026-05-10T12:41:22.302+0000] {processor.py:161} INFO - Started process (PID=1710) to work on /home/airflow/.local/lib/python3.12/site-packages/airflow/example_dags/example_params_trigger_ui.py
[2026-05-10T12:41:22.303+0000] {processor.py:830} INFO - Processing file /home/airflow/.local/lib/python3.12/site-packages/airflow/example_dags/example_params_trigger_ui.py for tasks to queue
[2026-05-10T12:41:22.305+0000] {logging_mixin.py:188} INFO - [2026-05-10T12:41:22.304+0000] {dagbag.py:545} INFO - Filling up the DagBag from /home/airflow/.local/lib/python3.12/site-packages/airflow/example_dags/example_params_trigger_ui.py
[2026-05-10T12:41:22.313+0000] {processor.py:840} INFO - DAG(s) 'example_params_trigger_ui' retrieved from /home/airflow/.local/lib/python3.12/site-packages/airflow/example_dags/example_params_trigger_ui.py
[2026-05-10T12:41:22.344+0000] {logging_mixin.py:188} INFO - [2026-05-10T12:41:22.344+0000] {dag.py:3089} INFO - Sync 1 DAGs
[2026-05-10T12:41:22.355+0000] {logging_mixin.py:188} INFO - [2026-05-10T12:41:22.355+0000] {dag.py:3947} INFO - Setting next_dagrun for example_params_trigger_ui to None, run_after=None
[2026-05-10T12:41:22.369+0000] {processor.py:183} INFO - Processing /home/airflow/.local/lib/python3.12/site-packages/airflow/example_dags/example_params_trigger_ui.py took 0.073 seconds
[2026-05-10T12:41:53.303+0000] {processor.py:161} INFO - Started process (PID=1769) to work on /home/airflow/.local/lib/python3.12/site-packages/airflow/example_dags/example_params_trigger_ui.py
[2026-05-10T12:41:53.304+0000] {processor.py:830} INFO - Processing file /home/airflow/.local/lib/python3.12/site-packages/airflow/example_dags/example_params_trigger_ui.py for tasks to queue
[2026-05-10T12:41:53.306+0000] {logging_mixin.py:188} INFO - [2026-05-10T12:41:53.306+0000] {dagbag.py:545} INFO - Filling up the DagBag from /home/airflow/.local/lib/python3.12/site-packages/airflow/example_dags/example_params_trigger_ui.py
[2026-05-10T12:41:53.316+0000] {processor.py:840} INFO - DAG(s) 'example_params_trigger_ui' retrieved from /home/airflow/.local/lib/python3.12/site-packages/airflow/example_dags/example_params_trigger_ui.py
[2026-05-10T12:41:53.347+0000] {logging_mixin.py:188} INFO - [2026-05-10T12:41:53.347+0000] {dag.py:3089} INFO - Sync 1 DAGs
[2026-05-10T12:41:53.357+0000] {logging_mixin.py:188} INFO - [2026-05-10T12:41:53.357+0000] {dag.py:3947} INFO - Setting next_dagrun for example_params_trigger_ui to None, run_after=None
[2026-05-10T12:41:53.371+0000] {processor.py:183} INFO - Processing /home/airflow/.local/lib/python3.12/site-packages/airflow/example_dags/example_params_trigger_ui.py took 0.076 seconds
[2026-05-10T12:42:24.734+0000] {processor.py:161} INFO - Started process (PID=1830) to work on /home/airflow/.local/lib/python3.12/site-packages/airflow/example_dags/example_params_trigger_ui.py
[2026-05-10T12:42:24.735+0000] {processor.py:830} INFO - Processing file /home/airflow/.local/lib/python3.12/site-packages/airflow/example_dags/example_params_trigger_ui.py for tasks to queue
[2026-05-10T12:42:24.737+0000] {logging_mixin.py:188} INFO - [2026-05-10T12:42:24.737+0000] {dagbag.py:545} INFO - Filling up the DagBag from /home/airflow/.local/lib/python3.12/site-packages/airflow/example_dags/example_params_trigger_ui.py
[2026-05-10T12:42:24.744+0000] {processor.py:840} INFO - DAG(s) 'example_params_trigger_ui' retrieved from /home/airflow/.local/lib/python3.12/site-packages/airflow/example_dags/example_params_trigger_ui.py
[2026-05-10T12:42:24.779+0000] {logging_mixin.py:188} INFO - [2026-05-10T12:42:24.779+0000] {dag.py:3089} INFO - Sync 1 DAGs
[2026-05-10T12:42:24.791+0000] {logging_mixin.py:188} INFO - [2026-05-10T12:42:24.791+0000] {dag.py:3947} INFO - Setting next_dagrun for example_params_trigger_ui to None, run_after=None
[2026-05-10T12:42:24.805+0000] {processor.py:183} INFO - Processing /home/airflow/.local/lib/python3.12/site-packages/airflow/example_dags/example_params_trigger_ui.py took 0.077 seconds
[2026-05-10T12:42:56.114+0000] {processor.py:161} INFO - Started process (PID=1890) to work on /home/airflow/.local/lib/python3.12/site-packages/airflow/example_dags/example_params_trigger_ui.py
[2026-05-10T12:42:56.115+0000] {processor.py:830} INFO - Processing file /home/airflow/.local/lib/python3.12/site-packages/airflow/example_dags/example_params_trigger_ui.py for tasks to queue
[2026-05-10T12:42:56.117+0000] {logging_mixin.py:188} INFO - [2026-05-10T12:42:56.117+0000] {dagbag.py:545} INFO - Filling up the DagBag from /home/airflow/.local/lib/python3.12/site-packages/airflow/example_dags/example_params_trigger_ui.py
[2026-05-10T12:42:56.275+0000] {processor.py:840} INFO - DAG(s) 'example_params_trigger_ui' retrieved from /home/airflow/.local/lib/python3.12/site-packages/airflow/example_dags/example_params_trigger_ui.py
[2026-05-10T12:42:56.308+0000] {logging_mixin.py:188} INFO - [2026-05-10T12:42:56.308+0000] {dag.py:3089} INFO - Sync 1 DAGs
[2026-05-10T12:42:56.317+0000] {logging_mixin.py:188} INFO - [2026-05-10T12:42:56.317+0000] {dag.py:3947} INFO - Setting next_dagrun for example_params_trigger_ui to None, run_after=None
[2026-05-10T12:42:56.333+0000] {processor.py:183} INFO - Processing /home/airflow/.local/lib/python3.12/site-packages/airflow/example_dags/example_params_trigger_ui.py took 0.224 seconds
[2026-05-10T12:43:26.704+0000] {processor.py:161} INFO - Started process (PID=1950) to work on /home/airflow/.local/lib/python3.12/site-packages/airflow/example_dags/example_params_trigger_ui.py
[2026-05-10T12:43:26.705+0000] {processor.py:830} INFO - Processing file /home/airflow/.local/lib/python3.12/site-packages/airflow/example_dags/example_params_trigger_ui.py for tasks to queue
[2026-05-10T12:43:26.707+0000] {logging_mixin.py:188} INFO - [2026-05-10T12:43:26.707+0000] {dagbag.py:545} INFO - Filling up the DagBag from /home/airflow/.local/lib/python3.12/site-packages/airflow/example_dags/example_params_trigger_ui.py
[2026-05-10T12:43:26.715+0000] {processor.py:840} INFO - DAG(s) 'example_params_trigger_ui' retrieved from /home/airflow/.local/lib/python3.12/site-packages/airflow/example_dags/example_params_trigger_ui.py
[2026-05-10T12:43:26.748+0000] {logging_mixin.py:188} INFO - [2026-05-10T12:43:26.747+0000] {dag.py:3089} INFO - Sync 1 DAGs
[2026-05-10T12:43:26.757+0000] {logging_mixin.py:188} INFO - [2026-05-10T12:43:26.757+0000] {dag.py:3947} INFO - Setting next_dagrun for example_params_trigger_ui to None, run_after=None
[2026-05-10T12:43:26.771+0000] {processor.py:183} INFO - Processing /home/airflow/.local/lib/python3.12/site-packages/airflow/example_dags/example_params_trigger_ui.py took 0.073 seconds
[2026-05-10T12:43:56.860+0000] {processor.py:161} INFO - Started process (PID=2010) to work on /home/airflow/.local/lib/python3.12/site-packages/airflow/example_dags/example_params_trigger_ui.py
[2026-05-10T12:43:56.861+0000] {processor.py:830} INFO - Processing file /home/airflow/.local/lib/python3.12/site-packages/airflow/example_dags/example_params_trigger_ui.py for tasks to queue
[2026-05-10T12:43:56.862+0000] {logging_mixin.py:188} INFO - [2026-05-10T12:43:56.862+0000] {dagbag.py:545} INFO - Filling up the DagBag from /home/airflow/.local/lib/python3.12/site-packages/airflow/example_dags/example_params_trigger_ui.py
[2026-05-10T12:43:56.869+0000] {processor.py:840} INFO - DAG(s) 'example_params_trigger_ui' retrieved from /home/airflow/.local/lib/python3.12/site-packages/airflow/example_dags/example_params_trigger_ui.py
[2026-05-10T12:43:56.899+0000] {logging_mixin.py:188} INFO - [2026-05-10T12:43:56.898+0000] {dag.py:3089} INFO - Sync 1 DAGs
[2026-05-10T12:43:56.908+0000] {logging_mixin.py:188} INFO - [2026-05-10T12:43:56.908+0000] {dag.py:3947} INFO - Setting next_dagrun for example_params_trigger_ui to None, run_after=None
[2026-05-10T12:43:56.923+0000] {processor.py:183} INFO - Processing /home/airflow/.local/lib/python3.12/site-packages/airflow/example_dags/example_params_trigger_ui.py took 0.070 seconds
[2026-05-10T12:44:28.015+0000] {processor.py:161} INFO - Started process (PID=2070) to work on /home/airflow/.local/lib/python3.12/site-packages/airflow/example_dags/example_params_trigger_ui.py
[2026-05-10T12:44:28.016+0000] {processor.py:830} INFO - Processing file /home/airflow/.local/lib/python3.12/site-packages/airflow/example_dags/example_params_trigger_ui.py for tasks to queue
[2026-05-10T12:44:28.018+0000] {logging_mixin.py:188} INFO - [2026-05-10T12:44:28.017+0000] {dagbag.py:545} INFO - Filling up the DagBag from /home/airflow/.local/lib/python3.12/site-packages/airflow/example_dags/example_params_trigger_ui.py
[2026-05-10T12:44:28.026+0000] {processor.py:840} INFO - DAG(s) 'example_params_trigger_ui' retrieved from /home/airflow/.local/lib/python3.12/site-packages/airflow/example_dags/example_params_trigger_ui.py
[2026-05-10T12:44:28.055+0000] {logging_mixin.py:188} INFO - [2026-05-10T12:44:28.055+0000] {dag.py:3089} INFO - Sync 1 DAGs
[2026-05-10T12:44:28.065+0000] {logging_mixin.py:188} INFO - [2026-05-10T12:44:28.065+0000] {dag.py:3947} INFO - Setting next_dagrun for example_params_trigger_ui to None, run_after=None
[2026-05-10T12:44:28.080+0000] {processor.py:183} INFO - Processing /home/airflow/.local/lib/python3.12/site-packages/airflow/example_dags/example_params_trigger_ui.py took 0.071 seconds
[2026-05-10T12:44:59.068+0000] {processor.py:161} INFO - Started process (PID=2130) to work on /home/airflow/.local/lib/python3.12/site-packages/airflow/example_dags/example_params_trigger_ui.py
[2026-05-10T12:44:59.069+0000] {processor.py:830} INFO - Processing file /home/airflow/.local/lib/python3.12/site-packages/airflow/example_dags/example_params_trigger_ui.py for tasks to queue
[2026-05-10T12:44:59.071+0000] {logging_mixin.py:188} INFO - [2026-05-10T12:44:59.071+0000] {dagbag.py:545} INFO - Filling up the DagBag from /home/airflow/.local/lib/python3.12/site-packages/airflow/example_dags/example_params_trigger_ui.py
[2026-05-10T12:44:59.079+0000] {processor.py:840} INFO - DAG(s) 'example_params_trigger_ui' retrieved from /home/airflow/.local/lib/python3.12/site-packages/airflow/example_dags/example_params_trigger_ui.py
[2026-05-10T12:44:59.113+0000] {logging_mixin.py:188} INFO - [2026-05-10T12:44:59.112+0000] {dag.py:3089} INFO - Sync 1 DAGs
[2026-05-10T12:44:59.123+0000] {logging_mixin.py:188} INFO - [2026-05-10T12:44:59.123+0000] {dag.py:3947} INFO - Setting next_dagrun for example_params_trigger_ui to None, run_after=None
[2026-05-10T12:44:59.139+0000] {processor.py:183} INFO - Processing /home/airflow/.local/lib/python3.12/site-packages/airflow/example_dags/example_params_trigger_ui.py took 0.078 seconds
[2026-05-10T12:45:29.816+0000] {processor.py:161} INFO - Started process (PID=2190) to work on /home/airflow/.local/lib/python3.12/site-packages/airflow/example_dags/example_params_trigger_ui.py
[2026-05-10T12:45:29.817+0000] {processor.py:830} INFO - Processing file /home/airflow/.local/lib/python3.12/site-packages/airflow/example_dags/example_params_trigger_ui.py for tasks to queue
[2026-05-10T12:45:29.819+0000] {logging_mixin.py:188} INFO - [2026-05-10T12:45:29.819+0000] {dagbag.py:545} INFO - Filling up the DagBag from /home/airflow/.local/lib/python3.12/site-packages/airflow/example_dags/example_params_trigger_ui.py
[2026-05-10T12:45:29.828+0000] {processor.py:840} INFO - DAG(s) 'example_params_trigger_ui' retrieved from /home/airflow/.local/lib/python3.12/site-packages/airflow/example_dags/example_params_trigger_ui.py
[2026-05-10T12:45:29.867+0000] {logging_mixin.py:188} INFO - [2026-05-10T12:45:29.867+0000] {dag.py:3089} INFO - Sync 1 DAGs
[2026-05-10T12:45:29.877+0000] {logging_mixin.py:188} INFO - [2026-05-10T12:45:29.877+0000] {dag.py:3947} INFO - Setting next_dagrun for example_params_trigger_ui to None, run_after=None
[2026-05-10T12:45:29.891+0000] {processor.py:183} INFO - Processing /home/airflow/.local/lib/python3.12/site-packages/airflow/example_dags/example_params_trigger_ui.py took 0.081 seconds
[2026-05-10T12:46:00.609+0000] {processor.py:161} INFO - Started process (PID=2256) to work on /home/airflow/.local/lib/python3.12/site-packages/airflow/example_dags/example_params_trigger_ui.py
[2026-05-10T12:46:00.610+0000] {processor.py:830} INFO - Processing file /home/airflow/.local/lib/python3.12/site-packages/airflow/example_dags/example_params_trigger_ui.py for tasks to queue
[2026-05-10T12:46:00.611+0000] {logging_mixin.py:188} INFO - [2026-05-10T12:46:00.611+0000] {dagbag.py:545} INFO - Filling up the DagBag from /home/airflow/.local/lib/python3.12/site-packages/airflow/example_dags/example_params_trigger_ui.py
[2026-05-10T12:46:00.619+0000] {processor.py:840} INFO - DAG(s) 'example_params_trigger_ui' retrieved from /home/airflow/.local/lib/python3.12/site-packages/airflow/example_dags/example_params_trigger_ui.py
[2026-05-10T12:46:00.650+0000] {logging_mixin.py:188} INFO - [2026-05-10T12:46:00.649+0000] {dag.py:3089} INFO - Sync 1 DAGs
[2026-05-10T12:46:00.659+0000] {logging_mixin.py:188} INFO - [2026-05-10T12:46:00.659+0000] {dag.py:3947} INFO - Setting next_dagrun for example_params_trigger_ui to None, run_after=None
[2026-05-10T12:46:00.671+0000] {processor.py:183} INFO - Processing /home/airflow/.local/lib/python3.12/site-packages/airflow/example_dags/example_params_trigger_ui.py took 0.067 seconds
[2026-05-10T12:46:31.565+0000] {processor.py:161} INFO - Started process (PID=2316) to work on /home/airflow/.local/lib/python3.12/site-packages/airflow/example_dags/example_params_trigger_ui.py
[2026-05-10T12:46:31.566+0000] {processor.py:830} INFO - Processing file /home/airflow/.local/lib/python3.12/site-packages/airflow/example_dags/example_params_trigger_ui.py for tasks to queue
[2026-05-10T12:46:31.568+0000] {logging_mixin.py:188} INFO - [2026-05-10T12:46:31.567+0000] {dagbag.py:545} INFO - Filling up the DagBag from /home/airflow/.local/lib/python3.12/site-packages/airflow/example_dags/example_params_trigger_ui.py
[2026-05-10T12:46:31.577+0000] {processor.py:840} INFO - DAG(s) 'example_params_trigger_ui' retrieved from /home/airflow/.local/lib/python3.12/site-packages/airflow/example_dags/example_params_trigger_ui.py
[2026-05-10T12:46:31.612+0000] {logging_mixin.py:188} INFO - [2026-05-10T12:46:31.611+0000] {dag.py:3089} INFO - Sync 1 DAGs
[2026-05-10T12:46:31.624+0000] {logging_mixin.py:188} INFO - [2026-05-10T12:46:31.623+0000] {dag.py:3947} INFO - Setting next_dagrun for example_params_trigger_ui to None, run_after=None
[2026-05-10T12:46:31.639+0000] {processor.py:183} INFO - Processing /home/airflow/.local/lib/python3.12/site-packages/airflow/example_dags/example_params_trigger_ui.py took 0.082 seconds
