[2026-05-10T08:47:00.569+0000] {processor.py:161} INFO - Started process (PID=64) to work on /home/airflow/.local/lib/python3.12/site-packages/airflow/example_dags/example_dag_decorator.py
[2026-05-10T08:47:00.570+0000] {processor.py:830} INFO - Processing file /home/airflow/.local/lib/python3.12/site-packages/airflow/example_dags/example_dag_decorator.py for tasks to queue
[2026-05-10T08:47:00.572+0000] {logging_mixin.py:188} INFO - [2026-05-10T08:47:00.572+0000] {dagbag.py:545} INFO - Filling up the DagBag from /home/airflow/.local/lib/python3.12/site-packages/airflow/example_dags/example_dag_decorator.py
[2026-05-10T08:47:00.875+0000] {processor.py:840} INFO - DAG(s) 'example_dag_decorator' retrieved from /home/airflow/.local/lib/python3.12/site-packages/airflow/example_dags/example_dag_decorator.py
[2026-05-10T08:47:00.892+0000] {logging_mixin.py:188} INFO - [2026-05-10T08:47:00.891+0000] {dag.py:3089} INFO - Sync 1 DAGs
[2026-05-10T08:47:00.911+0000] {logging_mixin.py:188} INFO - [2026-05-10T08:47:00.911+0000] {dag.py:3947} INFO - Setting next_dagrun for example_dag_decorator to None, run_after=None
[2026-05-10T08:47:00.933+0000] {processor.py:183} INFO - Processing /home/airflow/.local/lib/python3.12/site-packages/airflow/example_dags/example_dag_decorator.py took 0.371 seconds
[2026-05-10T08:47:31.379+0000] {processor.py:161} INFO - Started process (PID=123) to work on /home/airflow/.local/lib/python3.12/site-packages/airflow/example_dags/example_dag_decorator.py
[2026-05-10T08:47:31.380+0000] {processor.py:830} INFO - Processing file /home/airflow/.local/lib/python3.12/site-packages/airflow/example_dags/example_dag_decorator.py for tasks to queue
[2026-05-10T08:47:31.382+0000] {logging_mixin.py:188} INFO - [2026-05-10T08:47:31.381+0000] {dagbag.py:545} INFO - Filling up the DagBag from /home/airflow/.local/lib/python3.12/site-packages/airflow/example_dags/example_dag_decorator.py
[2026-05-10T08:47:31.462+0000] {processor.py:840} INFO - DAG(s) 'example_dag_decorator' retrieved from /home/airflow/.local/lib/python3.12/site-packages/airflow/example_dags/example_dag_decorator.py
[2026-05-10T08:47:31.535+0000] {logging_mixin.py:188} INFO - [2026-05-10T08:47:31.535+0000] {dag.py:3089} INFO - Sync 1 DAGs
[2026-05-10T08:47:31.545+0000] {logging_mixin.py:188} INFO - [2026-05-10T08:47:31.545+0000] {dag.py:3947} INFO - Setting next_dagrun for example_dag_decorator to None, run_after=None
[2026-05-10T08:47:31.559+0000] {processor.py:183} INFO - Processing /home/airflow/.local/lib/python3.12/site-packages/airflow/example_dags/example_dag_decorator.py took 0.185 seconds
[2026-05-10T08:48:02.275+0000] {processor.py:161} INFO - Started process (PID=182) to work on /home/airflow/.local/lib/python3.12/site-packages/airflow/example_dags/example_dag_decorator.py
[2026-05-10T08:48:02.275+0000] {processor.py:830} INFO - Processing file /home/airflow/.local/lib/python3.12/site-packages/airflow/example_dags/example_dag_decorator.py for tasks to queue
[2026-05-10T08:48:02.276+0000] {logging_mixin.py:188} INFO - [2026-05-10T08:48:02.276+0000] {dagbag.py:545} INFO - Filling up the DagBag from /home/airflow/.local/lib/python3.12/site-packages/airflow/example_dags/example_dag_decorator.py
[2026-05-10T08:48:02.353+0000] {processor.py:840} INFO - DAG(s) 'example_dag_decorator' retrieved from /home/airflow/.local/lib/python3.12/site-packages/airflow/example_dags/example_dag_decorator.py
[2026-05-10T08:48:02.427+0000] {logging_mixin.py:188} INFO - [2026-05-10T08:48:02.427+0000] {dag.py:3089} INFO - Sync 1 DAGs
[2026-05-10T08:48:02.434+0000] {logging_mixin.py:188} INFO - [2026-05-10T08:48:02.434+0000] {dag.py:3947} INFO - Setting next_dagrun for example_dag_decorator to None, run_after=None
[2026-05-10T08:48:02.450+0000] {processor.py:183} INFO - Processing /home/airflow/.local/lib/python3.12/site-packages/airflow/example_dags/example_dag_decorator.py took 0.181 seconds
[2026-05-10T10:24:36.727+0000] {processor.py:161} INFO - Started process (PID=65) to work on /home/airflow/.local/lib/python3.12/site-packages/airflow/example_dags/example_dag_decorator.py
[2026-05-10T10:24:36.728+0000] {processor.py:830} INFO - Processing file /home/airflow/.local/lib/python3.12/site-packages/airflow/example_dags/example_dag_decorator.py for tasks to queue
[2026-05-10T10:24:36.729+0000] {logging_mixin.py:188} INFO - [2026-05-10T10:24:36.729+0000] {dagbag.py:545} INFO - Filling up the DagBag from /home/airflow/.local/lib/python3.12/site-packages/airflow/example_dags/example_dag_decorator.py
[2026-05-10T10:24:37.045+0000] {processor.py:840} INFO - DAG(s) 'example_dag_decorator' retrieved from /home/airflow/.local/lib/python3.12/site-packages/airflow/example_dags/example_dag_decorator.py
[2026-05-10T10:24:37.057+0000] {logging_mixin.py:188} INFO - [2026-05-10T10:24:37.056+0000] {dag.py:3089} INFO - Sync 1 DAGs
[2026-05-10T10:24:37.068+0000] {logging_mixin.py:188} INFO - [2026-05-10T10:24:37.068+0000] {dag.py:3947} INFO - Setting next_dagrun for example_dag_decorator to None, run_after=None
[2026-05-10T10:24:37.084+0000] {processor.py:183} INFO - Processing /home/airflow/.local/lib/python3.12/site-packages/airflow/example_dags/example_dag_decorator.py took 0.363 seconds
[2026-05-10T10:25:08.562+0000] {processor.py:161} INFO - Started process (PID=126) to work on /home/airflow/.local/lib/python3.12/site-packages/airflow/example_dags/example_dag_decorator.py
[2026-05-10T10:25:08.563+0000] {processor.py:830} INFO - Processing file /home/airflow/.local/lib/python3.12/site-packages/airflow/example_dags/example_dag_decorator.py for tasks to queue
[2026-05-10T10:25:08.564+0000] {logging_mixin.py:188} INFO - [2026-05-10T10:25:08.564+0000] {dagbag.py:545} INFO - Filling up the DagBag from /home/airflow/.local/lib/python3.12/site-packages/airflow/example_dags/example_dag_decorator.py
[2026-05-10T10:25:08.651+0000] {processor.py:840} INFO - DAG(s) 'example_dag_decorator' retrieved from /home/airflow/.local/lib/python3.12/site-packages/airflow/example_dags/example_dag_decorator.py
[2026-05-10T10:25:08.736+0000] {logging_mixin.py:188} INFO - [2026-05-10T10:25:08.736+0000] {dag.py:3089} INFO - Sync 1 DAGs
[2026-05-10T10:25:08.744+0000] {logging_mixin.py:188} INFO - [2026-05-10T10:25:08.744+0000] {dag.py:3947} INFO - Setting next_dagrun for example_dag_decorator to None, run_after=None
[2026-05-10T10:25:08.757+0000] {processor.py:183} INFO - Processing /home/airflow/.local/lib/python3.12/site-packages/airflow/example_dags/example_dag_decorator.py took 0.200 seconds
[2026-05-10T10:25:39.125+0000] {processor.py:161} INFO - Started process (PID=185) to work on /home/airflow/.local/lib/python3.12/site-packages/airflow/example_dags/example_dag_decorator.py
[2026-05-10T10:25:39.126+0000] {processor.py:830} INFO - Processing file /home/airflow/.local/lib/python3.12/site-packages/airflow/example_dags/example_dag_decorator.py for tasks to queue
[2026-05-10T10:25:39.128+0000] {logging_mixin.py:188} INFO - [2026-05-10T10:25:39.128+0000] {dagbag.py:545} INFO - Filling up the DagBag from /home/airflow/.local/lib/python3.12/site-packages/airflow/example_dags/example_dag_decorator.py
[2026-05-10T10:25:39.212+0000] {processor.py:840} INFO - DAG(s) 'example_dag_decorator' retrieved from /home/airflow/.local/lib/python3.12/site-packages/airflow/example_dags/example_dag_decorator.py
[2026-05-10T10:25:39.305+0000] {logging_mixin.py:188} INFO - [2026-05-10T10:25:39.305+0000] {dag.py:3089} INFO - Sync 1 DAGs
[2026-05-10T10:25:39.476+0000] {logging_mixin.py:188} INFO - [2026-05-10T10:25:39.476+0000] {dag.py:3947} INFO - Setting next_dagrun for example_dag_decorator to None, run_after=None
[2026-05-10T10:25:39.492+0000] {processor.py:183} INFO - Processing /home/airflow/.local/lib/python3.12/site-packages/airflow/example_dags/example_dag_decorator.py took 0.372 seconds
[2026-05-10T10:26:09.610+0000] {processor.py:161} INFO - Started process (PID=246) to work on /home/airflow/.local/lib/python3.12/site-packages/airflow/example_dags/example_dag_decorator.py
[2026-05-10T10:26:09.611+0000] {processor.py:830} INFO - Processing file /home/airflow/.local/lib/python3.12/site-packages/airflow/example_dags/example_dag_decorator.py for tasks to queue
[2026-05-10T10:26:09.613+0000] {logging_mixin.py:188} INFO - [2026-05-10T10:26:09.612+0000] {dagbag.py:545} INFO - Filling up the DagBag from /home/airflow/.local/lib/python3.12/site-packages/airflow/example_dags/example_dag_decorator.py
[2026-05-10T10:26:09.696+0000] {processor.py:840} INFO - DAG(s) 'example_dag_decorator' retrieved from /home/airflow/.local/lib/python3.12/site-packages/airflow/example_dags/example_dag_decorator.py
[2026-05-10T10:26:09.772+0000] {logging_mixin.py:188} INFO - [2026-05-10T10:26:09.772+0000] {dag.py:3089} INFO - Sync 1 DAGs
[2026-05-10T10:26:09.780+0000] {logging_mixin.py:188} INFO - [2026-05-10T10:26:09.779+0000] {dag.py:3947} INFO - Setting next_dagrun for example_dag_decorator to None, run_after=None
[2026-05-10T10:26:09.793+0000] {processor.py:183} INFO - Processing /home/airflow/.local/lib/python3.12/site-packages/airflow/example_dags/example_dag_decorator.py took 0.189 seconds
[2026-05-10T10:26:39.844+0000] {processor.py:161} INFO - Started process (PID=307) to work on /home/airflow/.local/lib/python3.12/site-packages/airflow/example_dags/example_dag_decorator.py
[2026-05-10T10:26:39.845+0000] {processor.py:830} INFO - Processing file /home/airflow/.local/lib/python3.12/site-packages/airflow/example_dags/example_dag_decorator.py for tasks to queue
[2026-05-10T10:26:39.847+0000] {logging_mixin.py:188} INFO - [2026-05-10T10:26:39.846+0000] {dagbag.py:545} INFO - Filling up the DagBag from /home/airflow/.local/lib/python3.12/site-packages/airflow/example_dags/example_dag_decorator.py
[2026-05-10T10:26:39.930+0000] {processor.py:840} INFO - DAG(s) 'example_dag_decorator' retrieved from /home/airflow/.local/lib/python3.12/site-packages/airflow/example_dags/example_dag_decorator.py
[2026-05-10T10:26:40.009+0000] {logging_mixin.py:188} INFO - [2026-05-10T10:26:40.009+0000] {dag.py:3089} INFO - Sync 1 DAGs
[2026-05-10T10:26:40.016+0000] {logging_mixin.py:188} INFO - [2026-05-10T10:26:40.016+0000] {dag.py:3947} INFO - Setting next_dagrun for example_dag_decorator to None, run_after=None
[2026-05-10T10:26:40.028+0000] {processor.py:183} INFO - Processing /home/airflow/.local/lib/python3.12/site-packages/airflow/example_dags/example_dag_decorator.py took 0.189 seconds
[2026-05-10T10:27:10.103+0000] {processor.py:161} INFO - Started process (PID=367) to work on /home/airflow/.local/lib/python3.12/site-packages/airflow/example_dags/example_dag_decorator.py
[2026-05-10T10:27:10.104+0000] {processor.py:830} INFO - Processing file /home/airflow/.local/lib/python3.12/site-packages/airflow/example_dags/example_dag_decorator.py for tasks to queue
[2026-05-10T10:27:10.105+0000] {logging_mixin.py:188} INFO - [2026-05-10T10:27:10.105+0000] {dagbag.py:545} INFO - Filling up the DagBag from /home/airflow/.local/lib/python3.12/site-packages/airflow/example_dags/example_dag_decorator.py
[2026-05-10T10:27:10.191+0000] {processor.py:840} INFO - DAG(s) 'example_dag_decorator' retrieved from /home/airflow/.local/lib/python3.12/site-packages/airflow/example_dags/example_dag_decorator.py
[2026-05-10T10:27:10.269+0000] {logging_mixin.py:188} INFO - [2026-05-10T10:27:10.268+0000] {dag.py:3089} INFO - Sync 1 DAGs
[2026-05-10T10:27:10.277+0000] {logging_mixin.py:188} INFO - [2026-05-10T10:27:10.277+0000] {dag.py:3947} INFO - Setting next_dagrun for example_dag_decorator to None, run_after=None
[2026-05-10T10:27:10.291+0000] {processor.py:183} INFO - Processing /home/airflow/.local/lib/python3.12/site-packages/airflow/example_dags/example_dag_decorator.py took 0.196 seconds
[2026-05-10T10:27:40.480+0000] {processor.py:161} INFO - Started process (PID=429) to work on /home/airflow/.local/lib/python3.12/site-packages/airflow/example_dags/example_dag_decorator.py
[2026-05-10T10:27:40.481+0000] {processor.py:830} INFO - Processing file /home/airflow/.local/lib/python3.12/site-packages/airflow/example_dags/example_dag_decorator.py for tasks to queue
[2026-05-10T10:27:40.483+0000] {logging_mixin.py:188} INFO - [2026-05-10T10:27:40.483+0000] {dagbag.py:545} INFO - Filling up the DagBag from /home/airflow/.local/lib/python3.12/site-packages/airflow/example_dags/example_dag_decorator.py
[2026-05-10T10:27:40.566+0000] {processor.py:840} INFO - DAG(s) 'example_dag_decorator' retrieved from /home/airflow/.local/lib/python3.12/site-packages/airflow/example_dags/example_dag_decorator.py
[2026-05-10T10:27:40.823+0000] {logging_mixin.py:188} INFO - [2026-05-10T10:27:40.823+0000] {dag.py:3089} INFO - Sync 1 DAGs
[2026-05-10T10:27:40.832+0000] {logging_mixin.py:188} INFO - [2026-05-10T10:27:40.832+0000] {dag.py:3947} INFO - Setting next_dagrun for example_dag_decorator to None, run_after=None
[2026-05-10T10:27:40.850+0000] {processor.py:183} INFO - Processing /home/airflow/.local/lib/python3.12/site-packages/airflow/example_dags/example_dag_decorator.py took 0.376 seconds
[2026-05-10T10:28:10.945+0000] {processor.py:161} INFO - Started process (PID=498) to work on /home/airflow/.local/lib/python3.12/site-packages/airflow/example_dags/example_dag_decorator.py
[2026-05-10T10:28:10.946+0000] {processor.py:830} INFO - Processing file /home/airflow/.local/lib/python3.12/site-packages/airflow/example_dags/example_dag_decorator.py for tasks to queue
[2026-05-10T10:28:10.947+0000] {logging_mixin.py:188} INFO - [2026-05-10T10:28:10.947+0000] {dagbag.py:545} INFO - Filling up the DagBag from /home/airflow/.local/lib/python3.12/site-packages/airflow/example_dags/example_dag_decorator.py
[2026-05-10T10:28:11.035+0000] {processor.py:840} INFO - DAG(s) 'example_dag_decorator' retrieved from /home/airflow/.local/lib/python3.12/site-packages/airflow/example_dags/example_dag_decorator.py
[2026-05-10T10:28:11.267+0000] {logging_mixin.py:188} INFO - [2026-05-10T10:28:11.267+0000] {dag.py:3089} INFO - Sync 1 DAGs
[2026-05-10T10:28:11.274+0000] {logging_mixin.py:188} INFO - [2026-05-10T10:28:11.274+0000] {dag.py:3947} INFO - Setting next_dagrun for example_dag_decorator to None, run_after=None
[2026-05-10T10:28:11.288+0000] {processor.py:183} INFO - Processing /home/airflow/.local/lib/python3.12/site-packages/airflow/example_dags/example_dag_decorator.py took 0.349 seconds
[2026-05-10T10:30:15.239+0000] {processor.py:161} INFO - Started process (PID=65) to work on /home/airflow/.local/lib/python3.12/site-packages/airflow/example_dags/example_dag_decorator.py
[2026-05-10T10:30:15.240+0000] {processor.py:830} INFO - Processing file /home/airflow/.local/lib/python3.12/site-packages/airflow/example_dags/example_dag_decorator.py for tasks to queue
[2026-05-10T10:30:15.242+0000] {logging_mixin.py:188} INFO - [2026-05-10T10:30:15.242+0000] {dagbag.py:545} INFO - Filling up the DagBag from /home/airflow/.local/lib/python3.12/site-packages/airflow/example_dags/example_dag_decorator.py
[2026-05-10T10:30:15.612+0000] {processor.py:840} INFO - DAG(s) 'example_dag_decorator' retrieved from /home/airflow/.local/lib/python3.12/site-packages/airflow/example_dags/example_dag_decorator.py
[2026-05-10T10:30:15.625+0000] {logging_mixin.py:188} INFO - [2026-05-10T10:30:15.625+0000] {dag.py:3089} INFO - Sync 1 DAGs
[2026-05-10T10:30:15.640+0000] {logging_mixin.py:188} INFO - [2026-05-10T10:30:15.639+0000] {dag.py:3947} INFO - Setting next_dagrun for example_dag_decorator to None, run_after=None
[2026-05-10T10:30:15.665+0000] {processor.py:183} INFO - Processing /home/airflow/.local/lib/python3.12/site-packages/airflow/example_dags/example_dag_decorator.py took 0.433 seconds
[2026-05-10T10:30:46.377+0000] {processor.py:161} INFO - Started process (PID=125) to work on /home/airflow/.local/lib/python3.12/site-packages/airflow/example_dags/example_dag_decorator.py
[2026-05-10T10:30:46.378+0000] {processor.py:830} INFO - Processing file /home/airflow/.local/lib/python3.12/site-packages/airflow/example_dags/example_dag_decorator.py for tasks to queue
[2026-05-10T10:30:46.380+0000] {logging_mixin.py:188} INFO - [2026-05-10T10:30:46.379+0000] {dagbag.py:545} INFO - Filling up the DagBag from /home/airflow/.local/lib/python3.12/site-packages/airflow/example_dags/example_dag_decorator.py
[2026-05-10T10:30:46.467+0000] {processor.py:840} INFO - DAG(s) 'example_dag_decorator' retrieved from /home/airflow/.local/lib/python3.12/site-packages/airflow/example_dags/example_dag_decorator.py
[2026-05-10T10:30:46.548+0000] {logging_mixin.py:188} INFO - [2026-05-10T10:30:46.548+0000] {dag.py:3089} INFO - Sync 1 DAGs
[2026-05-10T10:30:46.555+0000] {logging_mixin.py:188} INFO - [2026-05-10T10:30:46.555+0000] {dag.py:3947} INFO - Setting next_dagrun for example_dag_decorator to None, run_after=None
[2026-05-10T10:30:46.568+0000] {processor.py:183} INFO - Processing /home/airflow/.local/lib/python3.12/site-packages/airflow/example_dags/example_dag_decorator.py took 0.197 seconds
[2026-05-10T10:31:17.356+0000] {processor.py:161} INFO - Started process (PID=185) to work on /home/airflow/.local/lib/python3.12/site-packages/airflow/example_dags/example_dag_decorator.py
[2026-05-10T10:31:17.356+0000] {processor.py:830} INFO - Processing file /home/airflow/.local/lib/python3.12/site-packages/airflow/example_dags/example_dag_decorator.py for tasks to queue
[2026-05-10T10:31:17.358+0000] {logging_mixin.py:188} INFO - [2026-05-10T10:31:17.358+0000] {dagbag.py:545} INFO - Filling up the DagBag from /home/airflow/.local/lib/python3.12/site-packages/airflow/example_dags/example_dag_decorator.py
[2026-05-10T10:31:17.449+0000] {processor.py:840} INFO - DAG(s) 'example_dag_decorator' retrieved from /home/airflow/.local/lib/python3.12/site-packages/airflow/example_dags/example_dag_decorator.py
[2026-05-10T10:31:17.532+0000] {logging_mixin.py:188} INFO - [2026-05-10T10:31:17.532+0000] {dag.py:3089} INFO - Sync 1 DAGs
[2026-05-10T10:31:17.695+0000] {logging_mixin.py:188} INFO - [2026-05-10T10:31:17.695+0000] {dag.py:3947} INFO - Setting next_dagrun for example_dag_decorator to None, run_after=None
[2026-05-10T10:31:17.709+0000] {processor.py:183} INFO - Processing /home/airflow/.local/lib/python3.12/site-packages/airflow/example_dags/example_dag_decorator.py took 0.360 seconds
[2026-05-10T10:31:47.935+0000] {processor.py:161} INFO - Started process (PID=245) to work on /home/airflow/.local/lib/python3.12/site-packages/airflow/example_dags/example_dag_decorator.py
[2026-05-10T10:31:47.936+0000] {processor.py:830} INFO - Processing file /home/airflow/.local/lib/python3.12/site-packages/airflow/example_dags/example_dag_decorator.py for tasks to queue
[2026-05-10T10:31:47.937+0000] {logging_mixin.py:188} INFO - [2026-05-10T10:31:47.937+0000] {dagbag.py:545} INFO - Filling up the DagBag from /home/airflow/.local/lib/python3.12/site-packages/airflow/example_dags/example_dag_decorator.py
[2026-05-10T10:31:48.025+0000] {processor.py:840} INFO - DAG(s) 'example_dag_decorator' retrieved from /home/airflow/.local/lib/python3.12/site-packages/airflow/example_dags/example_dag_decorator.py
[2026-05-10T10:31:48.106+0000] {logging_mixin.py:188} INFO - [2026-05-10T10:31:48.105+0000] {dag.py:3089} INFO - Sync 1 DAGs
[2026-05-10T10:31:48.114+0000] {logging_mixin.py:188} INFO - [2026-05-10T10:31:48.113+0000] {dag.py:3947} INFO - Setting next_dagrun for example_dag_decorator to None, run_after=None
[2026-05-10T10:31:48.129+0000] {processor.py:183} INFO - Processing /home/airflow/.local/lib/python3.12/site-packages/airflow/example_dags/example_dag_decorator.py took 0.199 seconds
[2026-05-10T10:32:18.362+0000] {processor.py:161} INFO - Started process (PID=306) to work on /home/airflow/.local/lib/python3.12/site-packages/airflow/example_dags/example_dag_decorator.py
[2026-05-10T10:32:18.363+0000] {processor.py:830} INFO - Processing file /home/airflow/.local/lib/python3.12/site-packages/airflow/example_dags/example_dag_decorator.py for tasks to queue
[2026-05-10T10:32:18.365+0000] {logging_mixin.py:188} INFO - [2026-05-10T10:32:18.365+0000] {dagbag.py:545} INFO - Filling up the DagBag from /home/airflow/.local/lib/python3.12/site-packages/airflow/example_dags/example_dag_decorator.py
[2026-05-10T10:32:18.460+0000] {processor.py:840} INFO - DAG(s) 'example_dag_decorator' retrieved from /home/airflow/.local/lib/python3.12/site-packages/airflow/example_dags/example_dag_decorator.py
[2026-05-10T10:32:18.546+0000] {logging_mixin.py:188} INFO - [2026-05-10T10:32:18.546+0000] {dag.py:3089} INFO - Sync 1 DAGs
[2026-05-10T10:32:18.554+0000] {logging_mixin.py:188} INFO - [2026-05-10T10:32:18.554+0000] {dag.py:3947} INFO - Setting next_dagrun for example_dag_decorator to None, run_after=None
[2026-05-10T10:32:18.568+0000] {processor.py:183} INFO - Processing /home/airflow/.local/lib/python3.12/site-packages/airflow/example_dags/example_dag_decorator.py took 0.213 seconds
[2026-05-10T10:47:02.851+0000] {processor.py:161} INFO - Started process (PID=65) to work on /home/airflow/.local/lib/python3.12/site-packages/airflow/example_dags/example_dag_decorator.py
[2026-05-10T10:47:02.852+0000] {processor.py:830} INFO - Processing file /home/airflow/.local/lib/python3.12/site-packages/airflow/example_dags/example_dag_decorator.py for tasks to queue
[2026-05-10T10:47:02.854+0000] {logging_mixin.py:188} INFO - [2026-05-10T10:47:02.854+0000] {dagbag.py:545} INFO - Filling up the DagBag from /home/airflow/.local/lib/python3.12/site-packages/airflow/example_dags/example_dag_decorator.py
[2026-05-10T10:47:03.136+0000] {processor.py:840} INFO - DAG(s) 'example_dag_decorator' retrieved from /home/airflow/.local/lib/python3.12/site-packages/airflow/example_dags/example_dag_decorator.py
[2026-05-10T10:47:03.240+0000] {logging_mixin.py:188} INFO - [2026-05-10T10:47:03.240+0000] {override.py:1858} INFO - Created Permission View: can delete on DAG:example_dag_decorator
[2026-05-10T10:47:03.248+0000] {logging_mixin.py:188} INFO - [2026-05-10T10:47:03.247+0000] {override.py:1858} INFO - Created Permission View: can read on DAG:example_dag_decorator
[2026-05-10T10:47:03.253+0000] {logging_mixin.py:188} INFO - [2026-05-10T10:47:03.253+0000] {override.py:1858} INFO - Created Permission View: can edit on DAG:example_dag_decorator
[2026-05-10T10:47:03.254+0000] {logging_mixin.py:188} INFO - [2026-05-10T10:47:03.254+0000] {dag.py:3089} INFO - Sync 1 DAGs
[2026-05-10T10:47:03.261+0000] {logging_mixin.py:188} INFO - [2026-05-10T10:47:03.261+0000] {dag.py:3111} INFO - Creating ORM DAG for example_dag_decorator
[2026-05-10T10:47:03.262+0000] {logging_mixin.py:188} INFO - [2026-05-10T10:47:03.262+0000] {dag.py:3947} INFO - Setting next_dagrun for example_dag_decorator to None, run_after=None
[2026-05-10T10:47:03.273+0000] {processor.py:183} INFO - Processing /home/airflow/.local/lib/python3.12/site-packages/airflow/example_dags/example_dag_decorator.py took 0.429 seconds
[2026-05-10T10:47:33.409+0000] {processor.py:161} INFO - Started process (PID=126) to work on /home/airflow/.local/lib/python3.12/site-packages/airflow/example_dags/example_dag_decorator.py
[2026-05-10T10:47:33.410+0000] {processor.py:830} INFO - Processing file /home/airflow/.local/lib/python3.12/site-packages/airflow/example_dags/example_dag_decorator.py for tasks to queue
[2026-05-10T10:47:33.412+0000] {logging_mixin.py:188} INFO - [2026-05-10T10:47:33.412+0000] {dagbag.py:545} INFO - Filling up the DagBag from /home/airflow/.local/lib/python3.12/site-packages/airflow/example_dags/example_dag_decorator.py
[2026-05-10T10:47:33.520+0000] {processor.py:840} INFO - DAG(s) 'example_dag_decorator' retrieved from /home/airflow/.local/lib/python3.12/site-packages/airflow/example_dags/example_dag_decorator.py
[2026-05-10T10:47:33.541+0000] {logging_mixin.py:188} INFO - [2026-05-10T10:47:33.541+0000] {dag.py:3089} INFO - Sync 1 DAGs
[2026-05-10T10:47:33.551+0000] {logging_mixin.py:188} INFO - [2026-05-10T10:47:33.551+0000] {dag.py:3947} INFO - Setting next_dagrun for example_dag_decorator to None, run_after=None
[2026-05-10T10:47:33.569+0000] {processor.py:183} INFO - Processing /home/airflow/.local/lib/python3.12/site-packages/airflow/example_dags/example_dag_decorator.py took 0.166 seconds
[2026-05-10T10:48:03.974+0000] {processor.py:161} INFO - Started process (PID=185) to work on /home/airflow/.local/lib/python3.12/site-packages/airflow/example_dags/example_dag_decorator.py
[2026-05-10T10:48:03.975+0000] {processor.py:830} INFO - Processing file /home/airflow/.local/lib/python3.12/site-packages/airflow/example_dags/example_dag_decorator.py for tasks to queue
[2026-05-10T10:48:03.977+0000] {logging_mixin.py:188} INFO - [2026-05-10T10:48:03.976+0000] {dagbag.py:545} INFO - Filling up the DagBag from /home/airflow/.local/lib/python3.12/site-packages/airflow/example_dags/example_dag_decorator.py
[2026-05-10T10:48:04.079+0000] {processor.py:840} INFO - DAG(s) 'example_dag_decorator' retrieved from /home/airflow/.local/lib/python3.12/site-packages/airflow/example_dags/example_dag_decorator.py
[2026-05-10T10:48:04.173+0000] {logging_mixin.py:188} INFO - [2026-05-10T10:48:04.173+0000] {dag.py:3089} INFO - Sync 1 DAGs
[2026-05-10T10:48:04.182+0000] {logging_mixin.py:188} INFO - [2026-05-10T10:48:04.182+0000] {dag.py:3947} INFO - Setting next_dagrun for example_dag_decorator to None, run_after=None
[2026-05-10T10:48:04.199+0000] {processor.py:183} INFO - Processing /home/airflow/.local/lib/python3.12/site-packages/airflow/example_dags/example_dag_decorator.py took 0.231 seconds
[2026-05-10T10:48:34.713+0000] {processor.py:161} INFO - Started process (PID=245) to work on /home/airflow/.local/lib/python3.12/site-packages/airflow/example_dags/example_dag_decorator.py
[2026-05-10T10:48:34.714+0000] {processor.py:830} INFO - Processing file /home/airflow/.local/lib/python3.12/site-packages/airflow/example_dags/example_dag_decorator.py for tasks to queue
[2026-05-10T10:48:34.716+0000] {logging_mixin.py:188} INFO - [2026-05-10T10:48:34.715+0000] {dagbag.py:545} INFO - Filling up the DagBag from /home/airflow/.local/lib/python3.12/site-packages/airflow/example_dags/example_dag_decorator.py
[2026-05-10T10:48:34.798+0000] {processor.py:840} INFO - DAG(s) 'example_dag_decorator' retrieved from /home/airflow/.local/lib/python3.12/site-packages/airflow/example_dags/example_dag_decorator.py
[2026-05-10T10:48:34.876+0000] {logging_mixin.py:188} INFO - [2026-05-10T10:48:34.876+0000] {dag.py:3089} INFO - Sync 1 DAGs
[2026-05-10T10:48:34.884+0000] {logging_mixin.py:188} INFO - [2026-05-10T10:48:34.884+0000] {dag.py:3947} INFO - Setting next_dagrun for example_dag_decorator to None, run_after=None
[2026-05-10T10:48:34.898+0000] {processor.py:183} INFO - Processing /home/airflow/.local/lib/python3.12/site-packages/airflow/example_dags/example_dag_decorator.py took 0.190 seconds
[2026-05-10T10:49:05.287+0000] {processor.py:161} INFO - Started process (PID=305) to work on /home/airflow/.local/lib/python3.12/site-packages/airflow/example_dags/example_dag_decorator.py
[2026-05-10T10:49:05.288+0000] {processor.py:830} INFO - Processing file /home/airflow/.local/lib/python3.12/site-packages/airflow/example_dags/example_dag_decorator.py for tasks to queue
[2026-05-10T10:49:05.289+0000] {logging_mixin.py:188} INFO - [2026-05-10T10:49:05.289+0000] {dagbag.py:545} INFO - Filling up the DagBag from /home/airflow/.local/lib/python3.12/site-packages/airflow/example_dags/example_dag_decorator.py
[2026-05-10T10:49:05.368+0000] {processor.py:840} INFO - DAG(s) 'example_dag_decorator' retrieved from /home/airflow/.local/lib/python3.12/site-packages/airflow/example_dags/example_dag_decorator.py
[2026-05-10T10:49:05.444+0000] {logging_mixin.py:188} INFO - [2026-05-10T10:49:05.444+0000] {dag.py:3089} INFO - Sync 1 DAGs
[2026-05-10T10:49:05.451+0000] {logging_mixin.py:188} INFO - [2026-05-10T10:49:05.451+0000] {dag.py:3947} INFO - Setting next_dagrun for example_dag_decorator to None, run_after=None
[2026-05-10T10:49:05.463+0000] {processor.py:183} INFO - Processing /home/airflow/.local/lib/python3.12/site-packages/airflow/example_dags/example_dag_decorator.py took 0.182 seconds
[2026-05-10T10:49:35.861+0000] {processor.py:161} INFO - Started process (PID=365) to work on /home/airflow/.local/lib/python3.12/site-packages/airflow/example_dags/example_dag_decorator.py
[2026-05-10T10:49:35.862+0000] {processor.py:830} INFO - Processing file /home/airflow/.local/lib/python3.12/site-packages/airflow/example_dags/example_dag_decorator.py for tasks to queue
[2026-05-10T10:49:35.863+0000] {logging_mixin.py:188} INFO - [2026-05-10T10:49:35.863+0000] {dagbag.py:545} INFO - Filling up the DagBag from /home/airflow/.local/lib/python3.12/site-packages/airflow/example_dags/example_dag_decorator.py
[2026-05-10T10:49:35.947+0000] {processor.py:840} INFO - DAG(s) 'example_dag_decorator' retrieved from /home/airflow/.local/lib/python3.12/site-packages/airflow/example_dags/example_dag_decorator.py
[2026-05-10T10:49:36.029+0000] {logging_mixin.py:188} INFO - [2026-05-10T10:49:36.029+0000] {dag.py:3089} INFO - Sync 1 DAGs
[2026-05-10T10:49:36.036+0000] {logging_mixin.py:188} INFO - [2026-05-10T10:49:36.036+0000] {dag.py:3947} INFO - Setting next_dagrun for example_dag_decorator to None, run_after=None
[2026-05-10T10:49:36.049+0000] {processor.py:183} INFO - Processing /home/airflow/.local/lib/python3.12/site-packages/airflow/example_dags/example_dag_decorator.py took 0.194 seconds
[2026-05-10T10:50:06.613+0000] {processor.py:161} INFO - Started process (PID=425) to work on /home/airflow/.local/lib/python3.12/site-packages/airflow/example_dags/example_dag_decorator.py
[2026-05-10T10:50:06.613+0000] {processor.py:830} INFO - Processing file /home/airflow/.local/lib/python3.12/site-packages/airflow/example_dags/example_dag_decorator.py for tasks to queue
[2026-05-10T10:50:06.615+0000] {logging_mixin.py:188} INFO - [2026-05-10T10:50:06.615+0000] {dagbag.py:545} INFO - Filling up the DagBag from /home/airflow/.local/lib/python3.12/site-packages/airflow/example_dags/example_dag_decorator.py
[2026-05-10T10:50:06.695+0000] {processor.py:840} INFO - DAG(s) 'example_dag_decorator' retrieved from /home/airflow/.local/lib/python3.12/site-packages/airflow/example_dags/example_dag_decorator.py
[2026-05-10T10:50:06.950+0000] {logging_mixin.py:188} INFO - [2026-05-10T10:50:06.950+0000] {dag.py:3089} INFO - Sync 1 DAGs
[2026-05-10T10:50:06.957+0000] {logging_mixin.py:188} INFO - [2026-05-10T10:50:06.957+0000] {dag.py:3947} INFO - Setting next_dagrun for example_dag_decorator to None, run_after=None
[2026-05-10T10:50:06.970+0000] {processor.py:183} INFO - Processing /home/airflow/.local/lib/python3.12/site-packages/airflow/example_dags/example_dag_decorator.py took 0.362 seconds
[2026-05-10T10:50:37.332+0000] {processor.py:161} INFO - Started process (PID=485) to work on /home/airflow/.local/lib/python3.12/site-packages/airflow/example_dags/example_dag_decorator.py
[2026-05-10T10:50:37.333+0000] {processor.py:830} INFO - Processing file /home/airflow/.local/lib/python3.12/site-packages/airflow/example_dags/example_dag_decorator.py for tasks to queue
[2026-05-10T10:50:37.334+0000] {logging_mixin.py:188} INFO - [2026-05-10T10:50:37.334+0000] {dagbag.py:545} INFO - Filling up the DagBag from /home/airflow/.local/lib/python3.12/site-packages/airflow/example_dags/example_dag_decorator.py
[2026-05-10T10:50:37.424+0000] {processor.py:840} INFO - DAG(s) 'example_dag_decorator' retrieved from /home/airflow/.local/lib/python3.12/site-packages/airflow/example_dags/example_dag_decorator.py
[2026-05-10T10:50:37.501+0000] {logging_mixin.py:188} INFO - [2026-05-10T10:50:37.501+0000] {dag.py:3089} INFO - Sync 1 DAGs
[2026-05-10T10:50:37.685+0000] {logging_mixin.py:188} INFO - [2026-05-10T10:50:37.685+0000] {dag.py:3947} INFO - Setting next_dagrun for example_dag_decorator to None, run_after=None
[2026-05-10T10:50:37.701+0000] {processor.py:183} INFO - Processing /home/airflow/.local/lib/python3.12/site-packages/airflow/example_dags/example_dag_decorator.py took 0.375 seconds
[2026-05-10T10:51:07.890+0000] {processor.py:161} INFO - Started process (PID=545) to work on /home/airflow/.local/lib/python3.12/site-packages/airflow/example_dags/example_dag_decorator.py
[2026-05-10T10:51:07.890+0000] {processor.py:830} INFO - Processing file /home/airflow/.local/lib/python3.12/site-packages/airflow/example_dags/example_dag_decorator.py for tasks to queue
[2026-05-10T10:51:07.892+0000] {logging_mixin.py:188} INFO - [2026-05-10T10:51:07.892+0000] {dagbag.py:545} INFO - Filling up the DagBag from /home/airflow/.local/lib/python3.12/site-packages/airflow/example_dags/example_dag_decorator.py
[2026-05-10T10:51:07.978+0000] {processor.py:840} INFO - DAG(s) 'example_dag_decorator' retrieved from /home/airflow/.local/lib/python3.12/site-packages/airflow/example_dags/example_dag_decorator.py
[2026-05-10T10:51:08.057+0000] {logging_mixin.py:188} INFO - [2026-05-10T10:51:08.057+0000] {dag.py:3089} INFO - Sync 1 DAGs
[2026-05-10T10:51:08.067+0000] {logging_mixin.py:188} INFO - [2026-05-10T10:51:08.067+0000] {dag.py:3947} INFO - Setting next_dagrun for example_dag_decorator to None, run_after=None
[2026-05-10T10:51:08.237+0000] {processor.py:183} INFO - Processing /home/airflow/.local/lib/python3.12/site-packages/airflow/example_dags/example_dag_decorator.py took 0.352 seconds
[2026-05-10T10:51:39.129+0000] {processor.py:161} INFO - Started process (PID=605) to work on /home/airflow/.local/lib/python3.12/site-packages/airflow/example_dags/example_dag_decorator.py
[2026-05-10T10:51:39.130+0000] {processor.py:830} INFO - Processing file /home/airflow/.local/lib/python3.12/site-packages/airflow/example_dags/example_dag_decorator.py for tasks to queue
[2026-05-10T10:51:39.131+0000] {logging_mixin.py:188} INFO - [2026-05-10T10:51:39.131+0000] {dagbag.py:545} INFO - Filling up the DagBag from /home/airflow/.local/lib/python3.12/site-packages/airflow/example_dags/example_dag_decorator.py
[2026-05-10T10:51:39.207+0000] {processor.py:840} INFO - DAG(s) 'example_dag_decorator' retrieved from /home/airflow/.local/lib/python3.12/site-packages/airflow/example_dags/example_dag_decorator.py
[2026-05-10T10:51:39.286+0000] {logging_mixin.py:188} INFO - [2026-05-10T10:51:39.286+0000] {dag.py:3089} INFO - Sync 1 DAGs
[2026-05-10T10:51:39.296+0000] {logging_mixin.py:188} INFO - [2026-05-10T10:51:39.296+0000] {dag.py:3947} INFO - Setting next_dagrun for example_dag_decorator to None, run_after=None
[2026-05-10T10:51:39.310+0000] {processor.py:183} INFO - Processing /home/airflow/.local/lib/python3.12/site-packages/airflow/example_dags/example_dag_decorator.py took 0.187 seconds
[2026-05-10T10:53:02.757+0000] {processor.py:161} INFO - Started process (PID=65) to work on /home/airflow/.local/lib/python3.12/site-packages/airflow/example_dags/example_dag_decorator.py
[2026-05-10T10:53:02.758+0000] {processor.py:830} INFO - Processing file /home/airflow/.local/lib/python3.12/site-packages/airflow/example_dags/example_dag_decorator.py for tasks to queue
[2026-05-10T10:53:02.760+0000] {logging_mixin.py:188} INFO - [2026-05-10T10:53:02.760+0000] {dagbag.py:545} INFO - Filling up the DagBag from /home/airflow/.local/lib/python3.12/site-packages/airflow/example_dags/example_dag_decorator.py
[2026-05-10T10:53:03.066+0000] {processor.py:840} INFO - DAG(s) 'example_dag_decorator' retrieved from /home/airflow/.local/lib/python3.12/site-packages/airflow/example_dags/example_dag_decorator.py
[2026-05-10T10:53:03.161+0000] {logging_mixin.py:188} INFO - [2026-05-10T10:53:03.160+0000] {override.py:1858} INFO - Created Permission View: can read on DAG:example_dag_decorator
[2026-05-10T10:53:03.168+0000] {logging_mixin.py:188} INFO - [2026-05-10T10:53:03.168+0000] {override.py:1858} INFO - Created Permission View: can delete on DAG:example_dag_decorator
[2026-05-10T10:53:03.174+0000] {logging_mixin.py:188} INFO - [2026-05-10T10:53:03.173+0000] {override.py:1858} INFO - Created Permission View: can edit on DAG:example_dag_decorator
[2026-05-10T10:53:03.174+0000] {logging_mixin.py:188} INFO - [2026-05-10T10:53:03.174+0000] {dag.py:3089} INFO - Sync 1 DAGs
[2026-05-10T10:53:03.182+0000] {logging_mixin.py:188} INFO - [2026-05-10T10:53:03.182+0000] {dag.py:3111} INFO - Creating ORM DAG for example_dag_decorator
[2026-05-10T10:53:03.183+0000] {logging_mixin.py:188} INFO - [2026-05-10T10:53:03.183+0000] {dag.py:3947} INFO - Setting next_dagrun for example_dag_decorator to None, run_after=None
[2026-05-10T10:53:03.195+0000] {processor.py:183} INFO - Processing /home/airflow/.local/lib/python3.12/site-packages/airflow/example_dags/example_dag_decorator.py took 0.446 seconds
[2026-05-10T10:53:34.113+0000] {processor.py:161} INFO - Started process (PID=125) to work on /home/airflow/.local/lib/python3.12/site-packages/airflow/example_dags/example_dag_decorator.py
[2026-05-10T10:53:34.114+0000] {processor.py:830} INFO - Processing file /home/airflow/.local/lib/python3.12/site-packages/airflow/example_dags/example_dag_decorator.py for tasks to queue
[2026-05-10T10:53:34.116+0000] {logging_mixin.py:188} INFO - [2026-05-10T10:53:34.115+0000] {dagbag.py:545} INFO - Filling up the DagBag from /home/airflow/.local/lib/python3.12/site-packages/airflow/example_dags/example_dag_decorator.py
[2026-05-10T10:53:34.198+0000] {processor.py:840} INFO - DAG(s) 'example_dag_decorator' retrieved from /home/airflow/.local/lib/python3.12/site-packages/airflow/example_dags/example_dag_decorator.py
[2026-05-10T10:53:34.273+0000] {logging_mixin.py:188} INFO - [2026-05-10T10:53:34.273+0000] {dag.py:3089} INFO - Sync 1 DAGs
[2026-05-10T10:53:34.281+0000] {logging_mixin.py:188} INFO - [2026-05-10T10:53:34.281+0000] {dag.py:3947} INFO - Setting next_dagrun for example_dag_decorator to None, run_after=None
[2026-05-10T10:53:34.293+0000] {processor.py:183} INFO - Processing /home/airflow/.local/lib/python3.12/site-packages/airflow/example_dags/example_dag_decorator.py took 0.186 seconds
[2026-05-10T10:54:04.378+0000] {processor.py:161} INFO - Started process (PID=187) to work on /home/airflow/.local/lib/python3.12/site-packages/airflow/example_dags/example_dag_decorator.py
[2026-05-10T10:54:04.379+0000] {processor.py:830} INFO - Processing file /home/airflow/.local/lib/python3.12/site-packages/airflow/example_dags/example_dag_decorator.py for tasks to queue
[2026-05-10T10:54:04.381+0000] {logging_mixin.py:188} INFO - [2026-05-10T10:54:04.380+0000] {dagbag.py:545} INFO - Filling up the DagBag from /home/airflow/.local/lib/python3.12/site-packages/airflow/example_dags/example_dag_decorator.py
[2026-05-10T10:54:04.473+0000] {processor.py:840} INFO - DAG(s) 'example_dag_decorator' retrieved from /home/airflow/.local/lib/python3.12/site-packages/airflow/example_dags/example_dag_decorator.py
[2026-05-10T10:54:04.555+0000] {logging_mixin.py:188} INFO - [2026-05-10T10:54:04.555+0000] {dag.py:3089} INFO - Sync 1 DAGs
[2026-05-10T10:54:04.564+0000] {logging_mixin.py:188} INFO - [2026-05-10T10:54:04.564+0000] {dag.py:3947} INFO - Setting next_dagrun for example_dag_decorator to None, run_after=None
[2026-05-10T10:54:04.580+0000] {processor.py:183} INFO - Processing /home/airflow/.local/lib/python3.12/site-packages/airflow/example_dags/example_dag_decorator.py took 0.207 seconds
[2026-05-10T10:54:34.725+0000] {processor.py:161} INFO - Started process (PID=248) to work on /home/airflow/.local/lib/python3.12/site-packages/airflow/example_dags/example_dag_decorator.py
[2026-05-10T10:54:34.726+0000] {processor.py:830} INFO - Processing file /home/airflow/.local/lib/python3.12/site-packages/airflow/example_dags/example_dag_decorator.py for tasks to queue
[2026-05-10T10:54:34.728+0000] {logging_mixin.py:188} INFO - [2026-05-10T10:54:34.728+0000] {dagbag.py:545} INFO - Filling up the DagBag from /home/airflow/.local/lib/python3.12/site-packages/airflow/example_dags/example_dag_decorator.py
[2026-05-10T10:54:34.847+0000] {processor.py:840} INFO - DAG(s) 'example_dag_decorator' retrieved from /home/airflow/.local/lib/python3.12/site-packages/airflow/example_dags/example_dag_decorator.py
[2026-05-10T10:54:34.926+0000] {logging_mixin.py:188} INFO - [2026-05-10T10:54:34.926+0000] {dag.py:3089} INFO - Sync 1 DAGs
[2026-05-10T10:54:34.933+0000] {logging_mixin.py:188} INFO - [2026-05-10T10:54:34.933+0000] {dag.py:3947} INFO - Setting next_dagrun for example_dag_decorator to None, run_after=None
[2026-05-10T10:54:34.947+0000] {processor.py:183} INFO - Processing /home/airflow/.local/lib/python3.12/site-packages/airflow/example_dags/example_dag_decorator.py took 0.228 seconds
[2026-05-10T10:55:05.512+0000] {processor.py:161} INFO - Started process (PID=314) to work on /home/airflow/.local/lib/python3.12/site-packages/airflow/example_dags/example_dag_decorator.py
[2026-05-10T10:55:05.513+0000] {processor.py:830} INFO - Processing file /home/airflow/.local/lib/python3.12/site-packages/airflow/example_dags/example_dag_decorator.py for tasks to queue
[2026-05-10T10:55:05.516+0000] {logging_mixin.py:188} INFO - [2026-05-10T10:55:05.515+0000] {dagbag.py:545} INFO - Filling up the DagBag from /home/airflow/.local/lib/python3.12/site-packages/airflow/example_dags/example_dag_decorator.py
[2026-05-10T10:55:05.617+0000] {processor.py:840} INFO - DAG(s) 'example_dag_decorator' retrieved from /home/airflow/.local/lib/python3.12/site-packages/airflow/example_dags/example_dag_decorator.py
[2026-05-10T10:55:05.698+0000] {logging_mixin.py:188} INFO - [2026-05-10T10:55:05.698+0000] {dag.py:3089} INFO - Sync 1 DAGs
[2026-05-10T10:55:05.706+0000] {logging_mixin.py:188} INFO - [2026-05-10T10:55:05.705+0000] {dag.py:3947} INFO - Setting next_dagrun for example_dag_decorator to None, run_after=None
[2026-05-10T10:55:05.721+0000] {processor.py:183} INFO - Processing /home/airflow/.local/lib/python3.12/site-packages/airflow/example_dags/example_dag_decorator.py took 0.217 seconds
[2026-05-10T10:55:36.051+0000] {processor.py:161} INFO - Started process (PID=374) to work on /home/airflow/.local/lib/python3.12/site-packages/airflow/example_dags/example_dag_decorator.py
[2026-05-10T10:55:36.052+0000] {processor.py:830} INFO - Processing file /home/airflow/.local/lib/python3.12/site-packages/airflow/example_dags/example_dag_decorator.py for tasks to queue
[2026-05-10T10:55:36.054+0000] {logging_mixin.py:188} INFO - [2026-05-10T10:55:36.054+0000] {dagbag.py:545} INFO - Filling up the DagBag from /home/airflow/.local/lib/python3.12/site-packages/airflow/example_dags/example_dag_decorator.py
[2026-05-10T10:55:36.140+0000] {processor.py:840} INFO - DAG(s) 'example_dag_decorator' retrieved from /home/airflow/.local/lib/python3.12/site-packages/airflow/example_dags/example_dag_decorator.py
[2026-05-10T10:55:36.225+0000] {logging_mixin.py:188} INFO - [2026-05-10T10:55:36.225+0000] {dag.py:3089} INFO - Sync 1 DAGs
[2026-05-10T10:55:36.442+0000] {logging_mixin.py:188} INFO - [2026-05-10T10:55:36.442+0000] {dag.py:3947} INFO - Setting next_dagrun for example_dag_decorator to None, run_after=None
[2026-05-10T10:55:36.455+0000] {processor.py:183} INFO - Processing /home/airflow/.local/lib/python3.12/site-packages/airflow/example_dags/example_dag_decorator.py took 0.410 seconds
[2026-05-10T10:56:07.254+0000] {processor.py:161} INFO - Started process (PID=434) to work on /home/airflow/.local/lib/python3.12/site-packages/airflow/example_dags/example_dag_decorator.py
[2026-05-10T10:56:07.255+0000] {processor.py:830} INFO - Processing file /home/airflow/.local/lib/python3.12/site-packages/airflow/example_dags/example_dag_decorator.py for tasks to queue
[2026-05-10T10:56:07.256+0000] {logging_mixin.py:188} INFO - [2026-05-10T10:56:07.256+0000] {dagbag.py:545} INFO - Filling up the DagBag from /home/airflow/.local/lib/python3.12/site-packages/airflow/example_dags/example_dag_decorator.py
[2026-05-10T10:56:07.348+0000] {processor.py:840} INFO - DAG(s) 'example_dag_decorator' retrieved from /home/airflow/.local/lib/python3.12/site-packages/airflow/example_dags/example_dag_decorator.py
[2026-05-10T10:56:07.450+0000] {logging_mixin.py:188} INFO - [2026-05-10T10:56:07.449+0000] {dag.py:3089} INFO - Sync 1 DAGs
[2026-05-10T10:56:07.467+0000] {logging_mixin.py:188} INFO - [2026-05-10T10:56:07.467+0000] {dag.py:3947} INFO - Setting next_dagrun for example_dag_decorator to None, run_after=None
[2026-05-10T10:56:07.492+0000] {processor.py:183} INFO - Processing /home/airflow/.local/lib/python3.12/site-packages/airflow/example_dags/example_dag_decorator.py took 0.245 seconds
[2026-05-10T11:56:07.664+0000] {processor.py:161} INFO - Started process (PID=65) to work on /home/airflow/.local/lib/python3.12/site-packages/airflow/example_dags/example_dag_decorator.py
[2026-05-10T11:56:07.665+0000] {processor.py:830} INFO - Processing file /home/airflow/.local/lib/python3.12/site-packages/airflow/example_dags/example_dag_decorator.py for tasks to queue
[2026-05-10T11:56:07.666+0000] {logging_mixin.py:188} INFO - [2026-05-10T11:56:07.666+0000] {dagbag.py:545} INFO - Filling up the DagBag from /home/airflow/.local/lib/python3.12/site-packages/airflow/example_dags/example_dag_decorator.py
[2026-05-10T11:56:07.986+0000] {processor.py:840} INFO - DAG(s) 'example_dag_decorator' retrieved from /home/airflow/.local/lib/python3.12/site-packages/airflow/example_dags/example_dag_decorator.py
[2026-05-10T11:56:07.999+0000] {logging_mixin.py:188} INFO - [2026-05-10T11:56:07.998+0000] {dag.py:3089} INFO - Sync 1 DAGs
[2026-05-10T11:56:08.010+0000] {logging_mixin.py:188} INFO - [2026-05-10T11:56:08.010+0000] {dag.py:3947} INFO - Setting next_dagrun for example_dag_decorator to None, run_after=None
[2026-05-10T11:56:08.026+0000] {processor.py:183} INFO - Processing /home/airflow/.local/lib/python3.12/site-packages/airflow/example_dags/example_dag_decorator.py took 0.368 seconds
[2026-05-10T11:56:38.236+0000] {processor.py:161} INFO - Started process (PID=125) to work on /home/airflow/.local/lib/python3.12/site-packages/airflow/example_dags/example_dag_decorator.py
[2026-05-10T11:56:38.237+0000] {processor.py:830} INFO - Processing file /home/airflow/.local/lib/python3.12/site-packages/airflow/example_dags/example_dag_decorator.py for tasks to queue
[2026-05-10T11:56:38.239+0000] {logging_mixin.py:188} INFO - [2026-05-10T11:56:38.239+0000] {dagbag.py:545} INFO - Filling up the DagBag from /home/airflow/.local/lib/python3.12/site-packages/airflow/example_dags/example_dag_decorator.py
[2026-05-10T11:56:38.329+0000] {processor.py:840} INFO - DAG(s) 'example_dag_decorator' retrieved from /home/airflow/.local/lib/python3.12/site-packages/airflow/example_dags/example_dag_decorator.py
[2026-05-10T11:56:38.413+0000] {logging_mixin.py:188} INFO - [2026-05-10T11:56:38.413+0000] {dag.py:3089} INFO - Sync 1 DAGs
[2026-05-10T11:56:38.423+0000] {logging_mixin.py:188} INFO - [2026-05-10T11:56:38.422+0000] {dag.py:3947} INFO - Setting next_dagrun for example_dag_decorator to None, run_after=None
[2026-05-10T11:56:38.437+0000] {processor.py:183} INFO - Processing /home/airflow/.local/lib/python3.12/site-packages/airflow/example_dags/example_dag_decorator.py took 0.206 seconds
[2026-05-10T11:57:09.108+0000] {processor.py:161} INFO - Started process (PID=185) to work on /home/airflow/.local/lib/python3.12/site-packages/airflow/example_dags/example_dag_decorator.py
[2026-05-10T11:57:09.109+0000] {processor.py:830} INFO - Processing file /home/airflow/.local/lib/python3.12/site-packages/airflow/example_dags/example_dag_decorator.py for tasks to queue
[2026-05-10T11:57:09.111+0000] {logging_mixin.py:188} INFO - [2026-05-10T11:57:09.110+0000] {dagbag.py:545} INFO - Filling up the DagBag from /home/airflow/.local/lib/python3.12/site-packages/airflow/example_dags/example_dag_decorator.py
[2026-05-10T11:57:09.200+0000] {processor.py:840} INFO - DAG(s) 'example_dag_decorator' retrieved from /home/airflow/.local/lib/python3.12/site-packages/airflow/example_dags/example_dag_decorator.py
[2026-05-10T11:57:09.281+0000] {logging_mixin.py:188} INFO - [2026-05-10T11:57:09.281+0000] {dag.py:3089} INFO - Sync 1 DAGs
[2026-05-10T11:57:09.289+0000] {logging_mixin.py:188} INFO - [2026-05-10T11:57:09.289+0000] {dag.py:3947} INFO - Setting next_dagrun for example_dag_decorator to None, run_after=None
[2026-05-10T11:57:09.304+0000] {processor.py:183} INFO - Processing /home/airflow/.local/lib/python3.12/site-packages/airflow/example_dags/example_dag_decorator.py took 0.201 seconds
[2026-05-10T11:57:40.241+0000] {processor.py:161} INFO - Started process (PID=245) to work on /home/airflow/.local/lib/python3.12/site-packages/airflow/example_dags/example_dag_decorator.py
[2026-05-10T11:57:40.242+0000] {processor.py:830} INFO - Processing file /home/airflow/.local/lib/python3.12/site-packages/airflow/example_dags/example_dag_decorator.py for tasks to queue
[2026-05-10T11:57:40.244+0000] {logging_mixin.py:188} INFO - [2026-05-10T11:57:40.244+0000] {dagbag.py:545} INFO - Filling up the DagBag from /home/airflow/.local/lib/python3.12/site-packages/airflow/example_dags/example_dag_decorator.py
[2026-05-10T11:57:40.347+0000] {processor.py:840} INFO - DAG(s) 'example_dag_decorator' retrieved from /home/airflow/.local/lib/python3.12/site-packages/airflow/example_dags/example_dag_decorator.py
[2026-05-10T11:57:40.435+0000] {logging_mixin.py:188} INFO - [2026-05-10T11:57:40.435+0000] {dag.py:3089} INFO - Sync 1 DAGs
[2026-05-10T11:57:40.444+0000] {logging_mixin.py:188} INFO - [2026-05-10T11:57:40.444+0000] {dag.py:3947} INFO - Setting next_dagrun for example_dag_decorator to None, run_after=None
[2026-05-10T11:57:40.459+0000] {processor.py:183} INFO - Processing /home/airflow/.local/lib/python3.12/site-packages/airflow/example_dags/example_dag_decorator.py took 0.226 seconds
[2026-05-10T11:58:11.289+0000] {processor.py:161} INFO - Started process (PID=305) to work on /home/airflow/.local/lib/python3.12/site-packages/airflow/example_dags/example_dag_decorator.py
[2026-05-10T11:58:11.290+0000] {processor.py:830} INFO - Processing file /home/airflow/.local/lib/python3.12/site-packages/airflow/example_dags/example_dag_decorator.py for tasks to queue
[2026-05-10T11:58:11.291+0000] {logging_mixin.py:188} INFO - [2026-05-10T11:58:11.291+0000] {dagbag.py:545} INFO - Filling up the DagBag from /home/airflow/.local/lib/python3.12/site-packages/airflow/example_dags/example_dag_decorator.py
[2026-05-10T11:58:11.369+0000] {processor.py:840} INFO - DAG(s) 'example_dag_decorator' retrieved from /home/airflow/.local/lib/python3.12/site-packages/airflow/example_dags/example_dag_decorator.py
[2026-05-10T11:58:11.455+0000] {logging_mixin.py:188} INFO - [2026-05-10T11:58:11.455+0000] {dag.py:3089} INFO - Sync 1 DAGs
[2026-05-10T11:58:11.463+0000] {logging_mixin.py:188} INFO - [2026-05-10T11:58:11.463+0000] {dag.py:3947} INFO - Setting next_dagrun for example_dag_decorator to None, run_after=None
[2026-05-10T11:58:11.478+0000] {processor.py:183} INFO - Processing /home/airflow/.local/lib/python3.12/site-packages/airflow/example_dags/example_dag_decorator.py took 0.195 seconds
[2026-05-10T11:58:42.434+0000] {processor.py:161} INFO - Started process (PID=365) to work on /home/airflow/.local/lib/python3.12/site-packages/airflow/example_dags/example_dag_decorator.py
[2026-05-10T11:58:42.435+0000] {processor.py:830} INFO - Processing file /home/airflow/.local/lib/python3.12/site-packages/airflow/example_dags/example_dag_decorator.py for tasks to queue
[2026-05-10T11:58:42.436+0000] {logging_mixin.py:188} INFO - [2026-05-10T11:58:42.436+0000] {dagbag.py:545} INFO - Filling up the DagBag from /home/airflow/.local/lib/python3.12/site-packages/airflow/example_dags/example_dag_decorator.py
[2026-05-10T11:58:42.517+0000] {processor.py:840} INFO - DAG(s) 'example_dag_decorator' retrieved from /home/airflow/.local/lib/python3.12/site-packages/airflow/example_dags/example_dag_decorator.py
[2026-05-10T11:58:42.752+0000] {logging_mixin.py:188} INFO - [2026-05-10T11:58:42.752+0000] {dag.py:3089} INFO - Sync 1 DAGs
[2026-05-10T11:58:42.761+0000] {logging_mixin.py:188} INFO - [2026-05-10T11:58:42.760+0000] {dag.py:3947} INFO - Setting next_dagrun for example_dag_decorator to None, run_after=None
[2026-05-10T11:58:42.776+0000] {processor.py:183} INFO - Processing /home/airflow/.local/lib/python3.12/site-packages/airflow/example_dags/example_dag_decorator.py took 0.350 seconds
[2026-05-10T11:59:13.653+0000] {processor.py:161} INFO - Started process (PID=425) to work on /home/airflow/.local/lib/python3.12/site-packages/airflow/example_dags/example_dag_decorator.py
[2026-05-10T11:59:13.653+0000] {processor.py:830} INFO - Processing file /home/airflow/.local/lib/python3.12/site-packages/airflow/example_dags/example_dag_decorator.py for tasks to queue
[2026-05-10T11:59:13.655+0000] {logging_mixin.py:188} INFO - [2026-05-10T11:59:13.655+0000] {dagbag.py:545} INFO - Filling up the DagBag from /home/airflow/.local/lib/python3.12/site-packages/airflow/example_dags/example_dag_decorator.py
[2026-05-10T11:59:13.733+0000] {processor.py:840} INFO - DAG(s) 'example_dag_decorator' retrieved from /home/airflow/.local/lib/python3.12/site-packages/airflow/example_dags/example_dag_decorator.py
[2026-05-10T11:59:13.819+0000] {logging_mixin.py:188} INFO - [2026-05-10T11:59:13.819+0000] {dag.py:3089} INFO - Sync 1 DAGs
[2026-05-10T11:59:13.984+0000] {logging_mixin.py:188} INFO - [2026-05-10T11:59:13.983+0000] {dag.py:3947} INFO - Setting next_dagrun for example_dag_decorator to None, run_after=None
[2026-05-10T11:59:13.997+0000] {processor.py:183} INFO - Processing /home/airflow/.local/lib/python3.12/site-packages/airflow/example_dags/example_dag_decorator.py took 0.349 seconds
[2026-05-10T11:59:44.128+0000] {processor.py:161} INFO - Started process (PID=484) to work on /home/airflow/.local/lib/python3.12/site-packages/airflow/example_dags/example_dag_decorator.py
[2026-05-10T11:59:44.129+0000] {processor.py:830} INFO - Processing file /home/airflow/.local/lib/python3.12/site-packages/airflow/example_dags/example_dag_decorator.py for tasks to queue
[2026-05-10T11:59:44.131+0000] {logging_mixin.py:188} INFO - [2026-05-10T11:59:44.130+0000] {dagbag.py:545} INFO - Filling up the DagBag from /home/airflow/.local/lib/python3.12/site-packages/airflow/example_dags/example_dag_decorator.py
[2026-05-10T11:59:44.239+0000] {processor.py:840} INFO - DAG(s) 'example_dag_decorator' retrieved from /home/airflow/.local/lib/python3.12/site-packages/airflow/example_dags/example_dag_decorator.py
[2026-05-10T11:59:44.338+0000] {logging_mixin.py:188} INFO - [2026-05-10T11:59:44.337+0000] {dag.py:3089} INFO - Sync 1 DAGs
[2026-05-10T11:59:44.348+0000] {logging_mixin.py:188} INFO - [2026-05-10T11:59:44.347+0000] {dag.py:3947} INFO - Setting next_dagrun for example_dag_decorator to None, run_after=None
[2026-05-10T11:59:44.544+0000] {processor.py:183} INFO - Processing /home/airflow/.local/lib/python3.12/site-packages/airflow/example_dags/example_dag_decorator.py took 0.423 seconds
[2026-05-10T12:00:15.075+0000] {processor.py:161} INFO - Started process (PID=545) to work on /home/airflow/.local/lib/python3.12/site-packages/airflow/example_dags/example_dag_decorator.py
[2026-05-10T12:00:15.075+0000] {processor.py:830} INFO - Processing file /home/airflow/.local/lib/python3.12/site-packages/airflow/example_dags/example_dag_decorator.py for tasks to queue
[2026-05-10T12:00:15.077+0000] {logging_mixin.py:188} INFO - [2026-05-10T12:00:15.077+0000] {dagbag.py:545} INFO - Filling up the DagBag from /home/airflow/.local/lib/python3.12/site-packages/airflow/example_dags/example_dag_decorator.py
[2026-05-10T12:00:15.158+0000] {processor.py:840} INFO - DAG(s) 'example_dag_decorator' retrieved from /home/airflow/.local/lib/python3.12/site-packages/airflow/example_dags/example_dag_decorator.py
[2026-05-10T12:00:15.237+0000] {logging_mixin.py:188} INFO - [2026-05-10T12:00:15.236+0000] {dag.py:3089} INFO - Sync 1 DAGs
[2026-05-10T12:00:15.245+0000] {logging_mixin.py:188} INFO - [2026-05-10T12:00:15.244+0000] {dag.py:3947} INFO - Setting next_dagrun for example_dag_decorator to None, run_after=None
[2026-05-10T12:00:15.260+0000] {processor.py:183} INFO - Processing /home/airflow/.local/lib/python3.12/site-packages/airflow/example_dags/example_dag_decorator.py took 0.190 seconds
[2026-05-10T12:00:45.680+0000] {processor.py:161} INFO - Started process (PID=605) to work on /home/airflow/.local/lib/python3.12/site-packages/airflow/example_dags/example_dag_decorator.py
[2026-05-10T12:00:45.680+0000] {processor.py:830} INFO - Processing file /home/airflow/.local/lib/python3.12/site-packages/airflow/example_dags/example_dag_decorator.py for tasks to queue
[2026-05-10T12:00:45.682+0000] {logging_mixin.py:188} INFO - [2026-05-10T12:00:45.682+0000] {dagbag.py:545} INFO - Filling up the DagBag from /home/airflow/.local/lib/python3.12/site-packages/airflow/example_dags/example_dag_decorator.py
[2026-05-10T12:00:45.762+0000] {processor.py:840} INFO - DAG(s) 'example_dag_decorator' retrieved from /home/airflow/.local/lib/python3.12/site-packages/airflow/example_dags/example_dag_decorator.py
[2026-05-10T12:00:46.003+0000] {logging_mixin.py:188} INFO - [2026-05-10T12:00:46.002+0000] {dag.py:3089} INFO - Sync 1 DAGs
[2026-05-10T12:00:46.010+0000] {logging_mixin.py:188} INFO - [2026-05-10T12:00:46.010+0000] {dag.py:3947} INFO - Setting next_dagrun for example_dag_decorator to None, run_after=None
[2026-05-10T12:00:46.024+0000] {processor.py:183} INFO - Processing /home/airflow/.local/lib/python3.12/site-packages/airflow/example_dags/example_dag_decorator.py took 0.350 seconds
[2026-05-10T12:01:16.923+0000] {processor.py:161} INFO - Started process (PID=665) to work on /home/airflow/.local/lib/python3.12/site-packages/airflow/example_dags/example_dag_decorator.py
[2026-05-10T12:01:16.924+0000] {processor.py:830} INFO - Processing file /home/airflow/.local/lib/python3.12/site-packages/airflow/example_dags/example_dag_decorator.py for tasks to queue
[2026-05-10T12:01:16.925+0000] {logging_mixin.py:188} INFO - [2026-05-10T12:01:16.925+0000] {dagbag.py:545} INFO - Filling up the DagBag from /home/airflow/.local/lib/python3.12/site-packages/airflow/example_dags/example_dag_decorator.py
[2026-05-10T12:01:17.002+0000] {processor.py:840} INFO - DAG(s) 'example_dag_decorator' retrieved from /home/airflow/.local/lib/python3.12/site-packages/airflow/example_dags/example_dag_decorator.py
[2026-05-10T12:01:17.291+0000] {logging_mixin.py:188} INFO - [2026-05-10T12:01:17.291+0000] {dag.py:3089} INFO - Sync 1 DAGs
[2026-05-10T12:01:17.299+0000] {logging_mixin.py:188} INFO - [2026-05-10T12:01:17.299+0000] {dag.py:3947} INFO - Setting next_dagrun for example_dag_decorator to None, run_after=None
[2026-05-10T12:01:17.314+0000] {processor.py:183} INFO - Processing /home/airflow/.local/lib/python3.12/site-packages/airflow/example_dags/example_dag_decorator.py took 0.396 seconds
[2026-05-10T12:01:47.401+0000] {processor.py:161} INFO - Started process (PID=724) to work on /home/airflow/.local/lib/python3.12/site-packages/airflow/example_dags/example_dag_decorator.py
[2026-05-10T12:01:47.402+0000] {processor.py:830} INFO - Processing file /home/airflow/.local/lib/python3.12/site-packages/airflow/example_dags/example_dag_decorator.py for tasks to queue
[2026-05-10T12:01:47.404+0000] {logging_mixin.py:188} INFO - [2026-05-10T12:01:47.404+0000] {dagbag.py:545} INFO - Filling up the DagBag from /home/airflow/.local/lib/python3.12/site-packages/airflow/example_dags/example_dag_decorator.py
[2026-05-10T12:01:47.481+0000] {processor.py:840} INFO - DAG(s) 'example_dag_decorator' retrieved from /home/airflow/.local/lib/python3.12/site-packages/airflow/example_dags/example_dag_decorator.py
[2026-05-10T12:01:47.704+0000] {logging_mixin.py:188} INFO - [2026-05-10T12:01:47.703+0000] {dag.py:3089} INFO - Sync 1 DAGs
[2026-05-10T12:01:47.710+0000] {logging_mixin.py:188} INFO - [2026-05-10T12:01:47.710+0000] {dag.py:3947} INFO - Setting next_dagrun for example_dag_decorator to None, run_after=None
[2026-05-10T12:01:47.721+0000] {processor.py:183} INFO - Processing /home/airflow/.local/lib/python3.12/site-packages/airflow/example_dags/example_dag_decorator.py took 0.326 seconds
[2026-05-10T12:02:18.617+0000] {processor.py:161} INFO - Started process (PID=785) to work on /home/airflow/.local/lib/python3.12/site-packages/airflow/example_dags/example_dag_decorator.py
[2026-05-10T12:02:18.618+0000] {processor.py:830} INFO - Processing file /home/airflow/.local/lib/python3.12/site-packages/airflow/example_dags/example_dag_decorator.py for tasks to queue
[2026-05-10T12:02:18.620+0000] {logging_mixin.py:188} INFO - [2026-05-10T12:02:18.620+0000] {dagbag.py:545} INFO - Filling up the DagBag from /home/airflow/.local/lib/python3.12/site-packages/airflow/example_dags/example_dag_decorator.py
[2026-05-10T12:02:18.712+0000] {processor.py:840} INFO - DAG(s) 'example_dag_decorator' retrieved from /home/airflow/.local/lib/python3.12/site-packages/airflow/example_dags/example_dag_decorator.py
[2026-05-10T12:02:18.968+0000] {logging_mixin.py:188} INFO - [2026-05-10T12:02:18.968+0000] {dag.py:3089} INFO - Sync 1 DAGs
[2026-05-10T12:02:18.976+0000] {logging_mixin.py:188} INFO - [2026-05-10T12:02:18.976+0000] {dag.py:3947} INFO - Setting next_dagrun for example_dag_decorator to None, run_after=None
[2026-05-10T12:02:18.991+0000] {processor.py:183} INFO - Processing /home/airflow/.local/lib/python3.12/site-packages/airflow/example_dags/example_dag_decorator.py took 0.381 seconds
[2026-05-10T12:03:54.633+0000] {processor.py:161} INFO - Started process (PID=65) to work on /home/airflow/.local/lib/python3.12/site-packages/airflow/example_dags/example_dag_decorator.py
[2026-05-10T12:03:54.634+0000] {processor.py:830} INFO - Processing file /home/airflow/.local/lib/python3.12/site-packages/airflow/example_dags/example_dag_decorator.py for tasks to queue
[2026-05-10T12:03:54.636+0000] {logging_mixin.py:188} INFO - [2026-05-10T12:03:54.635+0000] {dagbag.py:545} INFO - Filling up the DagBag from /home/airflow/.local/lib/python3.12/site-packages/airflow/example_dags/example_dag_decorator.py
[2026-05-10T12:03:54.947+0000] {processor.py:840} INFO - DAG(s) 'example_dag_decorator' retrieved from /home/airflow/.local/lib/python3.12/site-packages/airflow/example_dags/example_dag_decorator.py
[2026-05-10T12:03:54.959+0000] {logging_mixin.py:188} INFO - [2026-05-10T12:03:54.959+0000] {dag.py:3089} INFO - Sync 1 DAGs
[2026-05-10T12:03:54.970+0000] {logging_mixin.py:188} INFO - [2026-05-10T12:03:54.970+0000] {dag.py:3947} INFO - Setting next_dagrun for example_dag_decorator to None, run_after=None
[2026-05-10T12:03:54.987+0000] {processor.py:183} INFO - Processing /home/airflow/.local/lib/python3.12/site-packages/airflow/example_dags/example_dag_decorator.py took 0.361 seconds
[2026-05-10T12:04:25.405+0000] {processor.py:161} INFO - Started process (PID=126) to work on /home/airflow/.local/lib/python3.12/site-packages/airflow/example_dags/example_dag_decorator.py
[2026-05-10T12:04:25.406+0000] {processor.py:830} INFO - Processing file /home/airflow/.local/lib/python3.12/site-packages/airflow/example_dags/example_dag_decorator.py for tasks to queue
[2026-05-10T12:04:25.408+0000] {logging_mixin.py:188} INFO - [2026-05-10T12:04:25.408+0000] {dagbag.py:545} INFO - Filling up the DagBag from /home/airflow/.local/lib/python3.12/site-packages/airflow/example_dags/example_dag_decorator.py
[2026-05-10T12:04:25.504+0000] {processor.py:840} INFO - DAG(s) 'example_dag_decorator' retrieved from /home/airflow/.local/lib/python3.12/site-packages/airflow/example_dags/example_dag_decorator.py
[2026-05-10T12:04:25.593+0000] {logging_mixin.py:188} INFO - [2026-05-10T12:04:25.593+0000] {dag.py:3089} INFO - Sync 1 DAGs
[2026-05-10T12:04:25.601+0000] {logging_mixin.py:188} INFO - [2026-05-10T12:04:25.601+0000] {dag.py:3947} INFO - Setting next_dagrun for example_dag_decorator to None, run_after=None
[2026-05-10T12:04:25.615+0000] {processor.py:183} INFO - Processing /home/airflow/.local/lib/python3.12/site-packages/airflow/example_dags/example_dag_decorator.py took 0.222 seconds
[2026-05-10T12:04:56.076+0000] {processor.py:161} INFO - Started process (PID=186) to work on /home/airflow/.local/lib/python3.12/site-packages/airflow/example_dags/example_dag_decorator.py
[2026-05-10T12:04:56.077+0000] {processor.py:830} INFO - Processing file /home/airflow/.local/lib/python3.12/site-packages/airflow/example_dags/example_dag_decorator.py for tasks to queue
[2026-05-10T12:04:56.078+0000] {logging_mixin.py:188} INFO - [2026-05-10T12:04:56.078+0000] {dagbag.py:545} INFO - Filling up the DagBag from /home/airflow/.local/lib/python3.12/site-packages/airflow/example_dags/example_dag_decorator.py
[2026-05-10T12:04:56.171+0000] {processor.py:840} INFO - DAG(s) 'example_dag_decorator' retrieved from /home/airflow/.local/lib/python3.12/site-packages/airflow/example_dags/example_dag_decorator.py
[2026-05-10T12:04:56.261+0000] {logging_mixin.py:188} INFO - [2026-05-10T12:04:56.261+0000] {dag.py:3089} INFO - Sync 1 DAGs
[2026-05-10T12:04:56.272+0000] {logging_mixin.py:188} INFO - [2026-05-10T12:04:56.271+0000] {dag.py:3947} INFO - Setting next_dagrun for example_dag_decorator to None, run_after=None
[2026-05-10T12:04:56.288+0000] {processor.py:183} INFO - Processing /home/airflow/.local/lib/python3.12/site-packages/airflow/example_dags/example_dag_decorator.py took 0.217 seconds
[2026-05-10T12:05:26.715+0000] {processor.py:161} INFO - Started process (PID=245) to work on /home/airflow/.local/lib/python3.12/site-packages/airflow/example_dags/example_dag_decorator.py
[2026-05-10T12:05:26.716+0000] {processor.py:830} INFO - Processing file /home/airflow/.local/lib/python3.12/site-packages/airflow/example_dags/example_dag_decorator.py for tasks to queue
[2026-05-10T12:05:26.718+0000] {logging_mixin.py:188} INFO - [2026-05-10T12:05:26.718+0000] {dagbag.py:545} INFO - Filling up the DagBag from /home/airflow/.local/lib/python3.12/site-packages/airflow/example_dags/example_dag_decorator.py
[2026-05-10T12:05:26.823+0000] {processor.py:840} INFO - DAG(s) 'example_dag_decorator' retrieved from /home/airflow/.local/lib/python3.12/site-packages/airflow/example_dags/example_dag_decorator.py
[2026-05-10T12:05:26.929+0000] {logging_mixin.py:188} INFO - [2026-05-10T12:05:26.929+0000] {dag.py:3089} INFO - Sync 1 DAGs
[2026-05-10T12:05:26.938+0000] {logging_mixin.py:188} INFO - [2026-05-10T12:05:26.937+0000] {dag.py:3947} INFO - Setting next_dagrun for example_dag_decorator to None, run_after=None
[2026-05-10T12:05:26.959+0000] {processor.py:183} INFO - Processing /home/airflow/.local/lib/python3.12/site-packages/airflow/example_dags/example_dag_decorator.py took 0.251 seconds
[2026-05-10T12:05:57.522+0000] {processor.py:161} INFO - Started process (PID=305) to work on /home/airflow/.local/lib/python3.12/site-packages/airflow/example_dags/example_dag_decorator.py
[2026-05-10T12:05:57.523+0000] {processor.py:830} INFO - Processing file /home/airflow/.local/lib/python3.12/site-packages/airflow/example_dags/example_dag_decorator.py for tasks to queue
[2026-05-10T12:05:57.525+0000] {logging_mixin.py:188} INFO - [2026-05-10T12:05:57.525+0000] {dagbag.py:545} INFO - Filling up the DagBag from /home/airflow/.local/lib/python3.12/site-packages/airflow/example_dags/example_dag_decorator.py
[2026-05-10T12:05:57.631+0000] {processor.py:840} INFO - DAG(s) 'example_dag_decorator' retrieved from /home/airflow/.local/lib/python3.12/site-packages/airflow/example_dags/example_dag_decorator.py
[2026-05-10T12:05:57.723+0000] {logging_mixin.py:188} INFO - [2026-05-10T12:05:57.723+0000] {dag.py:3089} INFO - Sync 1 DAGs
[2026-05-10T12:05:57.731+0000] {logging_mixin.py:188} INFO - [2026-05-10T12:05:57.731+0000] {dag.py:3947} INFO - Setting next_dagrun for example_dag_decorator to None, run_after=None
[2026-05-10T12:05:57.747+0000] {processor.py:183} INFO - Processing /home/airflow/.local/lib/python3.12/site-packages/airflow/example_dags/example_dag_decorator.py took 0.233 seconds
[2026-05-10T12:06:28.300+0000] {processor.py:161} INFO - Started process (PID=365) to work on /home/airflow/.local/lib/python3.12/site-packages/airflow/example_dags/example_dag_decorator.py
[2026-05-10T12:06:28.301+0000] {processor.py:830} INFO - Processing file /home/airflow/.local/lib/python3.12/site-packages/airflow/example_dags/example_dag_decorator.py for tasks to queue
[2026-05-10T12:06:28.303+0000] {logging_mixin.py:188} INFO - [2026-05-10T12:06:28.303+0000] {dagbag.py:545} INFO - Filling up the DagBag from /home/airflow/.local/lib/python3.12/site-packages/airflow/example_dags/example_dag_decorator.py
[2026-05-10T12:06:28.426+0000] {processor.py:840} INFO - DAG(s) 'example_dag_decorator' retrieved from /home/airflow/.local/lib/python3.12/site-packages/airflow/example_dags/example_dag_decorator.py
[2026-05-10T12:06:28.456+0000] {logging_mixin.py:188} INFO - [2026-05-10T12:06:28.455+0000] {dag.py:3089} INFO - Sync 1 DAGs
[2026-05-10T12:06:28.469+0000] {logging_mixin.py:188} INFO - [2026-05-10T12:06:28.469+0000] {dag.py:3947} INFO - Setting next_dagrun for example_dag_decorator to None, run_after=None
[2026-05-10T12:06:28.489+0000] {processor.py:183} INFO - Processing /home/airflow/.local/lib/python3.12/site-packages/airflow/example_dags/example_dag_decorator.py took 0.196 seconds
[2026-05-10T12:06:58.627+0000] {processor.py:161} INFO - Started process (PID=425) to work on /home/airflow/.local/lib/python3.12/site-packages/airflow/example_dags/example_dag_decorator.py
[2026-05-10T12:06:58.629+0000] {processor.py:830} INFO - Processing file /home/airflow/.local/lib/python3.12/site-packages/airflow/example_dags/example_dag_decorator.py for tasks to queue
[2026-05-10T12:06:58.631+0000] {logging_mixin.py:188} INFO - [2026-05-10T12:06:58.630+0000] {dagbag.py:545} INFO - Filling up the DagBag from /home/airflow/.local/lib/python3.12/site-packages/airflow/example_dags/example_dag_decorator.py
[2026-05-10T12:06:58.718+0000] {processor.py:840} INFO - DAG(s) 'example_dag_decorator' retrieved from /home/airflow/.local/lib/python3.12/site-packages/airflow/example_dags/example_dag_decorator.py
[2026-05-10T12:06:58.794+0000] {logging_mixin.py:188} INFO - [2026-05-10T12:06:58.794+0000] {dag.py:3089} INFO - Sync 1 DAGs
[2026-05-10T12:06:58.955+0000] {logging_mixin.py:188} INFO - [2026-05-10T12:06:58.955+0000] {dag.py:3947} INFO - Setting next_dagrun for example_dag_decorator to None, run_after=None
[2026-05-10T12:06:58.968+0000] {processor.py:183} INFO - Processing /home/airflow/.local/lib/python3.12/site-packages/airflow/example_dags/example_dag_decorator.py took 0.347 seconds
[2026-05-10T12:07:29.714+0000] {processor.py:161} INFO - Started process (PID=485) to work on /home/airflow/.local/lib/python3.12/site-packages/airflow/example_dags/example_dag_decorator.py
[2026-05-10T12:07:29.715+0000] {processor.py:830} INFO - Processing file /home/airflow/.local/lib/python3.12/site-packages/airflow/example_dags/example_dag_decorator.py for tasks to queue
[2026-05-10T12:07:29.717+0000] {logging_mixin.py:188} INFO - [2026-05-10T12:07:29.717+0000] {dagbag.py:545} INFO - Filling up the DagBag from /home/airflow/.local/lib/python3.12/site-packages/airflow/example_dags/example_dag_decorator.py
[2026-05-10T12:07:29.828+0000] {processor.py:840} INFO - DAG(s) 'example_dag_decorator' retrieved from /home/airflow/.local/lib/python3.12/site-packages/airflow/example_dags/example_dag_decorator.py
[2026-05-10T12:07:29.933+0000] {logging_mixin.py:188} INFO - [2026-05-10T12:07:29.932+0000] {dag.py:3089} INFO - Sync 1 DAGs
[2026-05-10T12:07:29.943+0000] {logging_mixin.py:188} INFO - [2026-05-10T12:07:29.943+0000] {dag.py:3947} INFO - Setting next_dagrun for example_dag_decorator to None, run_after=None
[2026-05-10T12:07:30.138+0000] {processor.py:183} INFO - Processing /home/airflow/.local/lib/python3.12/site-packages/airflow/example_dags/example_dag_decorator.py took 0.431 seconds
[2026-05-10T12:08:00.991+0000] {processor.py:161} INFO - Started process (PID=545) to work on /home/airflow/.local/lib/python3.12/site-packages/airflow/example_dags/example_dag_decorator.py
[2026-05-10T12:08:00.991+0000] {processor.py:830} INFO - Processing file /home/airflow/.local/lib/python3.12/site-packages/airflow/example_dags/example_dag_decorator.py for tasks to queue
[2026-05-10T12:08:00.993+0000] {logging_mixin.py:188} INFO - [2026-05-10T12:08:00.993+0000] {dagbag.py:545} INFO - Filling up the DagBag from /home/airflow/.local/lib/python3.12/site-packages/airflow/example_dags/example_dag_decorator.py
[2026-05-10T12:08:01.083+0000] {processor.py:840} INFO - DAG(s) 'example_dag_decorator' retrieved from /home/airflow/.local/lib/python3.12/site-packages/airflow/example_dags/example_dag_decorator.py
[2026-05-10T12:08:01.162+0000] {logging_mixin.py:188} INFO - [2026-05-10T12:08:01.161+0000] {dag.py:3089} INFO - Sync 1 DAGs
[2026-05-10T12:08:01.170+0000] {logging_mixin.py:188} INFO - [2026-05-10T12:08:01.169+0000] {dag.py:3947} INFO - Setting next_dagrun for example_dag_decorator to None, run_after=None
[2026-05-10T12:08:01.183+0000] {processor.py:183} INFO - Processing /home/airflow/.local/lib/python3.12/site-packages/airflow/example_dags/example_dag_decorator.py took 0.199 seconds
[2026-05-10T12:08:31.235+0000] {processor.py:161} INFO - Started process (PID=604) to work on /home/airflow/.local/lib/python3.12/site-packages/airflow/example_dags/example_dag_decorator.py
[2026-05-10T12:08:31.236+0000] {processor.py:830} INFO - Processing file /home/airflow/.local/lib/python3.12/site-packages/airflow/example_dags/example_dag_decorator.py for tasks to queue
[2026-05-10T12:08:31.238+0000] {logging_mixin.py:188} INFO - [2026-05-10T12:08:31.238+0000] {dagbag.py:545} INFO - Filling up the DagBag from /home/airflow/.local/lib/python3.12/site-packages/airflow/example_dags/example_dag_decorator.py
[2026-05-10T12:08:31.330+0000] {processor.py:840} INFO - DAG(s) 'example_dag_decorator' retrieved from /home/airflow/.local/lib/python3.12/site-packages/airflow/example_dags/example_dag_decorator.py
[2026-05-10T12:08:31.573+0000] {logging_mixin.py:188} INFO - [2026-05-10T12:08:31.573+0000] {dag.py:3089} INFO - Sync 1 DAGs
[2026-05-10T12:08:31.581+0000] {logging_mixin.py:188} INFO - [2026-05-10T12:08:31.581+0000] {dag.py:3947} INFO - Setting next_dagrun for example_dag_decorator to None, run_after=None
[2026-05-10T12:08:31.598+0000] {processor.py:183} INFO - Processing /home/airflow/.local/lib/python3.12/site-packages/airflow/example_dags/example_dag_decorator.py took 0.370 seconds
[2026-05-10T12:09:02.269+0000] {processor.py:161} INFO - Started process (PID=665) to work on /home/airflow/.local/lib/python3.12/site-packages/airflow/example_dags/example_dag_decorator.py
[2026-05-10T12:09:02.269+0000] {processor.py:830} INFO - Processing file /home/airflow/.local/lib/python3.12/site-packages/airflow/example_dags/example_dag_decorator.py for tasks to queue
[2026-05-10T12:09:02.271+0000] {logging_mixin.py:188} INFO - [2026-05-10T12:09:02.271+0000] {dagbag.py:545} INFO - Filling up the DagBag from /home/airflow/.local/lib/python3.12/site-packages/airflow/example_dags/example_dag_decorator.py
[2026-05-10T12:09:02.348+0000] {processor.py:840} INFO - DAG(s) 'example_dag_decorator' retrieved from /home/airflow/.local/lib/python3.12/site-packages/airflow/example_dags/example_dag_decorator.py
[2026-05-10T12:09:02.615+0000] {logging_mixin.py:188} INFO - [2026-05-10T12:09:02.614+0000] {dag.py:3089} INFO - Sync 1 DAGs
[2026-05-10T12:09:02.623+0000] {logging_mixin.py:188} INFO - [2026-05-10T12:09:02.623+0000] {dag.py:3947} INFO - Setting next_dagrun for example_dag_decorator to None, run_after=None
[2026-05-10T12:09:02.639+0000] {processor.py:183} INFO - Processing /home/airflow/.local/lib/python3.12/site-packages/airflow/example_dags/example_dag_decorator.py took 0.377 seconds
[2026-05-10T12:09:33.577+0000] {processor.py:161} INFO - Started process (PID=725) to work on /home/airflow/.local/lib/python3.12/site-packages/airflow/example_dags/example_dag_decorator.py
[2026-05-10T12:09:33.578+0000] {processor.py:830} INFO - Processing file /home/airflow/.local/lib/python3.12/site-packages/airflow/example_dags/example_dag_decorator.py for tasks to queue
[2026-05-10T12:09:33.580+0000] {logging_mixin.py:188} INFO - [2026-05-10T12:09:33.580+0000] {dagbag.py:545} INFO - Filling up the DagBag from /home/airflow/.local/lib/python3.12/site-packages/airflow/example_dags/example_dag_decorator.py
[2026-05-10T12:09:33.656+0000] {processor.py:840} INFO - DAG(s) 'example_dag_decorator' retrieved from /home/airflow/.local/lib/python3.12/site-packages/airflow/example_dags/example_dag_decorator.py
[2026-05-10T12:09:33.880+0000] {logging_mixin.py:188} INFO - [2026-05-10T12:09:33.880+0000] {dag.py:3089} INFO - Sync 1 DAGs
[2026-05-10T12:09:33.888+0000] {logging_mixin.py:188} INFO - [2026-05-10T12:09:33.887+0000] {dag.py:3947} INFO - Setting next_dagrun for example_dag_decorator to None, run_after=None
[2026-05-10T12:09:33.901+0000] {processor.py:183} INFO - Processing /home/airflow/.local/lib/python3.12/site-packages/airflow/example_dags/example_dag_decorator.py took 0.330 seconds
[2026-05-10T12:10:04.706+0000] {processor.py:161} INFO - Started process (PID=785) to work on /home/airflow/.local/lib/python3.12/site-packages/airflow/example_dags/example_dag_decorator.py
[2026-05-10T12:10:04.708+0000] {processor.py:830} INFO - Processing file /home/airflow/.local/lib/python3.12/site-packages/airflow/example_dags/example_dag_decorator.py for tasks to queue
[2026-05-10T12:10:04.710+0000] {logging_mixin.py:188} INFO - [2026-05-10T12:10:04.709+0000] {dagbag.py:545} INFO - Filling up the DagBag from /home/airflow/.local/lib/python3.12/site-packages/airflow/example_dags/example_dag_decorator.py
[2026-05-10T12:10:04.814+0000] {processor.py:840} INFO - DAG(s) 'example_dag_decorator' retrieved from /home/airflow/.local/lib/python3.12/site-packages/airflow/example_dags/example_dag_decorator.py
[2026-05-10T12:10:05.051+0000] {logging_mixin.py:188} INFO - [2026-05-10T12:10:05.050+0000] {dag.py:3089} INFO - Sync 1 DAGs
[2026-05-10T12:10:05.058+0000] {logging_mixin.py:188} INFO - [2026-05-10T12:10:05.058+0000] {dag.py:3947} INFO - Setting next_dagrun for example_dag_decorator to None, run_after=None
[2026-05-10T12:10:05.072+0000] {processor.py:183} INFO - Processing /home/airflow/.local/lib/python3.12/site-packages/airflow/example_dags/example_dag_decorator.py took 0.373 seconds
[2026-05-10T12:10:35.936+0000] {processor.py:161} INFO - Started process (PID=845) to work on /home/airflow/.local/lib/python3.12/site-packages/airflow/example_dags/example_dag_decorator.py
[2026-05-10T12:10:35.936+0000] {processor.py:830} INFO - Processing file /home/airflow/.local/lib/python3.12/site-packages/airflow/example_dags/example_dag_decorator.py for tasks to queue
[2026-05-10T12:10:35.938+0000] {logging_mixin.py:188} INFO - [2026-05-10T12:10:35.938+0000] {dagbag.py:545} INFO - Filling up the DagBag from /home/airflow/.local/lib/python3.12/site-packages/airflow/example_dags/example_dag_decorator.py
[2026-05-10T12:10:36.013+0000] {processor.py:840} INFO - DAG(s) 'example_dag_decorator' retrieved from /home/airflow/.local/lib/python3.12/site-packages/airflow/example_dags/example_dag_decorator.py
[2026-05-10T12:10:36.254+0000] {logging_mixin.py:188} INFO - [2026-05-10T12:10:36.254+0000] {dag.py:3089} INFO - Sync 1 DAGs
[2026-05-10T12:10:36.262+0000] {logging_mixin.py:188} INFO - [2026-05-10T12:10:36.262+0000] {dag.py:3947} INFO - Setting next_dagrun for example_dag_decorator to None, run_after=None
[2026-05-10T12:10:36.275+0000] {processor.py:183} INFO - Processing /home/airflow/.local/lib/python3.12/site-packages/airflow/example_dags/example_dag_decorator.py took 0.344 seconds
[2026-05-10T12:11:07.094+0000] {processor.py:161} INFO - Started process (PID=905) to work on /home/airflow/.local/lib/python3.12/site-packages/airflow/example_dags/example_dag_decorator.py
[2026-05-10T12:11:07.095+0000] {processor.py:830} INFO - Processing file /home/airflow/.local/lib/python3.12/site-packages/airflow/example_dags/example_dag_decorator.py for tasks to queue
[2026-05-10T12:11:07.097+0000] {logging_mixin.py:188} INFO - [2026-05-10T12:11:07.097+0000] {dagbag.py:545} INFO - Filling up the DagBag from /home/airflow/.local/lib/python3.12/site-packages/airflow/example_dags/example_dag_decorator.py
[2026-05-10T12:11:07.182+0000] {processor.py:840} INFO - DAG(s) 'example_dag_decorator' retrieved from /home/airflow/.local/lib/python3.12/site-packages/airflow/example_dags/example_dag_decorator.py
[2026-05-10T12:11:07.430+0000] {logging_mixin.py:188} INFO - [2026-05-10T12:11:07.430+0000] {dag.py:3089} INFO - Sync 1 DAGs
[2026-05-10T12:11:07.438+0000] {logging_mixin.py:188} INFO - [2026-05-10T12:11:07.437+0000] {dag.py:3947} INFO - Setting next_dagrun for example_dag_decorator to None, run_after=None
[2026-05-10T12:11:07.451+0000] {processor.py:183} INFO - Processing /home/airflow/.local/lib/python3.12/site-packages/airflow/example_dags/example_dag_decorator.py took 0.362 seconds
[2026-05-10T12:11:38.223+0000] {processor.py:161} INFO - Started process (PID=965) to work on /home/airflow/.local/lib/python3.12/site-packages/airflow/example_dags/example_dag_decorator.py
[2026-05-10T12:11:38.224+0000] {processor.py:830} INFO - Processing file /home/airflow/.local/lib/python3.12/site-packages/airflow/example_dags/example_dag_decorator.py for tasks to queue
[2026-05-10T12:11:38.225+0000] {logging_mixin.py:188} INFO - [2026-05-10T12:11:38.225+0000] {dagbag.py:545} INFO - Filling up the DagBag from /home/airflow/.local/lib/python3.12/site-packages/airflow/example_dags/example_dag_decorator.py
[2026-05-10T12:11:38.304+0000] {processor.py:840} INFO - DAG(s) 'example_dag_decorator' retrieved from /home/airflow/.local/lib/python3.12/site-packages/airflow/example_dags/example_dag_decorator.py
[2026-05-10T12:11:38.537+0000] {logging_mixin.py:188} INFO - [2026-05-10T12:11:38.537+0000] {dag.py:3089} INFO - Sync 1 DAGs
[2026-05-10T12:11:38.544+0000] {logging_mixin.py:188} INFO - [2026-05-10T12:11:38.544+0000] {dag.py:3947} INFO - Setting next_dagrun for example_dag_decorator to None, run_after=None
[2026-05-10T12:11:38.558+0000] {processor.py:183} INFO - Processing /home/airflow/.local/lib/python3.12/site-packages/airflow/example_dags/example_dag_decorator.py took 0.340 seconds
[2026-05-10T12:12:09.403+0000] {processor.py:161} INFO - Started process (PID=1025) to work on /home/airflow/.local/lib/python3.12/site-packages/airflow/example_dags/example_dag_decorator.py
[2026-05-10T12:12:09.404+0000] {processor.py:830} INFO - Processing file /home/airflow/.local/lib/python3.12/site-packages/airflow/example_dags/example_dag_decorator.py for tasks to queue
[2026-05-10T12:12:09.406+0000] {logging_mixin.py:188} INFO - [2026-05-10T12:12:09.405+0000] {dagbag.py:545} INFO - Filling up the DagBag from /home/airflow/.local/lib/python3.12/site-packages/airflow/example_dags/example_dag_decorator.py
[2026-05-10T12:12:09.485+0000] {processor.py:840} INFO - DAG(s) 'example_dag_decorator' retrieved from /home/airflow/.local/lib/python3.12/site-packages/airflow/example_dags/example_dag_decorator.py
[2026-05-10T12:12:09.715+0000] {logging_mixin.py:188} INFO - [2026-05-10T12:12:09.715+0000] {dag.py:3089} INFO - Sync 1 DAGs
[2026-05-10T12:12:09.723+0000] {logging_mixin.py:188} INFO - [2026-05-10T12:12:09.723+0000] {dag.py:3947} INFO - Setting next_dagrun for example_dag_decorator to None, run_after=None
[2026-05-10T12:12:09.735+0000] {processor.py:183} INFO - Processing /home/airflow/.local/lib/python3.12/site-packages/airflow/example_dags/example_dag_decorator.py took 0.337 seconds
[2026-05-10T12:12:40.579+0000] {processor.py:161} INFO - Started process (PID=1085) to work on /home/airflow/.local/lib/python3.12/site-packages/airflow/example_dags/example_dag_decorator.py
[2026-05-10T12:12:40.579+0000] {processor.py:830} INFO - Processing file /home/airflow/.local/lib/python3.12/site-packages/airflow/example_dags/example_dag_decorator.py for tasks to queue
[2026-05-10T12:12:40.581+0000] {logging_mixin.py:188} INFO - [2026-05-10T12:12:40.581+0000] {dagbag.py:545} INFO - Filling up the DagBag from /home/airflow/.local/lib/python3.12/site-packages/airflow/example_dags/example_dag_decorator.py
[2026-05-10T12:12:40.824+0000] {processor.py:840} INFO - DAG(s) 'example_dag_decorator' retrieved from /home/airflow/.local/lib/python3.12/site-packages/airflow/example_dags/example_dag_decorator.py
[2026-05-10T12:12:40.903+0000] {logging_mixin.py:188} INFO - [2026-05-10T12:12:40.902+0000] {dag.py:3089} INFO - Sync 1 DAGs
[2026-05-10T12:12:40.910+0000] {logging_mixin.py:188} INFO - [2026-05-10T12:12:40.910+0000] {dag.py:3947} INFO - Setting next_dagrun for example_dag_decorator to None, run_after=None
[2026-05-10T12:12:40.924+0000] {processor.py:183} INFO - Processing /home/airflow/.local/lib/python3.12/site-packages/airflow/example_dags/example_dag_decorator.py took 0.354 seconds
[2026-05-10T12:13:11.006+0000] {processor.py:161} INFO - Started process (PID=1144) to work on /home/airflow/.local/lib/python3.12/site-packages/airflow/example_dags/example_dag_decorator.py
[2026-05-10T12:13:11.008+0000] {processor.py:830} INFO - Processing file /home/airflow/.local/lib/python3.12/site-packages/airflow/example_dags/example_dag_decorator.py for tasks to queue
[2026-05-10T12:13:11.009+0000] {logging_mixin.py:188} INFO - [2026-05-10T12:13:11.009+0000] {dagbag.py:545} INFO - Filling up the DagBag from /home/airflow/.local/lib/python3.12/site-packages/airflow/example_dags/example_dag_decorator.py
[2026-05-10T12:13:11.249+0000] {processor.py:840} INFO - DAG(s) 'example_dag_decorator' retrieved from /home/airflow/.local/lib/python3.12/site-packages/airflow/example_dags/example_dag_decorator.py
[2026-05-10T12:13:11.320+0000] {logging_mixin.py:188} INFO - [2026-05-10T12:13:11.320+0000] {dag.py:3089} INFO - Sync 1 DAGs
[2026-05-10T12:13:11.328+0000] {logging_mixin.py:188} INFO - [2026-05-10T12:13:11.327+0000] {dag.py:3947} INFO - Setting next_dagrun for example_dag_decorator to None, run_after=None
[2026-05-10T12:13:11.340+0000] {processor.py:183} INFO - Processing /home/airflow/.local/lib/python3.12/site-packages/airflow/example_dags/example_dag_decorator.py took 0.340 seconds
[2026-05-10T12:13:41.466+0000] {processor.py:161} INFO - Started process (PID=1204) to work on /home/airflow/.local/lib/python3.12/site-packages/airflow/example_dags/example_dag_decorator.py
[2026-05-10T12:13:41.468+0000] {processor.py:830} INFO - Processing file /home/airflow/.local/lib/python3.12/site-packages/airflow/example_dags/example_dag_decorator.py for tasks to queue
[2026-05-10T12:13:41.470+0000] {logging_mixin.py:188} INFO - [2026-05-10T12:13:41.470+0000] {dagbag.py:545} INFO - Filling up the DagBag from /home/airflow/.local/lib/python3.12/site-packages/airflow/example_dags/example_dag_decorator.py
[2026-05-10T12:13:41.719+0000] {processor.py:840} INFO - DAG(s) 'example_dag_decorator' retrieved from /home/airflow/.local/lib/python3.12/site-packages/airflow/example_dags/example_dag_decorator.py
[2026-05-10T12:13:41.795+0000] {logging_mixin.py:188} INFO - [2026-05-10T12:13:41.795+0000] {dag.py:3089} INFO - Sync 1 DAGs
[2026-05-10T12:13:41.803+0000] {logging_mixin.py:188} INFO - [2026-05-10T12:13:41.803+0000] {dag.py:3947} INFO - Setting next_dagrun for example_dag_decorator to None, run_after=None
[2026-05-10T12:13:41.817+0000] {processor.py:183} INFO - Processing /home/airflow/.local/lib/python3.12/site-packages/airflow/example_dags/example_dag_decorator.py took 0.357 seconds
[2026-05-10T12:15:54.539+0000] {processor.py:161} INFO - Started process (PID=65) to work on /home/airflow/.local/lib/python3.12/site-packages/airflow/example_dags/example_dag_decorator.py
[2026-05-10T12:15:54.540+0000] {processor.py:830} INFO - Processing file /home/airflow/.local/lib/python3.12/site-packages/airflow/example_dags/example_dag_decorator.py for tasks to queue
[2026-05-10T12:15:54.542+0000] {logging_mixin.py:188} INFO - [2026-05-10T12:15:54.541+0000] {dagbag.py:545} INFO - Filling up the DagBag from /home/airflow/.local/lib/python3.12/site-packages/airflow/example_dags/example_dag_decorator.py
[2026-05-10T12:15:54.888+0000] {processor.py:840} INFO - DAG(s) 'example_dag_decorator' retrieved from /home/airflow/.local/lib/python3.12/site-packages/airflow/example_dags/example_dag_decorator.py
[2026-05-10T12:15:54.899+0000] {logging_mixin.py:188} INFO - [2026-05-10T12:15:54.899+0000] {dag.py:3089} INFO - Sync 1 DAGs
[2026-05-10T12:15:54.910+0000] {logging_mixin.py:188} INFO - [2026-05-10T12:15:54.910+0000] {dag.py:3947} INFO - Setting next_dagrun for example_dag_decorator to None, run_after=None
[2026-05-10T12:15:54.927+0000] {processor.py:183} INFO - Processing /home/airflow/.local/lib/python3.12/site-packages/airflow/example_dags/example_dag_decorator.py took 0.394 seconds
[2026-05-10T12:16:26.222+0000] {processor.py:161} INFO - Started process (PID=127) to work on /home/airflow/.local/lib/python3.12/site-packages/airflow/example_dags/example_dag_decorator.py
[2026-05-10T12:16:26.223+0000] {processor.py:830} INFO - Processing file /home/airflow/.local/lib/python3.12/site-packages/airflow/example_dags/example_dag_decorator.py for tasks to queue
[2026-05-10T12:16:26.226+0000] {logging_mixin.py:188} INFO - [2026-05-10T12:16:26.225+0000] {dagbag.py:545} INFO - Filling up the DagBag from /home/airflow/.local/lib/python3.12/site-packages/airflow/example_dags/example_dag_decorator.py
[2026-05-10T12:16:26.361+0000] {processor.py:840} INFO - DAG(s) 'example_dag_decorator' retrieved from /home/airflow/.local/lib/python3.12/site-packages/airflow/example_dags/example_dag_decorator.py
[2026-05-10T12:16:26.482+0000] {logging_mixin.py:188} INFO - [2026-05-10T12:16:26.482+0000] {dag.py:3089} INFO - Sync 1 DAGs
[2026-05-10T12:16:26.495+0000] {logging_mixin.py:188} INFO - [2026-05-10T12:16:26.494+0000] {dag.py:3947} INFO - Setting next_dagrun for example_dag_decorator to None, run_after=None
[2026-05-10T12:16:26.518+0000] {processor.py:183} INFO - Processing /home/airflow/.local/lib/python3.12/site-packages/airflow/example_dags/example_dag_decorator.py took 0.305 seconds
[2026-05-10T12:16:56.564+0000] {processor.py:161} INFO - Started process (PID=187) to work on /home/airflow/.local/lib/python3.12/site-packages/airflow/example_dags/example_dag_decorator.py
[2026-05-10T12:16:56.565+0000] {processor.py:830} INFO - Processing file /home/airflow/.local/lib/python3.12/site-packages/airflow/example_dags/example_dag_decorator.py for tasks to queue
[2026-05-10T12:16:56.566+0000] {logging_mixin.py:188} INFO - [2026-05-10T12:16:56.566+0000] {dagbag.py:545} INFO - Filling up the DagBag from /home/airflow/.local/lib/python3.12/site-packages/airflow/example_dags/example_dag_decorator.py
[2026-05-10T12:16:56.648+0000] {processor.py:840} INFO - DAG(s) 'example_dag_decorator' retrieved from /home/airflow/.local/lib/python3.12/site-packages/airflow/example_dags/example_dag_decorator.py
[2026-05-10T12:16:56.726+0000] {logging_mixin.py:188} INFO - [2026-05-10T12:16:56.726+0000] {dag.py:3089} INFO - Sync 1 DAGs
[2026-05-10T12:16:56.733+0000] {logging_mixin.py:188} INFO - [2026-05-10T12:16:56.733+0000] {dag.py:3947} INFO - Setting next_dagrun for example_dag_decorator to None, run_after=None
[2026-05-10T12:16:56.747+0000] {processor.py:183} INFO - Processing /home/airflow/.local/lib/python3.12/site-packages/airflow/example_dags/example_dag_decorator.py took 0.189 seconds
[2026-05-10T12:17:26.920+0000] {processor.py:161} INFO - Started process (PID=245) to work on /home/airflow/.local/lib/python3.12/site-packages/airflow/example_dags/example_dag_decorator.py
[2026-05-10T12:17:26.921+0000] {processor.py:830} INFO - Processing file /home/airflow/.local/lib/python3.12/site-packages/airflow/example_dags/example_dag_decorator.py for tasks to queue
[2026-05-10T12:17:26.923+0000] {logging_mixin.py:188} INFO - [2026-05-10T12:17:26.923+0000] {dagbag.py:545} INFO - Filling up the DagBag from /home/airflow/.local/lib/python3.12/site-packages/airflow/example_dags/example_dag_decorator.py
[2026-05-10T12:17:27.006+0000] {processor.py:840} INFO - DAG(s) 'example_dag_decorator' retrieved from /home/airflow/.local/lib/python3.12/site-packages/airflow/example_dags/example_dag_decorator.py
[2026-05-10T12:17:27.090+0000] {logging_mixin.py:188} INFO - [2026-05-10T12:17:27.090+0000] {dag.py:3089} INFO - Sync 1 DAGs
[2026-05-10T12:17:27.098+0000] {logging_mixin.py:188} INFO - [2026-05-10T12:17:27.097+0000] {dag.py:3947} INFO - Setting next_dagrun for example_dag_decorator to None, run_after=None
[2026-05-10T12:17:27.110+0000] {processor.py:183} INFO - Processing /home/airflow/.local/lib/python3.12/site-packages/airflow/example_dags/example_dag_decorator.py took 0.197 seconds
[2026-05-10T12:17:57.941+0000] {processor.py:161} INFO - Started process (PID=305) to work on /home/airflow/.local/lib/python3.12/site-packages/airflow/example_dags/example_dag_decorator.py
[2026-05-10T12:17:57.942+0000] {processor.py:830} INFO - Processing file /home/airflow/.local/lib/python3.12/site-packages/airflow/example_dags/example_dag_decorator.py for tasks to queue
[2026-05-10T12:17:57.944+0000] {logging_mixin.py:188} INFO - [2026-05-10T12:17:57.944+0000] {dagbag.py:545} INFO - Filling up the DagBag from /home/airflow/.local/lib/python3.12/site-packages/airflow/example_dags/example_dag_decorator.py
[2026-05-10T12:17:58.029+0000] {processor.py:840} INFO - DAG(s) 'example_dag_decorator' retrieved from /home/airflow/.local/lib/python3.12/site-packages/airflow/example_dags/example_dag_decorator.py
[2026-05-10T12:17:58.100+0000] {logging_mixin.py:188} INFO - [2026-05-10T12:17:58.100+0000] {dag.py:3089} INFO - Sync 1 DAGs
[2026-05-10T12:17:58.107+0000] {logging_mixin.py:188} INFO - [2026-05-10T12:17:58.107+0000] {dag.py:3947} INFO - Setting next_dagrun for example_dag_decorator to None, run_after=None
[2026-05-10T12:17:58.118+0000] {processor.py:183} INFO - Processing /home/airflow/.local/lib/python3.12/site-packages/airflow/example_dags/example_dag_decorator.py took 0.182 seconds
[2026-05-10T12:18:28.233+0000] {processor.py:161} INFO - Started process (PID=371) to work on /home/airflow/.local/lib/python3.12/site-packages/airflow/example_dags/example_dag_decorator.py
[2026-05-10T12:18:28.234+0000] {processor.py:830} INFO - Processing file /home/airflow/.local/lib/python3.12/site-packages/airflow/example_dags/example_dag_decorator.py for tasks to queue
[2026-05-10T12:18:28.235+0000] {logging_mixin.py:188} INFO - [2026-05-10T12:18:28.235+0000] {dagbag.py:545} INFO - Filling up the DagBag from /home/airflow/.local/lib/python3.12/site-packages/airflow/example_dags/example_dag_decorator.py
[2026-05-10T12:18:28.325+0000] {processor.py:840} INFO - DAG(s) 'example_dag_decorator' retrieved from /home/airflow/.local/lib/python3.12/site-packages/airflow/example_dags/example_dag_decorator.py
[2026-05-10T12:18:28.557+0000] {logging_mixin.py:188} INFO - [2026-05-10T12:18:28.557+0000] {dag.py:3089} INFO - Sync 1 DAGs
[2026-05-10T12:18:28.564+0000] {logging_mixin.py:188} INFO - [2026-05-10T12:18:28.564+0000] {dag.py:3947} INFO - Setting next_dagrun for example_dag_decorator to None, run_after=None
[2026-05-10T12:18:28.577+0000] {processor.py:183} INFO - Processing /home/airflow/.local/lib/python3.12/site-packages/airflow/example_dags/example_dag_decorator.py took 0.351 seconds
[2026-05-10T12:18:58.641+0000] {processor.py:161} INFO - Started process (PID=432) to work on /home/airflow/.local/lib/python3.12/site-packages/airflow/example_dags/example_dag_decorator.py
[2026-05-10T12:18:58.641+0000] {processor.py:830} INFO - Processing file /home/airflow/.local/lib/python3.12/site-packages/airflow/example_dags/example_dag_decorator.py for tasks to queue
[2026-05-10T12:18:58.643+0000] {logging_mixin.py:188} INFO - [2026-05-10T12:18:58.643+0000] {dagbag.py:545} INFO - Filling up the DagBag from /home/airflow/.local/lib/python3.12/site-packages/airflow/example_dags/example_dag_decorator.py
[2026-05-10T12:18:58.731+0000] {processor.py:840} INFO - DAG(s) 'example_dag_decorator' retrieved from /home/airflow/.local/lib/python3.12/site-packages/airflow/example_dags/example_dag_decorator.py
[2026-05-10T12:18:58.816+0000] {logging_mixin.py:188} INFO - [2026-05-10T12:18:58.815+0000] {dag.py:3089} INFO - Sync 1 DAGs
[2026-05-10T12:18:58.977+0000] {logging_mixin.py:188} INFO - [2026-05-10T12:18:58.977+0000] {dag.py:3947} INFO - Setting next_dagrun for example_dag_decorator to None, run_after=None
[2026-05-10T12:18:58.992+0000] {processor.py:183} INFO - Processing /home/airflow/.local/lib/python3.12/site-packages/airflow/example_dags/example_dag_decorator.py took 0.357 seconds
[2026-05-10T12:27:24.749+0000] {processor.py:161} INFO - Started process (PID=65) to work on /home/airflow/.local/lib/python3.12/site-packages/airflow/example_dags/example_dag_decorator.py
[2026-05-10T12:27:24.750+0000] {processor.py:830} INFO - Processing file /home/airflow/.local/lib/python3.12/site-packages/airflow/example_dags/example_dag_decorator.py for tasks to queue
[2026-05-10T12:27:24.752+0000] {logging_mixin.py:188} INFO - [2026-05-10T12:27:24.752+0000] {dagbag.py:545} INFO - Filling up the DagBag from /home/airflow/.local/lib/python3.12/site-packages/airflow/example_dags/example_dag_decorator.py
[2026-05-10T12:27:25.049+0000] {processor.py:840} INFO - DAG(s) 'example_dag_decorator' retrieved from /home/airflow/.local/lib/python3.12/site-packages/airflow/example_dags/example_dag_decorator.py
[2026-05-10T12:27:25.061+0000] {logging_mixin.py:188} INFO - [2026-05-10T12:27:25.060+0000] {dag.py:3089} INFO - Sync 1 DAGs
[2026-05-10T12:27:25.072+0000] {logging_mixin.py:188} INFO - [2026-05-10T12:27:25.072+0000] {dag.py:3947} INFO - Setting next_dagrun for example_dag_decorator to None, run_after=None
[2026-05-10T12:27:25.087+0000] {processor.py:183} INFO - Processing /home/airflow/.local/lib/python3.12/site-packages/airflow/example_dags/example_dag_decorator.py took 0.344 seconds
[2026-05-10T12:27:55.293+0000] {processor.py:161} INFO - Started process (PID=126) to work on /home/airflow/.local/lib/python3.12/site-packages/airflow/example_dags/example_dag_decorator.py
[2026-05-10T12:27:55.294+0000] {processor.py:830} INFO - Processing file /home/airflow/.local/lib/python3.12/site-packages/airflow/example_dags/example_dag_decorator.py for tasks to queue
[2026-05-10T12:27:55.296+0000] {logging_mixin.py:188} INFO - [2026-05-10T12:27:55.296+0000] {dagbag.py:545} INFO - Filling up the DagBag from /home/airflow/.local/lib/python3.12/site-packages/airflow/example_dags/example_dag_decorator.py
[2026-05-10T12:27:55.381+0000] {processor.py:840} INFO - DAG(s) 'example_dag_decorator' retrieved from /home/airflow/.local/lib/python3.12/site-packages/airflow/example_dags/example_dag_decorator.py
[2026-05-10T12:27:55.457+0000] {logging_mixin.py:188} INFO - [2026-05-10T12:27:55.457+0000] {dag.py:3089} INFO - Sync 1 DAGs
[2026-05-10T12:27:55.466+0000] {logging_mixin.py:188} INFO - [2026-05-10T12:27:55.466+0000] {dag.py:3947} INFO - Setting next_dagrun for example_dag_decorator to None, run_after=None
[2026-05-10T12:27:55.479+0000] {processor.py:183} INFO - Processing /home/airflow/.local/lib/python3.12/site-packages/airflow/example_dags/example_dag_decorator.py took 0.192 seconds
[2026-05-10T12:28:26.071+0000] {processor.py:161} INFO - Started process (PID=186) to work on /home/airflow/.local/lib/python3.12/site-packages/airflow/example_dags/example_dag_decorator.py
[2026-05-10T12:28:26.072+0000] {processor.py:830} INFO - Processing file /home/airflow/.local/lib/python3.12/site-packages/airflow/example_dags/example_dag_decorator.py for tasks to queue
[2026-05-10T12:28:26.074+0000] {logging_mixin.py:188} INFO - [2026-05-10T12:28:26.074+0000] {dagbag.py:545} INFO - Filling up the DagBag from /home/airflow/.local/lib/python3.12/site-packages/airflow/example_dags/example_dag_decorator.py
[2026-05-10T12:28:26.162+0000] {processor.py:840} INFO - DAG(s) 'example_dag_decorator' retrieved from /home/airflow/.local/lib/python3.12/site-packages/airflow/example_dags/example_dag_decorator.py
[2026-05-10T12:28:26.244+0000] {logging_mixin.py:188} INFO - [2026-05-10T12:28:26.243+0000] {dag.py:3089} INFO - Sync 1 DAGs
[2026-05-10T12:28:26.252+0000] {logging_mixin.py:188} INFO - [2026-05-10T12:28:26.252+0000] {dag.py:3947} INFO - Setting next_dagrun for example_dag_decorator to None, run_after=None
[2026-05-10T12:28:26.267+0000] {processor.py:183} INFO - Processing /home/airflow/.local/lib/python3.12/site-packages/airflow/example_dags/example_dag_decorator.py took 0.203 seconds
[2026-05-10T12:28:56.546+0000] {processor.py:161} INFO - Started process (PID=245) to work on /home/airflow/.local/lib/python3.12/site-packages/airflow/example_dags/example_dag_decorator.py
[2026-05-10T12:28:56.547+0000] {processor.py:830} INFO - Processing file /home/airflow/.local/lib/python3.12/site-packages/airflow/example_dags/example_dag_decorator.py for tasks to queue
[2026-05-10T12:28:56.549+0000] {logging_mixin.py:188} INFO - [2026-05-10T12:28:56.548+0000] {dagbag.py:545} INFO - Filling up the DagBag from /home/airflow/.local/lib/python3.12/site-packages/airflow/example_dags/example_dag_decorator.py
[2026-05-10T12:28:56.641+0000] {processor.py:840} INFO - DAG(s) 'example_dag_decorator' retrieved from /home/airflow/.local/lib/python3.12/site-packages/airflow/example_dags/example_dag_decorator.py
[2026-05-10T12:28:56.660+0000] {logging_mixin.py:188} INFO - [2026-05-10T12:28:56.660+0000] {dag.py:3089} INFO - Sync 1 DAGs
[2026-05-10T12:28:56.668+0000] {logging_mixin.py:188} INFO - [2026-05-10T12:28:56.668+0000] {dag.py:3947} INFO - Setting next_dagrun for example_dag_decorator to None, run_after=None
[2026-05-10T12:28:56.683+0000] {processor.py:183} INFO - Processing /home/airflow/.local/lib/python3.12/site-packages/airflow/example_dags/example_dag_decorator.py took 0.142 seconds
[2026-05-10T12:29:27.360+0000] {processor.py:161} INFO - Started process (PID=305) to work on /home/airflow/.local/lib/python3.12/site-packages/airflow/example_dags/example_dag_decorator.py
[2026-05-10T12:29:27.361+0000] {processor.py:830} INFO - Processing file /home/airflow/.local/lib/python3.12/site-packages/airflow/example_dags/example_dag_decorator.py for tasks to queue
[2026-05-10T12:29:27.362+0000] {logging_mixin.py:188} INFO - [2026-05-10T12:29:27.362+0000] {dagbag.py:545} INFO - Filling up the DagBag from /home/airflow/.local/lib/python3.12/site-packages/airflow/example_dags/example_dag_decorator.py
[2026-05-10T12:29:27.454+0000] {processor.py:840} INFO - DAG(s) 'example_dag_decorator' retrieved from /home/airflow/.local/lib/python3.12/site-packages/airflow/example_dags/example_dag_decorator.py
[2026-05-10T12:29:27.538+0000] {logging_mixin.py:188} INFO - [2026-05-10T12:29:27.538+0000] {dag.py:3089} INFO - Sync 1 DAGs
[2026-05-10T12:29:27.546+0000] {logging_mixin.py:188} INFO - [2026-05-10T12:29:27.546+0000] {dag.py:3947} INFO - Setting next_dagrun for example_dag_decorator to None, run_after=None
[2026-05-10T12:29:27.560+0000] {processor.py:183} INFO - Processing /home/airflow/.local/lib/python3.12/site-packages/airflow/example_dags/example_dag_decorator.py took 0.206 seconds
[2026-05-10T12:29:58.226+0000] {processor.py:161} INFO - Started process (PID=371) to work on /home/airflow/.local/lib/python3.12/site-packages/airflow/example_dags/example_dag_decorator.py
[2026-05-10T12:29:58.227+0000] {processor.py:830} INFO - Processing file /home/airflow/.local/lib/python3.12/site-packages/airflow/example_dags/example_dag_decorator.py for tasks to queue
[2026-05-10T12:29:58.230+0000] {logging_mixin.py:188} INFO - [2026-05-10T12:29:58.229+0000] {dagbag.py:545} INFO - Filling up the DagBag from /home/airflow/.local/lib/python3.12/site-packages/airflow/example_dags/example_dag_decorator.py
[2026-05-10T12:29:58.355+0000] {processor.py:840} INFO - DAG(s) 'example_dag_decorator' retrieved from /home/airflow/.local/lib/python3.12/site-packages/airflow/example_dags/example_dag_decorator.py
[2026-05-10T12:29:58.485+0000] {logging_mixin.py:188} INFO - [2026-05-10T12:29:58.485+0000] {dag.py:3089} INFO - Sync 1 DAGs
[2026-05-10T12:29:58.499+0000] {logging_mixin.py:188} INFO - [2026-05-10T12:29:58.499+0000] {dag.py:3947} INFO - Setting next_dagrun for example_dag_decorator to None, run_after=None
[2026-05-10T12:29:58.521+0000] {processor.py:183} INFO - Processing /home/airflow/.local/lib/python3.12/site-packages/airflow/example_dags/example_dag_decorator.py took 0.304 seconds
[2026-05-10T12:30:29.230+0000] {processor.py:161} INFO - Started process (PID=435) to work on /home/airflow/.local/lib/python3.12/site-packages/airflow/example_dags/example_dag_decorator.py
[2026-05-10T12:30:29.231+0000] {processor.py:830} INFO - Processing file /home/airflow/.local/lib/python3.12/site-packages/airflow/example_dags/example_dag_decorator.py for tasks to queue
[2026-05-10T12:30:29.232+0000] {logging_mixin.py:188} INFO - [2026-05-10T12:30:29.232+0000] {dagbag.py:545} INFO - Filling up the DagBag from /home/airflow/.local/lib/python3.12/site-packages/airflow/example_dags/example_dag_decorator.py
[2026-05-10T12:30:29.323+0000] {processor.py:840} INFO - DAG(s) 'example_dag_decorator' retrieved from /home/airflow/.local/lib/python3.12/site-packages/airflow/example_dags/example_dag_decorator.py
[2026-05-10T12:30:29.582+0000] {logging_mixin.py:188} INFO - [2026-05-10T12:30:29.581+0000] {dag.py:3089} INFO - Sync 1 DAGs
[2026-05-10T12:30:29.589+0000] {logging_mixin.py:188} INFO - [2026-05-10T12:30:29.589+0000] {dag.py:3947} INFO - Setting next_dagrun for example_dag_decorator to None, run_after=None
[2026-05-10T12:30:29.604+0000] {processor.py:183} INFO - Processing /home/airflow/.local/lib/python3.12/site-packages/airflow/example_dags/example_dag_decorator.py took 0.379 seconds
[2026-05-10T12:31:00.425+0000] {processor.py:161} INFO - Started process (PID=495) to work on /home/airflow/.local/lib/python3.12/site-packages/airflow/example_dags/example_dag_decorator.py
[2026-05-10T12:31:00.426+0000] {processor.py:830} INFO - Processing file /home/airflow/.local/lib/python3.12/site-packages/airflow/example_dags/example_dag_decorator.py for tasks to queue
[2026-05-10T12:31:00.428+0000] {logging_mixin.py:188} INFO - [2026-05-10T12:31:00.428+0000] {dagbag.py:545} INFO - Filling up the DagBag from /home/airflow/.local/lib/python3.12/site-packages/airflow/example_dags/example_dag_decorator.py
[2026-05-10T12:31:00.522+0000] {processor.py:840} INFO - DAG(s) 'example_dag_decorator' retrieved from /home/airflow/.local/lib/python3.12/site-packages/airflow/example_dags/example_dag_decorator.py
[2026-05-10T12:31:00.602+0000] {logging_mixin.py:188} INFO - [2026-05-10T12:31:00.601+0000] {dag.py:3089} INFO - Sync 1 DAGs
[2026-05-10T12:31:00.611+0000] {logging_mixin.py:188} INFO - [2026-05-10T12:31:00.611+0000] {dag.py:3947} INFO - Setting next_dagrun for example_dag_decorator to None, run_after=None
[2026-05-10T12:31:00.784+0000] {processor.py:183} INFO - Processing /home/airflow/.local/lib/python3.12/site-packages/airflow/example_dags/example_dag_decorator.py took 0.365 seconds
[2026-05-10T12:31:31.636+0000] {processor.py:161} INFO - Started process (PID=555) to work on /home/airflow/.local/lib/python3.12/site-packages/airflow/example_dags/example_dag_decorator.py
[2026-05-10T12:31:31.636+0000] {processor.py:830} INFO - Processing file /home/airflow/.local/lib/python3.12/site-packages/airflow/example_dags/example_dag_decorator.py for tasks to queue
[2026-05-10T12:31:31.638+0000] {logging_mixin.py:188} INFO - [2026-05-10T12:31:31.638+0000] {dagbag.py:545} INFO - Filling up the DagBag from /home/airflow/.local/lib/python3.12/site-packages/airflow/example_dags/example_dag_decorator.py
[2026-05-10T12:31:31.718+0000] {processor.py:840} INFO - DAG(s) 'example_dag_decorator' retrieved from /home/airflow/.local/lib/python3.12/site-packages/airflow/example_dags/example_dag_decorator.py
[2026-05-10T12:31:31.795+0000] {logging_mixin.py:188} INFO - [2026-05-10T12:31:31.795+0000] {dag.py:3089} INFO - Sync 1 DAGs
[2026-05-10T12:31:31.803+0000] {logging_mixin.py:188} INFO - [2026-05-10T12:31:31.803+0000] {dag.py:3947} INFO - Setting next_dagrun for example_dag_decorator to None, run_after=None
[2026-05-10T12:31:31.816+0000] {processor.py:183} INFO - Processing /home/airflow/.local/lib/python3.12/site-packages/airflow/example_dags/example_dag_decorator.py took 0.187 seconds
[2026-05-10T12:32:01.901+0000] {processor.py:161} INFO - Started process (PID=614) to work on /home/airflow/.local/lib/python3.12/site-packages/airflow/example_dags/example_dag_decorator.py
[2026-05-10T12:32:01.902+0000] {processor.py:830} INFO - Processing file /home/airflow/.local/lib/python3.12/site-packages/airflow/example_dags/example_dag_decorator.py for tasks to queue
[2026-05-10T12:32:01.903+0000] {logging_mixin.py:188} INFO - [2026-05-10T12:32:01.903+0000] {dagbag.py:545} INFO - Filling up the DagBag from /home/airflow/.local/lib/python3.12/site-packages/airflow/example_dags/example_dag_decorator.py
[2026-05-10T12:32:01.986+0000] {processor.py:840} INFO - DAG(s) 'example_dag_decorator' retrieved from /home/airflow/.local/lib/python3.12/site-packages/airflow/example_dags/example_dag_decorator.py
[2026-05-10T12:32:02.211+0000] {logging_mixin.py:188} INFO - [2026-05-10T12:32:02.210+0000] {dag.py:3089} INFO - Sync 1 DAGs
[2026-05-10T12:32:02.217+0000] {logging_mixin.py:188} INFO - [2026-05-10T12:32:02.217+0000] {dag.py:3947} INFO - Setting next_dagrun for example_dag_decorator to None, run_after=None
[2026-05-10T12:32:02.233+0000] {processor.py:183} INFO - Processing /home/airflow/.local/lib/python3.12/site-packages/airflow/example_dags/example_dag_decorator.py took 0.338 seconds
[2026-05-10T12:32:33.249+0000] {processor.py:161} INFO - Started process (PID=677) to work on /home/airflow/.local/lib/python3.12/site-packages/airflow/example_dags/example_dag_decorator.py
[2026-05-10T12:32:33.250+0000] {processor.py:830} INFO - Processing file /home/airflow/.local/lib/python3.12/site-packages/airflow/example_dags/example_dag_decorator.py for tasks to queue
[2026-05-10T12:32:33.252+0000] {logging_mixin.py:188} INFO - [2026-05-10T12:32:33.252+0000] {dagbag.py:545} INFO - Filling up the DagBag from /home/airflow/.local/lib/python3.12/site-packages/airflow/example_dags/example_dag_decorator.py
[2026-05-10T12:32:33.350+0000] {processor.py:840} INFO - DAG(s) 'example_dag_decorator' retrieved from /home/airflow/.local/lib/python3.12/site-packages/airflow/example_dags/example_dag_decorator.py
[2026-05-10T12:32:33.644+0000] {logging_mixin.py:188} INFO - [2026-05-10T12:32:33.644+0000] {dag.py:3089} INFO - Sync 1 DAGs
[2026-05-10T12:32:33.652+0000] {logging_mixin.py:188} INFO - [2026-05-10T12:32:33.651+0000] {dag.py:3947} INFO - Setting next_dagrun for example_dag_decorator to None, run_after=None
[2026-05-10T12:32:33.666+0000] {processor.py:183} INFO - Processing /home/airflow/.local/lib/python3.12/site-packages/airflow/example_dags/example_dag_decorator.py took 0.422 seconds
[2026-05-10T12:33:04.549+0000] {processor.py:161} INFO - Started process (PID=737) to work on /home/airflow/.local/lib/python3.12/site-packages/airflow/example_dags/example_dag_decorator.py
[2026-05-10T12:33:04.549+0000] {processor.py:830} INFO - Processing file /home/airflow/.local/lib/python3.12/site-packages/airflow/example_dags/example_dag_decorator.py for tasks to queue
[2026-05-10T12:33:04.551+0000] {logging_mixin.py:188} INFO - [2026-05-10T12:33:04.551+0000] {dagbag.py:545} INFO - Filling up the DagBag from /home/airflow/.local/lib/python3.12/site-packages/airflow/example_dags/example_dag_decorator.py
[2026-05-10T12:33:04.627+0000] {processor.py:840} INFO - DAG(s) 'example_dag_decorator' retrieved from /home/airflow/.local/lib/python3.12/site-packages/airflow/example_dags/example_dag_decorator.py
[2026-05-10T12:33:04.868+0000] {logging_mixin.py:188} INFO - [2026-05-10T12:33:04.867+0000] {dag.py:3089} INFO - Sync 1 DAGs
[2026-05-10T12:33:04.875+0000] {logging_mixin.py:188} INFO - [2026-05-10T12:33:04.874+0000] {dag.py:3947} INFO - Setting next_dagrun for example_dag_decorator to None, run_after=None
[2026-05-10T12:33:04.888+0000] {processor.py:183} INFO - Processing /home/airflow/.local/lib/python3.12/site-packages/airflow/example_dags/example_dag_decorator.py took 0.345 seconds
[2026-05-10T12:33:35.647+0000] {processor.py:161} INFO - Started process (PID=798) to work on /home/airflow/.local/lib/python3.12/site-packages/airflow/example_dags/example_dag_decorator.py
[2026-05-10T12:33:35.648+0000] {processor.py:830} INFO - Processing file /home/airflow/.local/lib/python3.12/site-packages/airflow/example_dags/example_dag_decorator.py for tasks to queue
[2026-05-10T12:33:35.650+0000] {logging_mixin.py:188} INFO - [2026-05-10T12:33:35.650+0000] {dagbag.py:545} INFO - Filling up the DagBag from /home/airflow/.local/lib/python3.12/site-packages/airflow/example_dags/example_dag_decorator.py
[2026-05-10T12:33:35.728+0000] {processor.py:840} INFO - DAG(s) 'example_dag_decorator' retrieved from /home/airflow/.local/lib/python3.12/site-packages/airflow/example_dags/example_dag_decorator.py
[2026-05-10T12:33:35.746+0000] {logging_mixin.py:188} INFO - [2026-05-10T12:33:35.745+0000] {dag.py:3089} INFO - Sync 1 DAGs
[2026-05-10T12:33:35.756+0000] {logging_mixin.py:188} INFO - [2026-05-10T12:33:35.756+0000] {dag.py:3947} INFO - Setting next_dagrun for example_dag_decorator to None, run_after=None
[2026-05-10T12:33:35.914+0000] {processor.py:183} INFO - Processing /home/airflow/.local/lib/python3.12/site-packages/airflow/example_dags/example_dag_decorator.py took 0.272 seconds
[2026-05-10T12:34:06.281+0000] {processor.py:161} INFO - Started process (PID=858) to work on /home/airflow/.local/lib/python3.12/site-packages/airflow/example_dags/example_dag_decorator.py
[2026-05-10T12:34:06.281+0000] {processor.py:830} INFO - Processing file /home/airflow/.local/lib/python3.12/site-packages/airflow/example_dags/example_dag_decorator.py for tasks to queue
[2026-05-10T12:34:06.283+0000] {logging_mixin.py:188} INFO - [2026-05-10T12:34:06.283+0000] {dagbag.py:545} INFO - Filling up the DagBag from /home/airflow/.local/lib/python3.12/site-packages/airflow/example_dags/example_dag_decorator.py
[2026-05-10T12:34:06.360+0000] {processor.py:840} INFO - DAG(s) 'example_dag_decorator' retrieved from /home/airflow/.local/lib/python3.12/site-packages/airflow/example_dags/example_dag_decorator.py
[2026-05-10T12:34:06.583+0000] {logging_mixin.py:188} INFO - [2026-05-10T12:34:06.583+0000] {dag.py:3089} INFO - Sync 1 DAGs
[2026-05-10T12:34:06.591+0000] {logging_mixin.py:188} INFO - [2026-05-10T12:34:06.591+0000] {dag.py:3947} INFO - Setting next_dagrun for example_dag_decorator to None, run_after=None
[2026-05-10T12:34:06.604+0000] {processor.py:183} INFO - Processing /home/airflow/.local/lib/python3.12/site-packages/airflow/example_dags/example_dag_decorator.py took 0.328 seconds
[2026-05-10T12:34:37.576+0000] {processor.py:161} INFO - Started process (PID=918) to work on /home/airflow/.local/lib/python3.12/site-packages/airflow/example_dags/example_dag_decorator.py
[2026-05-10T12:34:37.576+0000] {processor.py:830} INFO - Processing file /home/airflow/.local/lib/python3.12/site-packages/airflow/example_dags/example_dag_decorator.py for tasks to queue
[2026-05-10T12:34:37.578+0000] {logging_mixin.py:188} INFO - [2026-05-10T12:34:37.578+0000] {dagbag.py:545} INFO - Filling up the DagBag from /home/airflow/.local/lib/python3.12/site-packages/airflow/example_dags/example_dag_decorator.py
[2026-05-10T12:34:37.666+0000] {processor.py:840} INFO - DAG(s) 'example_dag_decorator' retrieved from /home/airflow/.local/lib/python3.12/site-packages/airflow/example_dags/example_dag_decorator.py
[2026-05-10T12:34:37.899+0000] {logging_mixin.py:188} INFO - [2026-05-10T12:34:37.899+0000] {dag.py:3089} INFO - Sync 1 DAGs
[2026-05-10T12:34:37.907+0000] {logging_mixin.py:188} INFO - [2026-05-10T12:34:37.906+0000] {dag.py:3947} INFO - Setting next_dagrun for example_dag_decorator to None, run_after=None
[2026-05-10T12:34:37.920+0000] {processor.py:183} INFO - Processing /home/airflow/.local/lib/python3.12/site-packages/airflow/example_dags/example_dag_decorator.py took 0.350 seconds
[2026-05-10T12:35:08.744+0000] {processor.py:161} INFO - Started process (PID=978) to work on /home/airflow/.local/lib/python3.12/site-packages/airflow/example_dags/example_dag_decorator.py
[2026-05-10T12:35:08.745+0000] {processor.py:830} INFO - Processing file /home/airflow/.local/lib/python3.12/site-packages/airflow/example_dags/example_dag_decorator.py for tasks to queue
[2026-05-10T12:35:08.748+0000] {logging_mixin.py:188} INFO - [2026-05-10T12:35:08.747+0000] {dagbag.py:545} INFO - Filling up the DagBag from /home/airflow/.local/lib/python3.12/site-packages/airflow/example_dags/example_dag_decorator.py
[2026-05-10T12:35:08.840+0000] {processor.py:840} INFO - DAG(s) 'example_dag_decorator' retrieved from /home/airflow/.local/lib/python3.12/site-packages/airflow/example_dags/example_dag_decorator.py
[2026-05-10T12:35:09.092+0000] {logging_mixin.py:188} INFO - [2026-05-10T12:35:09.091+0000] {dag.py:3089} INFO - Sync 1 DAGs
[2026-05-10T12:35:09.098+0000] {logging_mixin.py:188} INFO - [2026-05-10T12:35:09.098+0000] {dag.py:3947} INFO - Setting next_dagrun for example_dag_decorator to None, run_after=None
[2026-05-10T12:35:09.111+0000] {processor.py:183} INFO - Processing /home/airflow/.local/lib/python3.12/site-packages/airflow/example_dags/example_dag_decorator.py took 0.373 seconds
[2026-05-10T12:35:39.939+0000] {processor.py:161} INFO - Started process (PID=1038) to work on /home/airflow/.local/lib/python3.12/site-packages/airflow/example_dags/example_dag_decorator.py
[2026-05-10T12:35:39.940+0000] {processor.py:830} INFO - Processing file /home/airflow/.local/lib/python3.12/site-packages/airflow/example_dags/example_dag_decorator.py for tasks to queue
[2026-05-10T12:35:39.942+0000] {logging_mixin.py:188} INFO - [2026-05-10T12:35:39.942+0000] {dagbag.py:545} INFO - Filling up the DagBag from /home/airflow/.local/lib/python3.12/site-packages/airflow/example_dags/example_dag_decorator.py
[2026-05-10T12:35:40.021+0000] {processor.py:840} INFO - DAG(s) 'example_dag_decorator' retrieved from /home/airflow/.local/lib/python3.12/site-packages/airflow/example_dags/example_dag_decorator.py
[2026-05-10T12:35:40.252+0000] {logging_mixin.py:188} INFO - [2026-05-10T12:35:40.251+0000] {dag.py:3089} INFO - Sync 1 DAGs
[2026-05-10T12:35:40.259+0000] {logging_mixin.py:188} INFO - [2026-05-10T12:35:40.259+0000] {dag.py:3947} INFO - Setting next_dagrun for example_dag_decorator to None, run_after=None
[2026-05-10T12:35:40.272+0000] {processor.py:183} INFO - Processing /home/airflow/.local/lib/python3.12/site-packages/airflow/example_dags/example_dag_decorator.py took 0.338 seconds
[2026-05-10T12:36:11.142+0000] {processor.py:161} INFO - Started process (PID=1098) to work on /home/airflow/.local/lib/python3.12/site-packages/airflow/example_dags/example_dag_decorator.py
[2026-05-10T12:36:11.143+0000] {processor.py:830} INFO - Processing file /home/airflow/.local/lib/python3.12/site-packages/airflow/example_dags/example_dag_decorator.py for tasks to queue
[2026-05-10T12:36:11.144+0000] {logging_mixin.py:188} INFO - [2026-05-10T12:36:11.144+0000] {dagbag.py:545} INFO - Filling up the DagBag from /home/airflow/.local/lib/python3.12/site-packages/airflow/example_dags/example_dag_decorator.py
[2026-05-10T12:36:11.382+0000] {processor.py:840} INFO - DAG(s) 'example_dag_decorator' retrieved from /home/airflow/.local/lib/python3.12/site-packages/airflow/example_dags/example_dag_decorator.py
[2026-05-10T12:36:11.456+0000] {logging_mixin.py:188} INFO - [2026-05-10T12:36:11.456+0000] {dag.py:3089} INFO - Sync 1 DAGs
[2026-05-10T12:36:11.463+0000] {logging_mixin.py:188} INFO - [2026-05-10T12:36:11.463+0000] {dag.py:3947} INFO - Setting next_dagrun for example_dag_decorator to None, run_after=None
[2026-05-10T12:36:11.476+0000] {processor.py:183} INFO - Processing /home/airflow/.local/lib/python3.12/site-packages/airflow/example_dags/example_dag_decorator.py took 0.339 seconds
[2026-05-10T12:36:42.444+0000] {processor.py:161} INFO - Started process (PID=1158) to work on /home/airflow/.local/lib/python3.12/site-packages/airflow/example_dags/example_dag_decorator.py
[2026-05-10T12:36:42.444+0000] {processor.py:830} INFO - Processing file /home/airflow/.local/lib/python3.12/site-packages/airflow/example_dags/example_dag_decorator.py for tasks to queue
[2026-05-10T12:36:42.446+0000] {logging_mixin.py:188} INFO - [2026-05-10T12:36:42.446+0000] {dagbag.py:545} INFO - Filling up the DagBag from /home/airflow/.local/lib/python3.12/site-packages/airflow/example_dags/example_dag_decorator.py
[2026-05-10T12:36:42.531+0000] {processor.py:840} INFO - DAG(s) 'example_dag_decorator' retrieved from /home/airflow/.local/lib/python3.12/site-packages/airflow/example_dags/example_dag_decorator.py
[2026-05-10T12:36:42.752+0000] {logging_mixin.py:188} INFO - [2026-05-10T12:36:42.751+0000] {dag.py:3089} INFO - Sync 1 DAGs
[2026-05-10T12:36:42.759+0000] {logging_mixin.py:188} INFO - [2026-05-10T12:36:42.758+0000] {dag.py:3947} INFO - Setting next_dagrun for example_dag_decorator to None, run_after=None
[2026-05-10T12:36:42.772+0000] {processor.py:183} INFO - Processing /home/airflow/.local/lib/python3.12/site-packages/airflow/example_dags/example_dag_decorator.py took 0.333 seconds
[2026-05-10T12:37:12.821+0000] {processor.py:161} INFO - Started process (PID=1217) to work on /home/airflow/.local/lib/python3.12/site-packages/airflow/example_dags/example_dag_decorator.py
[2026-05-10T12:37:12.822+0000] {processor.py:830} INFO - Processing file /home/airflow/.local/lib/python3.12/site-packages/airflow/example_dags/example_dag_decorator.py for tasks to queue
[2026-05-10T12:37:12.824+0000] {logging_mixin.py:188} INFO - [2026-05-10T12:37:12.823+0000] {dagbag.py:545} INFO - Filling up the DagBag from /home/airflow/.local/lib/python3.12/site-packages/airflow/example_dags/example_dag_decorator.py
[2026-05-10T12:37:12.899+0000] {processor.py:840} INFO - DAG(s) 'example_dag_decorator' retrieved from /home/airflow/.local/lib/python3.12/site-packages/airflow/example_dags/example_dag_decorator.py
[2026-05-10T12:37:13.104+0000] {logging_mixin.py:188} INFO - [2026-05-10T12:37:13.104+0000] {dag.py:3089} INFO - Sync 1 DAGs
[2026-05-10T12:37:13.111+0000] {logging_mixin.py:188} INFO - [2026-05-10T12:37:13.110+0000] {dag.py:3947} INFO - Setting next_dagrun for example_dag_decorator to None, run_after=None
[2026-05-10T12:37:13.122+0000] {processor.py:183} INFO - Processing /home/airflow/.local/lib/python3.12/site-packages/airflow/example_dags/example_dag_decorator.py took 0.306 seconds
[2026-05-10T12:37:44.008+0000] {processor.py:161} INFO - Started process (PID=1278) to work on /home/airflow/.local/lib/python3.12/site-packages/airflow/example_dags/example_dag_decorator.py
[2026-05-10T12:37:44.009+0000] {processor.py:830} INFO - Processing file /home/airflow/.local/lib/python3.12/site-packages/airflow/example_dags/example_dag_decorator.py for tasks to queue
[2026-05-10T12:37:44.011+0000] {logging_mixin.py:188} INFO - [2026-05-10T12:37:44.010+0000] {dagbag.py:545} INFO - Filling up the DagBag from /home/airflow/.local/lib/python3.12/site-packages/airflow/example_dags/example_dag_decorator.py
[2026-05-10T12:37:44.097+0000] {processor.py:840} INFO - DAG(s) 'example_dag_decorator' retrieved from /home/airflow/.local/lib/python3.12/site-packages/airflow/example_dags/example_dag_decorator.py
[2026-05-10T12:37:44.318+0000] {logging_mixin.py:188} INFO - [2026-05-10T12:37:44.318+0000] {dag.py:3089} INFO - Sync 1 DAGs
[2026-05-10T12:37:44.326+0000] {logging_mixin.py:188} INFO - [2026-05-10T12:37:44.326+0000] {dag.py:3947} INFO - Setting next_dagrun for example_dag_decorator to None, run_after=None
[2026-05-10T12:37:44.339+0000] {processor.py:183} INFO - Processing /home/airflow/.local/lib/python3.12/site-packages/airflow/example_dags/example_dag_decorator.py took 0.336 seconds
[2026-05-10T12:38:15.175+0000] {processor.py:161} INFO - Started process (PID=1338) to work on /home/airflow/.local/lib/python3.12/site-packages/airflow/example_dags/example_dag_decorator.py
[2026-05-10T12:38:15.176+0000] {processor.py:830} INFO - Processing file /home/airflow/.local/lib/python3.12/site-packages/airflow/example_dags/example_dag_decorator.py for tasks to queue
[2026-05-10T12:38:15.177+0000] {logging_mixin.py:188} INFO - [2026-05-10T12:38:15.177+0000] {dagbag.py:545} INFO - Filling up the DagBag from /home/airflow/.local/lib/python3.12/site-packages/airflow/example_dags/example_dag_decorator.py
[2026-05-10T12:38:15.262+0000] {processor.py:840} INFO - DAG(s) 'example_dag_decorator' retrieved from /home/airflow/.local/lib/python3.12/site-packages/airflow/example_dags/example_dag_decorator.py
[2026-05-10T12:38:15.483+0000] {logging_mixin.py:188} INFO - [2026-05-10T12:38:15.482+0000] {dag.py:3089} INFO - Sync 1 DAGs
[2026-05-10T12:38:15.489+0000] {logging_mixin.py:188} INFO - [2026-05-10T12:38:15.489+0000] {dag.py:3947} INFO - Setting next_dagrun for example_dag_decorator to None, run_after=None
[2026-05-10T12:38:15.507+0000] {processor.py:183} INFO - Processing /home/airflow/.local/lib/python3.12/site-packages/airflow/example_dags/example_dag_decorator.py took 0.337 seconds
[2026-05-10T12:38:46.326+0000] {processor.py:161} INFO - Started process (PID=1398) to work on /home/airflow/.local/lib/python3.12/site-packages/airflow/example_dags/example_dag_decorator.py
[2026-05-10T12:38:46.327+0000] {processor.py:830} INFO - Processing file /home/airflow/.local/lib/python3.12/site-packages/airflow/example_dags/example_dag_decorator.py for tasks to queue
[2026-05-10T12:38:46.329+0000] {logging_mixin.py:188} INFO - [2026-05-10T12:38:46.329+0000] {dagbag.py:545} INFO - Filling up the DagBag from /home/airflow/.local/lib/python3.12/site-packages/airflow/example_dags/example_dag_decorator.py
[2026-05-10T12:38:46.562+0000] {processor.py:840} INFO - DAG(s) 'example_dag_decorator' retrieved from /home/airflow/.local/lib/python3.12/site-packages/airflow/example_dags/example_dag_decorator.py
[2026-05-10T12:38:46.637+0000] {logging_mixin.py:188} INFO - [2026-05-10T12:38:46.637+0000] {dag.py:3089} INFO - Sync 1 DAGs
[2026-05-10T12:38:46.646+0000] {logging_mixin.py:188} INFO - [2026-05-10T12:38:46.645+0000] {dag.py:3947} INFO - Setting next_dagrun for example_dag_decorator to None, run_after=None
[2026-05-10T12:38:46.660+0000] {processor.py:183} INFO - Processing /home/airflow/.local/lib/python3.12/site-packages/airflow/example_dags/example_dag_decorator.py took 0.341 seconds
[2026-05-10T12:39:17.479+0000] {processor.py:161} INFO - Started process (PID=1458) to work on /home/airflow/.local/lib/python3.12/site-packages/airflow/example_dags/example_dag_decorator.py
[2026-05-10T12:39:17.480+0000] {processor.py:830} INFO - Processing file /home/airflow/.local/lib/python3.12/site-packages/airflow/example_dags/example_dag_decorator.py for tasks to queue
[2026-05-10T12:39:17.482+0000] {logging_mixin.py:188} INFO - [2026-05-10T12:39:17.482+0000] {dagbag.py:545} INFO - Filling up the DagBag from /home/airflow/.local/lib/python3.12/site-packages/airflow/example_dags/example_dag_decorator.py
[2026-05-10T12:39:17.705+0000] {processor.py:840} INFO - DAG(s) 'example_dag_decorator' retrieved from /home/airflow/.local/lib/python3.12/site-packages/airflow/example_dags/example_dag_decorator.py
[2026-05-10T12:39:17.782+0000] {logging_mixin.py:188} INFO - [2026-05-10T12:39:17.782+0000] {dag.py:3089} INFO - Sync 1 DAGs
[2026-05-10T12:39:17.790+0000] {logging_mixin.py:188} INFO - [2026-05-10T12:39:17.789+0000] {dag.py:3947} INFO - Setting next_dagrun for example_dag_decorator to None, run_after=None
[2026-05-10T12:39:17.802+0000] {processor.py:183} INFO - Processing /home/airflow/.local/lib/python3.12/site-packages/airflow/example_dags/example_dag_decorator.py took 0.329 seconds
[2026-05-10T12:39:48.124+0000] {processor.py:161} INFO - Started process (PID=1518) to work on /home/airflow/.local/lib/python3.12/site-packages/airflow/example_dags/example_dag_decorator.py
[2026-05-10T12:39:48.125+0000] {processor.py:830} INFO - Processing file /home/airflow/.local/lib/python3.12/site-packages/airflow/example_dags/example_dag_decorator.py for tasks to queue
[2026-05-10T12:39:48.126+0000] {logging_mixin.py:188} INFO - [2026-05-10T12:39:48.126+0000] {dagbag.py:545} INFO - Filling up the DagBag from /home/airflow/.local/lib/python3.12/site-packages/airflow/example_dags/example_dag_decorator.py
[2026-05-10T12:39:48.356+0000] {processor.py:840} INFO - DAG(s) 'example_dag_decorator' retrieved from /home/airflow/.local/lib/python3.12/site-packages/airflow/example_dags/example_dag_decorator.py
[2026-05-10T12:39:48.437+0000] {logging_mixin.py:188} INFO - [2026-05-10T12:39:48.437+0000] {dag.py:3089} INFO - Sync 1 DAGs
[2026-05-10T12:39:48.444+0000] {logging_mixin.py:188} INFO - [2026-05-10T12:39:48.444+0000] {dag.py:3947} INFO - Setting next_dagrun for example_dag_decorator to None, run_after=None
[2026-05-10T12:39:48.461+0000] {processor.py:183} INFO - Processing /home/airflow/.local/lib/python3.12/site-packages/airflow/example_dags/example_dag_decorator.py took 0.343 seconds
[2026-05-10T12:40:18.897+0000] {processor.py:161} INFO - Started process (PID=1578) to work on /home/airflow/.local/lib/python3.12/site-packages/airflow/example_dags/example_dag_decorator.py
[2026-05-10T12:40:18.898+0000] {processor.py:830} INFO - Processing file /home/airflow/.local/lib/python3.12/site-packages/airflow/example_dags/example_dag_decorator.py for tasks to queue
[2026-05-10T12:40:18.900+0000] {logging_mixin.py:188} INFO - [2026-05-10T12:40:18.900+0000] {dagbag.py:545} INFO - Filling up the DagBag from /home/airflow/.local/lib/python3.12/site-packages/airflow/example_dags/example_dag_decorator.py
[2026-05-10T12:40:19.121+0000] {processor.py:840} INFO - DAG(s) 'example_dag_decorator' retrieved from /home/airflow/.local/lib/python3.12/site-packages/airflow/example_dags/example_dag_decorator.py
[2026-05-10T12:40:19.197+0000] {logging_mixin.py:188} INFO - [2026-05-10T12:40:19.196+0000] {dag.py:3089} INFO - Sync 1 DAGs
[2026-05-10T12:40:19.203+0000] {logging_mixin.py:188} INFO - [2026-05-10T12:40:19.203+0000] {dag.py:3947} INFO - Setting next_dagrun for example_dag_decorator to None, run_after=None
[2026-05-10T12:40:19.217+0000] {processor.py:183} INFO - Processing /home/airflow/.local/lib/python3.12/site-packages/airflow/example_dags/example_dag_decorator.py took 0.324 seconds
[2026-05-10T12:40:50.231+0000] {processor.py:161} INFO - Started process (PID=1638) to work on /home/airflow/.local/lib/python3.12/site-packages/airflow/example_dags/example_dag_decorator.py
[2026-05-10T12:40:50.232+0000] {processor.py:830} INFO - Processing file /home/airflow/.local/lib/python3.12/site-packages/airflow/example_dags/example_dag_decorator.py for tasks to queue
[2026-05-10T12:40:50.234+0000] {logging_mixin.py:188} INFO - [2026-05-10T12:40:50.233+0000] {dagbag.py:545} INFO - Filling up the DagBag from /home/airflow/.local/lib/python3.12/site-packages/airflow/example_dags/example_dag_decorator.py
[2026-05-10T12:40:50.478+0000] {processor.py:840} INFO - DAG(s) 'example_dag_decorator' retrieved from /home/airflow/.local/lib/python3.12/site-packages/airflow/example_dags/example_dag_decorator.py
[2026-05-10T12:40:50.557+0000] {logging_mixin.py:188} INFO - [2026-05-10T12:40:50.557+0000] {dag.py:3089} INFO - Sync 1 DAGs
[2026-05-10T12:40:50.565+0000] {logging_mixin.py:188} INFO - [2026-05-10T12:40:50.565+0000] {dag.py:3947} INFO - Setting next_dagrun for example_dag_decorator to None, run_after=None
[2026-05-10T12:40:50.580+0000] {processor.py:183} INFO - Processing /home/airflow/.local/lib/python3.12/site-packages/airflow/example_dags/example_dag_decorator.py took 0.355 seconds
[2026-05-10T12:41:21.348+0000] {processor.py:161} INFO - Started process (PID=1698) to work on /home/airflow/.local/lib/python3.12/site-packages/airflow/example_dags/example_dag_decorator.py
[2026-05-10T12:41:21.348+0000] {processor.py:830} INFO - Processing file /home/airflow/.local/lib/python3.12/site-packages/airflow/example_dags/example_dag_decorator.py for tasks to queue
[2026-05-10T12:41:21.350+0000] {logging_mixin.py:188} INFO - [2026-05-10T12:41:21.350+0000] {dagbag.py:545} INFO - Filling up the DagBag from /home/airflow/.local/lib/python3.12/site-packages/airflow/example_dags/example_dag_decorator.py
[2026-05-10T12:41:21.594+0000] {processor.py:840} INFO - DAG(s) 'example_dag_decorator' retrieved from /home/airflow/.local/lib/python3.12/site-packages/airflow/example_dags/example_dag_decorator.py
[2026-05-10T12:41:21.671+0000] {logging_mixin.py:188} INFO - [2026-05-10T12:41:21.670+0000] {dag.py:3089} INFO - Sync 1 DAGs
[2026-05-10T12:41:21.679+0000] {logging_mixin.py:188} INFO - [2026-05-10T12:41:21.679+0000] {dag.py:3947} INFO - Setting next_dagrun for example_dag_decorator to None, run_after=None
[2026-05-10T12:41:21.695+0000] {processor.py:183} INFO - Processing /home/airflow/.local/lib/python3.12/site-packages/airflow/example_dags/example_dag_decorator.py took 0.353 seconds
[2026-05-10T12:41:52.458+0000] {processor.py:161} INFO - Started process (PID=1758) to work on /home/airflow/.local/lib/python3.12/site-packages/airflow/example_dags/example_dag_decorator.py
[2026-05-10T12:41:52.459+0000] {processor.py:830} INFO - Processing file /home/airflow/.local/lib/python3.12/site-packages/airflow/example_dags/example_dag_decorator.py for tasks to queue
[2026-05-10T12:41:52.461+0000] {logging_mixin.py:188} INFO - [2026-05-10T12:41:52.461+0000] {dagbag.py:545} INFO - Filling up the DagBag from /home/airflow/.local/lib/python3.12/site-packages/airflow/example_dags/example_dag_decorator.py
[2026-05-10T12:41:52.695+0000] {processor.py:840} INFO - DAG(s) 'example_dag_decorator' retrieved from /home/airflow/.local/lib/python3.12/site-packages/airflow/example_dags/example_dag_decorator.py
[2026-05-10T12:41:52.768+0000] {logging_mixin.py:188} INFO - [2026-05-10T12:41:52.768+0000] {dag.py:3089} INFO - Sync 1 DAGs
[2026-05-10T12:41:52.776+0000] {logging_mixin.py:188} INFO - [2026-05-10T12:41:52.776+0000] {dag.py:3947} INFO - Setting next_dagrun for example_dag_decorator to None, run_after=None
[2026-05-10T12:41:52.792+0000] {processor.py:183} INFO - Processing /home/airflow/.local/lib/python3.12/site-packages/airflow/example_dags/example_dag_decorator.py took 0.339 seconds
[2026-05-10T12:42:23.177+0000] {processor.py:161} INFO - Started process (PID=1818) to work on /home/airflow/.local/lib/python3.12/site-packages/airflow/example_dags/example_dag_decorator.py
[2026-05-10T12:42:23.178+0000] {processor.py:830} INFO - Processing file /home/airflow/.local/lib/python3.12/site-packages/airflow/example_dags/example_dag_decorator.py for tasks to queue
[2026-05-10T12:42:23.180+0000] {logging_mixin.py:188} INFO - [2026-05-10T12:42:23.180+0000] {dagbag.py:545} INFO - Filling up the DagBag from /home/airflow/.local/lib/python3.12/site-packages/airflow/example_dags/example_dag_decorator.py
[2026-05-10T12:42:23.429+0000] {processor.py:840} INFO - DAG(s) 'example_dag_decorator' retrieved from /home/airflow/.local/lib/python3.12/site-packages/airflow/example_dags/example_dag_decorator.py
[2026-05-10T12:42:23.505+0000] {logging_mixin.py:188} INFO - [2026-05-10T12:42:23.505+0000] {dag.py:3089} INFO - Sync 1 DAGs
[2026-05-10T12:42:23.514+0000] {logging_mixin.py:188} INFO - [2026-05-10T12:42:23.513+0000] {dag.py:3947} INFO - Setting next_dagrun for example_dag_decorator to None, run_after=None
[2026-05-10T12:42:23.529+0000] {processor.py:183} INFO - Processing /home/airflow/.local/lib/python3.12/site-packages/airflow/example_dags/example_dag_decorator.py took 0.359 seconds
[2026-05-10T12:42:54.299+0000] {processor.py:161} INFO - Started process (PID=1878) to work on /home/airflow/.local/lib/python3.12/site-packages/airflow/example_dags/example_dag_decorator.py
[2026-05-10T12:42:54.300+0000] {processor.py:830} INFO - Processing file /home/airflow/.local/lib/python3.12/site-packages/airflow/example_dags/example_dag_decorator.py for tasks to queue
[2026-05-10T12:42:54.302+0000] {logging_mixin.py:188} INFO - [2026-05-10T12:42:54.301+0000] {dagbag.py:545} INFO - Filling up the DagBag from /home/airflow/.local/lib/python3.12/site-packages/airflow/example_dags/example_dag_decorator.py
[2026-05-10T12:42:54.545+0000] {processor.py:840} INFO - DAG(s) 'example_dag_decorator' retrieved from /home/airflow/.local/lib/python3.12/site-packages/airflow/example_dags/example_dag_decorator.py
[2026-05-10T12:42:54.622+0000] {logging_mixin.py:188} INFO - [2026-05-10T12:42:54.622+0000] {dag.py:3089} INFO - Sync 1 DAGs
[2026-05-10T12:42:54.629+0000] {logging_mixin.py:188} INFO - [2026-05-10T12:42:54.628+0000] {dag.py:3947} INFO - Setting next_dagrun for example_dag_decorator to None, run_after=None
[2026-05-10T12:42:54.642+0000] {processor.py:183} INFO - Processing /home/airflow/.local/lib/python3.12/site-packages/airflow/example_dags/example_dag_decorator.py took 0.349 seconds
[2026-05-10T12:43:24.903+0000] {processor.py:161} INFO - Started process (PID=1938) to work on /home/airflow/.local/lib/python3.12/site-packages/airflow/example_dags/example_dag_decorator.py
[2026-05-10T12:43:24.904+0000] {processor.py:830} INFO - Processing file /home/airflow/.local/lib/python3.12/site-packages/airflow/example_dags/example_dag_decorator.py for tasks to queue
[2026-05-10T12:43:24.905+0000] {logging_mixin.py:188} INFO - [2026-05-10T12:43:24.905+0000] {dagbag.py:545} INFO - Filling up the DagBag from /home/airflow/.local/lib/python3.12/site-packages/airflow/example_dags/example_dag_decorator.py
[2026-05-10T12:43:24.984+0000] {processor.py:840} INFO - DAG(s) 'example_dag_decorator' retrieved from /home/airflow/.local/lib/python3.12/site-packages/airflow/example_dags/example_dag_decorator.py
[2026-05-10T12:43:25.061+0000] {logging_mixin.py:188} INFO - [2026-05-10T12:43:25.061+0000] {dag.py:3089} INFO - Sync 1 DAGs
[2026-05-10T12:43:25.070+0000] {logging_mixin.py:188} INFO - [2026-05-10T12:43:25.070+0000] {dag.py:3947} INFO - Setting next_dagrun for example_dag_decorator to None, run_after=None
[2026-05-10T12:43:25.085+0000] {processor.py:183} INFO - Processing /home/airflow/.local/lib/python3.12/site-packages/airflow/example_dags/example_dag_decorator.py took 0.187 seconds
[2026-05-10T12:43:56.078+0000] {processor.py:161} INFO - Started process (PID=1998) to work on /home/airflow/.local/lib/python3.12/site-packages/airflow/example_dags/example_dag_decorator.py
[2026-05-10T12:43:56.079+0000] {processor.py:830} INFO - Processing file /home/airflow/.local/lib/python3.12/site-packages/airflow/example_dags/example_dag_decorator.py for tasks to queue
[2026-05-10T12:43:56.080+0000] {logging_mixin.py:188} INFO - [2026-05-10T12:43:56.080+0000] {dagbag.py:545} INFO - Filling up the DagBag from /home/airflow/.local/lib/python3.12/site-packages/airflow/example_dags/example_dag_decorator.py
[2026-05-10T12:43:56.165+0000] {processor.py:840} INFO - DAG(s) 'example_dag_decorator' retrieved from /home/airflow/.local/lib/python3.12/site-packages/airflow/example_dags/example_dag_decorator.py
[2026-05-10T12:43:56.241+0000] {logging_mixin.py:188} INFO - [2026-05-10T12:43:56.241+0000] {dag.py:3089} INFO - Sync 1 DAGs
[2026-05-10T12:43:56.247+0000] {logging_mixin.py:188} INFO - [2026-05-10T12:43:56.247+0000] {dag.py:3947} INFO - Setting next_dagrun for example_dag_decorator to None, run_after=None
[2026-05-10T12:43:56.261+0000] {processor.py:183} INFO - Processing /home/airflow/.local/lib/python3.12/site-packages/airflow/example_dags/example_dag_decorator.py took 0.189 seconds
[2026-05-10T12:44:27.192+0000] {processor.py:161} INFO - Started process (PID=2058) to work on /home/airflow/.local/lib/python3.12/site-packages/airflow/example_dags/example_dag_decorator.py
[2026-05-10T12:44:27.193+0000] {processor.py:830} INFO - Processing file /home/airflow/.local/lib/python3.12/site-packages/airflow/example_dags/example_dag_decorator.py for tasks to queue
[2026-05-10T12:44:27.195+0000] {logging_mixin.py:188} INFO - [2026-05-10T12:44:27.194+0000] {dagbag.py:545} INFO - Filling up the DagBag from /home/airflow/.local/lib/python3.12/site-packages/airflow/example_dags/example_dag_decorator.py
[2026-05-10T12:44:27.286+0000] {processor.py:840} INFO - DAG(s) 'example_dag_decorator' retrieved from /home/airflow/.local/lib/python3.12/site-packages/airflow/example_dags/example_dag_decorator.py
[2026-05-10T12:44:27.363+0000] {logging_mixin.py:188} INFO - [2026-05-10T12:44:27.362+0000] {dag.py:3089} INFO - Sync 1 DAGs
[2026-05-10T12:44:27.372+0000] {logging_mixin.py:188} INFO - [2026-05-10T12:44:27.372+0000] {dag.py:3947} INFO - Setting next_dagrun for example_dag_decorator to None, run_after=None
[2026-05-10T12:44:27.385+0000] {processor.py:183} INFO - Processing /home/airflow/.local/lib/python3.12/site-packages/airflow/example_dags/example_dag_decorator.py took 0.199 seconds
[2026-05-10T12:44:58.253+0000] {processor.py:161} INFO - Started process (PID=2118) to work on /home/airflow/.local/lib/python3.12/site-packages/airflow/example_dags/example_dag_decorator.py
[2026-05-10T12:44:58.254+0000] {processor.py:830} INFO - Processing file /home/airflow/.local/lib/python3.12/site-packages/airflow/example_dags/example_dag_decorator.py for tasks to queue
[2026-05-10T12:44:58.256+0000] {logging_mixin.py:188} INFO - [2026-05-10T12:44:58.255+0000] {dagbag.py:545} INFO - Filling up the DagBag from /home/airflow/.local/lib/python3.12/site-packages/airflow/example_dags/example_dag_decorator.py
[2026-05-10T12:44:58.345+0000] {processor.py:840} INFO - DAG(s) 'example_dag_decorator' retrieved from /home/airflow/.local/lib/python3.12/site-packages/airflow/example_dags/example_dag_decorator.py
[2026-05-10T12:44:58.430+0000] {logging_mixin.py:188} INFO - [2026-05-10T12:44:58.430+0000] {dag.py:3089} INFO - Sync 1 DAGs
[2026-05-10T12:44:58.438+0000] {logging_mixin.py:188} INFO - [2026-05-10T12:44:58.438+0000] {dag.py:3947} INFO - Setting next_dagrun for example_dag_decorator to None, run_after=None
[2026-05-10T12:44:58.453+0000] {processor.py:183} INFO - Processing /home/airflow/.local/lib/python3.12/site-packages/airflow/example_dags/example_dag_decorator.py took 0.207 seconds
[2026-05-10T12:45:29.015+0000] {processor.py:161} INFO - Started process (PID=2178) to work on /home/airflow/.local/lib/python3.12/site-packages/airflow/example_dags/example_dag_decorator.py
[2026-05-10T12:45:29.015+0000] {processor.py:830} INFO - Processing file /home/airflow/.local/lib/python3.12/site-packages/airflow/example_dags/example_dag_decorator.py for tasks to queue
[2026-05-10T12:45:29.017+0000] {logging_mixin.py:188} INFO - [2026-05-10T12:45:29.017+0000] {dagbag.py:545} INFO - Filling up the DagBag from /home/airflow/.local/lib/python3.12/site-packages/airflow/example_dags/example_dag_decorator.py
[2026-05-10T12:45:29.100+0000] {processor.py:840} INFO - DAG(s) 'example_dag_decorator' retrieved from /home/airflow/.local/lib/python3.12/site-packages/airflow/example_dags/example_dag_decorator.py
[2026-05-10T12:45:29.184+0000] {logging_mixin.py:188} INFO - [2026-05-10T12:45:29.184+0000] {dag.py:3089} INFO - Sync 1 DAGs
[2026-05-10T12:45:29.192+0000] {logging_mixin.py:188} INFO - [2026-05-10T12:45:29.192+0000] {dag.py:3947} INFO - Setting next_dagrun for example_dag_decorator to None, run_after=None
[2026-05-10T12:45:29.207+0000] {processor.py:183} INFO - Processing /home/airflow/.local/lib/python3.12/site-packages/airflow/example_dags/example_dag_decorator.py took 0.198 seconds
[2026-05-10T12:45:59.770+0000] {processor.py:161} INFO - Started process (PID=2238) to work on /home/airflow/.local/lib/python3.12/site-packages/airflow/example_dags/example_dag_decorator.py
[2026-05-10T12:45:59.771+0000] {processor.py:830} INFO - Processing file /home/airflow/.local/lib/python3.12/site-packages/airflow/example_dags/example_dag_decorator.py for tasks to queue
[2026-05-10T12:45:59.773+0000] {logging_mixin.py:188} INFO - [2026-05-10T12:45:59.772+0000] {dagbag.py:545} INFO - Filling up the DagBag from /home/airflow/.local/lib/python3.12/site-packages/airflow/example_dags/example_dag_decorator.py
[2026-05-10T12:45:59.871+0000] {processor.py:840} INFO - DAG(s) 'example_dag_decorator' retrieved from /home/airflow/.local/lib/python3.12/site-packages/airflow/example_dags/example_dag_decorator.py
[2026-05-10T12:45:59.959+0000] {logging_mixin.py:188} INFO - [2026-05-10T12:45:59.959+0000] {dag.py:3089} INFO - Sync 1 DAGs
[2026-05-10T12:45:59.966+0000] {logging_mixin.py:188} INFO - [2026-05-10T12:45:59.966+0000] {dag.py:3947} INFO - Setting next_dagrun for example_dag_decorator to None, run_after=None
[2026-05-10T12:45:59.980+0000] {processor.py:183} INFO - Processing /home/airflow/.local/lib/python3.12/site-packages/airflow/example_dags/example_dag_decorator.py took 0.216 seconds
[2026-05-10T12:46:30.815+0000] {processor.py:161} INFO - Started process (PID=2304) to work on /home/airflow/.local/lib/python3.12/site-packages/airflow/example_dags/example_dag_decorator.py
[2026-05-10T12:46:30.815+0000] {processor.py:830} INFO - Processing file /home/airflow/.local/lib/python3.12/site-packages/airflow/example_dags/example_dag_decorator.py for tasks to queue
[2026-05-10T12:46:30.817+0000] {logging_mixin.py:188} INFO - [2026-05-10T12:46:30.817+0000] {dagbag.py:545} INFO - Filling up the DagBag from /home/airflow/.local/lib/python3.12/site-packages/airflow/example_dags/example_dag_decorator.py
[2026-05-10T12:46:30.900+0000] {processor.py:840} INFO - DAG(s) 'example_dag_decorator' retrieved from /home/airflow/.local/lib/python3.12/site-packages/airflow/example_dags/example_dag_decorator.py
[2026-05-10T12:46:30.975+0000] {logging_mixin.py:188} INFO - [2026-05-10T12:46:30.975+0000] {dag.py:3089} INFO - Sync 1 DAGs
[2026-05-10T12:46:30.982+0000] {logging_mixin.py:188} INFO - [2026-05-10T12:46:30.982+0000] {dag.py:3947} INFO - Setting next_dagrun for example_dag_decorator to None, run_after=None
[2026-05-10T12:46:30.995+0000] {processor.py:183} INFO - Processing /home/airflow/.local/lib/python3.12/site-packages/airflow/example_dags/example_dag_decorator.py took 0.185 seconds
