[2026-05-10T08:47:01.573+0000] {processor.py:161} INFO - Started process (PID=74) to work on /home/airflow/.local/lib/python3.12/site-packages/airflow/example_dags/example_task_group.py
[2026-05-10T08:47:01.574+0000] {processor.py:830} INFO - Processing file /home/airflow/.local/lib/python3.12/site-packages/airflow/example_dags/example_task_group.py for tasks to queue
[2026-05-10T08:47:01.576+0000] {logging_mixin.py:188} INFO - [2026-05-10T08:47:01.575+0000] {dagbag.py:545} INFO - Filling up the DagBag from /home/airflow/.local/lib/python3.12/site-packages/airflow/example_dags/example_task_group.py
[2026-05-10T08:47:01.585+0000] {processor.py:840} INFO - DAG(s) 'example_task_group' retrieved from /home/airflow/.local/lib/python3.12/site-packages/airflow/example_dags/example_task_group.py
[2026-05-10T08:47:01.598+0000] {logging_mixin.py:188} INFO - [2026-05-10T08:47:01.598+0000] {dag.py:3089} INFO - Sync 1 DAGs
[2026-05-10T08:47:01.620+0000] {logging_mixin.py:188} INFO - [2026-05-10T08:47:01.620+0000] {dag.py:3947} INFO - Setting next_dagrun for example_task_group to 2026-05-09 00:00:00+00:00, run_after=2026-05-10 00:00:00+00:00
[2026-05-10T08:47:01.638+0000] {processor.py:183} INFO - Processing /home/airflow/.local/lib/python3.12/site-packages/airflow/example_dags/example_task_group.py took 0.072 seconds
[2026-05-10T08:47:32.503+0000] {processor.py:161} INFO - Started process (PID=133) to work on /home/airflow/.local/lib/python3.12/site-packages/airflow/example_dags/example_task_group.py
[2026-05-10T08:47:32.504+0000] {processor.py:830} INFO - Processing file /home/airflow/.local/lib/python3.12/site-packages/airflow/example_dags/example_task_group.py for tasks to queue
[2026-05-10T08:47:32.505+0000] {logging_mixin.py:188} INFO - [2026-05-10T08:47:32.505+0000] {dagbag.py:545} INFO - Filling up the DagBag from /home/airflow/.local/lib/python3.12/site-packages/airflow/example_dags/example_task_group.py
[2026-05-10T08:47:32.512+0000] {processor.py:840} INFO - DAG(s) 'example_task_group' retrieved from /home/airflow/.local/lib/python3.12/site-packages/airflow/example_dags/example_task_group.py
[2026-05-10T08:47:32.593+0000] {logging_mixin.py:188} INFO - [2026-05-10T08:47:32.593+0000] {dag.py:3089} INFO - Sync 1 DAGs
[2026-05-10T08:47:32.607+0000] {logging_mixin.py:188} INFO - [2026-05-10T08:47:32.607+0000] {dag.py:3947} INFO - Setting next_dagrun for example_task_group to 2026-05-09 00:00:00+00:00, run_after=2026-05-10 00:00:00+00:00
[2026-05-10T08:47:32.620+0000] {processor.py:183} INFO - Processing /home/airflow/.local/lib/python3.12/site-packages/airflow/example_dags/example_task_group.py took 0.124 seconds
[2026-05-10T08:48:02.996+0000] {processor.py:161} INFO - Started process (PID=192) to work on /home/airflow/.local/lib/python3.12/site-packages/airflow/example_dags/example_task_group.py
[2026-05-10T08:48:02.997+0000] {processor.py:830} INFO - Processing file /home/airflow/.local/lib/python3.12/site-packages/airflow/example_dags/example_task_group.py for tasks to queue
[2026-05-10T08:48:02.998+0000] {logging_mixin.py:188} INFO - [2026-05-10T08:48:02.997+0000] {dagbag.py:545} INFO - Filling up the DagBag from /home/airflow/.local/lib/python3.12/site-packages/airflow/example_dags/example_task_group.py
[2026-05-10T08:48:03.005+0000] {processor.py:840} INFO - DAG(s) 'example_task_group' retrieved from /home/airflow/.local/lib/python3.12/site-packages/airflow/example_dags/example_task_group.py
[2026-05-10T08:48:03.024+0000] {logging_mixin.py:188} INFO - [2026-05-10T08:48:03.024+0000] {dag.py:3089} INFO - Sync 1 DAGs
[2026-05-10T08:48:03.042+0000] {logging_mixin.py:188} INFO - [2026-05-10T08:48:03.042+0000] {dag.py:3947} INFO - Setting next_dagrun for example_task_group to 2026-05-09 00:00:00+00:00, run_after=2026-05-10 00:00:00+00:00
[2026-05-10T08:48:03.057+0000] {processor.py:183} INFO - Processing /home/airflow/.local/lib/python3.12/site-packages/airflow/example_dags/example_task_group.py took 0.068 seconds
[2026-05-10T10:24:37.384+0000] {processor.py:161} INFO - Started process (PID=75) to work on /home/airflow/.local/lib/python3.12/site-packages/airflow/example_dags/example_task_group.py
[2026-05-10T10:24:37.384+0000] {processor.py:830} INFO - Processing file /home/airflow/.local/lib/python3.12/site-packages/airflow/example_dags/example_task_group.py for tasks to queue
[2026-05-10T10:24:37.386+0000] {logging_mixin.py:188} INFO - [2026-05-10T10:24:37.386+0000] {dagbag.py:545} INFO - Filling up the DagBag from /home/airflow/.local/lib/python3.12/site-packages/airflow/example_dags/example_task_group.py
[2026-05-10T10:24:37.395+0000] {processor.py:840} INFO - DAG(s) 'example_task_group' retrieved from /home/airflow/.local/lib/python3.12/site-packages/airflow/example_dags/example_task_group.py
[2026-05-10T10:24:37.407+0000] {logging_mixin.py:188} INFO - [2026-05-10T10:24:37.407+0000] {dag.py:3089} INFO - Sync 1 DAGs
[2026-05-10T10:24:37.426+0000] {logging_mixin.py:188} INFO - [2026-05-10T10:24:37.426+0000] {dag.py:3947} INFO - Setting next_dagrun for example_task_group to 2026-05-09 00:00:00+00:00, run_after=2026-05-10 00:00:00+00:00
[2026-05-10T10:24:37.444+0000] {processor.py:183} INFO - Processing /home/airflow/.local/lib/python3.12/site-packages/airflow/example_dags/example_task_group.py took 0.066 seconds
[2026-05-10T10:25:09.216+0000] {processor.py:161} INFO - Started process (PID=135) to work on /home/airflow/.local/lib/python3.12/site-packages/airflow/example_dags/example_task_group.py
[2026-05-10T10:25:09.217+0000] {processor.py:830} INFO - Processing file /home/airflow/.local/lib/python3.12/site-packages/airflow/example_dags/example_task_group.py for tasks to queue
[2026-05-10T10:25:09.219+0000] {logging_mixin.py:188} INFO - [2026-05-10T10:25:09.219+0000] {dagbag.py:545} INFO - Filling up the DagBag from /home/airflow/.local/lib/python3.12/site-packages/airflow/example_dags/example_task_group.py
[2026-05-10T10:25:09.225+0000] {processor.py:840} INFO - DAG(s) 'example_task_group' retrieved from /home/airflow/.local/lib/python3.12/site-packages/airflow/example_dags/example_task_group.py
[2026-05-10T10:25:09.307+0000] {logging_mixin.py:188} INFO - [2026-05-10T10:25:09.307+0000] {dag.py:3089} INFO - Sync 1 DAGs
[2026-05-10T10:25:09.321+0000] {logging_mixin.py:188} INFO - [2026-05-10T10:25:09.320+0000] {dag.py:3947} INFO - Setting next_dagrun for example_task_group to 2026-05-09 00:00:00+00:00, run_after=2026-05-10 00:00:00+00:00
[2026-05-10T10:25:09.334+0000] {processor.py:183} INFO - Processing /home/airflow/.local/lib/python3.12/site-packages/airflow/example_dags/example_task_group.py took 0.123 seconds
[2026-05-10T10:25:39.768+0000] {processor.py:161} INFO - Started process (PID=195) to work on /home/airflow/.local/lib/python3.12/site-packages/airflow/example_dags/example_task_group.py
[2026-05-10T10:25:39.769+0000] {processor.py:830} INFO - Processing file /home/airflow/.local/lib/python3.12/site-packages/airflow/example_dags/example_task_group.py for tasks to queue
[2026-05-10T10:25:39.771+0000] {logging_mixin.py:188} INFO - [2026-05-10T10:25:39.770+0000] {dagbag.py:545} INFO - Filling up the DagBag from /home/airflow/.local/lib/python3.12/site-packages/airflow/example_dags/example_task_group.py
[2026-05-10T10:25:39.781+0000] {processor.py:840} INFO - DAG(s) 'example_task_group' retrieved from /home/airflow/.local/lib/python3.12/site-packages/airflow/example_dags/example_task_group.py
[2026-05-10T10:25:39.801+0000] {logging_mixin.py:188} INFO - [2026-05-10T10:25:39.801+0000] {dag.py:3089} INFO - Sync 1 DAGs
[2026-05-10T10:25:39.818+0000] {logging_mixin.py:188} INFO - [2026-05-10T10:25:39.818+0000] {dag.py:3947} INFO - Setting next_dagrun for example_task_group to 2026-05-09 00:00:00+00:00, run_after=2026-05-10 00:00:00+00:00
[2026-05-10T10:25:39.832+0000] {processor.py:183} INFO - Processing /home/airflow/.local/lib/python3.12/site-packages/airflow/example_dags/example_task_group.py took 0.072 seconds
[2026-05-10T10:26:10.029+0000] {processor.py:161} INFO - Started process (PID=255) to work on /home/airflow/.local/lib/python3.12/site-packages/airflow/example_dags/example_task_group.py
[2026-05-10T10:26:10.030+0000] {processor.py:830} INFO - Processing file /home/airflow/.local/lib/python3.12/site-packages/airflow/example_dags/example_task_group.py for tasks to queue
[2026-05-10T10:26:10.031+0000] {logging_mixin.py:188} INFO - [2026-05-10T10:26:10.031+0000] {dagbag.py:545} INFO - Filling up the DagBag from /home/airflow/.local/lib/python3.12/site-packages/airflow/example_dags/example_task_group.py
[2026-05-10T10:26:10.037+0000] {processor.py:840} INFO - DAG(s) 'example_task_group' retrieved from /home/airflow/.local/lib/python3.12/site-packages/airflow/example_dags/example_task_group.py
[2026-05-10T10:26:10.055+0000] {logging_mixin.py:188} INFO - [2026-05-10T10:26:10.055+0000] {dag.py:3089} INFO - Sync 1 DAGs
[2026-05-10T10:26:10.071+0000] {logging_mixin.py:188} INFO - [2026-05-10T10:26:10.071+0000] {dag.py:3947} INFO - Setting next_dagrun for example_task_group to 2026-05-09 00:00:00+00:00, run_after=2026-05-10 00:00:00+00:00
[2026-05-10T10:26:10.084+0000] {processor.py:183} INFO - Processing /home/airflow/.local/lib/python3.12/site-packages/airflow/example_dags/example_task_group.py took 0.062 seconds
[2026-05-10T10:26:40.227+0000] {processor.py:161} INFO - Started process (PID=315) to work on /home/airflow/.local/lib/python3.12/site-packages/airflow/example_dags/example_task_group.py
[2026-05-10T10:26:40.228+0000] {processor.py:830} INFO - Processing file /home/airflow/.local/lib/python3.12/site-packages/airflow/example_dags/example_task_group.py for tasks to queue
[2026-05-10T10:26:40.229+0000] {logging_mixin.py:188} INFO - [2026-05-10T10:26:40.229+0000] {dagbag.py:545} INFO - Filling up the DagBag from /home/airflow/.local/lib/python3.12/site-packages/airflow/example_dags/example_task_group.py
[2026-05-10T10:26:40.236+0000] {processor.py:840} INFO - DAG(s) 'example_task_group' retrieved from /home/airflow/.local/lib/python3.12/site-packages/airflow/example_dags/example_task_group.py
[2026-05-10T10:26:40.253+0000] {logging_mixin.py:188} INFO - [2026-05-10T10:26:40.253+0000] {dag.py:3089} INFO - Sync 1 DAGs
[2026-05-10T10:26:40.270+0000] {logging_mixin.py:188} INFO - [2026-05-10T10:26:40.269+0000] {dag.py:3947} INFO - Setting next_dagrun for example_task_group to 2026-05-09 00:00:00+00:00, run_after=2026-05-10 00:00:00+00:00
[2026-05-10T10:26:40.283+0000] {processor.py:183} INFO - Processing /home/airflow/.local/lib/python3.12/site-packages/airflow/example_dags/example_task_group.py took 0.062 seconds
[2026-05-10T10:27:10.494+0000] {processor.py:161} INFO - Started process (PID=375) to work on /home/airflow/.local/lib/python3.12/site-packages/airflow/example_dags/example_task_group.py
[2026-05-10T10:27:10.494+0000] {processor.py:830} INFO - Processing file /home/airflow/.local/lib/python3.12/site-packages/airflow/example_dags/example_task_group.py for tasks to queue
[2026-05-10T10:27:10.496+0000] {logging_mixin.py:188} INFO - [2026-05-10T10:27:10.496+0000] {dagbag.py:545} INFO - Filling up the DagBag from /home/airflow/.local/lib/python3.12/site-packages/airflow/example_dags/example_task_group.py
[2026-05-10T10:27:10.501+0000] {processor.py:840} INFO - DAG(s) 'example_task_group' retrieved from /home/airflow/.local/lib/python3.12/site-packages/airflow/example_dags/example_task_group.py
[2026-05-10T10:27:10.518+0000] {logging_mixin.py:188} INFO - [2026-05-10T10:27:10.518+0000] {dag.py:3089} INFO - Sync 1 DAGs
[2026-05-10T10:27:10.535+0000] {logging_mixin.py:188} INFO - [2026-05-10T10:27:10.535+0000] {dag.py:3947} INFO - Setting next_dagrun for example_task_group to 2026-05-09 00:00:00+00:00, run_after=2026-05-10 00:00:00+00:00
[2026-05-10T10:27:10.548+0000] {processor.py:183} INFO - Processing /home/airflow/.local/lib/python3.12/site-packages/airflow/example_dags/example_task_group.py took 0.060 seconds
[2026-05-10T10:27:40.899+0000] {processor.py:161} INFO - Started process (PID=441) to work on /home/airflow/.local/lib/python3.12/site-packages/airflow/example_dags/example_task_group.py
[2026-05-10T10:27:40.900+0000] {processor.py:830} INFO - Processing file /home/airflow/.local/lib/python3.12/site-packages/airflow/example_dags/example_task_group.py for tasks to queue
[2026-05-10T10:27:40.901+0000] {logging_mixin.py:188} INFO - [2026-05-10T10:27:40.901+0000] {dagbag.py:545} INFO - Filling up the DagBag from /home/airflow/.local/lib/python3.12/site-packages/airflow/example_dags/example_task_group.py
[2026-05-10T10:27:40.908+0000] {processor.py:840} INFO - DAG(s) 'example_task_group' retrieved from /home/airflow/.local/lib/python3.12/site-packages/airflow/example_dags/example_task_group.py
[2026-05-10T10:27:40.928+0000] {logging_mixin.py:188} INFO - [2026-05-10T10:27:40.927+0000] {dag.py:3089} INFO - Sync 1 DAGs
[2026-05-10T10:27:40.945+0000] {logging_mixin.py:188} INFO - [2026-05-10T10:27:40.945+0000] {dag.py:3947} INFO - Setting next_dagrun for example_task_group to 2026-05-09 00:00:00+00:00, run_after=2026-05-10 00:00:00+00:00
[2026-05-10T10:27:40.963+0000] {processor.py:183} INFO - Processing /home/airflow/.local/lib/python3.12/site-packages/airflow/example_dags/example_task_group.py took 0.071 seconds
[2026-05-10T10:28:11.422+0000] {processor.py:161} INFO - Started process (PID=502) to work on /home/airflow/.local/lib/python3.12/site-packages/airflow/example_dags/example_task_group.py
[2026-05-10T10:28:11.423+0000] {processor.py:830} INFO - Processing file /home/airflow/.local/lib/python3.12/site-packages/airflow/example_dags/example_task_group.py for tasks to queue
[2026-05-10T10:28:11.425+0000] {logging_mixin.py:188} INFO - [2026-05-10T10:28:11.425+0000] {dagbag.py:545} INFO - Filling up the DagBag from /home/airflow/.local/lib/python3.12/site-packages/airflow/example_dags/example_task_group.py
[2026-05-10T10:28:11.433+0000] {processor.py:840} INFO - DAG(s) 'example_task_group' retrieved from /home/airflow/.local/lib/python3.12/site-packages/airflow/example_dags/example_task_group.py
[2026-05-10T10:28:11.453+0000] {logging_mixin.py:188} INFO - [2026-05-10T10:28:11.453+0000] {dag.py:3089} INFO - Sync 1 DAGs
[2026-05-10T10:28:11.471+0000] {logging_mixin.py:188} INFO - [2026-05-10T10:28:11.471+0000] {dag.py:3947} INFO - Setting next_dagrun for example_task_group to 2026-05-09 00:00:00+00:00, run_after=2026-05-10 00:00:00+00:00
[2026-05-10T10:28:11.485+0000] {processor.py:183} INFO - Processing /home/airflow/.local/lib/python3.12/site-packages/airflow/example_dags/example_task_group.py took 0.069 seconds
[2026-05-10T10:30:16.167+0000] {processor.py:161} INFO - Started process (PID=75) to work on /home/airflow/.local/lib/python3.12/site-packages/airflow/example_dags/example_task_group.py
[2026-05-10T10:30:16.168+0000] {processor.py:830} INFO - Processing file /home/airflow/.local/lib/python3.12/site-packages/airflow/example_dags/example_task_group.py for tasks to queue
[2026-05-10T10:30:16.170+0000] {logging_mixin.py:188} INFO - [2026-05-10T10:30:16.170+0000] {dagbag.py:545} INFO - Filling up the DagBag from /home/airflow/.local/lib/python3.12/site-packages/airflow/example_dags/example_task_group.py
[2026-05-10T10:30:16.184+0000] {processor.py:840} INFO - DAG(s) 'example_task_group' retrieved from /home/airflow/.local/lib/python3.12/site-packages/airflow/example_dags/example_task_group.py
[2026-05-10T10:30:16.199+0000] {logging_mixin.py:188} INFO - [2026-05-10T10:30:16.199+0000] {dag.py:3089} INFO - Sync 1 DAGs
[2026-05-10T10:30:16.232+0000] {logging_mixin.py:188} INFO - [2026-05-10T10:30:16.231+0000] {dag.py:3947} INFO - Setting next_dagrun for example_task_group to 2026-05-09 00:00:00+00:00, run_after=2026-05-10 00:00:00+00:00
[2026-05-10T10:30:16.257+0000] {processor.py:183} INFO - Processing /home/airflow/.local/lib/python3.12/site-packages/airflow/example_dags/example_task_group.py took 0.098 seconds
[2026-05-10T10:30:47.189+0000] {processor.py:161} INFO - Started process (PID=135) to work on /home/airflow/.local/lib/python3.12/site-packages/airflow/example_dags/example_task_group.py
[2026-05-10T10:30:47.190+0000] {processor.py:830} INFO - Processing file /home/airflow/.local/lib/python3.12/site-packages/airflow/example_dags/example_task_group.py for tasks to queue
[2026-05-10T10:30:47.191+0000] {logging_mixin.py:188} INFO - [2026-05-10T10:30:47.191+0000] {dagbag.py:545} INFO - Filling up the DagBag from /home/airflow/.local/lib/python3.12/site-packages/airflow/example_dags/example_task_group.py
[2026-05-10T10:30:47.197+0000] {processor.py:840} INFO - DAG(s) 'example_task_group' retrieved from /home/airflow/.local/lib/python3.12/site-packages/airflow/example_dags/example_task_group.py
[2026-05-10T10:30:47.282+0000] {logging_mixin.py:188} INFO - [2026-05-10T10:30:47.281+0000] {dag.py:3089} INFO - Sync 1 DAGs
[2026-05-10T10:30:47.297+0000] {logging_mixin.py:188} INFO - [2026-05-10T10:30:47.297+0000] {dag.py:3947} INFO - Setting next_dagrun for example_task_group to 2026-05-09 00:00:00+00:00, run_after=2026-05-10 00:00:00+00:00
[2026-05-10T10:30:47.313+0000] {processor.py:183} INFO - Processing /home/airflow/.local/lib/python3.12/site-packages/airflow/example_dags/example_task_group.py took 0.130 seconds
[2026-05-10T10:31:18.009+0000] {processor.py:161} INFO - Started process (PID=195) to work on /home/airflow/.local/lib/python3.12/site-packages/airflow/example_dags/example_task_group.py
[2026-05-10T10:31:18.010+0000] {processor.py:830} INFO - Processing file /home/airflow/.local/lib/python3.12/site-packages/airflow/example_dags/example_task_group.py for tasks to queue
[2026-05-10T10:31:18.012+0000] {logging_mixin.py:188} INFO - [2026-05-10T10:31:18.012+0000] {dagbag.py:545} INFO - Filling up the DagBag from /home/airflow/.local/lib/python3.12/site-packages/airflow/example_dags/example_task_group.py
[2026-05-10T10:31:18.017+0000] {processor.py:840} INFO - DAG(s) 'example_task_group' retrieved from /home/airflow/.local/lib/python3.12/site-packages/airflow/example_dags/example_task_group.py
[2026-05-10T10:31:18.035+0000] {logging_mixin.py:188} INFO - [2026-05-10T10:31:18.035+0000] {dag.py:3089} INFO - Sync 1 DAGs
[2026-05-10T10:31:18.054+0000] {logging_mixin.py:188} INFO - [2026-05-10T10:31:18.054+0000] {dag.py:3947} INFO - Setting next_dagrun for example_task_group to 2026-05-09 00:00:00+00:00, run_after=2026-05-10 00:00:00+00:00
[2026-05-10T10:31:18.068+0000] {processor.py:183} INFO - Processing /home/airflow/.local/lib/python3.12/site-packages/airflow/example_dags/example_task_group.py took 0.064 seconds
[2026-05-10T10:31:48.425+0000] {processor.py:161} INFO - Started process (PID=255) to work on /home/airflow/.local/lib/python3.12/site-packages/airflow/example_dags/example_task_group.py
[2026-05-10T10:31:48.426+0000] {processor.py:830} INFO - Processing file /home/airflow/.local/lib/python3.12/site-packages/airflow/example_dags/example_task_group.py for tasks to queue
[2026-05-10T10:31:48.428+0000] {logging_mixin.py:188} INFO - [2026-05-10T10:31:48.427+0000] {dagbag.py:545} INFO - Filling up the DagBag from /home/airflow/.local/lib/python3.12/site-packages/airflow/example_dags/example_task_group.py
[2026-05-10T10:31:48.434+0000] {processor.py:840} INFO - DAG(s) 'example_task_group' retrieved from /home/airflow/.local/lib/python3.12/site-packages/airflow/example_dags/example_task_group.py
[2026-05-10T10:31:48.452+0000] {logging_mixin.py:188} INFO - [2026-05-10T10:31:48.451+0000] {dag.py:3089} INFO - Sync 1 DAGs
[2026-05-10T10:31:48.469+0000] {logging_mixin.py:188} INFO - [2026-05-10T10:31:48.469+0000] {dag.py:3947} INFO - Setting next_dagrun for example_task_group to 2026-05-09 00:00:00+00:00, run_after=2026-05-10 00:00:00+00:00
[2026-05-10T10:31:48.484+0000] {processor.py:183} INFO - Processing /home/airflow/.local/lib/python3.12/site-packages/airflow/example_dags/example_task_group.py took 0.065 seconds
[2026-05-10T10:32:19.064+0000] {processor.py:161} INFO - Started process (PID=321) to work on /home/airflow/.local/lib/python3.12/site-packages/airflow/example_dags/example_task_group.py
[2026-05-10T10:32:19.065+0000] {processor.py:830} INFO - Processing file /home/airflow/.local/lib/python3.12/site-packages/airflow/example_dags/example_task_group.py for tasks to queue
[2026-05-10T10:32:19.066+0000] {logging_mixin.py:188} INFO - [2026-05-10T10:32:19.066+0000] {dagbag.py:545} INFO - Filling up the DagBag from /home/airflow/.local/lib/python3.12/site-packages/airflow/example_dags/example_task_group.py
[2026-05-10T10:32:19.073+0000] {processor.py:840} INFO - DAG(s) 'example_task_group' retrieved from /home/airflow/.local/lib/python3.12/site-packages/airflow/example_dags/example_task_group.py
[2026-05-10T10:32:19.090+0000] {logging_mixin.py:188} INFO - [2026-05-10T10:32:19.090+0000] {dag.py:3089} INFO - Sync 1 DAGs
[2026-05-10T10:32:19.107+0000] {logging_mixin.py:188} INFO - [2026-05-10T10:32:19.107+0000] {dag.py:3947} INFO - Setting next_dagrun for example_task_group to 2026-05-09 00:00:00+00:00, run_after=2026-05-10 00:00:00+00:00
[2026-05-10T10:32:19.122+0000] {processor.py:183} INFO - Processing /home/airflow/.local/lib/python3.12/site-packages/airflow/example_dags/example_task_group.py took 0.063 seconds
[2026-05-10T10:47:03.823+0000] {processor.py:161} INFO - Started process (PID=75) to work on /home/airflow/.local/lib/python3.12/site-packages/airflow/example_dags/example_task_group.py
[2026-05-10T10:47:03.824+0000] {processor.py:830} INFO - Processing file /home/airflow/.local/lib/python3.12/site-packages/airflow/example_dags/example_task_group.py for tasks to queue
[2026-05-10T10:47:03.826+0000] {logging_mixin.py:188} INFO - [2026-05-10T10:47:03.825+0000] {dagbag.py:545} INFO - Filling up the DagBag from /home/airflow/.local/lib/python3.12/site-packages/airflow/example_dags/example_task_group.py
[2026-05-10T10:47:03.835+0000] {processor.py:840} INFO - DAG(s) 'example_task_group' retrieved from /home/airflow/.local/lib/python3.12/site-packages/airflow/example_dags/example_task_group.py
[2026-05-10T10:47:03.926+0000] {logging_mixin.py:188} INFO - [2026-05-10T10:47:03.925+0000] {override.py:1858} INFO - Created Permission View: can delete on DAG:example_task_group
[2026-05-10T10:47:03.933+0000] {logging_mixin.py:188} INFO - [2026-05-10T10:47:03.932+0000] {override.py:1858} INFO - Created Permission View: can read on DAG:example_task_group
[2026-05-10T10:47:03.938+0000] {logging_mixin.py:188} INFO - [2026-05-10T10:47:03.938+0000] {override.py:1858} INFO - Created Permission View: can edit on DAG:example_task_group
[2026-05-10T10:47:03.938+0000] {logging_mixin.py:188} INFO - [2026-05-10T10:47:03.938+0000] {dag.py:3089} INFO - Sync 1 DAGs
[2026-05-10T10:47:03.946+0000] {logging_mixin.py:188} INFO - [2026-05-10T10:47:03.946+0000] {dag.py:3111} INFO - Creating ORM DAG for example_task_group
[2026-05-10T10:47:03.954+0000] {logging_mixin.py:188} INFO - [2026-05-10T10:47:03.954+0000] {dag.py:3947} INFO - Setting next_dagrun for example_task_group to 2026-05-09 00:00:00+00:00, run_after=2026-05-10 00:00:00+00:00
[2026-05-10T10:47:03.966+0000] {processor.py:183} INFO - Processing /home/airflow/.local/lib/python3.12/site-packages/airflow/example_dags/example_task_group.py took 0.149 seconds
[2026-05-10T10:47:34.868+0000] {processor.py:161} INFO - Started process (PID=135) to work on /home/airflow/.local/lib/python3.12/site-packages/airflow/example_dags/example_task_group.py
[2026-05-10T10:47:34.869+0000] {processor.py:830} INFO - Processing file /home/airflow/.local/lib/python3.12/site-packages/airflow/example_dags/example_task_group.py for tasks to queue
[2026-05-10T10:47:34.870+0000] {logging_mixin.py:188} INFO - [2026-05-10T10:47:34.870+0000] {dagbag.py:545} INFO - Filling up the DagBag from /home/airflow/.local/lib/python3.12/site-packages/airflow/example_dags/example_task_group.py
[2026-05-10T10:47:34.875+0000] {processor.py:840} INFO - DAG(s) 'example_task_group' retrieved from /home/airflow/.local/lib/python3.12/site-packages/airflow/example_dags/example_task_group.py
[2026-05-10T10:47:34.892+0000] {logging_mixin.py:188} INFO - [2026-05-10T10:47:34.892+0000] {dag.py:3089} INFO - Sync 1 DAGs
[2026-05-10T10:47:34.907+0000] {logging_mixin.py:188} INFO - [2026-05-10T10:47:34.907+0000] {dag.py:3947} INFO - Setting next_dagrun for example_task_group to 2026-05-09 00:00:00+00:00, run_after=2026-05-10 00:00:00+00:00
[2026-05-10T10:47:34.920+0000] {processor.py:183} INFO - Processing /home/airflow/.local/lib/python3.12/site-packages/airflow/example_dags/example_task_group.py took 0.057 seconds
[2026-05-10T10:48:05.519+0000] {processor.py:161} INFO - Started process (PID=195) to work on /home/airflow/.local/lib/python3.12/site-packages/airflow/example_dags/example_task_group.py
[2026-05-10T10:48:05.520+0000] {processor.py:830} INFO - Processing file /home/airflow/.local/lib/python3.12/site-packages/airflow/example_dags/example_task_group.py for tasks to queue
[2026-05-10T10:48:05.521+0000] {logging_mixin.py:188} INFO - [2026-05-10T10:48:05.521+0000] {dagbag.py:545} INFO - Filling up the DagBag from /home/airflow/.local/lib/python3.12/site-packages/airflow/example_dags/example_task_group.py
[2026-05-10T10:48:05.527+0000] {processor.py:840} INFO - DAG(s) 'example_task_group' retrieved from /home/airflow/.local/lib/python3.12/site-packages/airflow/example_dags/example_task_group.py
[2026-05-10T10:48:05.547+0000] {logging_mixin.py:188} INFO - [2026-05-10T10:48:05.547+0000] {dag.py:3089} INFO - Sync 1 DAGs
[2026-05-10T10:48:05.565+0000] {logging_mixin.py:188} INFO - [2026-05-10T10:48:05.565+0000] {dag.py:3947} INFO - Setting next_dagrun for example_task_group to 2026-05-09 00:00:00+00:00, run_after=2026-05-10 00:00:00+00:00
[2026-05-10T10:48:05.580+0000] {processor.py:183} INFO - Processing /home/airflow/.local/lib/python3.12/site-packages/airflow/example_dags/example_task_group.py took 0.068 seconds
[2026-05-10T10:48:36.210+0000] {processor.py:161} INFO - Started process (PID=255) to work on /home/airflow/.local/lib/python3.12/site-packages/airflow/example_dags/example_task_group.py
[2026-05-10T10:48:36.210+0000] {processor.py:830} INFO - Processing file /home/airflow/.local/lib/python3.12/site-packages/airflow/example_dags/example_task_group.py for tasks to queue
[2026-05-10T10:48:36.212+0000] {logging_mixin.py:188} INFO - [2026-05-10T10:48:36.212+0000] {dagbag.py:545} INFO - Filling up the DagBag from /home/airflow/.local/lib/python3.12/site-packages/airflow/example_dags/example_task_group.py
[2026-05-10T10:48:36.217+0000] {processor.py:840} INFO - DAG(s) 'example_task_group' retrieved from /home/airflow/.local/lib/python3.12/site-packages/airflow/example_dags/example_task_group.py
[2026-05-10T10:48:36.235+0000] {logging_mixin.py:188} INFO - [2026-05-10T10:48:36.235+0000] {dag.py:3089} INFO - Sync 1 DAGs
[2026-05-10T10:48:36.250+0000] {logging_mixin.py:188} INFO - [2026-05-10T10:48:36.250+0000] {dag.py:3947} INFO - Setting next_dagrun for example_task_group to 2026-05-09 00:00:00+00:00, run_after=2026-05-10 00:00:00+00:00
[2026-05-10T10:48:36.262+0000] {processor.py:183} INFO - Processing /home/airflow/.local/lib/python3.12/site-packages/airflow/example_dags/example_task_group.py took 0.057 seconds
[2026-05-10T10:49:06.750+0000] {processor.py:161} INFO - Started process (PID=315) to work on /home/airflow/.local/lib/python3.12/site-packages/airflow/example_dags/example_task_group.py
[2026-05-10T10:49:06.751+0000] {processor.py:830} INFO - Processing file /home/airflow/.local/lib/python3.12/site-packages/airflow/example_dags/example_task_group.py for tasks to queue
[2026-05-10T10:49:06.752+0000] {logging_mixin.py:188} INFO - [2026-05-10T10:49:06.752+0000] {dagbag.py:545} INFO - Filling up the DagBag from /home/airflow/.local/lib/python3.12/site-packages/airflow/example_dags/example_task_group.py
[2026-05-10T10:49:06.757+0000] {processor.py:840} INFO - DAG(s) 'example_task_group' retrieved from /home/airflow/.local/lib/python3.12/site-packages/airflow/example_dags/example_task_group.py
[2026-05-10T10:49:06.774+0000] {logging_mixin.py:188} INFO - [2026-05-10T10:49:06.774+0000] {dag.py:3089} INFO - Sync 1 DAGs
[2026-05-10T10:49:06.789+0000] {logging_mixin.py:188} INFO - [2026-05-10T10:49:06.789+0000] {dag.py:3947} INFO - Setting next_dagrun for example_task_group to 2026-05-09 00:00:00+00:00, run_after=2026-05-10 00:00:00+00:00
[2026-05-10T10:49:06.801+0000] {processor.py:183} INFO - Processing /home/airflow/.local/lib/python3.12/site-packages/airflow/example_dags/example_task_group.py took 0.056 seconds
[2026-05-10T10:49:37.363+0000] {processor.py:161} INFO - Started process (PID=375) to work on /home/airflow/.local/lib/python3.12/site-packages/airflow/example_dags/example_task_group.py
[2026-05-10T10:49:37.364+0000] {processor.py:830} INFO - Processing file /home/airflow/.local/lib/python3.12/site-packages/airflow/example_dags/example_task_group.py for tasks to queue
[2026-05-10T10:49:37.365+0000] {logging_mixin.py:188} INFO - [2026-05-10T10:49:37.365+0000] {dagbag.py:545} INFO - Filling up the DagBag from /home/airflow/.local/lib/python3.12/site-packages/airflow/example_dags/example_task_group.py
[2026-05-10T10:49:37.370+0000] {processor.py:840} INFO - DAG(s) 'example_task_group' retrieved from /home/airflow/.local/lib/python3.12/site-packages/airflow/example_dags/example_task_group.py
[2026-05-10T10:49:37.386+0000] {logging_mixin.py:188} INFO - [2026-05-10T10:49:37.386+0000] {dag.py:3089} INFO - Sync 1 DAGs
[2026-05-10T10:49:37.401+0000] {logging_mixin.py:188} INFO - [2026-05-10T10:49:37.401+0000] {dag.py:3947} INFO - Setting next_dagrun for example_task_group to 2026-05-09 00:00:00+00:00, run_after=2026-05-10 00:00:00+00:00
[2026-05-10T10:49:37.414+0000] {processor.py:183} INFO - Processing /home/airflow/.local/lib/python3.12/site-packages/airflow/example_dags/example_task_group.py took 0.057 seconds
[2026-05-10T10:50:08.201+0000] {processor.py:161} INFO - Started process (PID=435) to work on /home/airflow/.local/lib/python3.12/site-packages/airflow/example_dags/example_task_group.py
[2026-05-10T10:50:08.202+0000] {processor.py:830} INFO - Processing file /home/airflow/.local/lib/python3.12/site-packages/airflow/example_dags/example_task_group.py for tasks to queue
[2026-05-10T10:50:08.204+0000] {logging_mixin.py:188} INFO - [2026-05-10T10:50:08.203+0000] {dagbag.py:545} INFO - Filling up the DagBag from /home/airflow/.local/lib/python3.12/site-packages/airflow/example_dags/example_task_group.py
[2026-05-10T10:50:08.209+0000] {processor.py:840} INFO - DAG(s) 'example_task_group' retrieved from /home/airflow/.local/lib/python3.12/site-packages/airflow/example_dags/example_task_group.py
[2026-05-10T10:50:08.225+0000] {logging_mixin.py:188} INFO - [2026-05-10T10:50:08.225+0000] {dag.py:3089} INFO - Sync 1 DAGs
[2026-05-10T10:50:08.240+0000] {logging_mixin.py:188} INFO - [2026-05-10T10:50:08.240+0000] {dag.py:3947} INFO - Setting next_dagrun for example_task_group to 2026-05-09 00:00:00+00:00, run_after=2026-05-10 00:00:00+00:00
[2026-05-10T10:50:08.252+0000] {processor.py:183} INFO - Processing /home/airflow/.local/lib/python3.12/site-packages/airflow/example_dags/example_task_group.py took 0.055 seconds
[2026-05-10T10:50:38.890+0000] {processor.py:161} INFO - Started process (PID=495) to work on /home/airflow/.local/lib/python3.12/site-packages/airflow/example_dags/example_task_group.py
[2026-05-10T10:50:38.891+0000] {processor.py:830} INFO - Processing file /home/airflow/.local/lib/python3.12/site-packages/airflow/example_dags/example_task_group.py for tasks to queue
[2026-05-10T10:50:38.892+0000] {logging_mixin.py:188} INFO - [2026-05-10T10:50:38.892+0000] {dagbag.py:545} INFO - Filling up the DagBag from /home/airflow/.local/lib/python3.12/site-packages/airflow/example_dags/example_task_group.py
[2026-05-10T10:50:38.898+0000] {processor.py:840} INFO - DAG(s) 'example_task_group' retrieved from /home/airflow/.local/lib/python3.12/site-packages/airflow/example_dags/example_task_group.py
[2026-05-10T10:50:38.920+0000] {logging_mixin.py:188} INFO - [2026-05-10T10:50:38.920+0000] {dag.py:3089} INFO - Sync 1 DAGs
[2026-05-10T10:50:38.938+0000] {logging_mixin.py:188} INFO - [2026-05-10T10:50:38.938+0000] {dag.py:3947} INFO - Setting next_dagrun for example_task_group to 2026-05-09 00:00:00+00:00, run_after=2026-05-10 00:00:00+00:00
[2026-05-10T10:50:38.956+0000] {processor.py:183} INFO - Processing /home/airflow/.local/lib/python3.12/site-packages/airflow/example_dags/example_task_group.py took 0.073 seconds
[2026-05-10T10:51:09.701+0000] {processor.py:161} INFO - Started process (PID=555) to work on /home/airflow/.local/lib/python3.12/site-packages/airflow/example_dags/example_task_group.py
[2026-05-10T10:51:09.702+0000] {processor.py:830} INFO - Processing file /home/airflow/.local/lib/python3.12/site-packages/airflow/example_dags/example_task_group.py for tasks to queue
[2026-05-10T10:51:09.704+0000] {logging_mixin.py:188} INFO - [2026-05-10T10:51:09.703+0000] {dagbag.py:545} INFO - Filling up the DagBag from /home/airflow/.local/lib/python3.12/site-packages/airflow/example_dags/example_task_group.py
[2026-05-10T10:51:09.709+0000] {processor.py:840} INFO - DAG(s) 'example_task_group' retrieved from /home/airflow/.local/lib/python3.12/site-packages/airflow/example_dags/example_task_group.py
[2026-05-10T10:51:09.726+0000] {logging_mixin.py:188} INFO - [2026-05-10T10:51:09.725+0000] {dag.py:3089} INFO - Sync 1 DAGs
[2026-05-10T10:51:09.740+0000] {logging_mixin.py:188} INFO - [2026-05-10T10:51:09.740+0000] {dag.py:3947} INFO - Setting next_dagrun for example_task_group to 2026-05-09 00:00:00+00:00, run_after=2026-05-10 00:00:00+00:00
[2026-05-10T10:51:09.752+0000] {processor.py:183} INFO - Processing /home/airflow/.local/lib/python3.12/site-packages/airflow/example_dags/example_task_group.py took 0.056 seconds
[2026-05-10T10:51:40.017+0000] {processor.py:161} INFO - Started process (PID=615) to work on /home/airflow/.local/lib/python3.12/site-packages/airflow/example_dags/example_task_group.py
[2026-05-10T10:51:40.018+0000] {processor.py:830} INFO - Processing file /home/airflow/.local/lib/python3.12/site-packages/airflow/example_dags/example_task_group.py for tasks to queue
[2026-05-10T10:51:40.019+0000] {logging_mixin.py:188} INFO - [2026-05-10T10:51:40.019+0000] {dagbag.py:545} INFO - Filling up the DagBag from /home/airflow/.local/lib/python3.12/site-packages/airflow/example_dags/example_task_group.py
[2026-05-10T10:51:40.025+0000] {processor.py:840} INFO - DAG(s) 'example_task_group' retrieved from /home/airflow/.local/lib/python3.12/site-packages/airflow/example_dags/example_task_group.py
[2026-05-10T10:51:40.042+0000] {logging_mixin.py:188} INFO - [2026-05-10T10:51:40.042+0000] {dag.py:3089} INFO - Sync 1 DAGs
[2026-05-10T10:51:40.058+0000] {logging_mixin.py:188} INFO - [2026-05-10T10:51:40.058+0000] {dag.py:3947} INFO - Setting next_dagrun for example_task_group to 2026-05-09 00:00:00+00:00, run_after=2026-05-10 00:00:00+00:00
[2026-05-10T10:51:40.071+0000] {processor.py:183} INFO - Processing /home/airflow/.local/lib/python3.12/site-packages/airflow/example_dags/example_task_group.py took 0.059 seconds
[2026-05-10T10:53:04.138+0000] {processor.py:161} INFO - Started process (PID=75) to work on /home/airflow/.local/lib/python3.12/site-packages/airflow/example_dags/example_task_group.py
[2026-05-10T10:53:04.139+0000] {processor.py:830} INFO - Processing file /home/airflow/.local/lib/python3.12/site-packages/airflow/example_dags/example_task_group.py for tasks to queue
[2026-05-10T10:53:04.142+0000] {logging_mixin.py:188} INFO - [2026-05-10T10:53:04.141+0000] {dagbag.py:545} INFO - Filling up the DagBag from /home/airflow/.local/lib/python3.12/site-packages/airflow/example_dags/example_task_group.py
[2026-05-10T10:53:04.151+0000] {processor.py:840} INFO - DAG(s) 'example_task_group' retrieved from /home/airflow/.local/lib/python3.12/site-packages/airflow/example_dags/example_task_group.py
[2026-05-10T10:53:04.244+0000] {logging_mixin.py:188} INFO - [2026-05-10T10:53:04.243+0000] {override.py:1858} INFO - Created Permission View: can read on DAG:example_task_group
[2026-05-10T10:53:04.252+0000] {logging_mixin.py:188} INFO - [2026-05-10T10:53:04.251+0000] {override.py:1858} INFO - Created Permission View: can delete on DAG:example_task_group
[2026-05-10T10:53:04.257+0000] {logging_mixin.py:188} INFO - [2026-05-10T10:53:04.257+0000] {override.py:1858} INFO - Created Permission View: can edit on DAG:example_task_group
[2026-05-10T10:53:04.258+0000] {logging_mixin.py:188} INFO - [2026-05-10T10:53:04.258+0000] {dag.py:3089} INFO - Sync 1 DAGs
[2026-05-10T10:53:04.267+0000] {logging_mixin.py:188} INFO - [2026-05-10T10:53:04.266+0000] {dag.py:3111} INFO - Creating ORM DAG for example_task_group
[2026-05-10T10:53:04.274+0000] {logging_mixin.py:188} INFO - [2026-05-10T10:53:04.274+0000] {dag.py:3947} INFO - Setting next_dagrun for example_task_group to 2026-05-09 00:00:00+00:00, run_after=2026-05-10 00:00:00+00:00
[2026-05-10T10:53:04.287+0000] {processor.py:183} INFO - Processing /home/airflow/.local/lib/python3.12/site-packages/airflow/example_dags/example_task_group.py took 0.156 seconds
[2026-05-10T10:53:34.580+0000] {processor.py:161} INFO - Started process (PID=135) to work on /home/airflow/.local/lib/python3.12/site-packages/airflow/example_dags/example_task_group.py
[2026-05-10T10:53:34.580+0000] {processor.py:830} INFO - Processing file /home/airflow/.local/lib/python3.12/site-packages/airflow/example_dags/example_task_group.py for tasks to queue
[2026-05-10T10:53:34.582+0000] {logging_mixin.py:188} INFO - [2026-05-10T10:53:34.582+0000] {dagbag.py:545} INFO - Filling up the DagBag from /home/airflow/.local/lib/python3.12/site-packages/airflow/example_dags/example_task_group.py
[2026-05-10T10:53:34.587+0000] {processor.py:840} INFO - DAG(s) 'example_task_group' retrieved from /home/airflow/.local/lib/python3.12/site-packages/airflow/example_dags/example_task_group.py
[2026-05-10T10:53:34.605+0000] {logging_mixin.py:188} INFO - [2026-05-10T10:53:34.604+0000] {dag.py:3089} INFO - Sync 1 DAGs
[2026-05-10T10:53:34.620+0000] {logging_mixin.py:188} INFO - [2026-05-10T10:53:34.620+0000] {dag.py:3947} INFO - Setting next_dagrun for example_task_group to 2026-05-09 00:00:00+00:00, run_after=2026-05-10 00:00:00+00:00
[2026-05-10T10:53:34.633+0000] {processor.py:183} INFO - Processing /home/airflow/.local/lib/python3.12/site-packages/airflow/example_dags/example_task_group.py took 0.060 seconds
[2026-05-10T10:54:04.823+0000] {processor.py:161} INFO - Started process (PID=195) to work on /home/airflow/.local/lib/python3.12/site-packages/airflow/example_dags/example_task_group.py
[2026-05-10T10:54:04.824+0000] {processor.py:830} INFO - Processing file /home/airflow/.local/lib/python3.12/site-packages/airflow/example_dags/example_task_group.py for tasks to queue
[2026-05-10T10:54:04.826+0000] {logging_mixin.py:188} INFO - [2026-05-10T10:54:04.826+0000] {dagbag.py:545} INFO - Filling up the DagBag from /home/airflow/.local/lib/python3.12/site-packages/airflow/example_dags/example_task_group.py
[2026-05-10T10:54:04.832+0000] {processor.py:840} INFO - DAG(s) 'example_task_group' retrieved from /home/airflow/.local/lib/python3.12/site-packages/airflow/example_dags/example_task_group.py
[2026-05-10T10:54:04.853+0000] {logging_mixin.py:188} INFO - [2026-05-10T10:54:04.852+0000] {dag.py:3089} INFO - Sync 1 DAGs
[2026-05-10T10:54:04.870+0000] {logging_mixin.py:188} INFO - [2026-05-10T10:54:04.870+0000] {dag.py:3947} INFO - Setting next_dagrun for example_task_group to 2026-05-09 00:00:00+00:00, run_after=2026-05-10 00:00:00+00:00
[2026-05-10T10:54:04.887+0000] {processor.py:183} INFO - Processing /home/airflow/.local/lib/python3.12/site-packages/airflow/example_dags/example_task_group.py took 0.070 seconds
[2026-05-10T10:54:35.149+0000] {processor.py:161} INFO - Started process (PID=261) to work on /home/airflow/.local/lib/python3.12/site-packages/airflow/example_dags/example_task_group.py
[2026-05-10T10:54:35.150+0000] {processor.py:830} INFO - Processing file /home/airflow/.local/lib/python3.12/site-packages/airflow/example_dags/example_task_group.py for tasks to queue
[2026-05-10T10:54:35.151+0000] {logging_mixin.py:188} INFO - [2026-05-10T10:54:35.151+0000] {dagbag.py:545} INFO - Filling up the DagBag from /home/airflow/.local/lib/python3.12/site-packages/airflow/example_dags/example_task_group.py
[2026-05-10T10:54:35.158+0000] {processor.py:840} INFO - DAG(s) 'example_task_group' retrieved from /home/airflow/.local/lib/python3.12/site-packages/airflow/example_dags/example_task_group.py
[2026-05-10T10:54:35.178+0000] {logging_mixin.py:188} INFO - [2026-05-10T10:54:35.178+0000] {dag.py:3089} INFO - Sync 1 DAGs
[2026-05-10T10:54:35.194+0000] {logging_mixin.py:188} INFO - [2026-05-10T10:54:35.194+0000] {dag.py:3947} INFO - Setting next_dagrun for example_task_group to 2026-05-09 00:00:00+00:00, run_after=2026-05-10 00:00:00+00:00
[2026-05-10T10:54:35.209+0000] {processor.py:183} INFO - Processing /home/airflow/.local/lib/python3.12/site-packages/airflow/example_dags/example_task_group.py took 0.067 seconds
[2026-05-10T10:55:05.880+0000] {processor.py:161} INFO - Started process (PID=321) to work on /home/airflow/.local/lib/python3.12/site-packages/airflow/example_dags/example_task_group.py
[2026-05-10T10:55:05.881+0000] {processor.py:830} INFO - Processing file /home/airflow/.local/lib/python3.12/site-packages/airflow/example_dags/example_task_group.py for tasks to queue
[2026-05-10T10:55:05.882+0000] {logging_mixin.py:188} INFO - [2026-05-10T10:55:05.882+0000] {dagbag.py:545} INFO - Filling up the DagBag from /home/airflow/.local/lib/python3.12/site-packages/airflow/example_dags/example_task_group.py
[2026-05-10T10:55:05.888+0000] {processor.py:840} INFO - DAG(s) 'example_task_group' retrieved from /home/airflow/.local/lib/python3.12/site-packages/airflow/example_dags/example_task_group.py
[2026-05-10T10:55:05.905+0000] {logging_mixin.py:188} INFO - [2026-05-10T10:55:05.905+0000] {dag.py:3089} INFO - Sync 1 DAGs
[2026-05-10T10:55:05.920+0000] {logging_mixin.py:188} INFO - [2026-05-10T10:55:05.920+0000] {dag.py:3947} INFO - Setting next_dagrun for example_task_group to 2026-05-09 00:00:00+00:00, run_after=2026-05-10 00:00:00+00:00
[2026-05-10T10:55:05.937+0000] {processor.py:183} INFO - Processing /home/airflow/.local/lib/python3.12/site-packages/airflow/example_dags/example_task_group.py took 0.063 seconds
[2026-05-10T10:55:36.801+0000] {processor.py:161} INFO - Started process (PID=381) to work on /home/airflow/.local/lib/python3.12/site-packages/airflow/example_dags/example_task_group.py
[2026-05-10T10:55:36.802+0000] {processor.py:830} INFO - Processing file /home/airflow/.local/lib/python3.12/site-packages/airflow/example_dags/example_task_group.py for tasks to queue
[2026-05-10T10:55:36.803+0000] {logging_mixin.py:188} INFO - [2026-05-10T10:55:36.803+0000] {dagbag.py:545} INFO - Filling up the DagBag from /home/airflow/.local/lib/python3.12/site-packages/airflow/example_dags/example_task_group.py
[2026-05-10T10:55:36.808+0000] {processor.py:840} INFO - DAG(s) 'example_task_group' retrieved from /home/airflow/.local/lib/python3.12/site-packages/airflow/example_dags/example_task_group.py
[2026-05-10T10:55:36.825+0000] {logging_mixin.py:188} INFO - [2026-05-10T10:55:36.825+0000] {dag.py:3089} INFO - Sync 1 DAGs
[2026-05-10T10:55:36.840+0000] {logging_mixin.py:188} INFO - [2026-05-10T10:55:36.839+0000] {dag.py:3947} INFO - Setting next_dagrun for example_task_group to 2026-05-09 00:00:00+00:00, run_after=2026-05-10 00:00:00+00:00
[2026-05-10T10:55:36.852+0000] {processor.py:183} INFO - Processing /home/airflow/.local/lib/python3.12/site-packages/airflow/example_dags/example_task_group.py took 0.055 seconds
[2026-05-10T10:56:07.951+0000] {processor.py:161} INFO - Started process (PID=441) to work on /home/airflow/.local/lib/python3.12/site-packages/airflow/example_dags/example_task_group.py
[2026-05-10T10:56:07.952+0000] {processor.py:830} INFO - Processing file /home/airflow/.local/lib/python3.12/site-packages/airflow/example_dags/example_task_group.py for tasks to queue
[2026-05-10T10:56:07.954+0000] {logging_mixin.py:188} INFO - [2026-05-10T10:56:07.954+0000] {dagbag.py:545} INFO - Filling up the DagBag from /home/airflow/.local/lib/python3.12/site-packages/airflow/example_dags/example_task_group.py
[2026-05-10T10:56:07.960+0000] {processor.py:840} INFO - DAG(s) 'example_task_group' retrieved from /home/airflow/.local/lib/python3.12/site-packages/airflow/example_dags/example_task_group.py
[2026-05-10T10:56:07.981+0000] {logging_mixin.py:188} INFO - [2026-05-10T10:56:07.981+0000] {dag.py:3089} INFO - Sync 1 DAGs
[2026-05-10T10:56:08.001+0000] {logging_mixin.py:188} INFO - [2026-05-10T10:56:08.001+0000] {dag.py:3947} INFO - Setting next_dagrun for example_task_group to 2026-05-09 00:00:00+00:00, run_after=2026-05-10 00:00:00+00:00
[2026-05-10T10:56:08.020+0000] {processor.py:183} INFO - Processing /home/airflow/.local/lib/python3.12/site-packages/airflow/example_dags/example_task_group.py took 0.075 seconds
[2026-05-10T11:56:08.333+0000] {processor.py:161} INFO - Started process (PID=75) to work on /home/airflow/.local/lib/python3.12/site-packages/airflow/example_dags/example_task_group.py
[2026-05-10T11:56:08.333+0000] {processor.py:830} INFO - Processing file /home/airflow/.local/lib/python3.12/site-packages/airflow/example_dags/example_task_group.py for tasks to queue
[2026-05-10T11:56:08.335+0000] {logging_mixin.py:188} INFO - [2026-05-10T11:56:08.335+0000] {dagbag.py:545} INFO - Filling up the DagBag from /home/airflow/.local/lib/python3.12/site-packages/airflow/example_dags/example_task_group.py
[2026-05-10T11:56:08.344+0000] {processor.py:840} INFO - DAG(s) 'example_task_group' retrieved from /home/airflow/.local/lib/python3.12/site-packages/airflow/example_dags/example_task_group.py
[2026-05-10T11:56:08.355+0000] {logging_mixin.py:188} INFO - [2026-05-10T11:56:08.355+0000] {dag.py:3089} INFO - Sync 1 DAGs
[2026-05-10T11:56:08.375+0000] {logging_mixin.py:188} INFO - [2026-05-10T11:56:08.375+0000] {dag.py:3947} INFO - Setting next_dagrun for example_task_group to 2026-05-09 00:00:00+00:00, run_after=2026-05-10 00:00:00+00:00
[2026-05-10T11:56:08.391+0000] {processor.py:183} INFO - Processing /home/airflow/.local/lib/python3.12/site-packages/airflow/example_dags/example_task_group.py took 0.064 seconds
[2026-05-10T11:56:39.086+0000] {processor.py:161} INFO - Started process (PID=135) to work on /home/airflow/.local/lib/python3.12/site-packages/airflow/example_dags/example_task_group.py
[2026-05-10T11:56:39.087+0000] {processor.py:830} INFO - Processing file /home/airflow/.local/lib/python3.12/site-packages/airflow/example_dags/example_task_group.py for tasks to queue
[2026-05-10T11:56:39.089+0000] {logging_mixin.py:188} INFO - [2026-05-10T11:56:39.089+0000] {dagbag.py:545} INFO - Filling up the DagBag from /home/airflow/.local/lib/python3.12/site-packages/airflow/example_dags/example_task_group.py
[2026-05-10T11:56:39.095+0000] {processor.py:840} INFO - DAG(s) 'example_task_group' retrieved from /home/airflow/.local/lib/python3.12/site-packages/airflow/example_dags/example_task_group.py
[2026-05-10T11:56:39.177+0000] {logging_mixin.py:188} INFO - [2026-05-10T11:56:39.177+0000] {dag.py:3089} INFO - Sync 1 DAGs
[2026-05-10T11:56:39.190+0000] {logging_mixin.py:188} INFO - [2026-05-10T11:56:39.190+0000] {dag.py:3947} INFO - Setting next_dagrun for example_task_group to 2026-05-09 00:00:00+00:00, run_after=2026-05-10 00:00:00+00:00
[2026-05-10T11:56:39.204+0000] {processor.py:183} INFO - Processing /home/airflow/.local/lib/python3.12/site-packages/airflow/example_dags/example_task_group.py took 0.123 seconds
[2026-05-10T11:57:09.639+0000] {processor.py:161} INFO - Started process (PID=195) to work on /home/airflow/.local/lib/python3.12/site-packages/airflow/example_dags/example_task_group.py
[2026-05-10T11:57:09.640+0000] {processor.py:830} INFO - Processing file /home/airflow/.local/lib/python3.12/site-packages/airflow/example_dags/example_task_group.py for tasks to queue
[2026-05-10T11:57:09.642+0000] {logging_mixin.py:188} INFO - [2026-05-10T11:57:09.641+0000] {dagbag.py:545} INFO - Filling up the DagBag from /home/airflow/.local/lib/python3.12/site-packages/airflow/example_dags/example_task_group.py
[2026-05-10T11:57:09.649+0000] {processor.py:840} INFO - DAG(s) 'example_task_group' retrieved from /home/airflow/.local/lib/python3.12/site-packages/airflow/example_dags/example_task_group.py
[2026-05-10T11:57:09.666+0000] {logging_mixin.py:188} INFO - [2026-05-10T11:57:09.666+0000] {dag.py:3089} INFO - Sync 1 DAGs
[2026-05-10T11:57:09.682+0000] {logging_mixin.py:188} INFO - [2026-05-10T11:57:09.682+0000] {dag.py:3947} INFO - Setting next_dagrun for example_task_group to 2026-05-09 00:00:00+00:00, run_after=2026-05-10 00:00:00+00:00
[2026-05-10T11:57:09.697+0000] {processor.py:183} INFO - Processing /home/airflow/.local/lib/python3.12/site-packages/airflow/example_dags/example_task_group.py took 0.065 seconds
[2026-05-10T11:57:40.968+0000] {processor.py:161} INFO - Started process (PID=255) to work on /home/airflow/.local/lib/python3.12/site-packages/airflow/example_dags/example_task_group.py
[2026-05-10T11:57:40.969+0000] {processor.py:830} INFO - Processing file /home/airflow/.local/lib/python3.12/site-packages/airflow/example_dags/example_task_group.py for tasks to queue
[2026-05-10T11:57:40.971+0000] {logging_mixin.py:188} INFO - [2026-05-10T11:57:40.971+0000] {dagbag.py:545} INFO - Filling up the DagBag from /home/airflow/.local/lib/python3.12/site-packages/airflow/example_dags/example_task_group.py
[2026-05-10T11:57:40.979+0000] {processor.py:840} INFO - DAG(s) 'example_task_group' retrieved from /home/airflow/.local/lib/python3.12/site-packages/airflow/example_dags/example_task_group.py
[2026-05-10T11:57:40.998+0000] {logging_mixin.py:188} INFO - [2026-05-10T11:57:40.997+0000] {dag.py:3089} INFO - Sync 1 DAGs
[2026-05-10T11:57:41.014+0000] {logging_mixin.py:188} INFO - [2026-05-10T11:57:41.014+0000] {dag.py:3947} INFO - Setting next_dagrun for example_task_group to 2026-05-09 00:00:00+00:00, run_after=2026-05-10 00:00:00+00:00
[2026-05-10T11:57:41.029+0000] {processor.py:183} INFO - Processing /home/airflow/.local/lib/python3.12/site-packages/airflow/example_dags/example_task_group.py took 0.068 seconds
[2026-05-10T11:58:12.106+0000] {processor.py:161} INFO - Started process (PID=315) to work on /home/airflow/.local/lib/python3.12/site-packages/airflow/example_dags/example_task_group.py
[2026-05-10T11:58:12.107+0000] {processor.py:830} INFO - Processing file /home/airflow/.local/lib/python3.12/site-packages/airflow/example_dags/example_task_group.py for tasks to queue
[2026-05-10T11:58:12.108+0000] {logging_mixin.py:188} INFO - [2026-05-10T11:58:12.108+0000] {dagbag.py:545} INFO - Filling up the DagBag from /home/airflow/.local/lib/python3.12/site-packages/airflow/example_dags/example_task_group.py
[2026-05-10T11:58:12.113+0000] {processor.py:840} INFO - DAG(s) 'example_task_group' retrieved from /home/airflow/.local/lib/python3.12/site-packages/airflow/example_dags/example_task_group.py
[2026-05-10T11:58:12.132+0000] {logging_mixin.py:188} INFO - [2026-05-10T11:58:12.132+0000] {dag.py:3089} INFO - Sync 1 DAGs
[2026-05-10T11:58:12.148+0000] {logging_mixin.py:188} INFO - [2026-05-10T11:58:12.148+0000] {dag.py:3947} INFO - Setting next_dagrun for example_task_group to 2026-05-09 00:00:00+00:00, run_after=2026-05-10 00:00:00+00:00
[2026-05-10T11:58:12.162+0000] {processor.py:183} INFO - Processing /home/airflow/.local/lib/python3.12/site-packages/airflow/example_dags/example_task_group.py took 0.061 seconds
[2026-05-10T11:58:43.246+0000] {processor.py:161} INFO - Started process (PID=375) to work on /home/airflow/.local/lib/python3.12/site-packages/airflow/example_dags/example_task_group.py
[2026-05-10T11:58:43.247+0000] {processor.py:830} INFO - Processing file /home/airflow/.local/lib/python3.12/site-packages/airflow/example_dags/example_task_group.py for tasks to queue
[2026-05-10T11:58:43.249+0000] {logging_mixin.py:188} INFO - [2026-05-10T11:58:43.249+0000] {dagbag.py:545} INFO - Filling up the DagBag from /home/airflow/.local/lib/python3.12/site-packages/airflow/example_dags/example_task_group.py
[2026-05-10T11:58:43.255+0000] {processor.py:840} INFO - DAG(s) 'example_task_group' retrieved from /home/airflow/.local/lib/python3.12/site-packages/airflow/example_dags/example_task_group.py
[2026-05-10T11:58:43.273+0000] {logging_mixin.py:188} INFO - [2026-05-10T11:58:43.273+0000] {dag.py:3089} INFO - Sync 1 DAGs
[2026-05-10T11:58:43.290+0000] {logging_mixin.py:188} INFO - [2026-05-10T11:58:43.290+0000] {dag.py:3947} INFO - Setting next_dagrun for example_task_group to 2026-05-09 00:00:00+00:00, run_after=2026-05-10 00:00:00+00:00
[2026-05-10T11:58:43.305+0000] {processor.py:183} INFO - Processing /home/airflow/.local/lib/python3.12/site-packages/airflow/example_dags/example_task_group.py took 0.065 seconds
[2026-05-10T11:59:14.513+0000] {processor.py:161} INFO - Started process (PID=435) to work on /home/airflow/.local/lib/python3.12/site-packages/airflow/example_dags/example_task_group.py
[2026-05-10T11:59:14.514+0000] {processor.py:830} INFO - Processing file /home/airflow/.local/lib/python3.12/site-packages/airflow/example_dags/example_task_group.py for tasks to queue
[2026-05-10T11:59:14.516+0000] {logging_mixin.py:188} INFO - [2026-05-10T11:59:14.516+0000] {dagbag.py:545} INFO - Filling up the DagBag from /home/airflow/.local/lib/python3.12/site-packages/airflow/example_dags/example_task_group.py
[2026-05-10T11:59:14.522+0000] {processor.py:840} INFO - DAG(s) 'example_task_group' retrieved from /home/airflow/.local/lib/python3.12/site-packages/airflow/example_dags/example_task_group.py
[2026-05-10T11:59:14.541+0000] {logging_mixin.py:188} INFO - [2026-05-10T11:59:14.541+0000] {dag.py:3089} INFO - Sync 1 DAGs
[2026-05-10T11:59:14.556+0000] {logging_mixin.py:188} INFO - [2026-05-10T11:59:14.556+0000] {dag.py:3947} INFO - Setting next_dagrun for example_task_group to 2026-05-09 00:00:00+00:00, run_after=2026-05-10 00:00:00+00:00
[2026-05-10T11:59:14.569+0000] {processor.py:183} INFO - Processing /home/airflow/.local/lib/python3.12/site-packages/airflow/example_dags/example_task_group.py took 0.062 seconds
[2026-05-10T11:59:45.000+0000] {processor.py:161} INFO - Started process (PID=495) to work on /home/airflow/.local/lib/python3.12/site-packages/airflow/example_dags/example_task_group.py
[2026-05-10T11:59:45.001+0000] {processor.py:830} INFO - Processing file /home/airflow/.local/lib/python3.12/site-packages/airflow/example_dags/example_task_group.py for tasks to queue
[2026-05-10T11:59:45.003+0000] {logging_mixin.py:188} INFO - [2026-05-10T11:59:45.002+0000] {dagbag.py:545} INFO - Filling up the DagBag from /home/airflow/.local/lib/python3.12/site-packages/airflow/example_dags/example_task_group.py
[2026-05-10T11:59:45.008+0000] {processor.py:840} INFO - DAG(s) 'example_task_group' retrieved from /home/airflow/.local/lib/python3.12/site-packages/airflow/example_dags/example_task_group.py
[2026-05-10T11:59:45.026+0000] {logging_mixin.py:188} INFO - [2026-05-10T11:59:45.026+0000] {dag.py:3089} INFO - Sync 1 DAGs
[2026-05-10T11:59:45.041+0000] {logging_mixin.py:188} INFO - [2026-05-10T11:59:45.041+0000] {dag.py:3947} INFO - Setting next_dagrun for example_task_group to 2026-05-09 00:00:00+00:00, run_after=2026-05-10 00:00:00+00:00
[2026-05-10T11:59:45.055+0000] {processor.py:183} INFO - Processing /home/airflow/.local/lib/python3.12/site-packages/airflow/example_dags/example_task_group.py took 0.060 seconds
[2026-05-10T12:00:15.787+0000] {processor.py:161} INFO - Started process (PID=555) to work on /home/airflow/.local/lib/python3.12/site-packages/airflow/example_dags/example_task_group.py
[2026-05-10T12:00:15.788+0000] {processor.py:830} INFO - Processing file /home/airflow/.local/lib/python3.12/site-packages/airflow/example_dags/example_task_group.py for tasks to queue
[2026-05-10T12:00:15.790+0000] {logging_mixin.py:188} INFO - [2026-05-10T12:00:15.790+0000] {dagbag.py:545} INFO - Filling up the DagBag from /home/airflow/.local/lib/python3.12/site-packages/airflow/example_dags/example_task_group.py
[2026-05-10T12:00:15.796+0000] {processor.py:840} INFO - DAG(s) 'example_task_group' retrieved from /home/airflow/.local/lib/python3.12/site-packages/airflow/example_dags/example_task_group.py
[2026-05-10T12:00:15.812+0000] {logging_mixin.py:188} INFO - [2026-05-10T12:00:15.812+0000] {dag.py:3089} INFO - Sync 1 DAGs
[2026-05-10T12:00:15.827+0000] {logging_mixin.py:188} INFO - [2026-05-10T12:00:15.827+0000] {dag.py:3947} INFO - Setting next_dagrun for example_task_group to 2026-05-09 00:00:00+00:00, run_after=2026-05-10 00:00:00+00:00
[2026-05-10T12:00:15.840+0000] {processor.py:183} INFO - Processing /home/airflow/.local/lib/python3.12/site-packages/airflow/example_dags/example_task_group.py took 0.058 seconds
[2026-05-10T12:00:46.479+0000] {processor.py:161} INFO - Started process (PID=615) to work on /home/airflow/.local/lib/python3.12/site-packages/airflow/example_dags/example_task_group.py
[2026-05-10T12:00:46.480+0000] {processor.py:830} INFO - Processing file /home/airflow/.local/lib/python3.12/site-packages/airflow/example_dags/example_task_group.py for tasks to queue
[2026-05-10T12:00:46.482+0000] {logging_mixin.py:188} INFO - [2026-05-10T12:00:46.481+0000] {dagbag.py:545} INFO - Filling up the DagBag from /home/airflow/.local/lib/python3.12/site-packages/airflow/example_dags/example_task_group.py
[2026-05-10T12:00:46.487+0000] {processor.py:840} INFO - DAG(s) 'example_task_group' retrieved from /home/airflow/.local/lib/python3.12/site-packages/airflow/example_dags/example_task_group.py
[2026-05-10T12:00:46.505+0000] {logging_mixin.py:188} INFO - [2026-05-10T12:00:46.504+0000] {dag.py:3089} INFO - Sync 1 DAGs
[2026-05-10T12:00:46.520+0000] {logging_mixin.py:188} INFO - [2026-05-10T12:00:46.520+0000] {dag.py:3947} INFO - Setting next_dagrun for example_task_group to 2026-05-09 00:00:00+00:00, run_after=2026-05-10 00:00:00+00:00
[2026-05-10T12:00:46.533+0000] {processor.py:183} INFO - Processing /home/airflow/.local/lib/python3.12/site-packages/airflow/example_dags/example_task_group.py took 0.060 seconds
[2026-05-10T12:01:17.802+0000] {processor.py:161} INFO - Started process (PID=675) to work on /home/airflow/.local/lib/python3.12/site-packages/airflow/example_dags/example_task_group.py
[2026-05-10T12:01:17.803+0000] {processor.py:830} INFO - Processing file /home/airflow/.local/lib/python3.12/site-packages/airflow/example_dags/example_task_group.py for tasks to queue
[2026-05-10T12:01:17.804+0000] {logging_mixin.py:188} INFO - [2026-05-10T12:01:17.804+0000] {dagbag.py:545} INFO - Filling up the DagBag from /home/airflow/.local/lib/python3.12/site-packages/airflow/example_dags/example_task_group.py
[2026-05-10T12:01:17.810+0000] {processor.py:840} INFO - DAG(s) 'example_task_group' retrieved from /home/airflow/.local/lib/python3.12/site-packages/airflow/example_dags/example_task_group.py
[2026-05-10T12:01:17.827+0000] {logging_mixin.py:188} INFO - [2026-05-10T12:01:17.826+0000] {dag.py:3089} INFO - Sync 1 DAGs
[2026-05-10T12:01:17.843+0000] {logging_mixin.py:188} INFO - [2026-05-10T12:01:17.843+0000] {dag.py:3947} INFO - Setting next_dagrun for example_task_group to 2026-05-09 00:00:00+00:00, run_after=2026-05-10 00:00:00+00:00
[2026-05-10T12:01:17.856+0000] {processor.py:183} INFO - Processing /home/airflow/.local/lib/python3.12/site-packages/airflow/example_dags/example_task_group.py took 0.060 seconds
[2026-05-10T12:01:48.360+0000] {processor.py:161} INFO - Started process (PID=735) to work on /home/airflow/.local/lib/python3.12/site-packages/airflow/example_dags/example_task_group.py
[2026-05-10T12:01:48.361+0000] {processor.py:830} INFO - Processing file /home/airflow/.local/lib/python3.12/site-packages/airflow/example_dags/example_task_group.py for tasks to queue
[2026-05-10T12:01:48.362+0000] {logging_mixin.py:188} INFO - [2026-05-10T12:01:48.362+0000] {dagbag.py:545} INFO - Filling up the DagBag from /home/airflow/.local/lib/python3.12/site-packages/airflow/example_dags/example_task_group.py
[2026-05-10T12:01:48.368+0000] {processor.py:840} INFO - DAG(s) 'example_task_group' retrieved from /home/airflow/.local/lib/python3.12/site-packages/airflow/example_dags/example_task_group.py
[2026-05-10T12:01:48.384+0000] {logging_mixin.py:188} INFO - [2026-05-10T12:01:48.384+0000] {dag.py:3089} INFO - Sync 1 DAGs
[2026-05-10T12:01:48.399+0000] {logging_mixin.py:188} INFO - [2026-05-10T12:01:48.399+0000] {dag.py:3947} INFO - Setting next_dagrun for example_task_group to 2026-05-09 00:00:00+00:00, run_after=2026-05-10 00:00:00+00:00
[2026-05-10T12:01:48.413+0000] {processor.py:183} INFO - Processing /home/airflow/.local/lib/python3.12/site-packages/airflow/example_dags/example_task_group.py took 0.059 seconds
[2026-05-10T12:02:19.655+0000] {processor.py:161} INFO - Started process (PID=795) to work on /home/airflow/.local/lib/python3.12/site-packages/airflow/example_dags/example_task_group.py
[2026-05-10T12:02:19.656+0000] {processor.py:830} INFO - Processing file /home/airflow/.local/lib/python3.12/site-packages/airflow/example_dags/example_task_group.py for tasks to queue
[2026-05-10T12:02:19.658+0000] {logging_mixin.py:188} INFO - [2026-05-10T12:02:19.658+0000] {dagbag.py:545} INFO - Filling up the DagBag from /home/airflow/.local/lib/python3.12/site-packages/airflow/example_dags/example_task_group.py
[2026-05-10T12:02:19.666+0000] {processor.py:840} INFO - DAG(s) 'example_task_group' retrieved from /home/airflow/.local/lib/python3.12/site-packages/airflow/example_dags/example_task_group.py
[2026-05-10T12:02:19.689+0000] {logging_mixin.py:188} INFO - [2026-05-10T12:02:19.688+0000] {dag.py:3089} INFO - Sync 1 DAGs
[2026-05-10T12:02:19.708+0000] {logging_mixin.py:188} INFO - [2026-05-10T12:02:19.708+0000] {dag.py:3947} INFO - Setting next_dagrun for example_task_group to 2026-05-09 00:00:00+00:00, run_after=2026-05-10 00:00:00+00:00
[2026-05-10T12:02:19.726+0000] {processor.py:183} INFO - Processing /home/airflow/.local/lib/python3.12/site-packages/airflow/example_dags/example_task_group.py took 0.078 seconds
[2026-05-10T12:03:55.391+0000] {processor.py:161} INFO - Started process (PID=75) to work on /home/airflow/.local/lib/python3.12/site-packages/airflow/example_dags/example_task_group.py
[2026-05-10T12:03:55.391+0000] {processor.py:830} INFO - Processing file /home/airflow/.local/lib/python3.12/site-packages/airflow/example_dags/example_task_group.py for tasks to queue
[2026-05-10T12:03:55.393+0000] {logging_mixin.py:188} INFO - [2026-05-10T12:03:55.393+0000] {dagbag.py:545} INFO - Filling up the DagBag from /home/airflow/.local/lib/python3.12/site-packages/airflow/example_dags/example_task_group.py
[2026-05-10T12:03:55.403+0000] {processor.py:840} INFO - DAG(s) 'example_task_group' retrieved from /home/airflow/.local/lib/python3.12/site-packages/airflow/example_dags/example_task_group.py
[2026-05-10T12:03:55.415+0000] {logging_mixin.py:188} INFO - [2026-05-10T12:03:55.414+0000] {dag.py:3089} INFO - Sync 1 DAGs
[2026-05-10T12:03:55.435+0000] {logging_mixin.py:188} INFO - [2026-05-10T12:03:55.434+0000] {dag.py:3947} INFO - Setting next_dagrun for example_task_group to 2026-05-09 00:00:00+00:00, run_after=2026-05-10 00:00:00+00:00
[2026-05-10T12:03:55.451+0000] {processor.py:183} INFO - Processing /home/airflow/.local/lib/python3.12/site-packages/airflow/example_dags/example_task_group.py took 0.066 seconds
[2026-05-10T12:04:26.123+0000] {processor.py:161} INFO - Started process (PID=135) to work on /home/airflow/.local/lib/python3.12/site-packages/airflow/example_dags/example_task_group.py
[2026-05-10T12:04:26.124+0000] {processor.py:830} INFO - Processing file /home/airflow/.local/lib/python3.12/site-packages/airflow/example_dags/example_task_group.py for tasks to queue
[2026-05-10T12:04:26.126+0000] {logging_mixin.py:188} INFO - [2026-05-10T12:04:26.126+0000] {dagbag.py:545} INFO - Filling up the DagBag from /home/airflow/.local/lib/python3.12/site-packages/airflow/example_dags/example_task_group.py
[2026-05-10T12:04:26.132+0000] {processor.py:840} INFO - DAG(s) 'example_task_group' retrieved from /home/airflow/.local/lib/python3.12/site-packages/airflow/example_dags/example_task_group.py
[2026-05-10T12:04:26.219+0000] {logging_mixin.py:188} INFO - [2026-05-10T12:04:26.219+0000] {dag.py:3089} INFO - Sync 1 DAGs
[2026-05-10T12:04:26.234+0000] {logging_mixin.py:188} INFO - [2026-05-10T12:04:26.234+0000] {dag.py:3947} INFO - Setting next_dagrun for example_task_group to 2026-05-09 00:00:00+00:00, run_after=2026-05-10 00:00:00+00:00
[2026-05-10T12:04:26.250+0000] {processor.py:183} INFO - Processing /home/airflow/.local/lib/python3.12/site-packages/airflow/example_dags/example_task_group.py took 0.132 seconds
[2026-05-10T12:04:56.763+0000] {processor.py:161} INFO - Started process (PID=195) to work on /home/airflow/.local/lib/python3.12/site-packages/airflow/example_dags/example_task_group.py
[2026-05-10T12:04:56.764+0000] {processor.py:830} INFO - Processing file /home/airflow/.local/lib/python3.12/site-packages/airflow/example_dags/example_task_group.py for tasks to queue
[2026-05-10T12:04:56.766+0000] {logging_mixin.py:188} INFO - [2026-05-10T12:04:56.766+0000] {dagbag.py:545} INFO - Filling up the DagBag from /home/airflow/.local/lib/python3.12/site-packages/airflow/example_dags/example_task_group.py
[2026-05-10T12:04:56.775+0000] {processor.py:840} INFO - DAG(s) 'example_task_group' retrieved from /home/airflow/.local/lib/python3.12/site-packages/airflow/example_dags/example_task_group.py
[2026-05-10T12:04:56.797+0000] {logging_mixin.py:188} INFO - [2026-05-10T12:04:56.796+0000] {dag.py:3089} INFO - Sync 1 DAGs
[2026-05-10T12:04:56.817+0000] {logging_mixin.py:188} INFO - [2026-05-10T12:04:56.817+0000] {dag.py:3947} INFO - Setting next_dagrun for example_task_group to 2026-05-09 00:00:00+00:00, run_after=2026-05-10 00:00:00+00:00
[2026-05-10T12:04:56.834+0000] {processor.py:183} INFO - Processing /home/airflow/.local/lib/python3.12/site-packages/airflow/example_dags/example_task_group.py took 0.078 seconds
[2026-05-10T12:05:27.305+0000] {processor.py:161} INFO - Started process (PID=255) to work on /home/airflow/.local/lib/python3.12/site-packages/airflow/example_dags/example_task_group.py
[2026-05-10T12:05:27.306+0000] {processor.py:830} INFO - Processing file /home/airflow/.local/lib/python3.12/site-packages/airflow/example_dags/example_task_group.py for tasks to queue
[2026-05-10T12:05:27.308+0000] {logging_mixin.py:188} INFO - [2026-05-10T12:05:27.308+0000] {dagbag.py:545} INFO - Filling up the DagBag from /home/airflow/.local/lib/python3.12/site-packages/airflow/example_dags/example_task_group.py
[2026-05-10T12:05:27.315+0000] {processor.py:840} INFO - DAG(s) 'example_task_group' retrieved from /home/airflow/.local/lib/python3.12/site-packages/airflow/example_dags/example_task_group.py
[2026-05-10T12:05:27.334+0000] {logging_mixin.py:188} INFO - [2026-05-10T12:05:27.334+0000] {dag.py:3089} INFO - Sync 1 DAGs
[2026-05-10T12:05:27.352+0000] {logging_mixin.py:188} INFO - [2026-05-10T12:05:27.351+0000] {dag.py:3947} INFO - Setting next_dagrun for example_task_group to 2026-05-09 00:00:00+00:00, run_after=2026-05-10 00:00:00+00:00
[2026-05-10T12:05:27.369+0000] {processor.py:183} INFO - Processing /home/airflow/.local/lib/python3.12/site-packages/airflow/example_dags/example_task_group.py took 0.069 seconds
[2026-05-10T12:05:58.070+0000] {processor.py:161} INFO - Started process (PID=315) to work on /home/airflow/.local/lib/python3.12/site-packages/airflow/example_dags/example_task_group.py
[2026-05-10T12:05:58.071+0000] {processor.py:830} INFO - Processing file /home/airflow/.local/lib/python3.12/site-packages/airflow/example_dags/example_task_group.py for tasks to queue
[2026-05-10T12:05:58.073+0000] {logging_mixin.py:188} INFO - [2026-05-10T12:05:58.072+0000] {dagbag.py:545} INFO - Filling up the DagBag from /home/airflow/.local/lib/python3.12/site-packages/airflow/example_dags/example_task_group.py
[2026-05-10T12:05:58.078+0000] {processor.py:840} INFO - DAG(s) 'example_task_group' retrieved from /home/airflow/.local/lib/python3.12/site-packages/airflow/example_dags/example_task_group.py
[2026-05-10T12:05:58.096+0000] {logging_mixin.py:188} INFO - [2026-05-10T12:05:58.096+0000] {dag.py:3089} INFO - Sync 1 DAGs
[2026-05-10T12:05:58.112+0000] {logging_mixin.py:188} INFO - [2026-05-10T12:05:58.112+0000] {dag.py:3947} INFO - Setting next_dagrun for example_task_group to 2026-05-09 00:00:00+00:00, run_after=2026-05-10 00:00:00+00:00
[2026-05-10T12:05:58.127+0000] {processor.py:183} INFO - Processing /home/airflow/.local/lib/python3.12/site-packages/airflow/example_dags/example_task_group.py took 0.063 seconds
[2026-05-10T12:06:28.965+0000] {processor.py:161} INFO - Started process (PID=375) to work on /home/airflow/.local/lib/python3.12/site-packages/airflow/example_dags/example_task_group.py
[2026-05-10T12:06:28.966+0000] {processor.py:830} INFO - Processing file /home/airflow/.local/lib/python3.12/site-packages/airflow/example_dags/example_task_group.py for tasks to queue
[2026-05-10T12:06:28.968+0000] {logging_mixin.py:188} INFO - [2026-05-10T12:06:28.967+0000] {dagbag.py:545} INFO - Filling up the DagBag from /home/airflow/.local/lib/python3.12/site-packages/airflow/example_dags/example_task_group.py
[2026-05-10T12:06:28.974+0000] {processor.py:840} INFO - DAG(s) 'example_task_group' retrieved from /home/airflow/.local/lib/python3.12/site-packages/airflow/example_dags/example_task_group.py
[2026-05-10T12:06:28.992+0000] {logging_mixin.py:188} INFO - [2026-05-10T12:06:28.992+0000] {dag.py:3089} INFO - Sync 1 DAGs
[2026-05-10T12:06:29.009+0000] {logging_mixin.py:188} INFO - [2026-05-10T12:06:29.009+0000] {dag.py:3947} INFO - Setting next_dagrun for example_task_group to 2026-05-09 00:00:00+00:00, run_after=2026-05-10 00:00:00+00:00
[2026-05-10T12:06:29.023+0000] {processor.py:183} INFO - Processing /home/airflow/.local/lib/python3.12/site-packages/airflow/example_dags/example_task_group.py took 0.064 seconds
[2026-05-10T12:06:59.492+0000] {processor.py:161} INFO - Started process (PID=435) to work on /home/airflow/.local/lib/python3.12/site-packages/airflow/example_dags/example_task_group.py
[2026-05-10T12:06:59.493+0000] {processor.py:830} INFO - Processing file /home/airflow/.local/lib/python3.12/site-packages/airflow/example_dags/example_task_group.py for tasks to queue
[2026-05-10T12:06:59.495+0000] {logging_mixin.py:188} INFO - [2026-05-10T12:06:59.495+0000] {dagbag.py:545} INFO - Filling up the DagBag from /home/airflow/.local/lib/python3.12/site-packages/airflow/example_dags/example_task_group.py
[2026-05-10T12:06:59.501+0000] {processor.py:840} INFO - DAG(s) 'example_task_group' retrieved from /home/airflow/.local/lib/python3.12/site-packages/airflow/example_dags/example_task_group.py
[2026-05-10T12:06:59.521+0000] {logging_mixin.py:188} INFO - [2026-05-10T12:06:59.521+0000] {dag.py:3089} INFO - Sync 1 DAGs
[2026-05-10T12:06:59.541+0000] {logging_mixin.py:188} INFO - [2026-05-10T12:06:59.541+0000] {dag.py:3947} INFO - Setting next_dagrun for example_task_group to 2026-05-09 00:00:00+00:00, run_after=2026-05-10 00:00:00+00:00
[2026-05-10T12:06:59.558+0000] {processor.py:183} INFO - Processing /home/airflow/.local/lib/python3.12/site-packages/airflow/example_dags/example_task_group.py took 0.071 seconds
[2026-05-10T12:07:30.642+0000] {processor.py:161} INFO - Started process (PID=495) to work on /home/airflow/.local/lib/python3.12/site-packages/airflow/example_dags/example_task_group.py
[2026-05-10T12:07:30.642+0000] {processor.py:830} INFO - Processing file /home/airflow/.local/lib/python3.12/site-packages/airflow/example_dags/example_task_group.py for tasks to queue
[2026-05-10T12:07:30.644+0000] {logging_mixin.py:188} INFO - [2026-05-10T12:07:30.644+0000] {dagbag.py:545} INFO - Filling up the DagBag from /home/airflow/.local/lib/python3.12/site-packages/airflow/example_dags/example_task_group.py
[2026-05-10T12:07:30.651+0000] {processor.py:840} INFO - DAG(s) 'example_task_group' retrieved from /home/airflow/.local/lib/python3.12/site-packages/airflow/example_dags/example_task_group.py
[2026-05-10T12:07:30.669+0000] {logging_mixin.py:188} INFO - [2026-05-10T12:07:30.669+0000] {dag.py:3089} INFO - Sync 1 DAGs
[2026-05-10T12:07:30.686+0000] {logging_mixin.py:188} INFO - [2026-05-10T12:07:30.686+0000] {dag.py:3947} INFO - Setting next_dagrun for example_task_group to 2026-05-09 00:00:00+00:00, run_after=2026-05-10 00:00:00+00:00
[2026-05-10T12:07:30.701+0000] {processor.py:183} INFO - Processing /home/airflow/.local/lib/python3.12/site-packages/airflow/example_dags/example_task_group.py took 0.066 seconds
[2026-05-10T12:08:01.793+0000] {processor.py:161} INFO - Started process (PID=555) to work on /home/airflow/.local/lib/python3.12/site-packages/airflow/example_dags/example_task_group.py
[2026-05-10T12:08:01.794+0000] {processor.py:830} INFO - Processing file /home/airflow/.local/lib/python3.12/site-packages/airflow/example_dags/example_task_group.py for tasks to queue
[2026-05-10T12:08:01.795+0000] {logging_mixin.py:188} INFO - [2026-05-10T12:08:01.795+0000] {dagbag.py:545} INFO - Filling up the DagBag from /home/airflow/.local/lib/python3.12/site-packages/airflow/example_dags/example_task_group.py
[2026-05-10T12:08:01.800+0000] {processor.py:840} INFO - DAG(s) 'example_task_group' retrieved from /home/airflow/.local/lib/python3.12/site-packages/airflow/example_dags/example_task_group.py
[2026-05-10T12:08:01.820+0000] {logging_mixin.py:188} INFO - [2026-05-10T12:08:01.819+0000] {dag.py:3089} INFO - Sync 1 DAGs
[2026-05-10T12:08:01.836+0000] {logging_mixin.py:188} INFO - [2026-05-10T12:08:01.836+0000] {dag.py:3947} INFO - Setting next_dagrun for example_task_group to 2026-05-09 00:00:00+00:00, run_after=2026-05-10 00:00:00+00:00
[2026-05-10T12:08:01.848+0000] {processor.py:183} INFO - Processing /home/airflow/.local/lib/python3.12/site-packages/airflow/example_dags/example_task_group.py took 0.062 seconds
[2026-05-10T12:08:32.309+0000] {processor.py:161} INFO - Started process (PID=615) to work on /home/airflow/.local/lib/python3.12/site-packages/airflow/example_dags/example_task_group.py
[2026-05-10T12:08:32.310+0000] {processor.py:830} INFO - Processing file /home/airflow/.local/lib/python3.12/site-packages/airflow/example_dags/example_task_group.py for tasks to queue
[2026-05-10T12:08:32.312+0000] {logging_mixin.py:188} INFO - [2026-05-10T12:08:32.312+0000] {dagbag.py:545} INFO - Filling up the DagBag from /home/airflow/.local/lib/python3.12/site-packages/airflow/example_dags/example_task_group.py
[2026-05-10T12:08:32.318+0000] {processor.py:840} INFO - DAG(s) 'example_task_group' retrieved from /home/airflow/.local/lib/python3.12/site-packages/airflow/example_dags/example_task_group.py
[2026-05-10T12:08:32.339+0000] {logging_mixin.py:188} INFO - [2026-05-10T12:08:32.339+0000] {dag.py:3089} INFO - Sync 1 DAGs
[2026-05-10T12:08:32.358+0000] {logging_mixin.py:188} INFO - [2026-05-10T12:08:32.358+0000] {dag.py:3947} INFO - Setting next_dagrun for example_task_group to 2026-05-09 00:00:00+00:00, run_after=2026-05-10 00:00:00+00:00
[2026-05-10T12:08:32.374+0000] {processor.py:183} INFO - Processing /home/airflow/.local/lib/python3.12/site-packages/airflow/example_dags/example_task_group.py took 0.071 seconds
[2026-05-10T12:09:03.190+0000] {processor.py:161} INFO - Started process (PID=675) to work on /home/airflow/.local/lib/python3.12/site-packages/airflow/example_dags/example_task_group.py
[2026-05-10T12:09:03.191+0000] {processor.py:830} INFO - Processing file /home/airflow/.local/lib/python3.12/site-packages/airflow/example_dags/example_task_group.py for tasks to queue
[2026-05-10T12:09:03.193+0000] {logging_mixin.py:188} INFO - [2026-05-10T12:09:03.193+0000] {dagbag.py:545} INFO - Filling up the DagBag from /home/airflow/.local/lib/python3.12/site-packages/airflow/example_dags/example_task_group.py
[2026-05-10T12:09:03.201+0000] {processor.py:840} INFO - DAG(s) 'example_task_group' retrieved from /home/airflow/.local/lib/python3.12/site-packages/airflow/example_dags/example_task_group.py
[2026-05-10T12:09:03.220+0000] {logging_mixin.py:188} INFO - [2026-05-10T12:09:03.220+0000] {dag.py:3089} INFO - Sync 1 DAGs
[2026-05-10T12:09:03.241+0000] {logging_mixin.py:188} INFO - [2026-05-10T12:09:03.241+0000] {dag.py:3947} INFO - Setting next_dagrun for example_task_group to 2026-05-09 00:00:00+00:00, run_after=2026-05-10 00:00:00+00:00
[2026-05-10T12:09:03.258+0000] {processor.py:183} INFO - Processing /home/airflow/.local/lib/python3.12/site-packages/airflow/example_dags/example_task_group.py took 0.077 seconds
[2026-05-10T12:09:34.402+0000] {processor.py:161} INFO - Started process (PID=735) to work on /home/airflow/.local/lib/python3.12/site-packages/airflow/example_dags/example_task_group.py
[2026-05-10T12:09:34.403+0000] {processor.py:830} INFO - Processing file /home/airflow/.local/lib/python3.12/site-packages/airflow/example_dags/example_task_group.py for tasks to queue
[2026-05-10T12:09:34.404+0000] {logging_mixin.py:188} INFO - [2026-05-10T12:09:34.404+0000] {dagbag.py:545} INFO - Filling up the DagBag from /home/airflow/.local/lib/python3.12/site-packages/airflow/example_dags/example_task_group.py
[2026-05-10T12:09:34.410+0000] {processor.py:840} INFO - DAG(s) 'example_task_group' retrieved from /home/airflow/.local/lib/python3.12/site-packages/airflow/example_dags/example_task_group.py
[2026-05-10T12:09:34.426+0000] {logging_mixin.py:188} INFO - [2026-05-10T12:09:34.426+0000] {dag.py:3089} INFO - Sync 1 DAGs
[2026-05-10T12:09:34.442+0000] {logging_mixin.py:188} INFO - [2026-05-10T12:09:34.441+0000] {dag.py:3947} INFO - Setting next_dagrun for example_task_group to 2026-05-09 00:00:00+00:00, run_after=2026-05-10 00:00:00+00:00
[2026-05-10T12:09:34.456+0000] {processor.py:183} INFO - Processing /home/airflow/.local/lib/python3.12/site-packages/airflow/example_dags/example_task_group.py took 0.060 seconds
[2026-05-10T12:10:05.529+0000] {processor.py:161} INFO - Started process (PID=795) to work on /home/airflow/.local/lib/python3.12/site-packages/airflow/example_dags/example_task_group.py
[2026-05-10T12:10:05.530+0000] {processor.py:830} INFO - Processing file /home/airflow/.local/lib/python3.12/site-packages/airflow/example_dags/example_task_group.py for tasks to queue
[2026-05-10T12:10:05.531+0000] {logging_mixin.py:188} INFO - [2026-05-10T12:10:05.531+0000] {dagbag.py:545} INFO - Filling up the DagBag from /home/airflow/.local/lib/python3.12/site-packages/airflow/example_dags/example_task_group.py
[2026-05-10T12:10:05.537+0000] {processor.py:840} INFO - DAG(s) 'example_task_group' retrieved from /home/airflow/.local/lib/python3.12/site-packages/airflow/example_dags/example_task_group.py
[2026-05-10T12:10:05.555+0000] {logging_mixin.py:188} INFO - [2026-05-10T12:10:05.555+0000] {dag.py:3089} INFO - Sync 1 DAGs
[2026-05-10T12:10:05.571+0000] {logging_mixin.py:188} INFO - [2026-05-10T12:10:05.571+0000] {dag.py:3947} INFO - Setting next_dagrun for example_task_group to 2026-05-09 00:00:00+00:00, run_after=2026-05-10 00:00:00+00:00
[2026-05-10T12:10:05.585+0000] {processor.py:183} INFO - Processing /home/airflow/.local/lib/python3.12/site-packages/airflow/example_dags/example_task_group.py took 0.062 seconds
[2026-05-10T12:10:36.723+0000] {processor.py:161} INFO - Started process (PID=855) to work on /home/airflow/.local/lib/python3.12/site-packages/airflow/example_dags/example_task_group.py
[2026-05-10T12:10:36.723+0000] {processor.py:830} INFO - Processing file /home/airflow/.local/lib/python3.12/site-packages/airflow/example_dags/example_task_group.py for tasks to queue
[2026-05-10T12:10:36.725+0000] {logging_mixin.py:188} INFO - [2026-05-10T12:10:36.725+0000] {dagbag.py:545} INFO - Filling up the DagBag from /home/airflow/.local/lib/python3.12/site-packages/airflow/example_dags/example_task_group.py
[2026-05-10T12:10:36.731+0000] {processor.py:840} INFO - DAG(s) 'example_task_group' retrieved from /home/airflow/.local/lib/python3.12/site-packages/airflow/example_dags/example_task_group.py
[2026-05-10T12:10:36.749+0000] {logging_mixin.py:188} INFO - [2026-05-10T12:10:36.749+0000] {dag.py:3089} INFO - Sync 1 DAGs
[2026-05-10T12:10:36.771+0000] {logging_mixin.py:188} INFO - [2026-05-10T12:10:36.771+0000] {dag.py:3947} INFO - Setting next_dagrun for example_task_group to 2026-05-09 00:00:00+00:00, run_after=2026-05-10 00:00:00+00:00
[2026-05-10T12:10:36.788+0000] {processor.py:183} INFO - Processing /home/airflow/.local/lib/python3.12/site-packages/airflow/example_dags/example_task_group.py took 0.071 seconds
[2026-05-10T12:11:07.917+0000] {processor.py:161} INFO - Started process (PID=915) to work on /home/airflow/.local/lib/python3.12/site-packages/airflow/example_dags/example_task_group.py
[2026-05-10T12:11:07.918+0000] {processor.py:830} INFO - Processing file /home/airflow/.local/lib/python3.12/site-packages/airflow/example_dags/example_task_group.py for tasks to queue
[2026-05-10T12:11:07.919+0000] {logging_mixin.py:188} INFO - [2026-05-10T12:11:07.919+0000] {dagbag.py:545} INFO - Filling up the DagBag from /home/airflow/.local/lib/python3.12/site-packages/airflow/example_dags/example_task_group.py
[2026-05-10T12:11:07.925+0000] {processor.py:840} INFO - DAG(s) 'example_task_group' retrieved from /home/airflow/.local/lib/python3.12/site-packages/airflow/example_dags/example_task_group.py
[2026-05-10T12:11:07.943+0000] {logging_mixin.py:188} INFO - [2026-05-10T12:11:07.943+0000] {dag.py:3089} INFO - Sync 1 DAGs
[2026-05-10T12:11:07.962+0000] {logging_mixin.py:188} INFO - [2026-05-10T12:11:07.961+0000] {dag.py:3947} INFO - Setting next_dagrun for example_task_group to 2026-05-09 00:00:00+00:00, run_after=2026-05-10 00:00:00+00:00
[2026-05-10T12:11:07.976+0000] {processor.py:183} INFO - Processing /home/airflow/.local/lib/python3.12/site-packages/airflow/example_dags/example_task_group.py took 0.065 seconds
[2026-05-10T12:11:39.021+0000] {processor.py:161} INFO - Started process (PID=975) to work on /home/airflow/.local/lib/python3.12/site-packages/airflow/example_dags/example_task_group.py
[2026-05-10T12:11:39.022+0000] {processor.py:830} INFO - Processing file /home/airflow/.local/lib/python3.12/site-packages/airflow/example_dags/example_task_group.py for tasks to queue
[2026-05-10T12:11:39.023+0000] {logging_mixin.py:188} INFO - [2026-05-10T12:11:39.023+0000] {dagbag.py:545} INFO - Filling up the DagBag from /home/airflow/.local/lib/python3.12/site-packages/airflow/example_dags/example_task_group.py
[2026-05-10T12:11:39.029+0000] {processor.py:840} INFO - DAG(s) 'example_task_group' retrieved from /home/airflow/.local/lib/python3.12/site-packages/airflow/example_dags/example_task_group.py
[2026-05-10T12:11:39.047+0000] {logging_mixin.py:188} INFO - [2026-05-10T12:11:39.047+0000] {dag.py:3089} INFO - Sync 1 DAGs
[2026-05-10T12:11:39.062+0000] {logging_mixin.py:188} INFO - [2026-05-10T12:11:39.062+0000] {dag.py:3947} INFO - Setting next_dagrun for example_task_group to 2026-05-09 00:00:00+00:00, run_after=2026-05-10 00:00:00+00:00
[2026-05-10T12:11:39.075+0000] {processor.py:183} INFO - Processing /home/airflow/.local/lib/python3.12/site-packages/airflow/example_dags/example_task_group.py took 0.061 seconds
[2026-05-10T12:12:10.202+0000] {processor.py:161} INFO - Started process (PID=1035) to work on /home/airflow/.local/lib/python3.12/site-packages/airflow/example_dags/example_task_group.py
[2026-05-10T12:12:10.203+0000] {processor.py:830} INFO - Processing file /home/airflow/.local/lib/python3.12/site-packages/airflow/example_dags/example_task_group.py for tasks to queue
[2026-05-10T12:12:10.204+0000] {logging_mixin.py:188} INFO - [2026-05-10T12:12:10.204+0000] {dagbag.py:545} INFO - Filling up the DagBag from /home/airflow/.local/lib/python3.12/site-packages/airflow/example_dags/example_task_group.py
[2026-05-10T12:12:10.211+0000] {processor.py:840} INFO - DAG(s) 'example_task_group' retrieved from /home/airflow/.local/lib/python3.12/site-packages/airflow/example_dags/example_task_group.py
[2026-05-10T12:12:10.230+0000] {logging_mixin.py:188} INFO - [2026-05-10T12:12:10.229+0000] {dag.py:3089} INFO - Sync 1 DAGs
[2026-05-10T12:12:10.246+0000] {logging_mixin.py:188} INFO - [2026-05-10T12:12:10.245+0000] {dag.py:3947} INFO - Setting next_dagrun for example_task_group to 2026-05-09 00:00:00+00:00, run_after=2026-05-10 00:00:00+00:00
[2026-05-10T12:12:10.260+0000] {processor.py:183} INFO - Processing /home/airflow/.local/lib/python3.12/site-packages/airflow/example_dags/example_task_group.py took 0.064 seconds
[2026-05-10T12:12:41.450+0000] {processor.py:161} INFO - Started process (PID=1095) to work on /home/airflow/.local/lib/python3.12/site-packages/airflow/example_dags/example_task_group.py
[2026-05-10T12:12:41.451+0000] {processor.py:830} INFO - Processing file /home/airflow/.local/lib/python3.12/site-packages/airflow/example_dags/example_task_group.py for tasks to queue
[2026-05-10T12:12:41.452+0000] {logging_mixin.py:188} INFO - [2026-05-10T12:12:41.452+0000] {dagbag.py:545} INFO - Filling up the DagBag from /home/airflow/.local/lib/python3.12/site-packages/airflow/example_dags/example_task_group.py
[2026-05-10T12:12:41.460+0000] {processor.py:840} INFO - DAG(s) 'example_task_group' retrieved from /home/airflow/.local/lib/python3.12/site-packages/airflow/example_dags/example_task_group.py
[2026-05-10T12:12:41.483+0000] {logging_mixin.py:188} INFO - [2026-05-10T12:12:41.483+0000] {dag.py:3089} INFO - Sync 1 DAGs
[2026-05-10T12:12:41.502+0000] {logging_mixin.py:188} INFO - [2026-05-10T12:12:41.502+0000] {dag.py:3947} INFO - Setting next_dagrun for example_task_group to 2026-05-09 00:00:00+00:00, run_after=2026-05-10 00:00:00+00:00
[2026-05-10T12:12:41.518+0000] {processor.py:183} INFO - Processing /home/airflow/.local/lib/python3.12/site-packages/airflow/example_dags/example_task_group.py took 0.076 seconds
[2026-05-10T12:13:12.032+0000] {processor.py:161} INFO - Started process (PID=1155) to work on /home/airflow/.local/lib/python3.12/site-packages/airflow/example_dags/example_task_group.py
[2026-05-10T12:13:12.032+0000] {processor.py:830} INFO - Processing file /home/airflow/.local/lib/python3.12/site-packages/airflow/example_dags/example_task_group.py for tasks to queue
[2026-05-10T12:13:12.034+0000] {logging_mixin.py:188} INFO - [2026-05-10T12:13:12.034+0000] {dagbag.py:545} INFO - Filling up the DagBag from /home/airflow/.local/lib/python3.12/site-packages/airflow/example_dags/example_task_group.py
[2026-05-10T12:13:12.040+0000] {processor.py:840} INFO - DAG(s) 'example_task_group' retrieved from /home/airflow/.local/lib/python3.12/site-packages/airflow/example_dags/example_task_group.py
[2026-05-10T12:13:12.058+0000] {logging_mixin.py:188} INFO - [2026-05-10T12:13:12.058+0000] {dag.py:3089} INFO - Sync 1 DAGs
[2026-05-10T12:13:12.075+0000] {logging_mixin.py:188} INFO - [2026-05-10T12:13:12.074+0000] {dag.py:3947} INFO - Setting next_dagrun for example_task_group to 2026-05-09 00:00:00+00:00, run_after=2026-05-10 00:00:00+00:00
[2026-05-10T12:13:12.090+0000] {processor.py:183} INFO - Processing /home/airflow/.local/lib/python3.12/site-packages/airflow/example_dags/example_task_group.py took 0.064 seconds
[2026-05-10T12:13:42.343+0000] {processor.py:161} INFO - Started process (PID=1215) to work on /home/airflow/.local/lib/python3.12/site-packages/airflow/example_dags/example_task_group.py
[2026-05-10T12:13:42.344+0000] {processor.py:830} INFO - Processing file /home/airflow/.local/lib/python3.12/site-packages/airflow/example_dags/example_task_group.py for tasks to queue
[2026-05-10T12:13:42.346+0000] {logging_mixin.py:188} INFO - [2026-05-10T12:13:42.345+0000] {dagbag.py:545} INFO - Filling up the DagBag from /home/airflow/.local/lib/python3.12/site-packages/airflow/example_dags/example_task_group.py
[2026-05-10T12:13:42.352+0000] {processor.py:840} INFO - DAG(s) 'example_task_group' retrieved from /home/airflow/.local/lib/python3.12/site-packages/airflow/example_dags/example_task_group.py
[2026-05-10T12:13:42.372+0000] {logging_mixin.py:188} INFO - [2026-05-10T12:13:42.372+0000] {dag.py:3089} INFO - Sync 1 DAGs
[2026-05-10T12:13:42.389+0000] {logging_mixin.py:188} INFO - [2026-05-10T12:13:42.389+0000] {dag.py:3947} INFO - Setting next_dagrun for example_task_group to 2026-05-09 00:00:00+00:00, run_after=2026-05-10 00:00:00+00:00
[2026-05-10T12:13:42.404+0000] {processor.py:183} INFO - Processing /home/airflow/.local/lib/python3.12/site-packages/airflow/example_dags/example_task_group.py took 0.067 seconds
[2026-05-10T12:15:55.201+0000] {processor.py:161} INFO - Started process (PID=75) to work on /home/airflow/.local/lib/python3.12/site-packages/airflow/example_dags/example_task_group.py
[2026-05-10T12:15:55.202+0000] {processor.py:830} INFO - Processing file /home/airflow/.local/lib/python3.12/site-packages/airflow/example_dags/example_task_group.py for tasks to queue
[2026-05-10T12:15:55.206+0000] {logging_mixin.py:188} INFO - [2026-05-10T12:15:55.205+0000] {dagbag.py:545} INFO - Filling up the DagBag from /home/airflow/.local/lib/python3.12/site-packages/airflow/example_dags/example_task_group.py
[2026-05-10T12:15:55.220+0000] {processor.py:840} INFO - DAG(s) 'example_task_group' retrieved from /home/airflow/.local/lib/python3.12/site-packages/airflow/example_dags/example_task_group.py
[2026-05-10T12:15:55.233+0000] {logging_mixin.py:188} INFO - [2026-05-10T12:15:55.232+0000] {dag.py:3089} INFO - Sync 1 DAGs
[2026-05-10T12:15:55.254+0000] {logging_mixin.py:188} INFO - [2026-05-10T12:15:55.253+0000] {dag.py:3947} INFO - Setting next_dagrun for example_task_group to 2026-05-09 00:00:00+00:00, run_after=2026-05-10 00:00:00+00:00
[2026-05-10T12:15:55.270+0000] {processor.py:183} INFO - Processing /home/airflow/.local/lib/python3.12/site-packages/airflow/example_dags/example_task_group.py took 0.078 seconds
[2026-05-10T12:16:26.967+0000] {processor.py:161} INFO - Started process (PID=135) to work on /home/airflow/.local/lib/python3.12/site-packages/airflow/example_dags/example_task_group.py
[2026-05-10T12:16:26.968+0000] {processor.py:830} INFO - Processing file /home/airflow/.local/lib/python3.12/site-packages/airflow/example_dags/example_task_group.py for tasks to queue
[2026-05-10T12:16:26.970+0000] {logging_mixin.py:188} INFO - [2026-05-10T12:16:26.969+0000] {dagbag.py:545} INFO - Filling up the DagBag from /home/airflow/.local/lib/python3.12/site-packages/airflow/example_dags/example_task_group.py
[2026-05-10T12:16:26.975+0000] {processor.py:840} INFO - DAG(s) 'example_task_group' retrieved from /home/airflow/.local/lib/python3.12/site-packages/airflow/example_dags/example_task_group.py
[2026-05-10T12:16:27.056+0000] {logging_mixin.py:188} INFO - [2026-05-10T12:16:27.056+0000] {dag.py:3089} INFO - Sync 1 DAGs
[2026-05-10T12:16:27.070+0000] {logging_mixin.py:188} INFO - [2026-05-10T12:16:27.070+0000] {dag.py:3947} INFO - Setting next_dagrun for example_task_group to 2026-05-09 00:00:00+00:00, run_after=2026-05-10 00:00:00+00:00
[2026-05-10T12:16:27.087+0000] {processor.py:183} INFO - Processing /home/airflow/.local/lib/python3.12/site-packages/airflow/example_dags/example_task_group.py took 0.126 seconds
[2026-05-10T12:16:57.965+0000] {processor.py:161} INFO - Started process (PID=201) to work on /home/airflow/.local/lib/python3.12/site-packages/airflow/example_dags/example_task_group.py
[2026-05-10T12:16:57.966+0000] {processor.py:830} INFO - Processing file /home/airflow/.local/lib/python3.12/site-packages/airflow/example_dags/example_task_group.py for tasks to queue
[2026-05-10T12:16:57.968+0000] {logging_mixin.py:188} INFO - [2026-05-10T12:16:57.967+0000] {dagbag.py:545} INFO - Filling up the DagBag from /home/airflow/.local/lib/python3.12/site-packages/airflow/example_dags/example_task_group.py
[2026-05-10T12:16:57.973+0000] {processor.py:840} INFO - DAG(s) 'example_task_group' retrieved from /home/airflow/.local/lib/python3.12/site-packages/airflow/example_dags/example_task_group.py
[2026-05-10T12:16:57.992+0000] {logging_mixin.py:188} INFO - [2026-05-10T12:16:57.992+0000] {dag.py:3089} INFO - Sync 1 DAGs
[2026-05-10T12:16:58.008+0000] {logging_mixin.py:188} INFO - [2026-05-10T12:16:58.008+0000] {dag.py:3947} INFO - Setting next_dagrun for example_task_group to 2026-05-09 00:00:00+00:00, run_after=2026-05-10 00:00:00+00:00
[2026-05-10T12:16:58.023+0000] {processor.py:183} INFO - Processing /home/airflow/.local/lib/python3.12/site-packages/airflow/example_dags/example_task_group.py took 0.063 seconds
[2026-05-10T12:17:28.502+0000] {processor.py:161} INFO - Started process (PID=261) to work on /home/airflow/.local/lib/python3.12/site-packages/airflow/example_dags/example_task_group.py
[2026-05-10T12:17:28.503+0000] {processor.py:830} INFO - Processing file /home/airflow/.local/lib/python3.12/site-packages/airflow/example_dags/example_task_group.py for tasks to queue
[2026-05-10T12:17:28.505+0000] {logging_mixin.py:188} INFO - [2026-05-10T12:17:28.505+0000] {dagbag.py:545} INFO - Filling up the DagBag from /home/airflow/.local/lib/python3.12/site-packages/airflow/example_dags/example_task_group.py
[2026-05-10T12:17:28.511+0000] {processor.py:840} INFO - DAG(s) 'example_task_group' retrieved from /home/airflow/.local/lib/python3.12/site-packages/airflow/example_dags/example_task_group.py
[2026-05-10T12:17:28.530+0000] {logging_mixin.py:188} INFO - [2026-05-10T12:17:28.529+0000] {dag.py:3089} INFO - Sync 1 DAGs
[2026-05-10T12:17:28.546+0000] {logging_mixin.py:188} INFO - [2026-05-10T12:17:28.546+0000] {dag.py:3947} INFO - Setting next_dagrun for example_task_group to 2026-05-09 00:00:00+00:00, run_after=2026-05-10 00:00:00+00:00
[2026-05-10T12:17:28.561+0000] {processor.py:183} INFO - Processing /home/airflow/.local/lib/python3.12/site-packages/airflow/example_dags/example_task_group.py took 0.064 seconds
[2026-05-10T12:17:58.650+0000] {processor.py:161} INFO - Started process (PID=321) to work on /home/airflow/.local/lib/python3.12/site-packages/airflow/example_dags/example_task_group.py
[2026-05-10T12:17:58.650+0000] {processor.py:830} INFO - Processing file /home/airflow/.local/lib/python3.12/site-packages/airflow/example_dags/example_task_group.py for tasks to queue
[2026-05-10T12:17:58.652+0000] {logging_mixin.py:188} INFO - [2026-05-10T12:17:58.652+0000] {dagbag.py:545} INFO - Filling up the DagBag from /home/airflow/.local/lib/python3.12/site-packages/airflow/example_dags/example_task_group.py
[2026-05-10T12:17:58.658+0000] {processor.py:840} INFO - DAG(s) 'example_task_group' retrieved from /home/airflow/.local/lib/python3.12/site-packages/airflow/example_dags/example_task_group.py
[2026-05-10T12:17:58.675+0000] {logging_mixin.py:188} INFO - [2026-05-10T12:17:58.674+0000] {dag.py:3089} INFO - Sync 1 DAGs
[2026-05-10T12:17:58.694+0000] {logging_mixin.py:188} INFO - [2026-05-10T12:17:58.693+0000] {dag.py:3947} INFO - Setting next_dagrun for example_task_group to 2026-05-09 00:00:00+00:00, run_after=2026-05-10 00:00:00+00:00
[2026-05-10T12:17:58.709+0000] {processor.py:183} INFO - Processing /home/airflow/.local/lib/python3.12/site-packages/airflow/example_dags/example_task_group.py took 0.064 seconds
[2026-05-10T12:18:28.881+0000] {processor.py:161} INFO - Started process (PID=381) to work on /home/airflow/.local/lib/python3.12/site-packages/airflow/example_dags/example_task_group.py
[2026-05-10T12:18:28.882+0000] {processor.py:830} INFO - Processing file /home/airflow/.local/lib/python3.12/site-packages/airflow/example_dags/example_task_group.py for tasks to queue
[2026-05-10T12:18:28.884+0000] {logging_mixin.py:188} INFO - [2026-05-10T12:18:28.884+0000] {dagbag.py:545} INFO - Filling up the DagBag from /home/airflow/.local/lib/python3.12/site-packages/airflow/example_dags/example_task_group.py
[2026-05-10T12:18:28.890+0000] {processor.py:840} INFO - DAG(s) 'example_task_group' retrieved from /home/airflow/.local/lib/python3.12/site-packages/airflow/example_dags/example_task_group.py
[2026-05-10T12:18:28.911+0000] {logging_mixin.py:188} INFO - [2026-05-10T12:18:28.911+0000] {dag.py:3089} INFO - Sync 1 DAGs
[2026-05-10T12:18:28.929+0000] {logging_mixin.py:188} INFO - [2026-05-10T12:18:28.928+0000] {dag.py:3947} INFO - Setting next_dagrun for example_task_group to 2026-05-09 00:00:00+00:00, run_after=2026-05-10 00:00:00+00:00
[2026-05-10T12:18:28.944+0000] {processor.py:183} INFO - Processing /home/airflow/.local/lib/python3.12/site-packages/airflow/example_dags/example_task_group.py took 0.069 seconds
[2026-05-10T12:18:59.381+0000] {processor.py:161} INFO - Started process (PID=441) to work on /home/airflow/.local/lib/python3.12/site-packages/airflow/example_dags/example_task_group.py
[2026-05-10T12:18:59.382+0000] {processor.py:830} INFO - Processing file /home/airflow/.local/lib/python3.12/site-packages/airflow/example_dags/example_task_group.py for tasks to queue
[2026-05-10T12:18:59.384+0000] {logging_mixin.py:188} INFO - [2026-05-10T12:18:59.384+0000] {dagbag.py:545} INFO - Filling up the DagBag from /home/airflow/.local/lib/python3.12/site-packages/airflow/example_dags/example_task_group.py
[2026-05-10T12:18:59.390+0000] {processor.py:840} INFO - DAG(s) 'example_task_group' retrieved from /home/airflow/.local/lib/python3.12/site-packages/airflow/example_dags/example_task_group.py
[2026-05-10T12:18:59.408+0000] {logging_mixin.py:188} INFO - [2026-05-10T12:18:59.408+0000] {dag.py:3089} INFO - Sync 1 DAGs
[2026-05-10T12:18:59.425+0000] {logging_mixin.py:188} INFO - [2026-05-10T12:18:59.425+0000] {dag.py:3947} INFO - Setting next_dagrun for example_task_group to 2026-05-09 00:00:00+00:00, run_after=2026-05-10 00:00:00+00:00
[2026-05-10T12:18:59.440+0000] {processor.py:183} INFO - Processing /home/airflow/.local/lib/python3.12/site-packages/airflow/example_dags/example_task_group.py took 0.066 seconds
[2026-05-10T12:27:25.415+0000] {processor.py:161} INFO - Started process (PID=75) to work on /home/airflow/.local/lib/python3.12/site-packages/airflow/example_dags/example_task_group.py
[2026-05-10T12:27:25.416+0000] {processor.py:830} INFO - Processing file /home/airflow/.local/lib/python3.12/site-packages/airflow/example_dags/example_task_group.py for tasks to queue
[2026-05-10T12:27:25.418+0000] {logging_mixin.py:188} INFO - [2026-05-10T12:27:25.418+0000] {dagbag.py:545} INFO - Filling up the DagBag from /home/airflow/.local/lib/python3.12/site-packages/airflow/example_dags/example_task_group.py
[2026-05-10T12:27:25.428+0000] {processor.py:840} INFO - DAG(s) 'example_task_group' retrieved from /home/airflow/.local/lib/python3.12/site-packages/airflow/example_dags/example_task_group.py
[2026-05-10T12:27:25.440+0000] {logging_mixin.py:188} INFO - [2026-05-10T12:27:25.440+0000] {dag.py:3089} INFO - Sync 1 DAGs
[2026-05-10T12:27:25.461+0000] {logging_mixin.py:188} INFO - [2026-05-10T12:27:25.461+0000] {dag.py:3947} INFO - Setting next_dagrun for example_task_group to 2026-05-09 00:00:00+00:00, run_after=2026-05-10 00:00:00+00:00
[2026-05-10T12:27:25.478+0000] {processor.py:183} INFO - Processing /home/airflow/.local/lib/python3.12/site-packages/airflow/example_dags/example_task_group.py took 0.070 seconds
[2026-05-10T12:27:55.970+0000] {processor.py:161} INFO - Started process (PID=135) to work on /home/airflow/.local/lib/python3.12/site-packages/airflow/example_dags/example_task_group.py
[2026-05-10T12:27:55.970+0000] {processor.py:830} INFO - Processing file /home/airflow/.local/lib/python3.12/site-packages/airflow/example_dags/example_task_group.py for tasks to queue
[2026-05-10T12:27:55.972+0000] {logging_mixin.py:188} INFO - [2026-05-10T12:27:55.972+0000] {dagbag.py:545} INFO - Filling up the DagBag from /home/airflow/.local/lib/python3.12/site-packages/airflow/example_dags/example_task_group.py
[2026-05-10T12:27:55.978+0000] {processor.py:840} INFO - DAG(s) 'example_task_group' retrieved from /home/airflow/.local/lib/python3.12/site-packages/airflow/example_dags/example_task_group.py
[2026-05-10T12:27:56.061+0000] {logging_mixin.py:188} INFO - [2026-05-10T12:27:56.060+0000] {dag.py:3089} INFO - Sync 1 DAGs
[2026-05-10T12:27:56.075+0000] {logging_mixin.py:188} INFO - [2026-05-10T12:27:56.075+0000] {dag.py:3947} INFO - Setting next_dagrun for example_task_group to 2026-05-09 00:00:00+00:00, run_after=2026-05-10 00:00:00+00:00
[2026-05-10T12:27:56.089+0000] {processor.py:183} INFO - Processing /home/airflow/.local/lib/python3.12/site-packages/airflow/example_dags/example_task_group.py took 0.125 seconds
[2026-05-10T12:28:26.652+0000] {processor.py:161} INFO - Started process (PID=195) to work on /home/airflow/.local/lib/python3.12/site-packages/airflow/example_dags/example_task_group.py
[2026-05-10T12:28:26.652+0000] {processor.py:830} INFO - Processing file /home/airflow/.local/lib/python3.12/site-packages/airflow/example_dags/example_task_group.py for tasks to queue
[2026-05-10T12:28:26.654+0000] {logging_mixin.py:188} INFO - [2026-05-10T12:28:26.654+0000] {dagbag.py:545} INFO - Filling up the DagBag from /home/airflow/.local/lib/python3.12/site-packages/airflow/example_dags/example_task_group.py
[2026-05-10T12:28:26.660+0000] {processor.py:840} INFO - DAG(s) 'example_task_group' retrieved from /home/airflow/.local/lib/python3.12/site-packages/airflow/example_dags/example_task_group.py
[2026-05-10T12:28:26.678+0000] {logging_mixin.py:188} INFO - [2026-05-10T12:28:26.678+0000] {dag.py:3089} INFO - Sync 1 DAGs
[2026-05-10T12:28:26.694+0000] {logging_mixin.py:188} INFO - [2026-05-10T12:28:26.694+0000] {dag.py:3947} INFO - Setting next_dagrun for example_task_group to 2026-05-09 00:00:00+00:00, run_after=2026-05-10 00:00:00+00:00
[2026-05-10T12:28:26.708+0000] {processor.py:183} INFO - Processing /home/airflow/.local/lib/python3.12/site-packages/airflow/example_dags/example_task_group.py took 0.062 seconds
[2026-05-10T12:28:57.061+0000] {processor.py:161} INFO - Started process (PID=255) to work on /home/airflow/.local/lib/python3.12/site-packages/airflow/example_dags/example_task_group.py
[2026-05-10T12:28:57.062+0000] {processor.py:830} INFO - Processing file /home/airflow/.local/lib/python3.12/site-packages/airflow/example_dags/example_task_group.py for tasks to queue
[2026-05-10T12:28:57.064+0000] {logging_mixin.py:188} INFO - [2026-05-10T12:28:57.064+0000] {dagbag.py:545} INFO - Filling up the DagBag from /home/airflow/.local/lib/python3.12/site-packages/airflow/example_dags/example_task_group.py
[2026-05-10T12:28:57.070+0000] {processor.py:840} INFO - DAG(s) 'example_task_group' retrieved from /home/airflow/.local/lib/python3.12/site-packages/airflow/example_dags/example_task_group.py
[2026-05-10T12:28:57.087+0000] {logging_mixin.py:188} INFO - [2026-05-10T12:28:57.086+0000] {dag.py:3089} INFO - Sync 1 DAGs
[2026-05-10T12:28:57.102+0000] {logging_mixin.py:188} INFO - [2026-05-10T12:28:57.102+0000] {dag.py:3947} INFO - Setting next_dagrun for example_task_group to 2026-05-09 00:00:00+00:00, run_after=2026-05-10 00:00:00+00:00
[2026-05-10T12:28:57.115+0000] {processor.py:183} INFO - Processing /home/airflow/.local/lib/python3.12/site-packages/airflow/example_dags/example_task_group.py took 0.059 seconds
[2026-05-10T12:29:27.968+0000] {processor.py:161} INFO - Started process (PID=321) to work on /home/airflow/.local/lib/python3.12/site-packages/airflow/example_dags/example_task_group.py
[2026-05-10T12:29:27.969+0000] {processor.py:830} INFO - Processing file /home/airflow/.local/lib/python3.12/site-packages/airflow/example_dags/example_task_group.py for tasks to queue
[2026-05-10T12:29:27.970+0000] {logging_mixin.py:188} INFO - [2026-05-10T12:29:27.970+0000] {dagbag.py:545} INFO - Filling up the DagBag from /home/airflow/.local/lib/python3.12/site-packages/airflow/example_dags/example_task_group.py
[2026-05-10T12:29:27.976+0000] {processor.py:840} INFO - DAG(s) 'example_task_group' retrieved from /home/airflow/.local/lib/python3.12/site-packages/airflow/example_dags/example_task_group.py
[2026-05-10T12:29:27.993+0000] {logging_mixin.py:188} INFO - [2026-05-10T12:29:27.993+0000] {dag.py:3089} INFO - Sync 1 DAGs
[2026-05-10T12:29:28.010+0000] {logging_mixin.py:188} INFO - [2026-05-10T12:29:28.010+0000] {dag.py:3947} INFO - Setting next_dagrun for example_task_group to 2026-05-09 00:00:00+00:00, run_after=2026-05-10 00:00:00+00:00
[2026-05-10T12:29:28.024+0000] {processor.py:183} INFO - Processing /home/airflow/.local/lib/python3.12/site-packages/airflow/example_dags/example_task_group.py took 0.062 seconds
[2026-05-10T12:29:59.002+0000] {processor.py:161} INFO - Started process (PID=381) to work on /home/airflow/.local/lib/python3.12/site-packages/airflow/example_dags/example_task_group.py
[2026-05-10T12:29:59.003+0000] {processor.py:830} INFO - Processing file /home/airflow/.local/lib/python3.12/site-packages/airflow/example_dags/example_task_group.py for tasks to queue
[2026-05-10T12:29:59.005+0000] {logging_mixin.py:188} INFO - [2026-05-10T12:29:59.005+0000] {dagbag.py:545} INFO - Filling up the DagBag from /home/airflow/.local/lib/python3.12/site-packages/airflow/example_dags/example_task_group.py
[2026-05-10T12:29:59.013+0000] {processor.py:840} INFO - DAG(s) 'example_task_group' retrieved from /home/airflow/.local/lib/python3.12/site-packages/airflow/example_dags/example_task_group.py
[2026-05-10T12:29:59.035+0000] {logging_mixin.py:188} INFO - [2026-05-10T12:29:59.034+0000] {dag.py:3089} INFO - Sync 1 DAGs
[2026-05-10T12:29:59.053+0000] {logging_mixin.py:188} INFO - [2026-05-10T12:29:59.053+0000] {dag.py:3947} INFO - Setting next_dagrun for example_task_group to 2026-05-09 00:00:00+00:00, run_after=2026-05-10 00:00:00+00:00
[2026-05-10T12:29:59.071+0000] {processor.py:183} INFO - Processing /home/airflow/.local/lib/python3.12/site-packages/airflow/example_dags/example_task_group.py took 0.075 seconds
[2026-05-10T12:30:30.025+0000] {processor.py:161} INFO - Started process (PID=445) to work on /home/airflow/.local/lib/python3.12/site-packages/airflow/example_dags/example_task_group.py
[2026-05-10T12:30:30.026+0000] {processor.py:830} INFO - Processing file /home/airflow/.local/lib/python3.12/site-packages/airflow/example_dags/example_task_group.py for tasks to queue
[2026-05-10T12:30:30.028+0000] {logging_mixin.py:188} INFO - [2026-05-10T12:30:30.028+0000] {dagbag.py:545} INFO - Filling up the DagBag from /home/airflow/.local/lib/python3.12/site-packages/airflow/example_dags/example_task_group.py
[2026-05-10T12:30:30.034+0000] {processor.py:840} INFO - DAG(s) 'example_task_group' retrieved from /home/airflow/.local/lib/python3.12/site-packages/airflow/example_dags/example_task_group.py
[2026-05-10T12:30:30.052+0000] {logging_mixin.py:188} INFO - [2026-05-10T12:30:30.051+0000] {dag.py:3089} INFO - Sync 1 DAGs
[2026-05-10T12:30:30.067+0000] {logging_mixin.py:188} INFO - [2026-05-10T12:30:30.067+0000] {dag.py:3947} INFO - Setting next_dagrun for example_task_group to 2026-05-09 00:00:00+00:00, run_after=2026-05-10 00:00:00+00:00
[2026-05-10T12:30:30.080+0000] {processor.py:183} INFO - Processing /home/airflow/.local/lib/python3.12/site-packages/airflow/example_dags/example_task_group.py took 0.060 seconds
[2026-05-10T12:31:01.272+0000] {processor.py:161} INFO - Started process (PID=505) to work on /home/airflow/.local/lib/python3.12/site-packages/airflow/example_dags/example_task_group.py
[2026-05-10T12:31:01.273+0000] {processor.py:830} INFO - Processing file /home/airflow/.local/lib/python3.12/site-packages/airflow/example_dags/example_task_group.py for tasks to queue
[2026-05-10T12:31:01.275+0000] {logging_mixin.py:188} INFO - [2026-05-10T12:31:01.274+0000] {dagbag.py:545} INFO - Filling up the DagBag from /home/airflow/.local/lib/python3.12/site-packages/airflow/example_dags/example_task_group.py
[2026-05-10T12:31:01.282+0000] {processor.py:840} INFO - DAG(s) 'example_task_group' retrieved from /home/airflow/.local/lib/python3.12/site-packages/airflow/example_dags/example_task_group.py
[2026-05-10T12:31:01.301+0000] {logging_mixin.py:188} INFO - [2026-05-10T12:31:01.301+0000] {dag.py:3089} INFO - Sync 1 DAGs
[2026-05-10T12:31:01.317+0000] {logging_mixin.py:188} INFO - [2026-05-10T12:31:01.317+0000] {dag.py:3947} INFO - Setting next_dagrun for example_task_group to 2026-05-09 00:00:00+00:00, run_after=2026-05-10 00:00:00+00:00
[2026-05-10T12:31:01.333+0000] {processor.py:183} INFO - Processing /home/airflow/.local/lib/python3.12/site-packages/airflow/example_dags/example_task_group.py took 0.067 seconds
[2026-05-10T12:31:32.362+0000] {processor.py:161} INFO - Started process (PID=565) to work on /home/airflow/.local/lib/python3.12/site-packages/airflow/example_dags/example_task_group.py
[2026-05-10T12:31:32.363+0000] {processor.py:830} INFO - Processing file /home/airflow/.local/lib/python3.12/site-packages/airflow/example_dags/example_task_group.py for tasks to queue
[2026-05-10T12:31:32.365+0000] {logging_mixin.py:188} INFO - [2026-05-10T12:31:32.364+0000] {dagbag.py:545} INFO - Filling up the DagBag from /home/airflow/.local/lib/python3.12/site-packages/airflow/example_dags/example_task_group.py
[2026-05-10T12:31:32.370+0000] {processor.py:840} INFO - DAG(s) 'example_task_group' retrieved from /home/airflow/.local/lib/python3.12/site-packages/airflow/example_dags/example_task_group.py
[2026-05-10T12:31:32.387+0000] {logging_mixin.py:188} INFO - [2026-05-10T12:31:32.387+0000] {dag.py:3089} INFO - Sync 1 DAGs
[2026-05-10T12:31:32.401+0000] {logging_mixin.py:188} INFO - [2026-05-10T12:31:32.401+0000] {dag.py:3947} INFO - Setting next_dagrun for example_task_group to 2026-05-09 00:00:00+00:00, run_after=2026-05-10 00:00:00+00:00
[2026-05-10T12:31:32.414+0000] {processor.py:183} INFO - Processing /home/airflow/.local/lib/python3.12/site-packages/airflow/example_dags/example_task_group.py took 0.058 seconds
[2026-05-10T12:32:02.728+0000] {processor.py:161} INFO - Started process (PID=625) to work on /home/airflow/.local/lib/python3.12/site-packages/airflow/example_dags/example_task_group.py
[2026-05-10T12:32:02.729+0000] {processor.py:830} INFO - Processing file /home/airflow/.local/lib/python3.12/site-packages/airflow/example_dags/example_task_group.py for tasks to queue
[2026-05-10T12:32:02.731+0000] {logging_mixin.py:188} INFO - [2026-05-10T12:32:02.731+0000] {dagbag.py:545} INFO - Filling up the DagBag from /home/airflow/.local/lib/python3.12/site-packages/airflow/example_dags/example_task_group.py
[2026-05-10T12:32:02.736+0000] {processor.py:840} INFO - DAG(s) 'example_task_group' retrieved from /home/airflow/.local/lib/python3.12/site-packages/airflow/example_dags/example_task_group.py
[2026-05-10T12:32:02.753+0000] {logging_mixin.py:188} INFO - [2026-05-10T12:32:02.753+0000] {dag.py:3089} INFO - Sync 1 DAGs
[2026-05-10T12:32:02.769+0000] {logging_mixin.py:188} INFO - [2026-05-10T12:32:02.769+0000] {dag.py:3947} INFO - Setting next_dagrun for example_task_group to 2026-05-09 00:00:00+00:00, run_after=2026-05-10 00:00:00+00:00
[2026-05-10T12:32:02.782+0000] {processor.py:183} INFO - Processing /home/airflow/.local/lib/python3.12/site-packages/airflow/example_dags/example_task_group.py took 0.059 seconds
[2026-05-10T12:32:34.073+0000] {processor.py:161} INFO - Started process (PID=685) to work on /home/airflow/.local/lib/python3.12/site-packages/airflow/example_dags/example_task_group.py
[2026-05-10T12:32:34.074+0000] {processor.py:830} INFO - Processing file /home/airflow/.local/lib/python3.12/site-packages/airflow/example_dags/example_task_group.py for tasks to queue
[2026-05-10T12:32:34.075+0000] {logging_mixin.py:188} INFO - [2026-05-10T12:32:34.075+0000] {dagbag.py:545} INFO - Filling up the DagBag from /home/airflow/.local/lib/python3.12/site-packages/airflow/example_dags/example_task_group.py
[2026-05-10T12:32:34.081+0000] {processor.py:840} INFO - DAG(s) 'example_task_group' retrieved from /home/airflow/.local/lib/python3.12/site-packages/airflow/example_dags/example_task_group.py
[2026-05-10T12:32:34.100+0000] {logging_mixin.py:188} INFO - [2026-05-10T12:32:34.099+0000] {dag.py:3089} INFO - Sync 1 DAGs
[2026-05-10T12:32:34.117+0000] {logging_mixin.py:188} INFO - [2026-05-10T12:32:34.117+0000] {dag.py:3947} INFO - Setting next_dagrun for example_task_group to 2026-05-09 00:00:00+00:00, run_after=2026-05-10 00:00:00+00:00
[2026-05-10T12:32:34.133+0000] {processor.py:183} INFO - Processing /home/airflow/.local/lib/python3.12/site-packages/airflow/example_dags/example_task_group.py took 0.067 seconds
[2026-05-10T12:33:05.265+0000] {processor.py:161} INFO - Started process (PID=745) to work on /home/airflow/.local/lib/python3.12/site-packages/airflow/example_dags/example_task_group.py
[2026-05-10T12:33:05.266+0000] {processor.py:830} INFO - Processing file /home/airflow/.local/lib/python3.12/site-packages/airflow/example_dags/example_task_group.py for tasks to queue
[2026-05-10T12:33:05.268+0000] {logging_mixin.py:188} INFO - [2026-05-10T12:33:05.268+0000] {dagbag.py:545} INFO - Filling up the DagBag from /home/airflow/.local/lib/python3.12/site-packages/airflow/example_dags/example_task_group.py
[2026-05-10T12:33:05.274+0000] {processor.py:840} INFO - DAG(s) 'example_task_group' retrieved from /home/airflow/.local/lib/python3.12/site-packages/airflow/example_dags/example_task_group.py
[2026-05-10T12:33:05.291+0000] {logging_mixin.py:188} INFO - [2026-05-10T12:33:05.290+0000] {dag.py:3089} INFO - Sync 1 DAGs
[2026-05-10T12:33:05.306+0000] {logging_mixin.py:188} INFO - [2026-05-10T12:33:05.306+0000] {dag.py:3947} INFO - Setting next_dagrun for example_task_group to 2026-05-09 00:00:00+00:00, run_after=2026-05-10 00:00:00+00:00
[2026-05-10T12:33:05.319+0000] {processor.py:183} INFO - Processing /home/airflow/.local/lib/python3.12/site-packages/airflow/example_dags/example_task_group.py took 0.060 seconds
[2026-05-10T12:33:36.335+0000] {processor.py:161} INFO - Started process (PID=806) to work on /home/airflow/.local/lib/python3.12/site-packages/airflow/example_dags/example_task_group.py
[2026-05-10T12:33:36.336+0000] {processor.py:830} INFO - Processing file /home/airflow/.local/lib/python3.12/site-packages/airflow/example_dags/example_task_group.py for tasks to queue
[2026-05-10T12:33:36.338+0000] {logging_mixin.py:188} INFO - [2026-05-10T12:33:36.338+0000] {dagbag.py:545} INFO - Filling up the DagBag from /home/airflow/.local/lib/python3.12/site-packages/airflow/example_dags/example_task_group.py
[2026-05-10T12:33:36.345+0000] {processor.py:840} INFO - DAG(s) 'example_task_group' retrieved from /home/airflow/.local/lib/python3.12/site-packages/airflow/example_dags/example_task_group.py
[2026-05-10T12:33:36.363+0000] {logging_mixin.py:188} INFO - [2026-05-10T12:33:36.363+0000] {dag.py:3089} INFO - Sync 1 DAGs
[2026-05-10T12:33:36.379+0000] {logging_mixin.py:188} INFO - [2026-05-10T12:33:36.379+0000] {dag.py:3947} INFO - Setting next_dagrun for example_task_group to 2026-05-09 00:00:00+00:00, run_after=2026-05-10 00:00:00+00:00
[2026-05-10T12:33:36.392+0000] {processor.py:183} INFO - Processing /home/airflow/.local/lib/python3.12/site-packages/airflow/example_dags/example_task_group.py took 0.064 seconds
[2026-05-10T12:34:06.983+0000] {processor.py:161} INFO - Started process (PID=866) to work on /home/airflow/.local/lib/python3.12/site-packages/airflow/example_dags/example_task_group.py
[2026-05-10T12:34:06.983+0000] {processor.py:830} INFO - Processing file /home/airflow/.local/lib/python3.12/site-packages/airflow/example_dags/example_task_group.py for tasks to queue
[2026-05-10T12:34:06.985+0000] {logging_mixin.py:188} INFO - [2026-05-10T12:34:06.985+0000] {dagbag.py:545} INFO - Filling up the DagBag from /home/airflow/.local/lib/python3.12/site-packages/airflow/example_dags/example_task_group.py
[2026-05-10T12:34:06.991+0000] {processor.py:840} INFO - DAG(s) 'example_task_group' retrieved from /home/airflow/.local/lib/python3.12/site-packages/airflow/example_dags/example_task_group.py
[2026-05-10T12:34:07.009+0000] {logging_mixin.py:188} INFO - [2026-05-10T12:34:07.009+0000] {dag.py:3089} INFO - Sync 1 DAGs
[2026-05-10T12:34:07.025+0000] {logging_mixin.py:188} INFO - [2026-05-10T12:34:07.025+0000] {dag.py:3947} INFO - Setting next_dagrun for example_task_group to 2026-05-09 00:00:00+00:00, run_after=2026-05-10 00:00:00+00:00
[2026-05-10T12:34:07.038+0000] {processor.py:183} INFO - Processing /home/airflow/.local/lib/python3.12/site-packages/airflow/example_dags/example_task_group.py took 0.061 seconds
[2026-05-10T12:34:38.321+0000] {processor.py:161} INFO - Started process (PID=926) to work on /home/airflow/.local/lib/python3.12/site-packages/airflow/example_dags/example_task_group.py
[2026-05-10T12:34:38.323+0000] {processor.py:830} INFO - Processing file /home/airflow/.local/lib/python3.12/site-packages/airflow/example_dags/example_task_group.py for tasks to queue
[2026-05-10T12:34:38.325+0000] {logging_mixin.py:188} INFO - [2026-05-10T12:34:38.325+0000] {dagbag.py:545} INFO - Filling up the DagBag from /home/airflow/.local/lib/python3.12/site-packages/airflow/example_dags/example_task_group.py
[2026-05-10T12:34:38.332+0000] {processor.py:840} INFO - DAG(s) 'example_task_group' retrieved from /home/airflow/.local/lib/python3.12/site-packages/airflow/example_dags/example_task_group.py
[2026-05-10T12:34:38.354+0000] {logging_mixin.py:188} INFO - [2026-05-10T12:34:38.354+0000] {dag.py:3089} INFO - Sync 1 DAGs
[2026-05-10T12:34:38.373+0000] {logging_mixin.py:188} INFO - [2026-05-10T12:34:38.373+0000] {dag.py:3947} INFO - Setting next_dagrun for example_task_group to 2026-05-09 00:00:00+00:00, run_after=2026-05-10 00:00:00+00:00
[2026-05-10T12:34:38.388+0000] {processor.py:183} INFO - Processing /home/airflow/.local/lib/python3.12/site-packages/airflow/example_dags/example_task_group.py took 0.076 seconds
[2026-05-10T12:35:09.487+0000] {processor.py:161} INFO - Started process (PID=986) to work on /home/airflow/.local/lib/python3.12/site-packages/airflow/example_dags/example_task_group.py
[2026-05-10T12:35:09.488+0000] {processor.py:830} INFO - Processing file /home/airflow/.local/lib/python3.12/site-packages/airflow/example_dags/example_task_group.py for tasks to queue
[2026-05-10T12:35:09.490+0000] {logging_mixin.py:188} INFO - [2026-05-10T12:35:09.489+0000] {dagbag.py:545} INFO - Filling up the DagBag from /home/airflow/.local/lib/python3.12/site-packages/airflow/example_dags/example_task_group.py
[2026-05-10T12:35:09.496+0000] {processor.py:840} INFO - DAG(s) 'example_task_group' retrieved from /home/airflow/.local/lib/python3.12/site-packages/airflow/example_dags/example_task_group.py
[2026-05-10T12:35:09.513+0000] {logging_mixin.py:188} INFO - [2026-05-10T12:35:09.513+0000] {dag.py:3089} INFO - Sync 1 DAGs
[2026-05-10T12:35:09.535+0000] {logging_mixin.py:188} INFO - [2026-05-10T12:35:09.535+0000] {dag.py:3947} INFO - Setting next_dagrun for example_task_group to 2026-05-09 00:00:00+00:00, run_after=2026-05-10 00:00:00+00:00
[2026-05-10T12:35:09.550+0000] {processor.py:183} INFO - Processing /home/airflow/.local/lib/python3.12/site-packages/airflow/example_dags/example_task_group.py took 0.069 seconds
[2026-05-10T12:35:40.682+0000] {processor.py:161} INFO - Started process (PID=1046) to work on /home/airflow/.local/lib/python3.12/site-packages/airflow/example_dags/example_task_group.py
[2026-05-10T12:35:40.683+0000] {processor.py:830} INFO - Processing file /home/airflow/.local/lib/python3.12/site-packages/airflow/example_dags/example_task_group.py for tasks to queue
[2026-05-10T12:35:40.685+0000] {logging_mixin.py:188} INFO - [2026-05-10T12:35:40.685+0000] {dagbag.py:545} INFO - Filling up the DagBag from /home/airflow/.local/lib/python3.12/site-packages/airflow/example_dags/example_task_group.py
[2026-05-10T12:35:40.691+0000] {processor.py:840} INFO - DAG(s) 'example_task_group' retrieved from /home/airflow/.local/lib/python3.12/site-packages/airflow/example_dags/example_task_group.py
[2026-05-10T12:35:40.710+0000] {logging_mixin.py:188} INFO - [2026-05-10T12:35:40.709+0000] {dag.py:3089} INFO - Sync 1 DAGs
[2026-05-10T12:35:40.727+0000] {logging_mixin.py:188} INFO - [2026-05-10T12:35:40.727+0000] {dag.py:3947} INFO - Setting next_dagrun for example_task_group to 2026-05-09 00:00:00+00:00, run_after=2026-05-10 00:00:00+00:00
[2026-05-10T12:35:40.740+0000] {processor.py:183} INFO - Processing /home/airflow/.local/lib/python3.12/site-packages/airflow/example_dags/example_task_group.py took 0.063 seconds
[2026-05-10T12:36:11.888+0000] {processor.py:161} INFO - Started process (PID=1106) to work on /home/airflow/.local/lib/python3.12/site-packages/airflow/example_dags/example_task_group.py
[2026-05-10T12:36:11.889+0000] {processor.py:830} INFO - Processing file /home/airflow/.local/lib/python3.12/site-packages/airflow/example_dags/example_task_group.py for tasks to queue
[2026-05-10T12:36:11.891+0000] {logging_mixin.py:188} INFO - [2026-05-10T12:36:11.890+0000] {dagbag.py:545} INFO - Filling up the DagBag from /home/airflow/.local/lib/python3.12/site-packages/airflow/example_dags/example_task_group.py
[2026-05-10T12:36:11.896+0000] {processor.py:840} INFO - DAG(s) 'example_task_group' retrieved from /home/airflow/.local/lib/python3.12/site-packages/airflow/example_dags/example_task_group.py
[2026-05-10T12:36:11.916+0000] {logging_mixin.py:188} INFO - [2026-05-10T12:36:11.915+0000] {dag.py:3089} INFO - Sync 1 DAGs
[2026-05-10T12:36:11.933+0000] {logging_mixin.py:188} INFO - [2026-05-10T12:36:11.933+0000] {dag.py:3947} INFO - Setting next_dagrun for example_task_group to 2026-05-09 00:00:00+00:00, run_after=2026-05-10 00:00:00+00:00
[2026-05-10T12:36:11.948+0000] {processor.py:183} INFO - Processing /home/airflow/.local/lib/python3.12/site-packages/airflow/example_dags/example_task_group.py took 0.066 seconds
[2026-05-10T12:36:43.156+0000] {processor.py:161} INFO - Started process (PID=1166) to work on /home/airflow/.local/lib/python3.12/site-packages/airflow/example_dags/example_task_group.py
[2026-05-10T12:36:43.157+0000] {processor.py:830} INFO - Processing file /home/airflow/.local/lib/python3.12/site-packages/airflow/example_dags/example_task_group.py for tasks to queue
[2026-05-10T12:36:43.158+0000] {logging_mixin.py:188} INFO - [2026-05-10T12:36:43.158+0000] {dagbag.py:545} INFO - Filling up the DagBag from /home/airflow/.local/lib/python3.12/site-packages/airflow/example_dags/example_task_group.py
[2026-05-10T12:36:43.164+0000] {processor.py:840} INFO - DAG(s) 'example_task_group' retrieved from /home/airflow/.local/lib/python3.12/site-packages/airflow/example_dags/example_task_group.py
[2026-05-10T12:36:43.181+0000] {logging_mixin.py:188} INFO - [2026-05-10T12:36:43.181+0000] {dag.py:3089} INFO - Sync 1 DAGs
[2026-05-10T12:36:43.196+0000] {logging_mixin.py:188} INFO - [2026-05-10T12:36:43.196+0000] {dag.py:3947} INFO - Setting next_dagrun for example_task_group to 2026-05-09 00:00:00+00:00, run_after=2026-05-10 00:00:00+00:00
[2026-05-10T12:36:43.210+0000] {processor.py:183} INFO - Processing /home/airflow/.local/lib/python3.12/site-packages/airflow/example_dags/example_task_group.py took 0.059 seconds
[2026-05-10T12:37:13.728+0000] {processor.py:161} INFO - Started process (PID=1226) to work on /home/airflow/.local/lib/python3.12/site-packages/airflow/example_dags/example_task_group.py
[2026-05-10T12:37:13.729+0000] {processor.py:830} INFO - Processing file /home/airflow/.local/lib/python3.12/site-packages/airflow/example_dags/example_task_group.py for tasks to queue
[2026-05-10T12:37:13.730+0000] {logging_mixin.py:188} INFO - [2026-05-10T12:37:13.730+0000] {dagbag.py:545} INFO - Filling up the DagBag from /home/airflow/.local/lib/python3.12/site-packages/airflow/example_dags/example_task_group.py
[2026-05-10T12:37:13.736+0000] {processor.py:840} INFO - DAG(s) 'example_task_group' retrieved from /home/airflow/.local/lib/python3.12/site-packages/airflow/example_dags/example_task_group.py
[2026-05-10T12:37:13.752+0000] {logging_mixin.py:188} INFO - [2026-05-10T12:37:13.751+0000] {dag.py:3089} INFO - Sync 1 DAGs
[2026-05-10T12:37:13.766+0000] {logging_mixin.py:188} INFO - [2026-05-10T12:37:13.766+0000] {dag.py:3947} INFO - Setting next_dagrun for example_task_group to 2026-05-09 00:00:00+00:00, run_after=2026-05-10 00:00:00+00:00
[2026-05-10T12:37:13.779+0000] {processor.py:183} INFO - Processing /home/airflow/.local/lib/python3.12/site-packages/airflow/example_dags/example_task_group.py took 0.056 seconds
[2026-05-10T12:37:44.717+0000] {processor.py:161} INFO - Started process (PID=1286) to work on /home/airflow/.local/lib/python3.12/site-packages/airflow/example_dags/example_task_group.py
[2026-05-10T12:37:44.718+0000] {processor.py:830} INFO - Processing file /home/airflow/.local/lib/python3.12/site-packages/airflow/example_dags/example_task_group.py for tasks to queue
[2026-05-10T12:37:44.720+0000] {logging_mixin.py:188} INFO - [2026-05-10T12:37:44.719+0000] {dagbag.py:545} INFO - Filling up the DagBag from /home/airflow/.local/lib/python3.12/site-packages/airflow/example_dags/example_task_group.py
[2026-05-10T12:37:44.725+0000] {processor.py:840} INFO - DAG(s) 'example_task_group' retrieved from /home/airflow/.local/lib/python3.12/site-packages/airflow/example_dags/example_task_group.py
[2026-05-10T12:37:44.743+0000] {logging_mixin.py:188} INFO - [2026-05-10T12:37:44.743+0000] {dag.py:3089} INFO - Sync 1 DAGs
[2026-05-10T12:37:44.759+0000] {logging_mixin.py:188} INFO - [2026-05-10T12:37:44.759+0000] {dag.py:3947} INFO - Setting next_dagrun for example_task_group to 2026-05-09 00:00:00+00:00, run_after=2026-05-10 00:00:00+00:00
[2026-05-10T12:37:44.773+0000] {processor.py:183} INFO - Processing /home/airflow/.local/lib/python3.12/site-packages/airflow/example_dags/example_task_group.py took 0.062 seconds
[2026-05-10T12:38:15.910+0000] {processor.py:161} INFO - Started process (PID=1346) to work on /home/airflow/.local/lib/python3.12/site-packages/airflow/example_dags/example_task_group.py
[2026-05-10T12:38:15.911+0000] {processor.py:830} INFO - Processing file /home/airflow/.local/lib/python3.12/site-packages/airflow/example_dags/example_task_group.py for tasks to queue
[2026-05-10T12:38:15.912+0000] {logging_mixin.py:188} INFO - [2026-05-10T12:38:15.912+0000] {dagbag.py:545} INFO - Filling up the DagBag from /home/airflow/.local/lib/python3.12/site-packages/airflow/example_dags/example_task_group.py
[2026-05-10T12:38:15.919+0000] {processor.py:840} INFO - DAG(s) 'example_task_group' retrieved from /home/airflow/.local/lib/python3.12/site-packages/airflow/example_dags/example_task_group.py
[2026-05-10T12:38:15.936+0000] {logging_mixin.py:188} INFO - [2026-05-10T12:38:15.936+0000] {dag.py:3089} INFO - Sync 1 DAGs
[2026-05-10T12:38:15.952+0000] {logging_mixin.py:188} INFO - [2026-05-10T12:38:15.952+0000] {dag.py:3947} INFO - Setting next_dagrun for example_task_group to 2026-05-09 00:00:00+00:00, run_after=2026-05-10 00:00:00+00:00
[2026-05-10T12:38:15.965+0000] {processor.py:183} INFO - Processing /home/airflow/.local/lib/python3.12/site-packages/airflow/example_dags/example_task_group.py took 0.061 seconds
[2026-05-10T12:38:47.053+0000] {processor.py:161} INFO - Started process (PID=1406) to work on /home/airflow/.local/lib/python3.12/site-packages/airflow/example_dags/example_task_group.py
[2026-05-10T12:38:47.054+0000] {processor.py:830} INFO - Processing file /home/airflow/.local/lib/python3.12/site-packages/airflow/example_dags/example_task_group.py for tasks to queue
[2026-05-10T12:38:47.056+0000] {logging_mixin.py:188} INFO - [2026-05-10T12:38:47.056+0000] {dagbag.py:545} INFO - Filling up the DagBag from /home/airflow/.local/lib/python3.12/site-packages/airflow/example_dags/example_task_group.py
[2026-05-10T12:38:47.062+0000] {processor.py:840} INFO - DAG(s) 'example_task_group' retrieved from /home/airflow/.local/lib/python3.12/site-packages/airflow/example_dags/example_task_group.py
[2026-05-10T12:38:47.080+0000] {logging_mixin.py:188} INFO - [2026-05-10T12:38:47.079+0000] {dag.py:3089} INFO - Sync 1 DAGs
[2026-05-10T12:38:47.098+0000] {logging_mixin.py:188} INFO - [2026-05-10T12:38:47.098+0000] {dag.py:3947} INFO - Setting next_dagrun for example_task_group to 2026-05-09 00:00:00+00:00, run_after=2026-05-10 00:00:00+00:00
[2026-05-10T12:38:47.113+0000] {processor.py:183} INFO - Processing /home/airflow/.local/lib/python3.12/site-packages/airflow/example_dags/example_task_group.py took 0.065 seconds
[2026-05-10T12:39:18.181+0000] {processor.py:161} INFO - Started process (PID=1466) to work on /home/airflow/.local/lib/python3.12/site-packages/airflow/example_dags/example_task_group.py
[2026-05-10T12:39:18.182+0000] {processor.py:830} INFO - Processing file /home/airflow/.local/lib/python3.12/site-packages/airflow/example_dags/example_task_group.py for tasks to queue
[2026-05-10T12:39:18.184+0000] {logging_mixin.py:188} INFO - [2026-05-10T12:39:18.184+0000] {dagbag.py:545} INFO - Filling up the DagBag from /home/airflow/.local/lib/python3.12/site-packages/airflow/example_dags/example_task_group.py
[2026-05-10T12:39:18.190+0000] {processor.py:840} INFO - DAG(s) 'example_task_group' retrieved from /home/airflow/.local/lib/python3.12/site-packages/airflow/example_dags/example_task_group.py
[2026-05-10T12:39:18.208+0000] {logging_mixin.py:188} INFO - [2026-05-10T12:39:18.208+0000] {dag.py:3089} INFO - Sync 1 DAGs
[2026-05-10T12:39:18.227+0000] {logging_mixin.py:188} INFO - [2026-05-10T12:39:18.227+0000] {dag.py:3947} INFO - Setting next_dagrun for example_task_group to 2026-05-09 00:00:00+00:00, run_after=2026-05-10 00:00:00+00:00
[2026-05-10T12:39:18.241+0000] {processor.py:183} INFO - Processing /home/airflow/.local/lib/python3.12/site-packages/airflow/example_dags/example_task_group.py took 0.065 seconds
[2026-05-10T12:39:48.848+0000] {processor.py:161} INFO - Started process (PID=1526) to work on /home/airflow/.local/lib/python3.12/site-packages/airflow/example_dags/example_task_group.py
[2026-05-10T12:39:48.849+0000] {processor.py:830} INFO - Processing file /home/airflow/.local/lib/python3.12/site-packages/airflow/example_dags/example_task_group.py for tasks to queue
[2026-05-10T12:39:48.851+0000] {logging_mixin.py:188} INFO - [2026-05-10T12:39:48.850+0000] {dagbag.py:545} INFO - Filling up the DagBag from /home/airflow/.local/lib/python3.12/site-packages/airflow/example_dags/example_task_group.py
[2026-05-10T12:39:48.856+0000] {processor.py:840} INFO - DAG(s) 'example_task_group' retrieved from /home/airflow/.local/lib/python3.12/site-packages/airflow/example_dags/example_task_group.py
[2026-05-10T12:39:48.876+0000] {logging_mixin.py:188} INFO - [2026-05-10T12:39:48.875+0000] {dag.py:3089} INFO - Sync 1 DAGs
[2026-05-10T12:39:48.895+0000] {logging_mixin.py:188} INFO - [2026-05-10T12:39:48.894+0000] {dag.py:3947} INFO - Setting next_dagrun for example_task_group to 2026-05-09 00:00:00+00:00, run_after=2026-05-10 00:00:00+00:00
[2026-05-10T12:39:48.908+0000] {processor.py:183} INFO - Processing /home/airflow/.local/lib/python3.12/site-packages/airflow/example_dags/example_task_group.py took 0.067 seconds
[2026-05-10T12:40:19.600+0000] {processor.py:161} INFO - Started process (PID=1586) to work on /home/airflow/.local/lib/python3.12/site-packages/airflow/example_dags/example_task_group.py
[2026-05-10T12:40:19.601+0000] {processor.py:830} INFO - Processing file /home/airflow/.local/lib/python3.12/site-packages/airflow/example_dags/example_task_group.py for tasks to queue
[2026-05-10T12:40:19.603+0000] {logging_mixin.py:188} INFO - [2026-05-10T12:40:19.603+0000] {dagbag.py:545} INFO - Filling up the DagBag from /home/airflow/.local/lib/python3.12/site-packages/airflow/example_dags/example_task_group.py
[2026-05-10T12:40:19.610+0000] {processor.py:840} INFO - DAG(s) 'example_task_group' retrieved from /home/airflow/.local/lib/python3.12/site-packages/airflow/example_dags/example_task_group.py
[2026-05-10T12:40:19.628+0000] {logging_mixin.py:188} INFO - [2026-05-10T12:40:19.628+0000] {dag.py:3089} INFO - Sync 1 DAGs
[2026-05-10T12:40:19.645+0000] {logging_mixin.py:188} INFO - [2026-05-10T12:40:19.645+0000] {dag.py:3947} INFO - Setting next_dagrun for example_task_group to 2026-05-09 00:00:00+00:00, run_after=2026-05-10 00:00:00+00:00
[2026-05-10T12:40:19.838+0000] {processor.py:183} INFO - Processing /home/airflow/.local/lib/python3.12/site-packages/airflow/example_dags/example_task_group.py took 0.246 seconds
[2026-05-10T12:40:50.969+0000] {processor.py:161} INFO - Started process (PID=1646) to work on /home/airflow/.local/lib/python3.12/site-packages/airflow/example_dags/example_task_group.py
[2026-05-10T12:40:50.970+0000] {processor.py:830} INFO - Processing file /home/airflow/.local/lib/python3.12/site-packages/airflow/example_dags/example_task_group.py for tasks to queue
[2026-05-10T12:40:50.972+0000] {logging_mixin.py:188} INFO - [2026-05-10T12:40:50.971+0000] {dagbag.py:545} INFO - Filling up the DagBag from /home/airflow/.local/lib/python3.12/site-packages/airflow/example_dags/example_task_group.py
[2026-05-10T12:40:50.977+0000] {processor.py:840} INFO - DAG(s) 'example_task_group' retrieved from /home/airflow/.local/lib/python3.12/site-packages/airflow/example_dags/example_task_group.py
[2026-05-10T12:40:50.996+0000] {logging_mixin.py:188} INFO - [2026-05-10T12:40:50.995+0000] {dag.py:3089} INFO - Sync 1 DAGs
[2026-05-10T12:40:51.012+0000] {logging_mixin.py:188} INFO - [2026-05-10T12:40:51.012+0000] {dag.py:3947} INFO - Setting next_dagrun for example_task_group to 2026-05-09 00:00:00+00:00, run_after=2026-05-10 00:00:00+00:00
[2026-05-10T12:40:51.026+0000] {processor.py:183} INFO - Processing /home/airflow/.local/lib/python3.12/site-packages/airflow/example_dags/example_task_group.py took 0.063 seconds
[2026-05-10T12:41:22.084+0000] {processor.py:161} INFO - Started process (PID=1706) to work on /home/airflow/.local/lib/python3.12/site-packages/airflow/example_dags/example_task_group.py
[2026-05-10T12:41:22.085+0000] {processor.py:830} INFO - Processing file /home/airflow/.local/lib/python3.12/site-packages/airflow/example_dags/example_task_group.py for tasks to queue
[2026-05-10T12:41:22.087+0000] {logging_mixin.py:188} INFO - [2026-05-10T12:41:22.086+0000] {dagbag.py:545} INFO - Filling up the DagBag from /home/airflow/.local/lib/python3.12/site-packages/airflow/example_dags/example_task_group.py
[2026-05-10T12:41:22.092+0000] {processor.py:840} INFO - DAG(s) 'example_task_group' retrieved from /home/airflow/.local/lib/python3.12/site-packages/airflow/example_dags/example_task_group.py
[2026-05-10T12:41:22.110+0000] {logging_mixin.py:188} INFO - [2026-05-10T12:41:22.110+0000] {dag.py:3089} INFO - Sync 1 DAGs
[2026-05-10T12:41:22.126+0000] {logging_mixin.py:188} INFO - [2026-05-10T12:41:22.126+0000] {dag.py:3947} INFO - Setting next_dagrun for example_task_group to 2026-05-09 00:00:00+00:00, run_after=2026-05-10 00:00:00+00:00
[2026-05-10T12:41:22.144+0000] {processor.py:183} INFO - Processing /home/airflow/.local/lib/python3.12/site-packages/airflow/example_dags/example_task_group.py took 0.066 seconds
[2026-05-10T12:41:53.166+0000] {processor.py:161} INFO - Started process (PID=1766) to work on /home/airflow/.local/lib/python3.12/site-packages/airflow/example_dags/example_task_group.py
[2026-05-10T12:41:53.167+0000] {processor.py:830} INFO - Processing file /home/airflow/.local/lib/python3.12/site-packages/airflow/example_dags/example_task_group.py for tasks to queue
[2026-05-10T12:41:53.169+0000] {logging_mixin.py:188} INFO - [2026-05-10T12:41:53.168+0000] {dagbag.py:545} INFO - Filling up the DagBag from /home/airflow/.local/lib/python3.12/site-packages/airflow/example_dags/example_task_group.py
[2026-05-10T12:41:53.175+0000] {processor.py:840} INFO - DAG(s) 'example_task_group' retrieved from /home/airflow/.local/lib/python3.12/site-packages/airflow/example_dags/example_task_group.py
[2026-05-10T12:41:53.192+0000] {logging_mixin.py:188} INFO - [2026-05-10T12:41:53.192+0000] {dag.py:3089} INFO - Sync 1 DAGs
[2026-05-10T12:41:53.208+0000] {logging_mixin.py:188} INFO - [2026-05-10T12:41:53.208+0000] {dag.py:3947} INFO - Setting next_dagrun for example_task_group to 2026-05-09 00:00:00+00:00, run_after=2026-05-10 00:00:00+00:00
[2026-05-10T12:41:53.223+0000] {processor.py:183} INFO - Processing /home/airflow/.local/lib/python3.12/site-packages/airflow/example_dags/example_task_group.py took 0.063 seconds
[2026-05-10T12:42:24.509+0000] {processor.py:161} INFO - Started process (PID=1826) to work on /home/airflow/.local/lib/python3.12/site-packages/airflow/example_dags/example_task_group.py
[2026-05-10T12:42:24.510+0000] {processor.py:830} INFO - Processing file /home/airflow/.local/lib/python3.12/site-packages/airflow/example_dags/example_task_group.py for tasks to queue
[2026-05-10T12:42:24.512+0000] {logging_mixin.py:188} INFO - [2026-05-10T12:42:24.511+0000] {dagbag.py:545} INFO - Filling up the DagBag from /home/airflow/.local/lib/python3.12/site-packages/airflow/example_dags/example_task_group.py
[2026-05-10T12:42:24.519+0000] {processor.py:840} INFO - DAG(s) 'example_task_group' retrieved from /home/airflow/.local/lib/python3.12/site-packages/airflow/example_dags/example_task_group.py
[2026-05-10T12:42:24.539+0000] {logging_mixin.py:188} INFO - [2026-05-10T12:42:24.539+0000] {dag.py:3089} INFO - Sync 1 DAGs
[2026-05-10T12:42:24.555+0000] {logging_mixin.py:188} INFO - [2026-05-10T12:42:24.555+0000] {dag.py:3947} INFO - Setting next_dagrun for example_task_group to 2026-05-09 00:00:00+00:00, run_after=2026-05-10 00:00:00+00:00
[2026-05-10T12:42:24.568+0000] {processor.py:183} INFO - Processing /home/airflow/.local/lib/python3.12/site-packages/airflow/example_dags/example_task_group.py took 0.065 seconds
[2026-05-10T12:42:55.566+0000] {processor.py:161} INFO - Started process (PID=1886) to work on /home/airflow/.local/lib/python3.12/site-packages/airflow/example_dags/example_task_group.py
[2026-05-10T12:42:55.567+0000] {processor.py:830} INFO - Processing file /home/airflow/.local/lib/python3.12/site-packages/airflow/example_dags/example_task_group.py for tasks to queue
[2026-05-10T12:42:55.569+0000] {logging_mixin.py:188} INFO - [2026-05-10T12:42:55.569+0000] {dagbag.py:545} INFO - Filling up the DagBag from /home/airflow/.local/lib/python3.12/site-packages/airflow/example_dags/example_task_group.py
[2026-05-10T12:42:55.575+0000] {processor.py:840} INFO - DAG(s) 'example_task_group' retrieved from /home/airflow/.local/lib/python3.12/site-packages/airflow/example_dags/example_task_group.py
[2026-05-10T12:42:55.742+0000] {logging_mixin.py:188} INFO - [2026-05-10T12:42:55.741+0000] {dag.py:3089} INFO - Sync 1 DAGs
[2026-05-10T12:42:55.764+0000] {logging_mixin.py:188} INFO - [2026-05-10T12:42:55.764+0000] {dag.py:3947} INFO - Setting next_dagrun for example_task_group to 2026-05-09 00:00:00+00:00, run_after=2026-05-10 00:00:00+00:00
[2026-05-10T12:42:55.779+0000] {processor.py:183} INFO - Processing /home/airflow/.local/lib/python3.12/site-packages/airflow/example_dags/example_task_group.py took 0.220 seconds
[2026-05-10T12:43:26.510+0000] {processor.py:161} INFO - Started process (PID=1946) to work on /home/airflow/.local/lib/python3.12/site-packages/airflow/example_dags/example_task_group.py
[2026-05-10T12:43:26.510+0000] {processor.py:830} INFO - Processing file /home/airflow/.local/lib/python3.12/site-packages/airflow/example_dags/example_task_group.py for tasks to queue
[2026-05-10T12:43:26.512+0000] {logging_mixin.py:188} INFO - [2026-05-10T12:43:26.512+0000] {dagbag.py:545} INFO - Filling up the DagBag from /home/airflow/.local/lib/python3.12/site-packages/airflow/example_dags/example_task_group.py
[2026-05-10T12:43:26.519+0000] {processor.py:840} INFO - DAG(s) 'example_task_group' retrieved from /home/airflow/.local/lib/python3.12/site-packages/airflow/example_dags/example_task_group.py
[2026-05-10T12:43:26.537+0000] {logging_mixin.py:188} INFO - [2026-05-10T12:43:26.537+0000] {dag.py:3089} INFO - Sync 1 DAGs
[2026-05-10T12:43:26.553+0000] {logging_mixin.py:188} INFO - [2026-05-10T12:43:26.553+0000] {dag.py:3947} INFO - Setting next_dagrun for example_task_group to 2026-05-09 00:00:00+00:00, run_after=2026-05-10 00:00:00+00:00
[2026-05-10T12:43:26.567+0000] {processor.py:183} INFO - Processing /home/airflow/.local/lib/python3.12/site-packages/airflow/example_dags/example_task_group.py took 0.064 seconds
[2026-05-10T12:43:56.655+0000] {processor.py:161} INFO - Started process (PID=2006) to work on /home/airflow/.local/lib/python3.12/site-packages/airflow/example_dags/example_task_group.py
[2026-05-10T12:43:56.656+0000] {processor.py:830} INFO - Processing file /home/airflow/.local/lib/python3.12/site-packages/airflow/example_dags/example_task_group.py for tasks to queue
[2026-05-10T12:43:56.658+0000] {logging_mixin.py:188} INFO - [2026-05-10T12:43:56.657+0000] {dagbag.py:545} INFO - Filling up the DagBag from /home/airflow/.local/lib/python3.12/site-packages/airflow/example_dags/example_task_group.py
[2026-05-10T12:43:56.664+0000] {processor.py:840} INFO - DAG(s) 'example_task_group' retrieved from /home/airflow/.local/lib/python3.12/site-packages/airflow/example_dags/example_task_group.py
[2026-05-10T12:43:56.682+0000] {logging_mixin.py:188} INFO - [2026-05-10T12:43:56.682+0000] {dag.py:3089} INFO - Sync 1 DAGs
[2026-05-10T12:43:56.698+0000] {logging_mixin.py:188} INFO - [2026-05-10T12:43:56.698+0000] {dag.py:3947} INFO - Setting next_dagrun for example_task_group to 2026-05-09 00:00:00+00:00, run_after=2026-05-10 00:00:00+00:00
[2026-05-10T12:43:56.712+0000] {processor.py:183} INFO - Processing /home/airflow/.local/lib/python3.12/site-packages/airflow/example_dags/example_task_group.py took 0.063 seconds
[2026-05-10T12:44:27.794+0000] {processor.py:161} INFO - Started process (PID=2066) to work on /home/airflow/.local/lib/python3.12/site-packages/airflow/example_dags/example_task_group.py
[2026-05-10T12:44:27.795+0000] {processor.py:830} INFO - Processing file /home/airflow/.local/lib/python3.12/site-packages/airflow/example_dags/example_task_group.py for tasks to queue
[2026-05-10T12:44:27.796+0000] {logging_mixin.py:188} INFO - [2026-05-10T12:44:27.796+0000] {dagbag.py:545} INFO - Filling up the DagBag from /home/airflow/.local/lib/python3.12/site-packages/airflow/example_dags/example_task_group.py
[2026-05-10T12:44:27.802+0000] {processor.py:840} INFO - DAG(s) 'example_task_group' retrieved from /home/airflow/.local/lib/python3.12/site-packages/airflow/example_dags/example_task_group.py
[2026-05-10T12:44:27.821+0000] {logging_mixin.py:188} INFO - [2026-05-10T12:44:27.821+0000] {dag.py:3089} INFO - Sync 1 DAGs
[2026-05-10T12:44:27.839+0000] {logging_mixin.py:188} INFO - [2026-05-10T12:44:27.839+0000] {dag.py:3947} INFO - Setting next_dagrun for example_task_group to 2026-05-09 00:00:00+00:00, run_after=2026-05-10 00:00:00+00:00
[2026-05-10T12:44:27.855+0000] {processor.py:183} INFO - Processing /home/airflow/.local/lib/python3.12/site-packages/airflow/example_dags/example_task_group.py took 0.068 seconds
[2026-05-10T12:44:58.855+0000] {processor.py:161} INFO - Started process (PID=2126) to work on /home/airflow/.local/lib/python3.12/site-packages/airflow/example_dags/example_task_group.py
[2026-05-10T12:44:58.855+0000] {processor.py:830} INFO - Processing file /home/airflow/.local/lib/python3.12/site-packages/airflow/example_dags/example_task_group.py for tasks to queue
[2026-05-10T12:44:58.857+0000] {logging_mixin.py:188} INFO - [2026-05-10T12:44:58.857+0000] {dagbag.py:545} INFO - Filling up the DagBag from /home/airflow/.local/lib/python3.12/site-packages/airflow/example_dags/example_task_group.py
[2026-05-10T12:44:58.875+0000] {processor.py:840} INFO - DAG(s) 'example_task_group' retrieved from /home/airflow/.local/lib/python3.12/site-packages/airflow/example_dags/example_task_group.py
[2026-05-10T12:44:58.898+0000] {logging_mixin.py:188} INFO - [2026-05-10T12:44:58.898+0000] {dag.py:3089} INFO - Sync 1 DAGs
[2026-05-10T12:44:58.915+0000] {logging_mixin.py:188} INFO - [2026-05-10T12:44:58.915+0000] {dag.py:3947} INFO - Setting next_dagrun for example_task_group to 2026-05-09 00:00:00+00:00, run_after=2026-05-10 00:00:00+00:00
[2026-05-10T12:44:58.928+0000] {processor.py:183} INFO - Processing /home/airflow/.local/lib/python3.12/site-packages/airflow/example_dags/example_task_group.py took 0.082 seconds
[2026-05-10T12:45:29.597+0000] {processor.py:161} INFO - Started process (PID=2186) to work on /home/airflow/.local/lib/python3.12/site-packages/airflow/example_dags/example_task_group.py
[2026-05-10T12:45:29.598+0000] {processor.py:830} INFO - Processing file /home/airflow/.local/lib/python3.12/site-packages/airflow/example_dags/example_task_group.py for tasks to queue
[2026-05-10T12:45:29.600+0000] {logging_mixin.py:188} INFO - [2026-05-10T12:45:29.599+0000] {dagbag.py:545} INFO - Filling up the DagBag from /home/airflow/.local/lib/python3.12/site-packages/airflow/example_dags/example_task_group.py
[2026-05-10T12:45:29.605+0000] {processor.py:840} INFO - DAG(s) 'example_task_group' retrieved from /home/airflow/.local/lib/python3.12/site-packages/airflow/example_dags/example_task_group.py
[2026-05-10T12:45:29.624+0000] {logging_mixin.py:188} INFO - [2026-05-10T12:45:29.624+0000] {dag.py:3089} INFO - Sync 1 DAGs
[2026-05-10T12:45:29.641+0000] {logging_mixin.py:188} INFO - [2026-05-10T12:45:29.641+0000] {dag.py:3947} INFO - Setting next_dagrun for example_task_group to 2026-05-09 00:00:00+00:00, run_after=2026-05-10 00:00:00+00:00
[2026-05-10T12:45:29.654+0000] {processor.py:183} INFO - Processing /home/airflow/.local/lib/python3.12/site-packages/airflow/example_dags/example_task_group.py took 0.064 seconds
[2026-05-10T12:46:00.395+0000] {processor.py:161} INFO - Started process (PID=2252) to work on /home/airflow/.local/lib/python3.12/site-packages/airflow/example_dags/example_task_group.py
[2026-05-10T12:46:00.396+0000] {processor.py:830} INFO - Processing file /home/airflow/.local/lib/python3.12/site-packages/airflow/example_dags/example_task_group.py for tasks to queue
[2026-05-10T12:46:00.397+0000] {logging_mixin.py:188} INFO - [2026-05-10T12:46:00.397+0000] {dagbag.py:545} INFO - Filling up the DagBag from /home/airflow/.local/lib/python3.12/site-packages/airflow/example_dags/example_task_group.py
[2026-05-10T12:46:00.403+0000] {processor.py:840} INFO - DAG(s) 'example_task_group' retrieved from /home/airflow/.local/lib/python3.12/site-packages/airflow/example_dags/example_task_group.py
[2026-05-10T12:46:00.421+0000] {logging_mixin.py:188} INFO - [2026-05-10T12:46:00.421+0000] {dag.py:3089} INFO - Sync 1 DAGs
[2026-05-10T12:46:00.437+0000] {logging_mixin.py:188} INFO - [2026-05-10T12:46:00.437+0000] {dag.py:3947} INFO - Setting next_dagrun for example_task_group to 2026-05-09 00:00:00+00:00, run_after=2026-05-10 00:00:00+00:00
[2026-05-10T12:46:00.453+0000] {processor.py:183} INFO - Processing /home/airflow/.local/lib/python3.12/site-packages/airflow/example_dags/example_task_group.py took 0.064 seconds
[2026-05-10T12:46:31.364+0000] {processor.py:161} INFO - Started process (PID=2312) to work on /home/airflow/.local/lib/python3.12/site-packages/airflow/example_dags/example_task_group.py
[2026-05-10T12:46:31.365+0000] {processor.py:830} INFO - Processing file /home/airflow/.local/lib/python3.12/site-packages/airflow/example_dags/example_task_group.py for tasks to queue
[2026-05-10T12:46:31.367+0000] {logging_mixin.py:188} INFO - [2026-05-10T12:46:31.367+0000] {dagbag.py:545} INFO - Filling up the DagBag from /home/airflow/.local/lib/python3.12/site-packages/airflow/example_dags/example_task_group.py
[2026-05-10T12:46:31.375+0000] {processor.py:840} INFO - DAG(s) 'example_task_group' retrieved from /home/airflow/.local/lib/python3.12/site-packages/airflow/example_dags/example_task_group.py
[2026-05-10T12:46:31.393+0000] {logging_mixin.py:188} INFO - [2026-05-10T12:46:31.393+0000] {dag.py:3089} INFO - Sync 1 DAGs
[2026-05-10T12:46:31.410+0000] {logging_mixin.py:188} INFO - [2026-05-10T12:46:31.410+0000] {dag.py:3947} INFO - Setting next_dagrun for example_task_group to 2026-05-09 00:00:00+00:00, run_after=2026-05-10 00:00:00+00:00
[2026-05-10T12:46:31.427+0000] {processor.py:183} INFO - Processing /home/airflow/.local/lib/python3.12/site-packages/airflow/example_dags/example_task_group.py took 0.070 seconds
