[2026-05-10T08:47:01.499+0000] {processor.py:161} INFO - Started process (PID=73) to work on /home/airflow/.local/lib/python3.12/site-packages/airflow/example_dags/example_branch_operator_decorator.py
[2026-05-10T08:47:01.500+0000] {processor.py:830} INFO - Processing file /home/airflow/.local/lib/python3.12/site-packages/airflow/example_dags/example_branch_operator_decorator.py for tasks to queue
[2026-05-10T08:47:01.503+0000] {logging_mixin.py:188} INFO - [2026-05-10T08:47:01.502+0000] {dagbag.py:545} INFO - Filling up the DagBag from /home/airflow/.local/lib/python3.12/site-packages/airflow/example_dags/example_branch_operator_decorator.py
[2026-05-10T08:47:01.526+0000] {processor.py:840} INFO - DAG(s) 'example_branch_python_operator_decorator' retrieved from /home/airflow/.local/lib/python3.12/site-packages/airflow/example_dags/example_branch_operator_decorator.py
[2026-05-10T08:47:01.539+0000] {logging_mixin.py:188} INFO - [2026-05-10T08:47:01.538+0000] {dag.py:3089} INFO - Sync 1 DAGs
[2026-05-10T08:47:01.561+0000] {logging_mixin.py:188} INFO - [2026-05-10T08:47:01.561+0000] {dag.py:3947} INFO - Setting next_dagrun for example_branch_python_operator_decorator to 2026-05-09 00:00:00+00:00, run_after=2026-05-10 00:00:00+00:00
[2026-05-10T08:47:01.577+0000] {processor.py:183} INFO - Processing /home/airflow/.local/lib/python3.12/site-packages/airflow/example_dags/example_branch_operator_decorator.py took 0.085 seconds
[2026-05-10T08:47:32.342+0000] {processor.py:161} INFO - Started process (PID=132) to work on /home/airflow/.local/lib/python3.12/site-packages/airflow/example_dags/example_branch_operator_decorator.py
[2026-05-10T08:47:32.343+0000] {processor.py:830} INFO - Processing file /home/airflow/.local/lib/python3.12/site-packages/airflow/example_dags/example_branch_operator_decorator.py for tasks to queue
[2026-05-10T08:47:32.345+0000] {logging_mixin.py:188} INFO - [2026-05-10T08:47:32.345+0000] {dagbag.py:545} INFO - Filling up the DagBag from /home/airflow/.local/lib/python3.12/site-packages/airflow/example_dags/example_branch_operator_decorator.py
[2026-05-10T08:47:32.360+0000] {processor.py:840} INFO - DAG(s) 'example_branch_python_operator_decorator' retrieved from /home/airflow/.local/lib/python3.12/site-packages/airflow/example_dags/example_branch_operator_decorator.py
[2026-05-10T08:47:32.449+0000] {logging_mixin.py:188} INFO - [2026-05-10T08:47:32.449+0000] {dag.py:3089} INFO - Sync 1 DAGs
[2026-05-10T08:47:32.468+0000] {logging_mixin.py:188} INFO - [2026-05-10T08:47:32.467+0000] {dag.py:3947} INFO - Setting next_dagrun for example_branch_python_operator_decorator to 2026-05-09 00:00:00+00:00, run_after=2026-05-10 00:00:00+00:00
[2026-05-10T08:47:32.485+0000] {processor.py:183} INFO - Processing /home/airflow/.local/lib/python3.12/site-packages/airflow/example_dags/example_branch_operator_decorator.py took 0.150 seconds
[2026-05-10T08:48:02.973+0000] {processor.py:161} INFO - Started process (PID=191) to work on /home/airflow/.local/lib/python3.12/site-packages/airflow/example_dags/example_branch_operator_decorator.py
[2026-05-10T08:48:02.975+0000] {processor.py:830} INFO - Processing file /home/airflow/.local/lib/python3.12/site-packages/airflow/example_dags/example_branch_operator_decorator.py for tasks to queue
[2026-05-10T08:48:02.976+0000] {logging_mixin.py:188} INFO - [2026-05-10T08:48:02.975+0000] {dagbag.py:545} INFO - Filling up the DagBag from /home/airflow/.local/lib/python3.12/site-packages/airflow/example_dags/example_branch_operator_decorator.py
[2026-05-10T08:48:02.994+0000] {processor.py:840} INFO - DAG(s) 'example_branch_python_operator_decorator' retrieved from /home/airflow/.local/lib/python3.12/site-packages/airflow/example_dags/example_branch_operator_decorator.py
[2026-05-10T08:48:03.019+0000] {logging_mixin.py:188} INFO - [2026-05-10T08:48:03.019+0000] {dag.py:3089} INFO - Sync 1 DAGs
[2026-05-10T08:48:03.038+0000] {logging_mixin.py:188} INFO - [2026-05-10T08:48:03.038+0000] {dag.py:3947} INFO - Setting next_dagrun for example_branch_python_operator_decorator to 2026-05-09 00:00:00+00:00, run_after=2026-05-10 00:00:00+00:00
[2026-05-10T08:48:03.053+0000] {processor.py:183} INFO - Processing /home/airflow/.local/lib/python3.12/site-packages/airflow/example_dags/example_branch_operator_decorator.py took 0.086 seconds
[2026-05-10T10:24:37.322+0000] {processor.py:161} INFO - Started process (PID=74) to work on /home/airflow/.local/lib/python3.12/site-packages/airflow/example_dags/example_branch_operator_decorator.py
[2026-05-10T10:24:37.323+0000] {processor.py:830} INFO - Processing file /home/airflow/.local/lib/python3.12/site-packages/airflow/example_dags/example_branch_operator_decorator.py for tasks to queue
[2026-05-10T10:24:37.325+0000] {logging_mixin.py:188} INFO - [2026-05-10T10:24:37.325+0000] {dagbag.py:545} INFO - Filling up the DagBag from /home/airflow/.local/lib/python3.12/site-packages/airflow/example_dags/example_branch_operator_decorator.py
[2026-05-10T10:24:37.350+0000] {processor.py:840} INFO - DAG(s) 'example_branch_python_operator_decorator' retrieved from /home/airflow/.local/lib/python3.12/site-packages/airflow/example_dags/example_branch_operator_decorator.py
[2026-05-10T10:24:37.365+0000] {logging_mixin.py:188} INFO - [2026-05-10T10:24:37.364+0000] {dag.py:3089} INFO - Sync 1 DAGs
[2026-05-10T10:24:37.385+0000] {logging_mixin.py:188} INFO - [2026-05-10T10:24:37.385+0000] {dag.py:3947} INFO - Setting next_dagrun for example_branch_python_operator_decorator to 2026-05-09 00:00:00+00:00, run_after=2026-05-10 00:00:00+00:00
[2026-05-10T10:24:37.401+0000] {processor.py:183} INFO - Processing /home/airflow/.local/lib/python3.12/site-packages/airflow/example_dags/example_branch_operator_decorator.py took 0.087 seconds
[2026-05-10T10:25:09.154+0000] {processor.py:161} INFO - Started process (PID=134) to work on /home/airflow/.local/lib/python3.12/site-packages/airflow/example_dags/example_branch_operator_decorator.py
[2026-05-10T10:25:09.155+0000] {processor.py:830} INFO - Processing file /home/airflow/.local/lib/python3.12/site-packages/airflow/example_dags/example_branch_operator_decorator.py for tasks to queue
[2026-05-10T10:25:09.156+0000] {logging_mixin.py:188} INFO - [2026-05-10T10:25:09.156+0000] {dagbag.py:545} INFO - Filling up the DagBag from /home/airflow/.local/lib/python3.12/site-packages/airflow/example_dags/example_branch_operator_decorator.py
[2026-05-10T10:25:09.171+0000] {processor.py:840} INFO - DAG(s) 'example_branch_python_operator_decorator' retrieved from /home/airflow/.local/lib/python3.12/site-packages/airflow/example_dags/example_branch_operator_decorator.py
[2026-05-10T10:25:09.257+0000] {logging_mixin.py:188} INFO - [2026-05-10T10:25:09.256+0000] {dag.py:3089} INFO - Sync 1 DAGs
[2026-05-10T10:25:09.270+0000] {logging_mixin.py:188} INFO - [2026-05-10T10:25:09.270+0000] {dag.py:3947} INFO - Setting next_dagrun for example_branch_python_operator_decorator to 2026-05-09 00:00:00+00:00, run_after=2026-05-10 00:00:00+00:00
[2026-05-10T10:25:09.284+0000] {processor.py:183} INFO - Processing /home/airflow/.local/lib/python3.12/site-packages/airflow/example_dags/example_branch_operator_decorator.py took 0.136 seconds
[2026-05-10T10:25:39.694+0000] {processor.py:161} INFO - Started process (PID=194) to work on /home/airflow/.local/lib/python3.12/site-packages/airflow/example_dags/example_branch_operator_decorator.py
[2026-05-10T10:25:39.695+0000] {processor.py:830} INFO - Processing file /home/airflow/.local/lib/python3.12/site-packages/airflow/example_dags/example_branch_operator_decorator.py for tasks to queue
[2026-05-10T10:25:39.697+0000] {logging_mixin.py:188} INFO - [2026-05-10T10:25:39.696+0000] {dagbag.py:545} INFO - Filling up the DagBag from /home/airflow/.local/lib/python3.12/site-packages/airflow/example_dags/example_branch_operator_decorator.py
[2026-05-10T10:25:39.713+0000] {processor.py:840} INFO - DAG(s) 'example_branch_python_operator_decorator' retrieved from /home/airflow/.local/lib/python3.12/site-packages/airflow/example_dags/example_branch_operator_decorator.py
[2026-05-10T10:25:39.738+0000] {logging_mixin.py:188} INFO - [2026-05-10T10:25:39.738+0000] {dag.py:3089} INFO - Sync 1 DAGs
[2026-05-10T10:25:39.755+0000] {logging_mixin.py:188} INFO - [2026-05-10T10:25:39.755+0000] {dag.py:3947} INFO - Setting next_dagrun for example_branch_python_operator_decorator to 2026-05-09 00:00:00+00:00, run_after=2026-05-10 00:00:00+00:00
[2026-05-10T10:25:39.772+0000] {processor.py:183} INFO - Processing /home/airflow/.local/lib/python3.12/site-packages/airflow/example_dags/example_branch_operator_decorator.py took 0.084 seconds
[2026-05-10T10:26:09.985+0000] {processor.py:161} INFO - Started process (PID=254) to work on /home/airflow/.local/lib/python3.12/site-packages/airflow/example_dags/example_branch_operator_decorator.py
[2026-05-10T10:26:09.985+0000] {processor.py:830} INFO - Processing file /home/airflow/.local/lib/python3.12/site-packages/airflow/example_dags/example_branch_operator_decorator.py for tasks to queue
[2026-05-10T10:26:09.987+0000] {logging_mixin.py:188} INFO - [2026-05-10T10:26:09.987+0000] {dagbag.py:545} INFO - Filling up the DagBag from /home/airflow/.local/lib/python3.12/site-packages/airflow/example_dags/example_branch_operator_decorator.py
[2026-05-10T10:26:10.002+0000] {processor.py:840} INFO - DAG(s) 'example_branch_python_operator_decorator' retrieved from /home/airflow/.local/lib/python3.12/site-packages/airflow/example_dags/example_branch_operator_decorator.py
[2026-05-10T10:26:10.023+0000] {logging_mixin.py:188} INFO - [2026-05-10T10:26:10.023+0000] {dag.py:3089} INFO - Sync 1 DAGs
[2026-05-10T10:26:10.039+0000] {logging_mixin.py:188} INFO - [2026-05-10T10:26:10.039+0000] {dag.py:3947} INFO - Setting next_dagrun for example_branch_python_operator_decorator to 2026-05-09 00:00:00+00:00, run_after=2026-05-10 00:00:00+00:00
[2026-05-10T10:26:10.053+0000] {processor.py:183} INFO - Processing /home/airflow/.local/lib/python3.12/site-packages/airflow/example_dags/example_branch_operator_decorator.py took 0.074 seconds
[2026-05-10T10:26:40.165+0000] {processor.py:161} INFO - Started process (PID=314) to work on /home/airflow/.local/lib/python3.12/site-packages/airflow/example_dags/example_branch_operator_decorator.py
[2026-05-10T10:26:40.166+0000] {processor.py:830} INFO - Processing file /home/airflow/.local/lib/python3.12/site-packages/airflow/example_dags/example_branch_operator_decorator.py for tasks to queue
[2026-05-10T10:26:40.168+0000] {logging_mixin.py:188} INFO - [2026-05-10T10:26:40.167+0000] {dagbag.py:545} INFO - Filling up the DagBag from /home/airflow/.local/lib/python3.12/site-packages/airflow/example_dags/example_branch_operator_decorator.py
[2026-05-10T10:26:40.181+0000] {processor.py:840} INFO - DAG(s) 'example_branch_python_operator_decorator' retrieved from /home/airflow/.local/lib/python3.12/site-packages/airflow/example_dags/example_branch_operator_decorator.py
[2026-05-10T10:26:40.202+0000] {logging_mixin.py:188} INFO - [2026-05-10T10:26:40.202+0000] {dag.py:3089} INFO - Sync 1 DAGs
[2026-05-10T10:26:40.218+0000] {logging_mixin.py:188} INFO - [2026-05-10T10:26:40.218+0000] {dag.py:3947} INFO - Setting next_dagrun for example_branch_python_operator_decorator to 2026-05-09 00:00:00+00:00, run_after=2026-05-10 00:00:00+00:00
[2026-05-10T10:26:40.232+0000] {processor.py:183} INFO - Processing /home/airflow/.local/lib/python3.12/site-packages/airflow/example_dags/example_branch_operator_decorator.py took 0.072 seconds
[2026-05-10T10:27:10.435+0000] {processor.py:161} INFO - Started process (PID=374) to work on /home/airflow/.local/lib/python3.12/site-packages/airflow/example_dags/example_branch_operator_decorator.py
[2026-05-10T10:27:10.436+0000] {processor.py:830} INFO - Processing file /home/airflow/.local/lib/python3.12/site-packages/airflow/example_dags/example_branch_operator_decorator.py for tasks to queue
[2026-05-10T10:27:10.438+0000] {logging_mixin.py:188} INFO - [2026-05-10T10:27:10.438+0000] {dagbag.py:545} INFO - Filling up the DagBag from /home/airflow/.local/lib/python3.12/site-packages/airflow/example_dags/example_branch_operator_decorator.py
[2026-05-10T10:27:10.452+0000] {processor.py:840} INFO - DAG(s) 'example_branch_python_operator_decorator' retrieved from /home/airflow/.local/lib/python3.12/site-packages/airflow/example_dags/example_branch_operator_decorator.py
[2026-05-10T10:27:10.473+0000] {logging_mixin.py:188} INFO - [2026-05-10T10:27:10.473+0000] {dag.py:3089} INFO - Sync 1 DAGs
[2026-05-10T10:27:10.489+0000] {logging_mixin.py:188} INFO - [2026-05-10T10:27:10.488+0000] {dag.py:3947} INFO - Setting next_dagrun for example_branch_python_operator_decorator to 2026-05-09 00:00:00+00:00, run_after=2026-05-10 00:00:00+00:00
[2026-05-10T10:27:10.500+0000] {processor.py:183} INFO - Processing /home/airflow/.local/lib/python3.12/site-packages/airflow/example_dags/example_branch_operator_decorator.py took 0.073 seconds
[2026-05-10T10:27:40.859+0000] {processor.py:161} INFO - Started process (PID=434) to work on /home/airflow/.local/lib/python3.12/site-packages/airflow/example_dags/example_branch_operator_decorator.py
[2026-05-10T10:27:40.860+0000] {processor.py:830} INFO - Processing file /home/airflow/.local/lib/python3.12/site-packages/airflow/example_dags/example_branch_operator_decorator.py for tasks to queue
[2026-05-10T10:27:40.862+0000] {logging_mixin.py:188} INFO - [2026-05-10T10:27:40.862+0000] {dagbag.py:545} INFO - Filling up the DagBag from /home/airflow/.local/lib/python3.12/site-packages/airflow/example_dags/example_branch_operator_decorator.py
[2026-05-10T10:27:40.879+0000] {processor.py:840} INFO - DAG(s) 'example_branch_python_operator_decorator' retrieved from /home/airflow/.local/lib/python3.12/site-packages/airflow/example_dags/example_branch_operator_decorator.py
[2026-05-10T10:27:40.905+0000] {logging_mixin.py:188} INFO - [2026-05-10T10:27:40.905+0000] {dag.py:3089} INFO - Sync 1 DAGs
[2026-05-10T10:27:40.925+0000] {logging_mixin.py:188} INFO - [2026-05-10T10:27:40.925+0000] {dag.py:3947} INFO - Setting next_dagrun for example_branch_python_operator_decorator to 2026-05-09 00:00:00+00:00, run_after=2026-05-10 00:00:00+00:00
[2026-05-10T10:27:40.940+0000] {processor.py:183} INFO - Processing /home/airflow/.local/lib/python3.12/site-packages/airflow/example_dags/example_branch_operator_decorator.py took 0.089 seconds
[2026-05-10T10:28:11.407+0000] {processor.py:161} INFO - Started process (PID=501) to work on /home/airflow/.local/lib/python3.12/site-packages/airflow/example_dags/example_branch_operator_decorator.py
[2026-05-10T10:28:11.408+0000] {processor.py:830} INFO - Processing file /home/airflow/.local/lib/python3.12/site-packages/airflow/example_dags/example_branch_operator_decorator.py for tasks to queue
[2026-05-10T10:28:11.410+0000] {logging_mixin.py:188} INFO - [2026-05-10T10:28:11.409+0000] {dagbag.py:545} INFO - Filling up the DagBag from /home/airflow/.local/lib/python3.12/site-packages/airflow/example_dags/example_branch_operator_decorator.py
[2026-05-10T10:28:11.424+0000] {processor.py:840} INFO - DAG(s) 'example_branch_python_operator_decorator' retrieved from /home/airflow/.local/lib/python3.12/site-packages/airflow/example_dags/example_branch_operator_decorator.py
[2026-05-10T10:28:11.446+0000] {logging_mixin.py:188} INFO - [2026-05-10T10:28:11.446+0000] {dag.py:3089} INFO - Sync 1 DAGs
[2026-05-10T10:28:11.468+0000] {logging_mixin.py:188} INFO - [2026-05-10T10:28:11.468+0000] {dag.py:3947} INFO - Setting next_dagrun for example_branch_python_operator_decorator to 2026-05-09 00:00:00+00:00, run_after=2026-05-10 00:00:00+00:00
[2026-05-10T10:28:11.482+0000] {processor.py:183} INFO - Processing /home/airflow/.local/lib/python3.12/site-packages/airflow/example_dags/example_branch_operator_decorator.py took 0.080 seconds
[2026-05-10T10:30:16.099+0000] {processor.py:161} INFO - Started process (PID=74) to work on /home/airflow/.local/lib/python3.12/site-packages/airflow/example_dags/example_branch_operator_decorator.py
[2026-05-10T10:30:16.101+0000] {processor.py:830} INFO - Processing file /home/airflow/.local/lib/python3.12/site-packages/airflow/example_dags/example_branch_operator_decorator.py for tasks to queue
[2026-05-10T10:30:16.104+0000] {logging_mixin.py:188} INFO - [2026-05-10T10:30:16.103+0000] {dagbag.py:545} INFO - Filling up the DagBag from /home/airflow/.local/lib/python3.12/site-packages/airflow/example_dags/example_branch_operator_decorator.py
[2026-05-10T10:30:16.133+0000] {processor.py:840} INFO - DAG(s) 'example_branch_python_operator_decorator' retrieved from /home/airflow/.local/lib/python3.12/site-packages/airflow/example_dags/example_branch_operator_decorator.py
[2026-05-10T10:30:16.148+0000] {logging_mixin.py:188} INFO - [2026-05-10T10:30:16.147+0000] {dag.py:3089} INFO - Sync 1 DAGs
[2026-05-10T10:30:16.176+0000] {logging_mixin.py:188} INFO - [2026-05-10T10:30:16.176+0000] {dag.py:3947} INFO - Setting next_dagrun for example_branch_python_operator_decorator to 2026-05-09 00:00:00+00:00, run_after=2026-05-10 00:00:00+00:00
[2026-05-10T10:30:16.199+0000] {processor.py:183} INFO - Processing /home/airflow/.local/lib/python3.12/site-packages/airflow/example_dags/example_branch_operator_decorator.py took 0.110 seconds
[2026-05-10T10:30:47.059+0000] {processor.py:161} INFO - Started process (PID=134) to work on /home/airflow/.local/lib/python3.12/site-packages/airflow/example_dags/example_branch_operator_decorator.py
[2026-05-10T10:30:47.060+0000] {processor.py:830} INFO - Processing file /home/airflow/.local/lib/python3.12/site-packages/airflow/example_dags/example_branch_operator_decorator.py for tasks to queue
[2026-05-10T10:30:47.062+0000] {logging_mixin.py:188} INFO - [2026-05-10T10:30:47.061+0000] {dagbag.py:545} INFO - Filling up the DagBag from /home/airflow/.local/lib/python3.12/site-packages/airflow/example_dags/example_branch_operator_decorator.py
[2026-05-10T10:30:47.077+0000] {processor.py:840} INFO - DAG(s) 'example_branch_python_operator_decorator' retrieved from /home/airflow/.local/lib/python3.12/site-packages/airflow/example_dags/example_branch_operator_decorator.py
[2026-05-10T10:30:47.160+0000] {logging_mixin.py:188} INFO - [2026-05-10T10:30:47.160+0000] {dag.py:3089} INFO - Sync 1 DAGs
[2026-05-10T10:30:47.176+0000] {logging_mixin.py:188} INFO - [2026-05-10T10:30:47.176+0000] {dag.py:3947} INFO - Setting next_dagrun for example_branch_python_operator_decorator to 2026-05-09 00:00:00+00:00, run_after=2026-05-10 00:00:00+00:00
[2026-05-10T10:30:47.192+0000] {processor.py:183} INFO - Processing /home/airflow/.local/lib/python3.12/site-packages/airflow/example_dags/example_branch_operator_decorator.py took 0.138 seconds
[2026-05-10T10:31:18.007+0000] {processor.py:161} INFO - Started process (PID=194) to work on /home/airflow/.local/lib/python3.12/site-packages/airflow/example_dags/example_branch_operator_decorator.py
[2026-05-10T10:31:18.007+0000] {processor.py:830} INFO - Processing file /home/airflow/.local/lib/python3.12/site-packages/airflow/example_dags/example_branch_operator_decorator.py for tasks to queue
[2026-05-10T10:31:18.009+0000] {logging_mixin.py:188} INFO - [2026-05-10T10:31:18.009+0000] {dagbag.py:545} INFO - Filling up the DagBag from /home/airflow/.local/lib/python3.12/site-packages/airflow/example_dags/example_branch_operator_decorator.py
[2026-05-10T10:31:18.025+0000] {processor.py:840} INFO - DAG(s) 'example_branch_python_operator_decorator' retrieved from /home/airflow/.local/lib/python3.12/site-packages/airflow/example_dags/example_branch_operator_decorator.py
[2026-05-10T10:31:18.050+0000] {logging_mixin.py:188} INFO - [2026-05-10T10:31:18.050+0000] {dag.py:3089} INFO - Sync 1 DAGs
[2026-05-10T10:31:18.066+0000] {logging_mixin.py:188} INFO - [2026-05-10T10:31:18.065+0000] {dag.py:3947} INFO - Setting next_dagrun for example_branch_python_operator_decorator to 2026-05-09 00:00:00+00:00, run_after=2026-05-10 00:00:00+00:00
[2026-05-10T10:31:18.079+0000] {processor.py:183} INFO - Processing /home/airflow/.local/lib/python3.12/site-packages/airflow/example_dags/example_branch_operator_decorator.py took 0.078 seconds
[2026-05-10T10:31:48.381+0000] {processor.py:161} INFO - Started process (PID=254) to work on /home/airflow/.local/lib/python3.12/site-packages/airflow/example_dags/example_branch_operator_decorator.py
[2026-05-10T10:31:48.382+0000] {processor.py:830} INFO - Processing file /home/airflow/.local/lib/python3.12/site-packages/airflow/example_dags/example_branch_operator_decorator.py for tasks to queue
[2026-05-10T10:31:48.384+0000] {logging_mixin.py:188} INFO - [2026-05-10T10:31:48.383+0000] {dagbag.py:545} INFO - Filling up the DagBag from /home/airflow/.local/lib/python3.12/site-packages/airflow/example_dags/example_branch_operator_decorator.py
[2026-05-10T10:31:48.399+0000] {processor.py:840} INFO - DAG(s) 'example_branch_python_operator_decorator' retrieved from /home/airflow/.local/lib/python3.12/site-packages/airflow/example_dags/example_branch_operator_decorator.py
[2026-05-10T10:31:48.423+0000] {logging_mixin.py:188} INFO - [2026-05-10T10:31:48.423+0000] {dag.py:3089} INFO - Sync 1 DAGs
[2026-05-10T10:31:48.441+0000] {logging_mixin.py:188} INFO - [2026-05-10T10:31:48.441+0000] {dag.py:3947} INFO - Setting next_dagrun for example_branch_python_operator_decorator to 2026-05-09 00:00:00+00:00, run_after=2026-05-10 00:00:00+00:00
[2026-05-10T10:31:48.455+0000] {processor.py:183} INFO - Processing /home/airflow/.local/lib/python3.12/site-packages/airflow/example_dags/example_branch_operator_decorator.py took 0.081 seconds
[2026-05-10T10:32:18.978+0000] {processor.py:161} INFO - Started process (PID=320) to work on /home/airflow/.local/lib/python3.12/site-packages/airflow/example_dags/example_branch_operator_decorator.py
[2026-05-10T10:32:18.978+0000] {processor.py:830} INFO - Processing file /home/airflow/.local/lib/python3.12/site-packages/airflow/example_dags/example_branch_operator_decorator.py for tasks to queue
[2026-05-10T10:32:18.980+0000] {logging_mixin.py:188} INFO - [2026-05-10T10:32:18.980+0000] {dagbag.py:545} INFO - Filling up the DagBag from /home/airflow/.local/lib/python3.12/site-packages/airflow/example_dags/example_branch_operator_decorator.py
[2026-05-10T10:32:18.995+0000] {processor.py:840} INFO - DAG(s) 'example_branch_python_operator_decorator' retrieved from /home/airflow/.local/lib/python3.12/site-packages/airflow/example_dags/example_branch_operator_decorator.py
[2026-05-10T10:32:19.018+0000] {logging_mixin.py:188} INFO - [2026-05-10T10:32:19.017+0000] {dag.py:3089} INFO - Sync 1 DAGs
[2026-05-10T10:32:19.034+0000] {logging_mixin.py:188} INFO - [2026-05-10T10:32:19.034+0000] {dag.py:3947} INFO - Setting next_dagrun for example_branch_python_operator_decorator to 2026-05-09 00:00:00+00:00, run_after=2026-05-10 00:00:00+00:00
[2026-05-10T10:32:19.049+0000] {processor.py:183} INFO - Processing /home/airflow/.local/lib/python3.12/site-packages/airflow/example_dags/example_branch_operator_decorator.py took 0.077 seconds
[2026-05-10T10:47:03.760+0000] {processor.py:161} INFO - Started process (PID=74) to work on /home/airflow/.local/lib/python3.12/site-packages/airflow/example_dags/example_branch_operator_decorator.py
[2026-05-10T10:47:03.761+0000] {processor.py:830} INFO - Processing file /home/airflow/.local/lib/python3.12/site-packages/airflow/example_dags/example_branch_operator_decorator.py for tasks to queue
[2026-05-10T10:47:03.763+0000] {logging_mixin.py:188} INFO - [2026-05-10T10:47:03.763+0000] {dagbag.py:545} INFO - Filling up the DagBag from /home/airflow/.local/lib/python3.12/site-packages/airflow/example_dags/example_branch_operator_decorator.py
[2026-05-10T10:47:03.781+0000] {processor.py:840} INFO - DAG(s) 'example_branch_python_operator_decorator' retrieved from /home/airflow/.local/lib/python3.12/site-packages/airflow/example_dags/example_branch_operator_decorator.py
[2026-05-10T10:47:03.871+0000] {logging_mixin.py:188} INFO - [2026-05-10T10:47:03.870+0000] {override.py:1858} INFO - Created Permission View: can delete on DAG:example_branch_python_operator_decorator
[2026-05-10T10:47:03.879+0000] {logging_mixin.py:188} INFO - [2026-05-10T10:47:03.879+0000] {override.py:1858} INFO - Created Permission View: can read on DAG:example_branch_python_operator_decorator
[2026-05-10T10:47:03.883+0000] {logging_mixin.py:188} INFO - [2026-05-10T10:47:03.883+0000] {override.py:1858} INFO - Created Permission View: can edit on DAG:example_branch_python_operator_decorator
[2026-05-10T10:47:03.884+0000] {logging_mixin.py:188} INFO - [2026-05-10T10:47:03.884+0000] {dag.py:3089} INFO - Sync 1 DAGs
[2026-05-10T10:47:03.892+0000] {logging_mixin.py:188} INFO - [2026-05-10T10:47:03.892+0000] {dag.py:3111} INFO - Creating ORM DAG for example_branch_python_operator_decorator
[2026-05-10T10:47:03.903+0000] {logging_mixin.py:188} INFO - [2026-05-10T10:47:03.902+0000] {dag.py:3947} INFO - Setting next_dagrun for example_branch_python_operator_decorator to 2026-05-09 00:00:00+00:00, run_after=2026-05-10 00:00:00+00:00
[2026-05-10T10:47:03.918+0000] {processor.py:183} INFO - Processing /home/airflow/.local/lib/python3.12/site-packages/airflow/example_dags/example_branch_operator_decorator.py took 0.164 seconds
[2026-05-10T10:47:34.866+0000] {processor.py:161} INFO - Started process (PID=134) to work on /home/airflow/.local/lib/python3.12/site-packages/airflow/example_dags/example_branch_operator_decorator.py
[2026-05-10T10:47:34.867+0000] {processor.py:830} INFO - Processing file /home/airflow/.local/lib/python3.12/site-packages/airflow/example_dags/example_branch_operator_decorator.py for tasks to queue
[2026-05-10T10:47:34.869+0000] {logging_mixin.py:188} INFO - [2026-05-10T10:47:34.868+0000] {dagbag.py:545} INFO - Filling up the DagBag from /home/airflow/.local/lib/python3.12/site-packages/airflow/example_dags/example_branch_operator_decorator.py
[2026-05-10T10:47:34.883+0000] {processor.py:840} INFO - DAG(s) 'example_branch_python_operator_decorator' retrieved from /home/airflow/.local/lib/python3.12/site-packages/airflow/example_dags/example_branch_operator_decorator.py
[2026-05-10T10:47:34.903+0000] {logging_mixin.py:188} INFO - [2026-05-10T10:47:34.903+0000] {dag.py:3089} INFO - Sync 1 DAGs
[2026-05-10T10:47:34.918+0000] {logging_mixin.py:188} INFO - [2026-05-10T10:47:34.918+0000] {dag.py:3947} INFO - Setting next_dagrun for example_branch_python_operator_decorator to 2026-05-09 00:00:00+00:00, run_after=2026-05-10 00:00:00+00:00
[2026-05-10T10:47:34.931+0000] {processor.py:183} INFO - Processing /home/airflow/.local/lib/python3.12/site-packages/airflow/example_dags/example_branch_operator_decorator.py took 0.070 seconds
[2026-05-10T10:48:05.513+0000] {processor.py:161} INFO - Started process (PID=194) to work on /home/airflow/.local/lib/python3.12/site-packages/airflow/example_dags/example_branch_operator_decorator.py
[2026-05-10T10:48:05.514+0000] {processor.py:830} INFO - Processing file /home/airflow/.local/lib/python3.12/site-packages/airflow/example_dags/example_branch_operator_decorator.py for tasks to queue
[2026-05-10T10:48:05.515+0000] {logging_mixin.py:188} INFO - [2026-05-10T10:48:05.515+0000] {dagbag.py:545} INFO - Filling up the DagBag from /home/airflow/.local/lib/python3.12/site-packages/airflow/example_dags/example_branch_operator_decorator.py
[2026-05-10T10:48:05.531+0000] {processor.py:840} INFO - DAG(s) 'example_branch_python_operator_decorator' retrieved from /home/airflow/.local/lib/python3.12/site-packages/airflow/example_dags/example_branch_operator_decorator.py
[2026-05-10T10:48:05.554+0000] {logging_mixin.py:188} INFO - [2026-05-10T10:48:05.554+0000] {dag.py:3089} INFO - Sync 1 DAGs
[2026-05-10T10:48:05.574+0000] {logging_mixin.py:188} INFO - [2026-05-10T10:48:05.573+0000] {dag.py:3947} INFO - Setting next_dagrun for example_branch_python_operator_decorator to 2026-05-09 00:00:00+00:00, run_after=2026-05-10 00:00:00+00:00
[2026-05-10T10:48:05.589+0000] {processor.py:183} INFO - Processing /home/airflow/.local/lib/python3.12/site-packages/airflow/example_dags/example_branch_operator_decorator.py took 0.082 seconds
[2026-05-10T10:48:36.208+0000] {processor.py:161} INFO - Started process (PID=254) to work on /home/airflow/.local/lib/python3.12/site-packages/airflow/example_dags/example_branch_operator_decorator.py
[2026-05-10T10:48:36.209+0000] {processor.py:830} INFO - Processing file /home/airflow/.local/lib/python3.12/site-packages/airflow/example_dags/example_branch_operator_decorator.py for tasks to queue
[2026-05-10T10:48:36.210+0000] {logging_mixin.py:188} INFO - [2026-05-10T10:48:36.210+0000] {dagbag.py:545} INFO - Filling up the DagBag from /home/airflow/.local/lib/python3.12/site-packages/airflow/example_dags/example_branch_operator_decorator.py
[2026-05-10T10:48:36.224+0000] {processor.py:840} INFO - DAG(s) 'example_branch_python_operator_decorator' retrieved from /home/airflow/.local/lib/python3.12/site-packages/airflow/example_dags/example_branch_operator_decorator.py
[2026-05-10T10:48:36.245+0000] {logging_mixin.py:188} INFO - [2026-05-10T10:48:36.245+0000] {dag.py:3089} INFO - Sync 1 DAGs
[2026-05-10T10:48:36.259+0000] {logging_mixin.py:188} INFO - [2026-05-10T10:48:36.259+0000] {dag.py:3947} INFO - Setting next_dagrun for example_branch_python_operator_decorator to 2026-05-09 00:00:00+00:00, run_after=2026-05-10 00:00:00+00:00
[2026-05-10T10:48:36.271+0000] {processor.py:183} INFO - Processing /home/airflow/.local/lib/python3.12/site-packages/airflow/example_dags/example_branch_operator_decorator.py took 0.068 seconds
[2026-05-10T10:49:06.748+0000] {processor.py:161} INFO - Started process (PID=314) to work on /home/airflow/.local/lib/python3.12/site-packages/airflow/example_dags/example_branch_operator_decorator.py
[2026-05-10T10:49:06.749+0000] {processor.py:830} INFO - Processing file /home/airflow/.local/lib/python3.12/site-packages/airflow/example_dags/example_branch_operator_decorator.py for tasks to queue
[2026-05-10T10:49:06.750+0000] {logging_mixin.py:188} INFO - [2026-05-10T10:49:06.750+0000] {dagbag.py:545} INFO - Filling up the DagBag from /home/airflow/.local/lib/python3.12/site-packages/airflow/example_dags/example_branch_operator_decorator.py
[2026-05-10T10:49:06.764+0000] {processor.py:840} INFO - DAG(s) 'example_branch_python_operator_decorator' retrieved from /home/airflow/.local/lib/python3.12/site-packages/airflow/example_dags/example_branch_operator_decorator.py
[2026-05-10T10:49:06.785+0000] {logging_mixin.py:188} INFO - [2026-05-10T10:49:06.785+0000] {dag.py:3089} INFO - Sync 1 DAGs
[2026-05-10T10:49:06.802+0000] {logging_mixin.py:188} INFO - [2026-05-10T10:49:06.802+0000] {dag.py:3947} INFO - Setting next_dagrun for example_branch_python_operator_decorator to 2026-05-09 00:00:00+00:00, run_after=2026-05-10 00:00:00+00:00
[2026-05-10T10:49:06.815+0000] {processor.py:183} INFO - Processing /home/airflow/.local/lib/python3.12/site-packages/airflow/example_dags/example_branch_operator_decorator.py took 0.072 seconds
[2026-05-10T10:49:37.361+0000] {processor.py:161} INFO - Started process (PID=374) to work on /home/airflow/.local/lib/python3.12/site-packages/airflow/example_dags/example_branch_operator_decorator.py
[2026-05-10T10:49:37.362+0000] {processor.py:830} INFO - Processing file /home/airflow/.local/lib/python3.12/site-packages/airflow/example_dags/example_branch_operator_decorator.py for tasks to queue
[2026-05-10T10:49:37.364+0000] {logging_mixin.py:188} INFO - [2026-05-10T10:49:37.363+0000] {dagbag.py:545} INFO - Filling up the DagBag from /home/airflow/.local/lib/python3.12/site-packages/airflow/example_dags/example_branch_operator_decorator.py
[2026-05-10T10:49:37.377+0000] {processor.py:840} INFO - DAG(s) 'example_branch_python_operator_decorator' retrieved from /home/airflow/.local/lib/python3.12/site-packages/airflow/example_dags/example_branch_operator_decorator.py
[2026-05-10T10:49:37.396+0000] {logging_mixin.py:188} INFO - [2026-05-10T10:49:37.396+0000] {dag.py:3089} INFO - Sync 1 DAGs
[2026-05-10T10:49:37.411+0000] {logging_mixin.py:188} INFO - [2026-05-10T10:49:37.411+0000] {dag.py:3947} INFO - Setting next_dagrun for example_branch_python_operator_decorator to 2026-05-09 00:00:00+00:00, run_after=2026-05-10 00:00:00+00:00
[2026-05-10T10:49:37.423+0000] {processor.py:183} INFO - Processing /home/airflow/.local/lib/python3.12/site-packages/airflow/example_dags/example_branch_operator_decorator.py took 0.069 seconds
[2026-05-10T10:50:08.200+0000] {processor.py:161} INFO - Started process (PID=434) to work on /home/airflow/.local/lib/python3.12/site-packages/airflow/example_dags/example_branch_operator_decorator.py
[2026-05-10T10:50:08.200+0000] {processor.py:830} INFO - Processing file /home/airflow/.local/lib/python3.12/site-packages/airflow/example_dags/example_branch_operator_decorator.py for tasks to queue
[2026-05-10T10:50:08.202+0000] {logging_mixin.py:188} INFO - [2026-05-10T10:50:08.202+0000] {dagbag.py:545} INFO - Filling up the DagBag from /home/airflow/.local/lib/python3.12/site-packages/airflow/example_dags/example_branch_operator_decorator.py
[2026-05-10T10:50:08.215+0000] {processor.py:840} INFO - DAG(s) 'example_branch_python_operator_decorator' retrieved from /home/airflow/.local/lib/python3.12/site-packages/airflow/example_dags/example_branch_operator_decorator.py
[2026-05-10T10:50:08.235+0000] {logging_mixin.py:188} INFO - [2026-05-10T10:50:08.235+0000] {dag.py:3089} INFO - Sync 1 DAGs
[2026-05-10T10:50:08.250+0000] {logging_mixin.py:188} INFO - [2026-05-10T10:50:08.250+0000] {dag.py:3947} INFO - Setting next_dagrun for example_branch_python_operator_decorator to 2026-05-09 00:00:00+00:00, run_after=2026-05-10 00:00:00+00:00
[2026-05-10T10:50:08.263+0000] {processor.py:183} INFO - Processing /home/airflow/.local/lib/python3.12/site-packages/airflow/example_dags/example_branch_operator_decorator.py took 0.068 seconds
[2026-05-10T10:50:38.887+0000] {processor.py:161} INFO - Started process (PID=494) to work on /home/airflow/.local/lib/python3.12/site-packages/airflow/example_dags/example_branch_operator_decorator.py
[2026-05-10T10:50:38.888+0000] {processor.py:830} INFO - Processing file /home/airflow/.local/lib/python3.12/site-packages/airflow/example_dags/example_branch_operator_decorator.py for tasks to queue
[2026-05-10T10:50:38.889+0000] {logging_mixin.py:188} INFO - [2026-05-10T10:50:38.889+0000] {dagbag.py:545} INFO - Filling up the DagBag from /home/airflow/.local/lib/python3.12/site-packages/airflow/example_dags/example_branch_operator_decorator.py
[2026-05-10T10:50:38.905+0000] {processor.py:840} INFO - DAG(s) 'example_branch_python_operator_decorator' retrieved from /home/airflow/.local/lib/python3.12/site-packages/airflow/example_dags/example_branch_operator_decorator.py
[2026-05-10T10:50:38.934+0000] {logging_mixin.py:188} INFO - [2026-05-10T10:50:38.934+0000] {dag.py:3089} INFO - Sync 1 DAGs
[2026-05-10T10:50:38.952+0000] {logging_mixin.py:188} INFO - [2026-05-10T10:50:38.952+0000] {dag.py:3947} INFO - Setting next_dagrun for example_branch_python_operator_decorator to 2026-05-09 00:00:00+00:00, run_after=2026-05-10 00:00:00+00:00
[2026-05-10T10:50:38.967+0000] {processor.py:183} INFO - Processing /home/airflow/.local/lib/python3.12/site-packages/airflow/example_dags/example_branch_operator_decorator.py took 0.086 seconds
[2026-05-10T10:51:09.699+0000] {processor.py:161} INFO - Started process (PID=554) to work on /home/airflow/.local/lib/python3.12/site-packages/airflow/example_dags/example_branch_operator_decorator.py
[2026-05-10T10:51:09.700+0000] {processor.py:830} INFO - Processing file /home/airflow/.local/lib/python3.12/site-packages/airflow/example_dags/example_branch_operator_decorator.py for tasks to queue
[2026-05-10T10:51:09.701+0000] {logging_mixin.py:188} INFO - [2026-05-10T10:51:09.701+0000] {dagbag.py:545} INFO - Filling up the DagBag from /home/airflow/.local/lib/python3.12/site-packages/airflow/example_dags/example_branch_operator_decorator.py
[2026-05-10T10:51:09.716+0000] {processor.py:840} INFO - DAG(s) 'example_branch_python_operator_decorator' retrieved from /home/airflow/.local/lib/python3.12/site-packages/airflow/example_dags/example_branch_operator_decorator.py
[2026-05-10T10:51:09.738+0000] {logging_mixin.py:188} INFO - [2026-05-10T10:51:09.738+0000] {dag.py:3089} INFO - Sync 1 DAGs
[2026-05-10T10:51:09.753+0000] {logging_mixin.py:188} INFO - [2026-05-10T10:51:09.753+0000] {dag.py:3947} INFO - Setting next_dagrun for example_branch_python_operator_decorator to 2026-05-09 00:00:00+00:00, run_after=2026-05-10 00:00:00+00:00
[2026-05-10T10:51:09.766+0000] {processor.py:183} INFO - Processing /home/airflow/.local/lib/python3.12/site-packages/airflow/example_dags/example_branch_operator_decorator.py took 0.072 seconds
[2026-05-10T10:51:40.015+0000] {processor.py:161} INFO - Started process (PID=614) to work on /home/airflow/.local/lib/python3.12/site-packages/airflow/example_dags/example_branch_operator_decorator.py
[2026-05-10T10:51:40.016+0000] {processor.py:830} INFO - Processing file /home/airflow/.local/lib/python3.12/site-packages/airflow/example_dags/example_branch_operator_decorator.py for tasks to queue
[2026-05-10T10:51:40.018+0000] {logging_mixin.py:188} INFO - [2026-05-10T10:51:40.017+0000] {dagbag.py:545} INFO - Filling up the DagBag from /home/airflow/.local/lib/python3.12/site-packages/airflow/example_dags/example_branch_operator_decorator.py
[2026-05-10T10:51:40.032+0000] {processor.py:840} INFO - DAG(s) 'example_branch_python_operator_decorator' retrieved from /home/airflow/.local/lib/python3.12/site-packages/airflow/example_dags/example_branch_operator_decorator.py
[2026-05-10T10:51:40.053+0000] {logging_mixin.py:188} INFO - [2026-05-10T10:51:40.053+0000] {dag.py:3089} INFO - Sync 1 DAGs
[2026-05-10T10:51:40.070+0000] {logging_mixin.py:188} INFO - [2026-05-10T10:51:40.070+0000] {dag.py:3947} INFO - Setting next_dagrun for example_branch_python_operator_decorator to 2026-05-09 00:00:00+00:00, run_after=2026-05-10 00:00:00+00:00
[2026-05-10T10:51:40.083+0000] {processor.py:183} INFO - Processing /home/airflow/.local/lib/python3.12/site-packages/airflow/example_dags/example_branch_operator_decorator.py took 0.073 seconds
[2026-05-10T10:53:03.954+0000] {processor.py:161} INFO - Started process (PID=74) to work on /home/airflow/.local/lib/python3.12/site-packages/airflow/example_dags/example_branch_operator_decorator.py
[2026-05-10T10:53:03.955+0000] {processor.py:830} INFO - Processing file /home/airflow/.local/lib/python3.12/site-packages/airflow/example_dags/example_branch_operator_decorator.py for tasks to queue
[2026-05-10T10:53:03.956+0000] {logging_mixin.py:188} INFO - [2026-05-10T10:53:03.956+0000] {dagbag.py:545} INFO - Filling up the DagBag from /home/airflow/.local/lib/python3.12/site-packages/airflow/example_dags/example_branch_operator_decorator.py
[2026-05-10T10:53:03.976+0000] {processor.py:840} INFO - DAG(s) 'example_branch_python_operator_decorator' retrieved from /home/airflow/.local/lib/python3.12/site-packages/airflow/example_dags/example_branch_operator_decorator.py
[2026-05-10T10:53:04.075+0000] {logging_mixin.py:188} INFO - [2026-05-10T10:53:04.075+0000] {override.py:1858} INFO - Created Permission View: can read on DAG:example_branch_python_operator_decorator
[2026-05-10T10:53:04.083+0000] {logging_mixin.py:188} INFO - [2026-05-10T10:53:04.083+0000] {override.py:1858} INFO - Created Permission View: can delete on DAG:example_branch_python_operator_decorator
[2026-05-10T10:53:04.088+0000] {logging_mixin.py:188} INFO - [2026-05-10T10:53:04.088+0000] {override.py:1858} INFO - Created Permission View: can edit on DAG:example_branch_python_operator_decorator
[2026-05-10T10:53:04.089+0000] {logging_mixin.py:188} INFO - [2026-05-10T10:53:04.089+0000] {dag.py:3089} INFO - Sync 1 DAGs
[2026-05-10T10:53:04.097+0000] {logging_mixin.py:188} INFO - [2026-05-10T10:53:04.097+0000] {dag.py:3111} INFO - Creating ORM DAG for example_branch_python_operator_decorator
[2026-05-10T10:53:04.108+0000] {logging_mixin.py:188} INFO - [2026-05-10T10:53:04.108+0000] {dag.py:3947} INFO - Setting next_dagrun for example_branch_python_operator_decorator to 2026-05-09 00:00:00+00:00, run_after=2026-05-10 00:00:00+00:00
[2026-05-10T10:53:04.125+0000] {processor.py:183} INFO - Processing /home/airflow/.local/lib/python3.12/site-packages/airflow/example_dags/example_branch_operator_decorator.py took 0.178 seconds
[2026-05-10T10:53:34.524+0000] {processor.py:161} INFO - Started process (PID=134) to work on /home/airflow/.local/lib/python3.12/site-packages/airflow/example_dags/example_branch_operator_decorator.py
[2026-05-10T10:53:34.525+0000] {processor.py:830} INFO - Processing file /home/airflow/.local/lib/python3.12/site-packages/airflow/example_dags/example_branch_operator_decorator.py for tasks to queue
[2026-05-10T10:53:34.527+0000] {logging_mixin.py:188} INFO - [2026-05-10T10:53:34.527+0000] {dagbag.py:545} INFO - Filling up the DagBag from /home/airflow/.local/lib/python3.12/site-packages/airflow/example_dags/example_branch_operator_decorator.py
[2026-05-10T10:53:34.540+0000] {processor.py:840} INFO - DAG(s) 'example_branch_python_operator_decorator' retrieved from /home/airflow/.local/lib/python3.12/site-packages/airflow/example_dags/example_branch_operator_decorator.py
[2026-05-10T10:53:34.562+0000] {logging_mixin.py:188} INFO - [2026-05-10T10:53:34.561+0000] {dag.py:3089} INFO - Sync 1 DAGs
[2026-05-10T10:53:34.577+0000] {logging_mixin.py:188} INFO - [2026-05-10T10:53:34.577+0000] {dag.py:3947} INFO - Setting next_dagrun for example_branch_python_operator_decorator to 2026-05-09 00:00:00+00:00, run_after=2026-05-10 00:00:00+00:00
[2026-05-10T10:53:34.590+0000] {processor.py:183} INFO - Processing /home/airflow/.local/lib/python3.12/site-packages/airflow/example_dags/example_branch_operator_decorator.py took 0.071 seconds
[2026-05-10T10:54:04.747+0000] {processor.py:161} INFO - Started process (PID=194) to work on /home/airflow/.local/lib/python3.12/site-packages/airflow/example_dags/example_branch_operator_decorator.py
[2026-05-10T10:54:04.748+0000] {processor.py:830} INFO - Processing file /home/airflow/.local/lib/python3.12/site-packages/airflow/example_dags/example_branch_operator_decorator.py for tasks to queue
[2026-05-10T10:54:04.751+0000] {logging_mixin.py:188} INFO - [2026-05-10T10:54:04.751+0000] {dagbag.py:545} INFO - Filling up the DagBag from /home/airflow/.local/lib/python3.12/site-packages/airflow/example_dags/example_branch_operator_decorator.py
[2026-05-10T10:54:04.774+0000] {processor.py:840} INFO - DAG(s) 'example_branch_python_operator_decorator' retrieved from /home/airflow/.local/lib/python3.12/site-packages/airflow/example_dags/example_branch_operator_decorator.py
[2026-05-10T10:54:04.801+0000] {logging_mixin.py:188} INFO - [2026-05-10T10:54:04.800+0000] {dag.py:3089} INFO - Sync 1 DAGs
[2026-05-10T10:54:04.819+0000] {logging_mixin.py:188} INFO - [2026-05-10T10:54:04.819+0000] {dag.py:3947} INFO - Setting next_dagrun for example_branch_python_operator_decorator to 2026-05-09 00:00:00+00:00, run_after=2026-05-10 00:00:00+00:00
[2026-05-10T10:54:04.835+0000] {processor.py:183} INFO - Processing /home/airflow/.local/lib/python3.12/site-packages/airflow/example_dags/example_branch_operator_decorator.py took 0.094 seconds
[2026-05-10T10:54:35.075+0000] {processor.py:161} INFO - Started process (PID=254) to work on /home/airflow/.local/lib/python3.12/site-packages/airflow/example_dags/example_branch_operator_decorator.py
[2026-05-10T10:54:35.076+0000] {processor.py:830} INFO - Processing file /home/airflow/.local/lib/python3.12/site-packages/airflow/example_dags/example_branch_operator_decorator.py for tasks to queue
[2026-05-10T10:54:35.077+0000] {logging_mixin.py:188} INFO - [2026-05-10T10:54:35.077+0000] {dagbag.py:545} INFO - Filling up the DagBag from /home/airflow/.local/lib/python3.12/site-packages/airflow/example_dags/example_branch_operator_decorator.py
[2026-05-10T10:54:35.091+0000] {processor.py:840} INFO - DAG(s) 'example_branch_python_operator_decorator' retrieved from /home/airflow/.local/lib/python3.12/site-packages/airflow/example_dags/example_branch_operator_decorator.py
[2026-05-10T10:54:35.113+0000] {logging_mixin.py:188} INFO - [2026-05-10T10:54:35.113+0000] {dag.py:3089} INFO - Sync 1 DAGs
[2026-05-10T10:54:35.130+0000] {logging_mixin.py:188} INFO - [2026-05-10T10:54:35.130+0000] {dag.py:3947} INFO - Setting next_dagrun for example_branch_python_operator_decorator to 2026-05-09 00:00:00+00:00, run_after=2026-05-10 00:00:00+00:00
[2026-05-10T10:54:35.144+0000] {processor.py:183} INFO - Processing /home/airflow/.local/lib/python3.12/site-packages/airflow/example_dags/example_branch_operator_decorator.py took 0.076 seconds
[2026-05-10T10:55:05.838+0000] {processor.py:161} INFO - Started process (PID=320) to work on /home/airflow/.local/lib/python3.12/site-packages/airflow/example_dags/example_branch_operator_decorator.py
[2026-05-10T10:55:05.839+0000] {processor.py:830} INFO - Processing file /home/airflow/.local/lib/python3.12/site-packages/airflow/example_dags/example_branch_operator_decorator.py for tasks to queue
[2026-05-10T10:55:05.840+0000] {logging_mixin.py:188} INFO - [2026-05-10T10:55:05.840+0000] {dagbag.py:545} INFO - Filling up the DagBag from /home/airflow/.local/lib/python3.12/site-packages/airflow/example_dags/example_branch_operator_decorator.py
[2026-05-10T10:55:05.855+0000] {processor.py:840} INFO - DAG(s) 'example_branch_python_operator_decorator' retrieved from /home/airflow/.local/lib/python3.12/site-packages/airflow/example_dags/example_branch_operator_decorator.py
[2026-05-10T10:55:05.876+0000] {logging_mixin.py:188} INFO - [2026-05-10T10:55:05.876+0000] {dag.py:3089} INFO - Sync 1 DAGs
[2026-05-10T10:55:05.893+0000] {logging_mixin.py:188} INFO - [2026-05-10T10:55:05.892+0000] {dag.py:3947} INFO - Setting next_dagrun for example_branch_python_operator_decorator to 2026-05-09 00:00:00+00:00, run_after=2026-05-10 00:00:00+00:00
[2026-05-10T10:55:05.906+0000] {processor.py:183} INFO - Processing /home/airflow/.local/lib/python3.12/site-packages/airflow/example_dags/example_branch_operator_decorator.py took 0.074 seconds
[2026-05-10T10:55:36.800+0000] {processor.py:161} INFO - Started process (PID=380) to work on /home/airflow/.local/lib/python3.12/site-packages/airflow/example_dags/example_branch_operator_decorator.py
[2026-05-10T10:55:36.800+0000] {processor.py:830} INFO - Processing file /home/airflow/.local/lib/python3.12/site-packages/airflow/example_dags/example_branch_operator_decorator.py for tasks to queue
[2026-05-10T10:55:36.802+0000] {logging_mixin.py:188} INFO - [2026-05-10T10:55:36.802+0000] {dagbag.py:545} INFO - Filling up the DagBag from /home/airflow/.local/lib/python3.12/site-packages/airflow/example_dags/example_branch_operator_decorator.py
[2026-05-10T10:55:36.815+0000] {processor.py:840} INFO - DAG(s) 'example_branch_python_operator_decorator' retrieved from /home/airflow/.local/lib/python3.12/site-packages/airflow/example_dags/example_branch_operator_decorator.py
[2026-05-10T10:55:36.835+0000] {logging_mixin.py:188} INFO - [2026-05-10T10:55:36.835+0000] {dag.py:3089} INFO - Sync 1 DAGs
[2026-05-10T10:55:36.850+0000] {logging_mixin.py:188} INFO - [2026-05-10T10:55:36.850+0000] {dag.py:3947} INFO - Setting next_dagrun for example_branch_python_operator_decorator to 2026-05-09 00:00:00+00:00, run_after=2026-05-10 00:00:00+00:00
[2026-05-10T10:55:36.863+0000] {processor.py:183} INFO - Processing /home/airflow/.local/lib/python3.12/site-packages/airflow/example_dags/example_branch_operator_decorator.py took 0.068 seconds
[2026-05-10T10:56:07.904+0000] {processor.py:161} INFO - Started process (PID=440) to work on /home/airflow/.local/lib/python3.12/site-packages/airflow/example_dags/example_branch_operator_decorator.py
[2026-05-10T10:56:07.905+0000] {processor.py:830} INFO - Processing file /home/airflow/.local/lib/python3.12/site-packages/airflow/example_dags/example_branch_operator_decorator.py for tasks to queue
[2026-05-10T10:56:07.907+0000] {logging_mixin.py:188} INFO - [2026-05-10T10:56:07.907+0000] {dagbag.py:545} INFO - Filling up the DagBag from /home/airflow/.local/lib/python3.12/site-packages/airflow/example_dags/example_branch_operator_decorator.py
[2026-05-10T10:56:07.922+0000] {processor.py:840} INFO - DAG(s) 'example_branch_python_operator_decorator' retrieved from /home/airflow/.local/lib/python3.12/site-packages/airflow/example_dags/example_branch_operator_decorator.py
[2026-05-10T10:56:07.943+0000] {logging_mixin.py:188} INFO - [2026-05-10T10:56:07.943+0000] {dag.py:3089} INFO - Sync 1 DAGs
[2026-05-10T10:56:07.960+0000] {logging_mixin.py:188} INFO - [2026-05-10T10:56:07.960+0000] {dag.py:3947} INFO - Setting next_dagrun for example_branch_python_operator_decorator to 2026-05-09 00:00:00+00:00, run_after=2026-05-10 00:00:00+00:00
[2026-05-10T10:56:07.977+0000] {processor.py:183} INFO - Processing /home/airflow/.local/lib/python3.12/site-packages/airflow/example_dags/example_branch_operator_decorator.py took 0.078 seconds
[2026-05-10T11:56:08.257+0000] {processor.py:161} INFO - Started process (PID=74) to work on /home/airflow/.local/lib/python3.12/site-packages/airflow/example_dags/example_branch_operator_decorator.py
[2026-05-10T11:56:08.258+0000] {processor.py:830} INFO - Processing file /home/airflow/.local/lib/python3.12/site-packages/airflow/example_dags/example_branch_operator_decorator.py for tasks to queue
[2026-05-10T11:56:08.260+0000] {logging_mixin.py:188} INFO - [2026-05-10T11:56:08.259+0000] {dagbag.py:545} INFO - Filling up the DagBag from /home/airflow/.local/lib/python3.12/site-packages/airflow/example_dags/example_branch_operator_decorator.py
[2026-05-10T11:56:08.280+0000] {processor.py:840} INFO - DAG(s) 'example_branch_python_operator_decorator' retrieved from /home/airflow/.local/lib/python3.12/site-packages/airflow/example_dags/example_branch_operator_decorator.py
[2026-05-10T11:56:08.295+0000] {logging_mixin.py:188} INFO - [2026-05-10T11:56:08.294+0000] {dag.py:3089} INFO - Sync 1 DAGs
[2026-05-10T11:56:08.318+0000] {logging_mixin.py:188} INFO - [2026-05-10T11:56:08.318+0000] {dag.py:3947} INFO - Setting next_dagrun for example_branch_python_operator_decorator to 2026-05-09 00:00:00+00:00, run_after=2026-05-10 00:00:00+00:00
[2026-05-10T11:56:08.334+0000] {processor.py:183} INFO - Processing /home/airflow/.local/lib/python3.12/site-packages/airflow/example_dags/example_branch_operator_decorator.py took 0.084 seconds
[2026-05-10T11:56:38.984+0000] {processor.py:161} INFO - Started process (PID=134) to work on /home/airflow/.local/lib/python3.12/site-packages/airflow/example_dags/example_branch_operator_decorator.py
[2026-05-10T11:56:38.985+0000] {processor.py:830} INFO - Processing file /home/airflow/.local/lib/python3.12/site-packages/airflow/example_dags/example_branch_operator_decorator.py for tasks to queue
[2026-05-10T11:56:38.987+0000] {logging_mixin.py:188} INFO - [2026-05-10T11:56:38.987+0000] {dagbag.py:545} INFO - Filling up the DagBag from /home/airflow/.local/lib/python3.12/site-packages/airflow/example_dags/example_branch_operator_decorator.py
[2026-05-10T11:56:39.009+0000] {processor.py:840} INFO - DAG(s) 'example_branch_python_operator_decorator' retrieved from /home/airflow/.local/lib/python3.12/site-packages/airflow/example_dags/example_branch_operator_decorator.py
[2026-05-10T11:56:39.097+0000] {logging_mixin.py:188} INFO - [2026-05-10T11:56:39.097+0000] {dag.py:3089} INFO - Sync 1 DAGs
[2026-05-10T11:56:39.112+0000] {logging_mixin.py:188} INFO - [2026-05-10T11:56:39.112+0000] {dag.py:3947} INFO - Setting next_dagrun for example_branch_python_operator_decorator to 2026-05-09 00:00:00+00:00, run_after=2026-05-10 00:00:00+00:00
[2026-05-10T11:56:39.127+0000] {processor.py:183} INFO - Processing /home/airflow/.local/lib/python3.12/site-packages/airflow/example_dags/example_branch_operator_decorator.py took 0.150 seconds
[2026-05-10T11:57:09.601+0000] {processor.py:161} INFO - Started process (PID=194) to work on /home/airflow/.local/lib/python3.12/site-packages/airflow/example_dags/example_branch_operator_decorator.py
[2026-05-10T11:57:09.602+0000] {processor.py:830} INFO - Processing file /home/airflow/.local/lib/python3.12/site-packages/airflow/example_dags/example_branch_operator_decorator.py for tasks to queue
[2026-05-10T11:57:09.604+0000] {logging_mixin.py:188} INFO - [2026-05-10T11:57:09.603+0000] {dagbag.py:545} INFO - Filling up the DagBag from /home/airflow/.local/lib/python3.12/site-packages/airflow/example_dags/example_branch_operator_decorator.py
[2026-05-10T11:57:09.621+0000] {processor.py:840} INFO - DAG(s) 'example_branch_python_operator_decorator' retrieved from /home/airflow/.local/lib/python3.12/site-packages/airflow/example_dags/example_branch_operator_decorator.py
[2026-05-10T11:57:09.646+0000] {logging_mixin.py:188} INFO - [2026-05-10T11:57:09.646+0000] {dag.py:3089} INFO - Sync 1 DAGs
[2026-05-10T11:57:09.663+0000] {logging_mixin.py:188} INFO - [2026-05-10T11:57:09.663+0000] {dag.py:3947} INFO - Setting next_dagrun for example_branch_python_operator_decorator to 2026-05-09 00:00:00+00:00, run_after=2026-05-10 00:00:00+00:00
[2026-05-10T11:57:09.676+0000] {processor.py:183} INFO - Processing /home/airflow/.local/lib/python3.12/site-packages/airflow/example_dags/example_branch_operator_decorator.py took 0.082 seconds
[2026-05-10T11:57:40.947+0000] {processor.py:161} INFO - Started process (PID=254) to work on /home/airflow/.local/lib/python3.12/site-packages/airflow/example_dags/example_branch_operator_decorator.py
[2026-05-10T11:57:40.948+0000] {processor.py:830} INFO - Processing file /home/airflow/.local/lib/python3.12/site-packages/airflow/example_dags/example_branch_operator_decorator.py for tasks to queue
[2026-05-10T11:57:40.950+0000] {logging_mixin.py:188} INFO - [2026-05-10T11:57:40.950+0000] {dagbag.py:545} INFO - Filling up the DagBag from /home/airflow/.local/lib/python3.12/site-packages/airflow/example_dags/example_branch_operator_decorator.py
[2026-05-10T11:57:40.970+0000] {processor.py:840} INFO - DAG(s) 'example_branch_python_operator_decorator' retrieved from /home/airflow/.local/lib/python3.12/site-packages/airflow/example_dags/example_branch_operator_decorator.py
[2026-05-10T11:57:40.993+0000] {logging_mixin.py:188} INFO - [2026-05-10T11:57:40.993+0000] {dag.py:3089} INFO - Sync 1 DAGs
[2026-05-10T11:57:41.011+0000] {logging_mixin.py:188} INFO - [2026-05-10T11:57:41.011+0000] {dag.py:3947} INFO - Setting next_dagrun for example_branch_python_operator_decorator to 2026-05-09 00:00:00+00:00, run_after=2026-05-10 00:00:00+00:00
[2026-05-10T11:57:41.027+0000] {processor.py:183} INFO - Processing /home/airflow/.local/lib/python3.12/site-packages/airflow/example_dags/example_branch_operator_decorator.py took 0.087 seconds
[2026-05-10T11:58:12.014+0000] {processor.py:161} INFO - Started process (PID=314) to work on /home/airflow/.local/lib/python3.12/site-packages/airflow/example_dags/example_branch_operator_decorator.py
[2026-05-10T11:58:12.015+0000] {processor.py:830} INFO - Processing file /home/airflow/.local/lib/python3.12/site-packages/airflow/example_dags/example_branch_operator_decorator.py for tasks to queue
[2026-05-10T11:58:12.017+0000] {logging_mixin.py:188} INFO - [2026-05-10T11:58:12.017+0000] {dagbag.py:545} INFO - Filling up the DagBag from /home/airflow/.local/lib/python3.12/site-packages/airflow/example_dags/example_branch_operator_decorator.py
[2026-05-10T11:58:12.032+0000] {processor.py:840} INFO - DAG(s) 'example_branch_python_operator_decorator' retrieved from /home/airflow/.local/lib/python3.12/site-packages/airflow/example_dags/example_branch_operator_decorator.py
[2026-05-10T11:58:12.054+0000] {logging_mixin.py:188} INFO - [2026-05-10T11:58:12.053+0000] {dag.py:3089} INFO - Sync 1 DAGs
[2026-05-10T11:58:12.071+0000] {logging_mixin.py:188} INFO - [2026-05-10T11:58:12.071+0000] {dag.py:3947} INFO - Setting next_dagrun for example_branch_python_operator_decorator to 2026-05-09 00:00:00+00:00, run_after=2026-05-10 00:00:00+00:00
[2026-05-10T11:58:12.084+0000] {processor.py:183} INFO - Processing /home/airflow/.local/lib/python3.12/site-packages/airflow/example_dags/example_branch_operator_decorator.py took 0.076 seconds
[2026-05-10T11:58:43.185+0000] {processor.py:161} INFO - Started process (PID=374) to work on /home/airflow/.local/lib/python3.12/site-packages/airflow/example_dags/example_branch_operator_decorator.py
[2026-05-10T11:58:43.186+0000] {processor.py:830} INFO - Processing file /home/airflow/.local/lib/python3.12/site-packages/airflow/example_dags/example_branch_operator_decorator.py for tasks to queue
[2026-05-10T11:58:43.188+0000] {logging_mixin.py:188} INFO - [2026-05-10T11:58:43.187+0000] {dagbag.py:545} INFO - Filling up the DagBag from /home/airflow/.local/lib/python3.12/site-packages/airflow/example_dags/example_branch_operator_decorator.py
[2026-05-10T11:58:43.204+0000] {processor.py:840} INFO - DAG(s) 'example_branch_python_operator_decorator' retrieved from /home/airflow/.local/lib/python3.12/site-packages/airflow/example_dags/example_branch_operator_decorator.py
[2026-05-10T11:58:43.226+0000] {logging_mixin.py:188} INFO - [2026-05-10T11:58:43.226+0000] {dag.py:3089} INFO - Sync 1 DAGs
[2026-05-10T11:58:43.246+0000] {logging_mixin.py:188} INFO - [2026-05-10T11:58:43.246+0000] {dag.py:3947} INFO - Setting next_dagrun for example_branch_python_operator_decorator to 2026-05-09 00:00:00+00:00, run_after=2026-05-10 00:00:00+00:00
[2026-05-10T11:58:43.262+0000] {processor.py:183} INFO - Processing /home/airflow/.local/lib/python3.12/site-packages/airflow/example_dags/example_branch_operator_decorator.py took 0.083 seconds
[2026-05-10T11:59:14.417+0000] {processor.py:161} INFO - Started process (PID=434) to work on /home/airflow/.local/lib/python3.12/site-packages/airflow/example_dags/example_branch_operator_decorator.py
[2026-05-10T11:59:14.417+0000] {processor.py:830} INFO - Processing file /home/airflow/.local/lib/python3.12/site-packages/airflow/example_dags/example_branch_operator_decorator.py for tasks to queue
[2026-05-10T11:59:14.419+0000] {logging_mixin.py:188} INFO - [2026-05-10T11:59:14.419+0000] {dagbag.py:545} INFO - Filling up the DagBag from /home/airflow/.local/lib/python3.12/site-packages/airflow/example_dags/example_branch_operator_decorator.py
[2026-05-10T11:59:14.441+0000] {processor.py:840} INFO - DAG(s) 'example_branch_python_operator_decorator' retrieved from /home/airflow/.local/lib/python3.12/site-packages/airflow/example_dags/example_branch_operator_decorator.py
[2026-05-10T11:59:14.481+0000] {logging_mixin.py:188} INFO - [2026-05-10T11:59:14.481+0000] {dag.py:3089} INFO - Sync 1 DAGs
[2026-05-10T11:59:14.499+0000] {logging_mixin.py:188} INFO - [2026-05-10T11:59:14.498+0000] {dag.py:3947} INFO - Setting next_dagrun for example_branch_python_operator_decorator to 2026-05-09 00:00:00+00:00, run_after=2026-05-10 00:00:00+00:00
[2026-05-10T11:59:14.514+0000] {processor.py:183} INFO - Processing /home/airflow/.local/lib/python3.12/site-packages/airflow/example_dags/example_branch_operator_decorator.py took 0.103 seconds
[2026-05-10T11:59:44.938+0000] {processor.py:161} INFO - Started process (PID=494) to work on /home/airflow/.local/lib/python3.12/site-packages/airflow/example_dags/example_branch_operator_decorator.py
[2026-05-10T11:59:44.939+0000] {processor.py:830} INFO - Processing file /home/airflow/.local/lib/python3.12/site-packages/airflow/example_dags/example_branch_operator_decorator.py for tasks to queue
[2026-05-10T11:59:44.941+0000] {logging_mixin.py:188} INFO - [2026-05-10T11:59:44.941+0000] {dagbag.py:545} INFO - Filling up the DagBag from /home/airflow/.local/lib/python3.12/site-packages/airflow/example_dags/example_branch_operator_decorator.py
[2026-05-10T11:59:44.956+0000] {processor.py:840} INFO - DAG(s) 'example_branch_python_operator_decorator' retrieved from /home/airflow/.local/lib/python3.12/site-packages/airflow/example_dags/example_branch_operator_decorator.py
[2026-05-10T11:59:44.978+0000] {logging_mixin.py:188} INFO - [2026-05-10T11:59:44.978+0000] {dag.py:3089} INFO - Sync 1 DAGs
[2026-05-10T11:59:44.994+0000] {logging_mixin.py:188} INFO - [2026-05-10T11:59:44.994+0000] {dag.py:3947} INFO - Setting next_dagrun for example_branch_python_operator_decorator to 2026-05-09 00:00:00+00:00, run_after=2026-05-10 00:00:00+00:00
[2026-05-10T11:59:45.007+0000] {processor.py:183} INFO - Processing /home/airflow/.local/lib/python3.12/site-packages/airflow/example_dags/example_branch_operator_decorator.py took 0.074 seconds
[2026-05-10T12:00:15.716+0000] {processor.py:161} INFO - Started process (PID=554) to work on /home/airflow/.local/lib/python3.12/site-packages/airflow/example_dags/example_branch_operator_decorator.py
[2026-05-10T12:00:15.717+0000] {processor.py:830} INFO - Processing file /home/airflow/.local/lib/python3.12/site-packages/airflow/example_dags/example_branch_operator_decorator.py for tasks to queue
[2026-05-10T12:00:15.718+0000] {logging_mixin.py:188} INFO - [2026-05-10T12:00:15.718+0000] {dagbag.py:545} INFO - Filling up the DagBag from /home/airflow/.local/lib/python3.12/site-packages/airflow/example_dags/example_branch_operator_decorator.py
[2026-05-10T12:00:15.733+0000] {processor.py:840} INFO - DAG(s) 'example_branch_python_operator_decorator' retrieved from /home/airflow/.local/lib/python3.12/site-packages/airflow/example_dags/example_branch_operator_decorator.py
[2026-05-10T12:00:15.754+0000] {logging_mixin.py:188} INFO - [2026-05-10T12:00:15.754+0000] {dag.py:3089} INFO - Sync 1 DAGs
[2026-05-10T12:00:15.770+0000] {logging_mixin.py:188} INFO - [2026-05-10T12:00:15.770+0000] {dag.py:3947} INFO - Setting next_dagrun for example_branch_python_operator_decorator to 2026-05-09 00:00:00+00:00, run_after=2026-05-10 00:00:00+00:00
[2026-05-10T12:00:15.783+0000] {processor.py:183} INFO - Processing /home/airflow/.local/lib/python3.12/site-packages/airflow/example_dags/example_branch_operator_decorator.py took 0.073 seconds
[2026-05-10T12:00:46.424+0000] {processor.py:161} INFO - Started process (PID=614) to work on /home/airflow/.local/lib/python3.12/site-packages/airflow/example_dags/example_branch_operator_decorator.py
[2026-05-10T12:00:46.425+0000] {processor.py:830} INFO - Processing file /home/airflow/.local/lib/python3.12/site-packages/airflow/example_dags/example_branch_operator_decorator.py for tasks to queue
[2026-05-10T12:00:46.426+0000] {logging_mixin.py:188} INFO - [2026-05-10T12:00:46.426+0000] {dagbag.py:545} INFO - Filling up the DagBag from /home/airflow/.local/lib/python3.12/site-packages/airflow/example_dags/example_branch_operator_decorator.py
[2026-05-10T12:00:46.440+0000] {processor.py:840} INFO - DAG(s) 'example_branch_python_operator_decorator' retrieved from /home/airflow/.local/lib/python3.12/site-packages/airflow/example_dags/example_branch_operator_decorator.py
[2026-05-10T12:00:46.462+0000] {logging_mixin.py:188} INFO - [2026-05-10T12:00:46.461+0000] {dag.py:3089} INFO - Sync 1 DAGs
[2026-05-10T12:00:46.478+0000] {logging_mixin.py:188} INFO - [2026-05-10T12:00:46.477+0000] {dag.py:3947} INFO - Setting next_dagrun for example_branch_python_operator_decorator to 2026-05-09 00:00:00+00:00, run_after=2026-05-10 00:00:00+00:00
[2026-05-10T12:00:46.490+0000] {processor.py:183} INFO - Processing /home/airflow/.local/lib/python3.12/site-packages/airflow/example_dags/example_branch_operator_decorator.py took 0.071 seconds
[2026-05-10T12:01:17.756+0000] {processor.py:161} INFO - Started process (PID=674) to work on /home/airflow/.local/lib/python3.12/site-packages/airflow/example_dags/example_branch_operator_decorator.py
[2026-05-10T12:01:17.757+0000] {processor.py:830} INFO - Processing file /home/airflow/.local/lib/python3.12/site-packages/airflow/example_dags/example_branch_operator_decorator.py for tasks to queue
[2026-05-10T12:01:17.759+0000] {logging_mixin.py:188} INFO - [2026-05-10T12:01:17.758+0000] {dagbag.py:545} INFO - Filling up the DagBag from /home/airflow/.local/lib/python3.12/site-packages/airflow/example_dags/example_branch_operator_decorator.py
[2026-05-10T12:01:17.773+0000] {processor.py:840} INFO - DAG(s) 'example_branch_python_operator_decorator' retrieved from /home/airflow/.local/lib/python3.12/site-packages/airflow/example_dags/example_branch_operator_decorator.py
[2026-05-10T12:01:17.796+0000] {logging_mixin.py:188} INFO - [2026-05-10T12:01:17.795+0000] {dag.py:3089} INFO - Sync 1 DAGs
[2026-05-10T12:01:17.812+0000] {logging_mixin.py:188} INFO - [2026-05-10T12:01:17.811+0000] {dag.py:3947} INFO - Setting next_dagrun for example_branch_python_operator_decorator to 2026-05-09 00:00:00+00:00, run_after=2026-05-10 00:00:00+00:00
[2026-05-10T12:01:17.825+0000] {processor.py:183} INFO - Processing /home/airflow/.local/lib/python3.12/site-packages/airflow/example_dags/example_branch_operator_decorator.py took 0.074 seconds
[2026-05-10T12:01:48.330+0000] {processor.py:161} INFO - Started process (PID=734) to work on /home/airflow/.local/lib/python3.12/site-packages/airflow/example_dags/example_branch_operator_decorator.py
[2026-05-10T12:01:48.331+0000] {processor.py:830} INFO - Processing file /home/airflow/.local/lib/python3.12/site-packages/airflow/example_dags/example_branch_operator_decorator.py for tasks to queue
[2026-05-10T12:01:48.333+0000] {logging_mixin.py:188} INFO - [2026-05-10T12:01:48.333+0000] {dagbag.py:545} INFO - Filling up the DagBag from /home/airflow/.local/lib/python3.12/site-packages/airflow/example_dags/example_branch_operator_decorator.py
[2026-05-10T12:01:48.347+0000] {processor.py:840} INFO - DAG(s) 'example_branch_python_operator_decorator' retrieved from /home/airflow/.local/lib/python3.12/site-packages/airflow/example_dags/example_branch_operator_decorator.py
[2026-05-10T12:01:48.367+0000] {logging_mixin.py:188} INFO - [2026-05-10T12:01:48.367+0000] {dag.py:3089} INFO - Sync 1 DAGs
[2026-05-10T12:01:48.382+0000] {logging_mixin.py:188} INFO - [2026-05-10T12:01:48.382+0000] {dag.py:3947} INFO - Setting next_dagrun for example_branch_python_operator_decorator to 2026-05-09 00:00:00+00:00, run_after=2026-05-10 00:00:00+00:00
[2026-05-10T12:01:48.395+0000] {processor.py:183} INFO - Processing /home/airflow/.local/lib/python3.12/site-packages/airflow/example_dags/example_branch_operator_decorator.py took 0.071 seconds
[2026-05-10T12:02:19.580+0000] {processor.py:161} INFO - Started process (PID=794) to work on /home/airflow/.local/lib/python3.12/site-packages/airflow/example_dags/example_branch_operator_decorator.py
[2026-05-10T12:02:19.581+0000] {processor.py:830} INFO - Processing file /home/airflow/.local/lib/python3.12/site-packages/airflow/example_dags/example_branch_operator_decorator.py for tasks to queue
[2026-05-10T12:02:19.583+0000] {logging_mixin.py:188} INFO - [2026-05-10T12:02:19.582+0000] {dagbag.py:545} INFO - Filling up the DagBag from /home/airflow/.local/lib/python3.12/site-packages/airflow/example_dags/example_branch_operator_decorator.py
[2026-05-10T12:02:19.599+0000] {processor.py:840} INFO - DAG(s) 'example_branch_python_operator_decorator' retrieved from /home/airflow/.local/lib/python3.12/site-packages/airflow/example_dags/example_branch_operator_decorator.py
[2026-05-10T12:02:19.623+0000] {logging_mixin.py:188} INFO - [2026-05-10T12:02:19.623+0000] {dag.py:3089} INFO - Sync 1 DAGs
[2026-05-10T12:02:19.647+0000] {logging_mixin.py:188} INFO - [2026-05-10T12:02:19.647+0000] {dag.py:3947} INFO - Setting next_dagrun for example_branch_python_operator_decorator to 2026-05-09 00:00:00+00:00, run_after=2026-05-10 00:00:00+00:00
[2026-05-10T12:02:19.666+0000] {processor.py:183} INFO - Processing /home/airflow/.local/lib/python3.12/site-packages/airflow/example_dags/example_branch_operator_decorator.py took 0.095 seconds
[2026-05-10T12:03:55.299+0000] {processor.py:161} INFO - Started process (PID=74) to work on /home/airflow/.local/lib/python3.12/site-packages/airflow/example_dags/example_branch_operator_decorator.py
[2026-05-10T12:03:55.300+0000] {processor.py:830} INFO - Processing file /home/airflow/.local/lib/python3.12/site-packages/airflow/example_dags/example_branch_operator_decorator.py for tasks to queue
[2026-05-10T12:03:55.302+0000] {logging_mixin.py:188} INFO - [2026-05-10T12:03:55.302+0000] {dagbag.py:545} INFO - Filling up the DagBag from /home/airflow/.local/lib/python3.12/site-packages/airflow/example_dags/example_branch_operator_decorator.py
[2026-05-10T12:03:55.324+0000] {processor.py:840} INFO - DAG(s) 'example_branch_python_operator_decorator' retrieved from /home/airflow/.local/lib/python3.12/site-packages/airflow/example_dags/example_branch_operator_decorator.py
[2026-05-10T12:03:55.337+0000] {logging_mixin.py:188} INFO - [2026-05-10T12:03:55.336+0000] {dag.py:3089} INFO - Sync 1 DAGs
[2026-05-10T12:03:55.356+0000] {logging_mixin.py:188} INFO - [2026-05-10T12:03:55.356+0000] {dag.py:3947} INFO - Setting next_dagrun for example_branch_python_operator_decorator to 2026-05-09 00:00:00+00:00, run_after=2026-05-10 00:00:00+00:00
[2026-05-10T12:03:55.372+0000] {processor.py:183} INFO - Processing /home/airflow/.local/lib/python3.12/site-packages/airflow/example_dags/example_branch_operator_decorator.py took 0.080 seconds
[2026-05-10T12:04:26.063+0000] {processor.py:161} INFO - Started process (PID=134) to work on /home/airflow/.local/lib/python3.12/site-packages/airflow/example_dags/example_branch_operator_decorator.py
[2026-05-10T12:04:26.063+0000] {processor.py:830} INFO - Processing file /home/airflow/.local/lib/python3.12/site-packages/airflow/example_dags/example_branch_operator_decorator.py for tasks to queue
[2026-05-10T12:04:26.065+0000] {logging_mixin.py:188} INFO - [2026-05-10T12:04:26.065+0000] {dagbag.py:545} INFO - Filling up the DagBag from /home/airflow/.local/lib/python3.12/site-packages/airflow/example_dags/example_branch_operator_decorator.py
[2026-05-10T12:04:26.081+0000] {processor.py:840} INFO - DAG(s) 'example_branch_python_operator_decorator' retrieved from /home/airflow/.local/lib/python3.12/site-packages/airflow/example_dags/example_branch_operator_decorator.py
[2026-05-10T12:04:26.170+0000] {logging_mixin.py:188} INFO - [2026-05-10T12:04:26.170+0000] {dag.py:3089} INFO - Sync 1 DAGs
[2026-05-10T12:04:26.187+0000] {logging_mixin.py:188} INFO - [2026-05-10T12:04:26.187+0000] {dag.py:3947} INFO - Setting next_dagrun for example_branch_python_operator_decorator to 2026-05-09 00:00:00+00:00, run_after=2026-05-10 00:00:00+00:00
[2026-05-10T12:04:26.203+0000] {processor.py:183} INFO - Processing /home/airflow/.local/lib/python3.12/site-packages/airflow/example_dags/example_branch_operator_decorator.py took 0.146 seconds
[2026-05-10T12:04:56.659+0000] {processor.py:161} INFO - Started process (PID=194) to work on /home/airflow/.local/lib/python3.12/site-packages/airflow/example_dags/example_branch_operator_decorator.py
[2026-05-10T12:04:56.660+0000] {processor.py:830} INFO - Processing file /home/airflow/.local/lib/python3.12/site-packages/airflow/example_dags/example_branch_operator_decorator.py for tasks to queue
[2026-05-10T12:04:56.662+0000] {logging_mixin.py:188} INFO - [2026-05-10T12:04:56.662+0000] {dagbag.py:545} INFO - Filling up the DagBag from /home/airflow/.local/lib/python3.12/site-packages/airflow/example_dags/example_branch_operator_decorator.py
[2026-05-10T12:04:56.681+0000] {processor.py:840} INFO - DAG(s) 'example_branch_python_operator_decorator' retrieved from /home/airflow/.local/lib/python3.12/site-packages/airflow/example_dags/example_branch_operator_decorator.py
[2026-05-10T12:04:56.711+0000] {logging_mixin.py:188} INFO - [2026-05-10T12:04:56.710+0000] {dag.py:3089} INFO - Sync 1 DAGs
[2026-05-10T12:04:56.733+0000] {logging_mixin.py:188} INFO - [2026-05-10T12:04:56.732+0000] {dag.py:3947} INFO - Setting next_dagrun for example_branch_python_operator_decorator to 2026-05-09 00:00:00+00:00, run_after=2026-05-10 00:00:00+00:00
[2026-05-10T12:04:56.752+0000] {processor.py:183} INFO - Processing /home/airflow/.local/lib/python3.12/site-packages/airflow/example_dags/example_branch_operator_decorator.py took 0.102 seconds
[2026-05-10T12:05:27.266+0000] {processor.py:161} INFO - Started process (PID=254) to work on /home/airflow/.local/lib/python3.12/site-packages/airflow/example_dags/example_branch_operator_decorator.py
[2026-05-10T12:05:27.267+0000] {processor.py:830} INFO - Processing file /home/airflow/.local/lib/python3.12/site-packages/airflow/example_dags/example_branch_operator_decorator.py for tasks to queue
[2026-05-10T12:05:27.269+0000] {logging_mixin.py:188} INFO - [2026-05-10T12:05:27.269+0000] {dagbag.py:545} INFO - Filling up the DagBag from /home/airflow/.local/lib/python3.12/site-packages/airflow/example_dags/example_branch_operator_decorator.py
[2026-05-10T12:05:27.288+0000] {processor.py:840} INFO - DAG(s) 'example_branch_python_operator_decorator' retrieved from /home/airflow/.local/lib/python3.12/site-packages/airflow/example_dags/example_branch_operator_decorator.py
[2026-05-10T12:05:27.311+0000] {logging_mixin.py:188} INFO - [2026-05-10T12:05:27.311+0000] {dag.py:3089} INFO - Sync 1 DAGs
[2026-05-10T12:05:27.329+0000] {logging_mixin.py:188} INFO - [2026-05-10T12:05:27.329+0000] {dag.py:3947} INFO - Setting next_dagrun for example_branch_python_operator_decorator to 2026-05-09 00:00:00+00:00, run_after=2026-05-10 00:00:00+00:00
[2026-05-10T12:05:27.345+0000] {processor.py:183} INFO - Processing /home/airflow/.local/lib/python3.12/site-packages/airflow/example_dags/example_branch_operator_decorator.py took 0.085 seconds
[2026-05-10T12:05:58.040+0000] {processor.py:161} INFO - Started process (PID=314) to work on /home/airflow/.local/lib/python3.12/site-packages/airflow/example_dags/example_branch_operator_decorator.py
[2026-05-10T12:05:58.041+0000] {processor.py:830} INFO - Processing file /home/airflow/.local/lib/python3.12/site-packages/airflow/example_dags/example_branch_operator_decorator.py for tasks to queue
[2026-05-10T12:05:58.043+0000] {logging_mixin.py:188} INFO - [2026-05-10T12:05:58.042+0000] {dagbag.py:545} INFO - Filling up the DagBag from /home/airflow/.local/lib/python3.12/site-packages/airflow/example_dags/example_branch_operator_decorator.py
[2026-05-10T12:05:58.058+0000] {processor.py:840} INFO - DAG(s) 'example_branch_python_operator_decorator' retrieved from /home/airflow/.local/lib/python3.12/site-packages/airflow/example_dags/example_branch_operator_decorator.py
[2026-05-10T12:05:58.080+0000] {logging_mixin.py:188} INFO - [2026-05-10T12:05:58.080+0000] {dag.py:3089} INFO - Sync 1 DAGs
[2026-05-10T12:05:58.098+0000] {logging_mixin.py:188} INFO - [2026-05-10T12:05:58.098+0000] {dag.py:3947} INFO - Setting next_dagrun for example_branch_python_operator_decorator to 2026-05-09 00:00:00+00:00, run_after=2026-05-10 00:00:00+00:00
[2026-05-10T12:05:58.113+0000] {processor.py:183} INFO - Processing /home/airflow/.local/lib/python3.12/site-packages/airflow/example_dags/example_branch_operator_decorator.py took 0.080 seconds
[2026-05-10T12:06:28.894+0000] {processor.py:161} INFO - Started process (PID=374) to work on /home/airflow/.local/lib/python3.12/site-packages/airflow/example_dags/example_branch_operator_decorator.py
[2026-05-10T12:06:28.895+0000] {processor.py:830} INFO - Processing file /home/airflow/.local/lib/python3.12/site-packages/airflow/example_dags/example_branch_operator_decorator.py for tasks to queue
[2026-05-10T12:06:28.896+0000] {logging_mixin.py:188} INFO - [2026-05-10T12:06:28.896+0000] {dagbag.py:545} INFO - Filling up the DagBag from /home/airflow/.local/lib/python3.12/site-packages/airflow/example_dags/example_branch_operator_decorator.py
[2026-05-10T12:06:28.911+0000] {processor.py:840} INFO - DAG(s) 'example_branch_python_operator_decorator' retrieved from /home/airflow/.local/lib/python3.12/site-packages/airflow/example_dags/example_branch_operator_decorator.py
[2026-05-10T12:06:28.934+0000] {logging_mixin.py:188} INFO - [2026-05-10T12:06:28.933+0000] {dag.py:3089} INFO - Sync 1 DAGs
[2026-05-10T12:06:28.951+0000] {logging_mixin.py:188} INFO - [2026-05-10T12:06:28.950+0000] {dag.py:3947} INFO - Setting next_dagrun for example_branch_python_operator_decorator to 2026-05-09 00:00:00+00:00, run_after=2026-05-10 00:00:00+00:00
[2026-05-10T12:06:28.968+0000] {processor.py:183} INFO - Processing /home/airflow/.local/lib/python3.12/site-packages/airflow/example_dags/example_branch_operator_decorator.py took 0.081 seconds
[2026-05-10T12:06:59.428+0000] {processor.py:161} INFO - Started process (PID=434) to work on /home/airflow/.local/lib/python3.12/site-packages/airflow/example_dags/example_branch_operator_decorator.py
[2026-05-10T12:06:59.429+0000] {processor.py:830} INFO - Processing file /home/airflow/.local/lib/python3.12/site-packages/airflow/example_dags/example_branch_operator_decorator.py for tasks to queue
[2026-05-10T12:06:59.431+0000] {logging_mixin.py:188} INFO - [2026-05-10T12:06:59.431+0000] {dagbag.py:545} INFO - Filling up the DagBag from /home/airflow/.local/lib/python3.12/site-packages/airflow/example_dags/example_branch_operator_decorator.py
[2026-05-10T12:06:59.447+0000] {processor.py:840} INFO - DAG(s) 'example_branch_python_operator_decorator' retrieved from /home/airflow/.local/lib/python3.12/site-packages/airflow/example_dags/example_branch_operator_decorator.py
[2026-05-10T12:06:59.471+0000] {logging_mixin.py:188} INFO - [2026-05-10T12:06:59.470+0000] {dag.py:3089} INFO - Sync 1 DAGs
[2026-05-10T12:06:59.490+0000] {logging_mixin.py:188} INFO - [2026-05-10T12:06:59.490+0000] {dag.py:3947} INFO - Setting next_dagrun for example_branch_python_operator_decorator to 2026-05-09 00:00:00+00:00, run_after=2026-05-10 00:00:00+00:00
[2026-05-10T12:06:59.506+0000] {processor.py:183} INFO - Processing /home/airflow/.local/lib/python3.12/site-packages/airflow/example_dags/example_branch_operator_decorator.py took 0.084 seconds
[2026-05-10T12:07:30.593+0000] {processor.py:161} INFO - Started process (PID=494) to work on /home/airflow/.local/lib/python3.12/site-packages/airflow/example_dags/example_branch_operator_decorator.py
[2026-05-10T12:07:30.594+0000] {processor.py:830} INFO - Processing file /home/airflow/.local/lib/python3.12/site-packages/airflow/example_dags/example_branch_operator_decorator.py for tasks to queue
[2026-05-10T12:07:30.596+0000] {logging_mixin.py:188} INFO - [2026-05-10T12:07:30.596+0000] {dagbag.py:545} INFO - Filling up the DagBag from /home/airflow/.local/lib/python3.12/site-packages/airflow/example_dags/example_branch_operator_decorator.py
[2026-05-10T12:07:30.611+0000] {processor.py:840} INFO - DAG(s) 'example_branch_python_operator_decorator' retrieved from /home/airflow/.local/lib/python3.12/site-packages/airflow/example_dags/example_branch_operator_decorator.py
[2026-05-10T12:07:30.636+0000] {logging_mixin.py:188} INFO - [2026-05-10T12:07:30.635+0000] {dag.py:3089} INFO - Sync 1 DAGs
[2026-05-10T12:07:30.654+0000] {logging_mixin.py:188} INFO - [2026-05-10T12:07:30.654+0000] {dag.py:3947} INFO - Setting next_dagrun for example_branch_python_operator_decorator to 2026-05-09 00:00:00+00:00, run_after=2026-05-10 00:00:00+00:00
[2026-05-10T12:07:30.669+0000] {processor.py:183} INFO - Processing /home/airflow/.local/lib/python3.12/site-packages/airflow/example_dags/example_branch_operator_decorator.py took 0.081 seconds
[2026-05-10T12:08:01.791+0000] {processor.py:161} INFO - Started process (PID=554) to work on /home/airflow/.local/lib/python3.12/site-packages/airflow/example_dags/example_branch_operator_decorator.py
[2026-05-10T12:08:01.792+0000] {processor.py:830} INFO - Processing file /home/airflow/.local/lib/python3.12/site-packages/airflow/example_dags/example_branch_operator_decorator.py for tasks to queue
[2026-05-10T12:08:01.793+0000] {logging_mixin.py:188} INFO - [2026-05-10T12:08:01.793+0000] {dagbag.py:545} INFO - Filling up the DagBag from /home/airflow/.local/lib/python3.12/site-packages/airflow/example_dags/example_branch_operator_decorator.py
[2026-05-10T12:08:01.808+0000] {processor.py:840} INFO - DAG(s) 'example_branch_python_operator_decorator' retrieved from /home/airflow/.local/lib/python3.12/site-packages/airflow/example_dags/example_branch_operator_decorator.py
[2026-05-10T12:08:01.831+0000] {logging_mixin.py:188} INFO - [2026-05-10T12:08:01.831+0000] {dag.py:3089} INFO - Sync 1 DAGs
[2026-05-10T12:08:01.846+0000] {logging_mixin.py:188} INFO - [2026-05-10T12:08:01.846+0000] {dag.py:3947} INFO - Setting next_dagrun for example_branch_python_operator_decorator to 2026-05-09 00:00:00+00:00, run_after=2026-05-10 00:00:00+00:00
[2026-05-10T12:08:01.860+0000] {processor.py:183} INFO - Processing /home/airflow/.local/lib/python3.12/site-packages/airflow/example_dags/example_branch_operator_decorator.py took 0.076 seconds
[2026-05-10T12:08:32.254+0000] {processor.py:161} INFO - Started process (PID=614) to work on /home/airflow/.local/lib/python3.12/site-packages/airflow/example_dags/example_branch_operator_decorator.py
[2026-05-10T12:08:32.255+0000] {processor.py:830} INFO - Processing file /home/airflow/.local/lib/python3.12/site-packages/airflow/example_dags/example_branch_operator_decorator.py for tasks to queue
[2026-05-10T12:08:32.257+0000] {logging_mixin.py:188} INFO - [2026-05-10T12:08:32.256+0000] {dagbag.py:545} INFO - Filling up the DagBag from /home/airflow/.local/lib/python3.12/site-packages/airflow/example_dags/example_branch_operator_decorator.py
[2026-05-10T12:08:32.272+0000] {processor.py:840} INFO - DAG(s) 'example_branch_python_operator_decorator' retrieved from /home/airflow/.local/lib/python3.12/site-packages/airflow/example_dags/example_branch_operator_decorator.py
[2026-05-10T12:08:32.298+0000] {logging_mixin.py:188} INFO - [2026-05-10T12:08:32.298+0000] {dag.py:3089} INFO - Sync 1 DAGs
[2026-05-10T12:08:32.317+0000] {logging_mixin.py:188} INFO - [2026-05-10T12:08:32.317+0000] {dag.py:3947} INFO - Setting next_dagrun for example_branch_python_operator_decorator to 2026-05-09 00:00:00+00:00, run_after=2026-05-10 00:00:00+00:00
[2026-05-10T12:08:32.333+0000] {processor.py:183} INFO - Processing /home/airflow/.local/lib/python3.12/site-packages/airflow/example_dags/example_branch_operator_decorator.py took 0.086 seconds
[2026-05-10T12:09:03.103+0000] {processor.py:161} INFO - Started process (PID=674) to work on /home/airflow/.local/lib/python3.12/site-packages/airflow/example_dags/example_branch_operator_decorator.py
[2026-05-10T12:09:03.104+0000] {processor.py:830} INFO - Processing file /home/airflow/.local/lib/python3.12/site-packages/airflow/example_dags/example_branch_operator_decorator.py for tasks to queue
[2026-05-10T12:09:03.106+0000] {logging_mixin.py:188} INFO - [2026-05-10T12:09:03.106+0000] {dagbag.py:545} INFO - Filling up the DagBag from /home/airflow/.local/lib/python3.12/site-packages/airflow/example_dags/example_branch_operator_decorator.py
[2026-05-10T12:09:03.123+0000] {processor.py:840} INFO - DAG(s) 'example_branch_python_operator_decorator' retrieved from /home/airflow/.local/lib/python3.12/site-packages/airflow/example_dags/example_branch_operator_decorator.py
[2026-05-10T12:09:03.150+0000] {logging_mixin.py:188} INFO - [2026-05-10T12:09:03.150+0000] {dag.py:3089} INFO - Sync 1 DAGs
[2026-05-10T12:09:03.170+0000] {logging_mixin.py:188} INFO - [2026-05-10T12:09:03.170+0000] {dag.py:3947} INFO - Setting next_dagrun for example_branch_python_operator_decorator to 2026-05-09 00:00:00+00:00, run_after=2026-05-10 00:00:00+00:00
[2026-05-10T12:09:03.188+0000] {processor.py:183} INFO - Processing /home/airflow/.local/lib/python3.12/site-packages/airflow/example_dags/example_branch_operator_decorator.py took 0.092 seconds
[2026-05-10T12:09:34.363+0000] {processor.py:161} INFO - Started process (PID=734) to work on /home/airflow/.local/lib/python3.12/site-packages/airflow/example_dags/example_branch_operator_decorator.py
[2026-05-10T12:09:34.364+0000] {processor.py:830} INFO - Processing file /home/airflow/.local/lib/python3.12/site-packages/airflow/example_dags/example_branch_operator_decorator.py for tasks to queue
[2026-05-10T12:09:34.366+0000] {logging_mixin.py:188} INFO - [2026-05-10T12:09:34.366+0000] {dagbag.py:545} INFO - Filling up the DagBag from /home/airflow/.local/lib/python3.12/site-packages/airflow/example_dags/example_branch_operator_decorator.py
[2026-05-10T12:09:34.380+0000] {processor.py:840} INFO - DAG(s) 'example_branch_python_operator_decorator' retrieved from /home/airflow/.local/lib/python3.12/site-packages/airflow/example_dags/example_branch_operator_decorator.py
[2026-05-10T12:09:34.402+0000] {logging_mixin.py:188} INFO - [2026-05-10T12:09:34.401+0000] {dag.py:3089} INFO - Sync 1 DAGs
[2026-05-10T12:09:34.419+0000] {logging_mixin.py:188} INFO - [2026-05-10T12:09:34.419+0000] {dag.py:3947} INFO - Setting next_dagrun for example_branch_python_operator_decorator to 2026-05-09 00:00:00+00:00, run_after=2026-05-10 00:00:00+00:00
[2026-05-10T12:09:34.431+0000] {processor.py:183} INFO - Processing /home/airflow/.local/lib/python3.12/site-packages/airflow/example_dags/example_branch_operator_decorator.py took 0.074 seconds
[2026-05-10T12:10:05.466+0000] {processor.py:161} INFO - Started process (PID=794) to work on /home/airflow/.local/lib/python3.12/site-packages/airflow/example_dags/example_branch_operator_decorator.py
[2026-05-10T12:10:05.467+0000] {processor.py:830} INFO - Processing file /home/airflow/.local/lib/python3.12/site-packages/airflow/example_dags/example_branch_operator_decorator.py for tasks to queue
[2026-05-10T12:10:05.469+0000] {logging_mixin.py:188} INFO - [2026-05-10T12:10:05.468+0000] {dagbag.py:545} INFO - Filling up the DagBag from /home/airflow/.local/lib/python3.12/site-packages/airflow/example_dags/example_branch_operator_decorator.py
[2026-05-10T12:10:05.482+0000] {processor.py:840} INFO - DAG(s) 'example_branch_python_operator_decorator' retrieved from /home/airflow/.local/lib/python3.12/site-packages/airflow/example_dags/example_branch_operator_decorator.py
[2026-05-10T12:10:05.504+0000] {logging_mixin.py:188} INFO - [2026-05-10T12:10:05.504+0000] {dag.py:3089} INFO - Sync 1 DAGs
[2026-05-10T12:10:05.522+0000] {logging_mixin.py:188} INFO - [2026-05-10T12:10:05.522+0000] {dag.py:3947} INFO - Setting next_dagrun for example_branch_python_operator_decorator to 2026-05-09 00:00:00+00:00, run_after=2026-05-10 00:00:00+00:00
[2026-05-10T12:10:05.537+0000] {processor.py:183} INFO - Processing /home/airflow/.local/lib/python3.12/site-packages/airflow/example_dags/example_branch_operator_decorator.py took 0.076 seconds
[2026-05-10T12:10:36.661+0000] {processor.py:161} INFO - Started process (PID=854) to work on /home/airflow/.local/lib/python3.12/site-packages/airflow/example_dags/example_branch_operator_decorator.py
[2026-05-10T12:10:36.662+0000] {processor.py:830} INFO - Processing file /home/airflow/.local/lib/python3.12/site-packages/airflow/example_dags/example_branch_operator_decorator.py for tasks to queue
[2026-05-10T12:10:36.664+0000] {logging_mixin.py:188} INFO - [2026-05-10T12:10:36.664+0000] {dagbag.py:545} INFO - Filling up the DagBag from /home/airflow/.local/lib/python3.12/site-packages/airflow/example_dags/example_branch_operator_decorator.py
[2026-05-10T12:10:36.677+0000] {processor.py:840} INFO - DAG(s) 'example_branch_python_operator_decorator' retrieved from /home/airflow/.local/lib/python3.12/site-packages/airflow/example_dags/example_branch_operator_decorator.py
[2026-05-10T12:10:36.699+0000] {logging_mixin.py:188} INFO - [2026-05-10T12:10:36.699+0000] {dag.py:3089} INFO - Sync 1 DAGs
[2026-05-10T12:10:36.715+0000] {logging_mixin.py:188} INFO - [2026-05-10T12:10:36.715+0000] {dag.py:3947} INFO - Setting next_dagrun for example_branch_python_operator_decorator to 2026-05-09 00:00:00+00:00, run_after=2026-05-10 00:00:00+00:00
[2026-05-10T12:10:36.727+0000] {processor.py:183} INFO - Processing /home/airflow/.local/lib/python3.12/site-packages/airflow/example_dags/example_branch_operator_decorator.py took 0.072 seconds
[2026-05-10T12:11:07.851+0000] {processor.py:161} INFO - Started process (PID=914) to work on /home/airflow/.local/lib/python3.12/site-packages/airflow/example_dags/example_branch_operator_decorator.py
[2026-05-10T12:11:07.852+0000] {processor.py:830} INFO - Processing file /home/airflow/.local/lib/python3.12/site-packages/airflow/example_dags/example_branch_operator_decorator.py for tasks to queue
[2026-05-10T12:11:07.853+0000] {logging_mixin.py:188} INFO - [2026-05-10T12:11:07.853+0000] {dagbag.py:545} INFO - Filling up the DagBag from /home/airflow/.local/lib/python3.12/site-packages/airflow/example_dags/example_branch_operator_decorator.py
[2026-05-10T12:11:07.869+0000] {processor.py:840} INFO - DAG(s) 'example_branch_python_operator_decorator' retrieved from /home/airflow/.local/lib/python3.12/site-packages/airflow/example_dags/example_branch_operator_decorator.py
[2026-05-10T12:11:07.893+0000] {logging_mixin.py:188} INFO - [2026-05-10T12:11:07.893+0000] {dag.py:3089} INFO - Sync 1 DAGs
[2026-05-10T12:11:07.909+0000] {logging_mixin.py:188} INFO - [2026-05-10T12:11:07.909+0000] {dag.py:3947} INFO - Setting next_dagrun for example_branch_python_operator_decorator to 2026-05-09 00:00:00+00:00, run_after=2026-05-10 00:00:00+00:00
[2026-05-10T12:11:07.923+0000] {processor.py:183} INFO - Processing /home/airflow/.local/lib/python3.12/site-packages/airflow/example_dags/example_branch_operator_decorator.py took 0.079 seconds
[2026-05-10T12:11:38.967+0000] {processor.py:161} INFO - Started process (PID=974) to work on /home/airflow/.local/lib/python3.12/site-packages/airflow/example_dags/example_branch_operator_decorator.py
[2026-05-10T12:11:38.968+0000] {processor.py:830} INFO - Processing file /home/airflow/.local/lib/python3.12/site-packages/airflow/example_dags/example_branch_operator_decorator.py for tasks to queue
[2026-05-10T12:11:38.970+0000] {logging_mixin.py:188} INFO - [2026-05-10T12:11:38.970+0000] {dagbag.py:545} INFO - Filling up the DagBag from /home/airflow/.local/lib/python3.12/site-packages/airflow/example_dags/example_branch_operator_decorator.py
[2026-05-10T12:11:38.983+0000] {processor.py:840} INFO - DAG(s) 'example_branch_python_operator_decorator' retrieved from /home/airflow/.local/lib/python3.12/site-packages/airflow/example_dags/example_branch_operator_decorator.py
[2026-05-10T12:11:39.004+0000] {logging_mixin.py:188} INFO - [2026-05-10T12:11:39.003+0000] {dag.py:3089} INFO - Sync 1 DAGs
[2026-05-10T12:11:39.020+0000] {logging_mixin.py:188} INFO - [2026-05-10T12:11:39.019+0000] {dag.py:3947} INFO - Setting next_dagrun for example_branch_python_operator_decorator to 2026-05-09 00:00:00+00:00, run_after=2026-05-10 00:00:00+00:00
[2026-05-10T12:11:39.033+0000] {processor.py:183} INFO - Processing /home/airflow/.local/lib/python3.12/site-packages/airflow/example_dags/example_branch_operator_decorator.py took 0.071 seconds
[2026-05-10T12:12:10.135+0000] {processor.py:161} INFO - Started process (PID=1034) to work on /home/airflow/.local/lib/python3.12/site-packages/airflow/example_dags/example_branch_operator_decorator.py
[2026-05-10T12:12:10.135+0000] {processor.py:830} INFO - Processing file /home/airflow/.local/lib/python3.12/site-packages/airflow/example_dags/example_branch_operator_decorator.py for tasks to queue
[2026-05-10T12:12:10.137+0000] {logging_mixin.py:188} INFO - [2026-05-10T12:12:10.137+0000] {dagbag.py:545} INFO - Filling up the DagBag from /home/airflow/.local/lib/python3.12/site-packages/airflow/example_dags/example_branch_operator_decorator.py
[2026-05-10T12:12:10.152+0000] {processor.py:840} INFO - DAG(s) 'example_branch_python_operator_decorator' retrieved from /home/airflow/.local/lib/python3.12/site-packages/airflow/example_dags/example_branch_operator_decorator.py
[2026-05-10T12:12:10.173+0000] {logging_mixin.py:188} INFO - [2026-05-10T12:12:10.173+0000] {dag.py:3089} INFO - Sync 1 DAGs
[2026-05-10T12:12:10.191+0000] {logging_mixin.py:188} INFO - [2026-05-10T12:12:10.191+0000] {dag.py:3947} INFO - Setting next_dagrun for example_branch_python_operator_decorator to 2026-05-09 00:00:00+00:00, run_after=2026-05-10 00:00:00+00:00
[2026-05-10T12:12:10.206+0000] {processor.py:183} INFO - Processing /home/airflow/.local/lib/python3.12/site-packages/airflow/example_dags/example_branch_operator_decorator.py took 0.077 seconds
[2026-05-10T12:12:41.374+0000] {processor.py:161} INFO - Started process (PID=1094) to work on /home/airflow/.local/lib/python3.12/site-packages/airflow/example_dags/example_branch_operator_decorator.py
[2026-05-10T12:12:41.375+0000] {processor.py:830} INFO - Processing file /home/airflow/.local/lib/python3.12/site-packages/airflow/example_dags/example_branch_operator_decorator.py for tasks to queue
[2026-05-10T12:12:41.377+0000] {logging_mixin.py:188} INFO - [2026-05-10T12:12:41.377+0000] {dagbag.py:545} INFO - Filling up the DagBag from /home/airflow/.local/lib/python3.12/site-packages/airflow/example_dags/example_branch_operator_decorator.py
[2026-05-10T12:12:41.395+0000] {processor.py:840} INFO - DAG(s) 'example_branch_python_operator_decorator' retrieved from /home/airflow/.local/lib/python3.12/site-packages/airflow/example_dags/example_branch_operator_decorator.py
[2026-05-10T12:12:41.421+0000] {logging_mixin.py:188} INFO - [2026-05-10T12:12:41.421+0000] {dag.py:3089} INFO - Sync 1 DAGs
[2026-05-10T12:12:41.444+0000] {logging_mixin.py:188} INFO - [2026-05-10T12:12:41.444+0000] {dag.py:3947} INFO - Setting next_dagrun for example_branch_python_operator_decorator to 2026-05-09 00:00:00+00:00, run_after=2026-05-10 00:00:00+00:00
[2026-05-10T12:12:41.462+0000] {processor.py:183} INFO - Processing /home/airflow/.local/lib/python3.12/site-packages/airflow/example_dags/example_branch_operator_decorator.py took 0.095 seconds
[2026-05-10T12:13:11.988+0000] {processor.py:161} INFO - Started process (PID=1154) to work on /home/airflow/.local/lib/python3.12/site-packages/airflow/example_dags/example_branch_operator_decorator.py
[2026-05-10T12:13:11.989+0000] {processor.py:830} INFO - Processing file /home/airflow/.local/lib/python3.12/site-packages/airflow/example_dags/example_branch_operator_decorator.py for tasks to queue
[2026-05-10T12:13:11.991+0000] {logging_mixin.py:188} INFO - [2026-05-10T12:13:11.990+0000] {dagbag.py:545} INFO - Filling up the DagBag from /home/airflow/.local/lib/python3.12/site-packages/airflow/example_dags/example_branch_operator_decorator.py
[2026-05-10T12:13:12.007+0000] {processor.py:840} INFO - DAG(s) 'example_branch_python_operator_decorator' retrieved from /home/airflow/.local/lib/python3.12/site-packages/airflow/example_dags/example_branch_operator_decorator.py
[2026-05-10T12:13:12.030+0000] {logging_mixin.py:188} INFO - [2026-05-10T12:13:12.030+0000] {dag.py:3089} INFO - Sync 1 DAGs
[2026-05-10T12:13:12.048+0000] {logging_mixin.py:188} INFO - [2026-05-10T12:13:12.048+0000] {dag.py:3947} INFO - Setting next_dagrun for example_branch_python_operator_decorator to 2026-05-09 00:00:00+00:00, run_after=2026-05-10 00:00:00+00:00
[2026-05-10T12:13:12.062+0000] {processor.py:183} INFO - Processing /home/airflow/.local/lib/python3.12/site-packages/airflow/example_dags/example_branch_operator_decorator.py took 0.080 seconds
[2026-05-10T12:13:42.241+0000] {processor.py:161} INFO - Started process (PID=1214) to work on /home/airflow/.local/lib/python3.12/site-packages/airflow/example_dags/example_branch_operator_decorator.py
[2026-05-10T12:13:42.242+0000] {processor.py:830} INFO - Processing file /home/airflow/.local/lib/python3.12/site-packages/airflow/example_dags/example_branch_operator_decorator.py for tasks to queue
[2026-05-10T12:13:42.244+0000] {logging_mixin.py:188} INFO - [2026-05-10T12:13:42.243+0000] {dagbag.py:545} INFO - Filling up the DagBag from /home/airflow/.local/lib/python3.12/site-packages/airflow/example_dags/example_branch_operator_decorator.py
[2026-05-10T12:13:42.259+0000] {processor.py:840} INFO - DAG(s) 'example_branch_python_operator_decorator' retrieved from /home/airflow/.local/lib/python3.12/site-packages/airflow/example_dags/example_branch_operator_decorator.py
[2026-05-10T12:13:42.281+0000] {logging_mixin.py:188} INFO - [2026-05-10T12:13:42.280+0000] {dag.py:3089} INFO - Sync 1 DAGs
[2026-05-10T12:13:42.297+0000] {logging_mixin.py:188} INFO - [2026-05-10T12:13:42.297+0000] {dag.py:3947} INFO - Setting next_dagrun for example_branch_python_operator_decorator to 2026-05-09 00:00:00+00:00, run_after=2026-05-10 00:00:00+00:00
[2026-05-10T12:13:42.312+0000] {processor.py:183} INFO - Processing /home/airflow/.local/lib/python3.12/site-packages/airflow/example_dags/example_branch_operator_decorator.py took 0.077 seconds
[2026-05-10T12:15:55.151+0000] {processor.py:161} INFO - Started process (PID=74) to work on /home/airflow/.local/lib/python3.12/site-packages/airflow/example_dags/example_branch_operator_decorator.py
[2026-05-10T12:15:55.152+0000] {processor.py:830} INFO - Processing file /home/airflow/.local/lib/python3.12/site-packages/airflow/example_dags/example_branch_operator_decorator.py for tasks to queue
[2026-05-10T12:15:55.156+0000] {logging_mixin.py:188} INFO - [2026-05-10T12:15:55.156+0000] {dagbag.py:545} INFO - Filling up the DagBag from /home/airflow/.local/lib/python3.12/site-packages/airflow/example_dags/example_branch_operator_decorator.py
[2026-05-10T12:15:55.179+0000] {processor.py:840} INFO - DAG(s) 'example_branch_python_operator_decorator' retrieved from /home/airflow/.local/lib/python3.12/site-packages/airflow/example_dags/example_branch_operator_decorator.py
[2026-05-10T12:15:55.190+0000] {logging_mixin.py:188} INFO - [2026-05-10T12:15:55.190+0000] {dag.py:3089} INFO - Sync 1 DAGs
[2026-05-10T12:15:55.212+0000] {logging_mixin.py:188} INFO - [2026-05-10T12:15:55.211+0000] {dag.py:3947} INFO - Setting next_dagrun for example_branch_python_operator_decorator to 2026-05-09 00:00:00+00:00, run_after=2026-05-10 00:00:00+00:00
[2026-05-10T12:15:55.230+0000] {processor.py:183} INFO - Processing /home/airflow/.local/lib/python3.12/site-packages/airflow/example_dags/example_branch_operator_decorator.py took 0.086 seconds
[2026-05-10T12:16:26.843+0000] {processor.py:161} INFO - Started process (PID=134) to work on /home/airflow/.local/lib/python3.12/site-packages/airflow/example_dags/example_branch_operator_decorator.py
[2026-05-10T12:16:26.843+0000] {processor.py:830} INFO - Processing file /home/airflow/.local/lib/python3.12/site-packages/airflow/example_dags/example_branch_operator_decorator.py for tasks to queue
[2026-05-10T12:16:26.845+0000] {logging_mixin.py:188} INFO - [2026-05-10T12:16:26.845+0000] {dagbag.py:545} INFO - Filling up the DagBag from /home/airflow/.local/lib/python3.12/site-packages/airflow/example_dags/example_branch_operator_decorator.py
[2026-05-10T12:16:26.860+0000] {processor.py:840} INFO - DAG(s) 'example_branch_python_operator_decorator' retrieved from /home/airflow/.local/lib/python3.12/site-packages/airflow/example_dags/example_branch_operator_decorator.py
[2026-05-10T12:16:26.945+0000] {logging_mixin.py:188} INFO - [2026-05-10T12:16:26.945+0000] {dag.py:3089} INFO - Sync 1 DAGs
[2026-05-10T12:16:26.960+0000] {logging_mixin.py:188} INFO - [2026-05-10T12:16:26.960+0000] {dag.py:3947} INFO - Setting next_dagrun for example_branch_python_operator_decorator to 2026-05-09 00:00:00+00:00, run_after=2026-05-10 00:00:00+00:00
[2026-05-10T12:16:26.974+0000] {processor.py:183} INFO - Processing /home/airflow/.local/lib/python3.12/site-packages/airflow/example_dags/example_branch_operator_decorator.py took 0.138 seconds
[2026-05-10T12:16:57.883+0000] {processor.py:161} INFO - Started process (PID=200) to work on /home/airflow/.local/lib/python3.12/site-packages/airflow/example_dags/example_branch_operator_decorator.py
[2026-05-10T12:16:57.884+0000] {processor.py:830} INFO - Processing file /home/airflow/.local/lib/python3.12/site-packages/airflow/example_dags/example_branch_operator_decorator.py for tasks to queue
[2026-05-10T12:16:57.886+0000] {logging_mixin.py:188} INFO - [2026-05-10T12:16:57.885+0000] {dagbag.py:545} INFO - Filling up the DagBag from /home/airflow/.local/lib/python3.12/site-packages/airflow/example_dags/example_branch_operator_decorator.py
[2026-05-10T12:16:57.899+0000] {processor.py:840} INFO - DAG(s) 'example_branch_python_operator_decorator' retrieved from /home/airflow/.local/lib/python3.12/site-packages/airflow/example_dags/example_branch_operator_decorator.py
[2026-05-10T12:16:57.919+0000] {logging_mixin.py:188} INFO - [2026-05-10T12:16:57.919+0000] {dag.py:3089} INFO - Sync 1 DAGs
[2026-05-10T12:16:57.935+0000] {logging_mixin.py:188} INFO - [2026-05-10T12:16:57.935+0000] {dag.py:3947} INFO - Setting next_dagrun for example_branch_python_operator_decorator to 2026-05-09 00:00:00+00:00, run_after=2026-05-10 00:00:00+00:00
[2026-05-10T12:16:57.948+0000] {processor.py:183} INFO - Processing /home/airflow/.local/lib/python3.12/site-packages/airflow/example_dags/example_branch_operator_decorator.py took 0.070 seconds
[2026-05-10T12:17:28.416+0000] {processor.py:161} INFO - Started process (PID=260) to work on /home/airflow/.local/lib/python3.12/site-packages/airflow/example_dags/example_branch_operator_decorator.py
[2026-05-10T12:17:28.416+0000] {processor.py:830} INFO - Processing file /home/airflow/.local/lib/python3.12/site-packages/airflow/example_dags/example_branch_operator_decorator.py for tasks to queue
[2026-05-10T12:17:28.418+0000] {logging_mixin.py:188} INFO - [2026-05-10T12:17:28.418+0000] {dagbag.py:545} INFO - Filling up the DagBag from /home/airflow/.local/lib/python3.12/site-packages/airflow/example_dags/example_branch_operator_decorator.py
[2026-05-10T12:17:28.432+0000] {processor.py:840} INFO - DAG(s) 'example_branch_python_operator_decorator' retrieved from /home/airflow/.local/lib/python3.12/site-packages/airflow/example_dags/example_branch_operator_decorator.py
[2026-05-10T12:17:28.455+0000] {logging_mixin.py:188} INFO - [2026-05-10T12:17:28.455+0000] {dag.py:3089} INFO - Sync 1 DAGs
[2026-05-10T12:17:28.471+0000] {logging_mixin.py:188} INFO - [2026-05-10T12:17:28.471+0000] {dag.py:3947} INFO - Setting next_dagrun for example_branch_python_operator_decorator to 2026-05-09 00:00:00+00:00, run_after=2026-05-10 00:00:00+00:00
[2026-05-10T12:17:28.486+0000] {processor.py:183} INFO - Processing /home/airflow/.local/lib/python3.12/site-packages/airflow/example_dags/example_branch_operator_decorator.py took 0.077 seconds
[2026-05-10T12:17:58.560+0000] {processor.py:161} INFO - Started process (PID=320) to work on /home/airflow/.local/lib/python3.12/site-packages/airflow/example_dags/example_branch_operator_decorator.py
[2026-05-10T12:17:58.560+0000] {processor.py:830} INFO - Processing file /home/airflow/.local/lib/python3.12/site-packages/airflow/example_dags/example_branch_operator_decorator.py for tasks to queue
[2026-05-10T12:17:58.562+0000] {logging_mixin.py:188} INFO - [2026-05-10T12:17:58.562+0000] {dagbag.py:545} INFO - Filling up the DagBag from /home/airflow/.local/lib/python3.12/site-packages/airflow/example_dags/example_branch_operator_decorator.py
[2026-05-10T12:17:58.576+0000] {processor.py:840} INFO - DAG(s) 'example_branch_python_operator_decorator' retrieved from /home/airflow/.local/lib/python3.12/site-packages/airflow/example_dags/example_branch_operator_decorator.py
[2026-05-10T12:17:58.597+0000] {logging_mixin.py:188} INFO - [2026-05-10T12:17:58.597+0000] {dag.py:3089} INFO - Sync 1 DAGs
[2026-05-10T12:17:58.616+0000] {logging_mixin.py:188} INFO - [2026-05-10T12:17:58.616+0000] {dag.py:3947} INFO - Setting next_dagrun for example_branch_python_operator_decorator to 2026-05-09 00:00:00+00:00, run_after=2026-05-10 00:00:00+00:00
[2026-05-10T12:17:58.630+0000] {processor.py:183} INFO - Processing /home/airflow/.local/lib/python3.12/site-packages/airflow/example_dags/example_branch_operator_decorator.py took 0.076 seconds
[2026-05-10T12:18:28.824+0000] {processor.py:161} INFO - Started process (PID=380) to work on /home/airflow/.local/lib/python3.12/site-packages/airflow/example_dags/example_branch_operator_decorator.py
[2026-05-10T12:18:28.824+0000] {processor.py:830} INFO - Processing file /home/airflow/.local/lib/python3.12/site-packages/airflow/example_dags/example_branch_operator_decorator.py for tasks to queue
[2026-05-10T12:18:28.826+0000] {logging_mixin.py:188} INFO - [2026-05-10T12:18:28.826+0000] {dagbag.py:545} INFO - Filling up the DagBag from /home/airflow/.local/lib/python3.12/site-packages/airflow/example_dags/example_branch_operator_decorator.py
[2026-05-10T12:18:28.841+0000] {processor.py:840} INFO - DAG(s) 'example_branch_python_operator_decorator' retrieved from /home/airflow/.local/lib/python3.12/site-packages/airflow/example_dags/example_branch_operator_decorator.py
[2026-05-10T12:18:28.864+0000] {logging_mixin.py:188} INFO - [2026-05-10T12:18:28.864+0000] {dag.py:3089} INFO - Sync 1 DAGs
[2026-05-10T12:18:28.881+0000] {logging_mixin.py:188} INFO - [2026-05-10T12:18:28.881+0000] {dag.py:3947} INFO - Setting next_dagrun for example_branch_python_operator_decorator to 2026-05-09 00:00:00+00:00, run_after=2026-05-10 00:00:00+00:00
[2026-05-10T12:18:28.899+0000] {processor.py:183} INFO - Processing /home/airflow/.local/lib/python3.12/site-packages/airflow/example_dags/example_branch_operator_decorator.py took 0.081 seconds
[2026-05-10T12:18:59.306+0000] {processor.py:161} INFO - Started process (PID=440) to work on /home/airflow/.local/lib/python3.12/site-packages/airflow/example_dags/example_branch_operator_decorator.py
[2026-05-10T12:18:59.307+0000] {processor.py:830} INFO - Processing file /home/airflow/.local/lib/python3.12/site-packages/airflow/example_dags/example_branch_operator_decorator.py for tasks to queue
[2026-05-10T12:18:59.308+0000] {logging_mixin.py:188} INFO - [2026-05-10T12:18:59.308+0000] {dagbag.py:545} INFO - Filling up the DagBag from /home/airflow/.local/lib/python3.12/site-packages/airflow/example_dags/example_branch_operator_decorator.py
[2026-05-10T12:18:59.323+0000] {processor.py:840} INFO - DAG(s) 'example_branch_python_operator_decorator' retrieved from /home/airflow/.local/lib/python3.12/site-packages/airflow/example_dags/example_branch_operator_decorator.py
[2026-05-10T12:18:59.346+0000] {logging_mixin.py:188} INFO - [2026-05-10T12:18:59.346+0000] {dag.py:3089} INFO - Sync 1 DAGs
[2026-05-10T12:18:59.363+0000] {logging_mixin.py:188} INFO - [2026-05-10T12:18:59.363+0000] {dag.py:3947} INFO - Setting next_dagrun for example_branch_python_operator_decorator to 2026-05-09 00:00:00+00:00, run_after=2026-05-10 00:00:00+00:00
[2026-05-10T12:18:59.378+0000] {processor.py:183} INFO - Processing /home/airflow/.local/lib/python3.12/site-packages/airflow/example_dags/example_branch_operator_decorator.py took 0.078 seconds
[2026-05-10T12:27:25.308+0000] {processor.py:161} INFO - Started process (PID=74) to work on /home/airflow/.local/lib/python3.12/site-packages/airflow/example_dags/example_branch_operator_decorator.py
[2026-05-10T12:27:25.309+0000] {processor.py:830} INFO - Processing file /home/airflow/.local/lib/python3.12/site-packages/airflow/example_dags/example_branch_operator_decorator.py for tasks to queue
[2026-05-10T12:27:25.311+0000] {logging_mixin.py:188} INFO - [2026-05-10T12:27:25.311+0000] {dagbag.py:545} INFO - Filling up the DagBag from /home/airflow/.local/lib/python3.12/site-packages/airflow/example_dags/example_branch_operator_decorator.py
[2026-05-10T12:27:25.341+0000] {processor.py:840} INFO - DAG(s) 'example_branch_python_operator_decorator' retrieved from /home/airflow/.local/lib/python3.12/site-packages/airflow/example_dags/example_branch_operator_decorator.py
[2026-05-10T12:27:25.352+0000] {logging_mixin.py:188} INFO - [2026-05-10T12:27:25.352+0000] {dag.py:3089} INFO - Sync 1 DAGs
[2026-05-10T12:27:25.373+0000] {logging_mixin.py:188} INFO - [2026-05-10T12:27:25.373+0000] {dag.py:3947} INFO - Setting next_dagrun for example_branch_python_operator_decorator to 2026-05-09 00:00:00+00:00, run_after=2026-05-10 00:00:00+00:00
[2026-05-10T12:27:25.392+0000] {processor.py:183} INFO - Processing /home/airflow/.local/lib/python3.12/site-packages/airflow/example_dags/example_branch_operator_decorator.py took 0.091 seconds
[2026-05-10T12:27:55.917+0000] {processor.py:161} INFO - Started process (PID=134) to work on /home/airflow/.local/lib/python3.12/site-packages/airflow/example_dags/example_branch_operator_decorator.py
[2026-05-10T12:27:55.917+0000] {processor.py:830} INFO - Processing file /home/airflow/.local/lib/python3.12/site-packages/airflow/example_dags/example_branch_operator_decorator.py for tasks to queue
[2026-05-10T12:27:55.919+0000] {logging_mixin.py:188} INFO - [2026-05-10T12:27:55.919+0000] {dagbag.py:545} INFO - Filling up the DagBag from /home/airflow/.local/lib/python3.12/site-packages/airflow/example_dags/example_branch_operator_decorator.py
[2026-05-10T12:27:55.933+0000] {processor.py:840} INFO - DAG(s) 'example_branch_python_operator_decorator' retrieved from /home/airflow/.local/lib/python3.12/site-packages/airflow/example_dags/example_branch_operator_decorator.py
[2026-05-10T12:27:56.017+0000] {logging_mixin.py:188} INFO - [2026-05-10T12:27:56.017+0000] {dag.py:3089} INFO - Sync 1 DAGs
[2026-05-10T12:27:56.033+0000] {logging_mixin.py:188} INFO - [2026-05-10T12:27:56.032+0000] {dag.py:3947} INFO - Setting next_dagrun for example_branch_python_operator_decorator to 2026-05-09 00:00:00+00:00, run_after=2026-05-10 00:00:00+00:00
[2026-05-10T12:27:56.046+0000] {processor.py:183} INFO - Processing /home/airflow/.local/lib/python3.12/site-packages/airflow/example_dags/example_branch_operator_decorator.py took 0.135 seconds
[2026-05-10T12:28:26.649+0000] {processor.py:161} INFO - Started process (PID=194) to work on /home/airflow/.local/lib/python3.12/site-packages/airflow/example_dags/example_branch_operator_decorator.py
[2026-05-10T12:28:26.650+0000] {processor.py:830} INFO - Processing file /home/airflow/.local/lib/python3.12/site-packages/airflow/example_dags/example_branch_operator_decorator.py for tasks to queue
[2026-05-10T12:28:26.651+0000] {logging_mixin.py:188} INFO - [2026-05-10T12:28:26.651+0000] {dagbag.py:545} INFO - Filling up the DagBag from /home/airflow/.local/lib/python3.12/site-packages/airflow/example_dags/example_branch_operator_decorator.py
[2026-05-10T12:28:26.669+0000] {processor.py:840} INFO - DAG(s) 'example_branch_python_operator_decorator' retrieved from /home/airflow/.local/lib/python3.12/site-packages/airflow/example_dags/example_branch_operator_decorator.py
[2026-05-10T12:28:26.690+0000] {logging_mixin.py:188} INFO - [2026-05-10T12:28:26.690+0000] {dag.py:3089} INFO - Sync 1 DAGs
[2026-05-10T12:28:26.706+0000] {logging_mixin.py:188} INFO - [2026-05-10T12:28:26.706+0000] {dag.py:3947} INFO - Setting next_dagrun for example_branch_python_operator_decorator to 2026-05-09 00:00:00+00:00, run_after=2026-05-10 00:00:00+00:00
[2026-05-10T12:28:26.721+0000] {processor.py:183} INFO - Processing /home/airflow/.local/lib/python3.12/site-packages/airflow/example_dags/example_branch_operator_decorator.py took 0.078 seconds
[2026-05-10T12:28:57.046+0000] {processor.py:161} INFO - Started process (PID=254) to work on /home/airflow/.local/lib/python3.12/site-packages/airflow/example_dags/example_branch_operator_decorator.py
[2026-05-10T12:28:57.047+0000] {processor.py:830} INFO - Processing file /home/airflow/.local/lib/python3.12/site-packages/airflow/example_dags/example_branch_operator_decorator.py for tasks to queue
[2026-05-10T12:28:57.048+0000] {logging_mixin.py:188} INFO - [2026-05-10T12:28:57.048+0000] {dagbag.py:545} INFO - Filling up the DagBag from /home/airflow/.local/lib/python3.12/site-packages/airflow/example_dags/example_branch_operator_decorator.py
[2026-05-10T12:28:57.062+0000] {processor.py:840} INFO - DAG(s) 'example_branch_python_operator_decorator' retrieved from /home/airflow/.local/lib/python3.12/site-packages/airflow/example_dags/example_branch_operator_decorator.py
[2026-05-10T12:28:57.082+0000] {logging_mixin.py:188} INFO - [2026-05-10T12:28:57.082+0000] {dag.py:3089} INFO - Sync 1 DAGs
[2026-05-10T12:28:57.098+0000] {logging_mixin.py:188} INFO - [2026-05-10T12:28:57.098+0000] {dag.py:3947} INFO - Setting next_dagrun for example_branch_python_operator_decorator to 2026-05-09 00:00:00+00:00, run_after=2026-05-10 00:00:00+00:00
[2026-05-10T12:28:57.111+0000] {processor.py:183} INFO - Processing /home/airflow/.local/lib/python3.12/site-packages/airflow/example_dags/example_branch_operator_decorator.py took 0.071 seconds
[2026-05-10T12:29:27.927+0000] {processor.py:161} INFO - Started process (PID=320) to work on /home/airflow/.local/lib/python3.12/site-packages/airflow/example_dags/example_branch_operator_decorator.py
[2026-05-10T12:29:27.928+0000] {processor.py:830} INFO - Processing file /home/airflow/.local/lib/python3.12/site-packages/airflow/example_dags/example_branch_operator_decorator.py for tasks to queue
[2026-05-10T12:29:27.930+0000] {logging_mixin.py:188} INFO - [2026-05-10T12:29:27.930+0000] {dagbag.py:545} INFO - Filling up the DagBag from /home/airflow/.local/lib/python3.12/site-packages/airflow/example_dags/example_branch_operator_decorator.py
[2026-05-10T12:29:27.947+0000] {processor.py:840} INFO - DAG(s) 'example_branch_python_operator_decorator' retrieved from /home/airflow/.local/lib/python3.12/site-packages/airflow/example_dags/example_branch_operator_decorator.py
[2026-05-10T12:29:27.968+0000] {logging_mixin.py:188} INFO - [2026-05-10T12:29:27.968+0000] {dag.py:3089} INFO - Sync 1 DAGs
[2026-05-10T12:29:27.986+0000] {logging_mixin.py:188} INFO - [2026-05-10T12:29:27.986+0000] {dag.py:3947} INFO - Setting next_dagrun for example_branch_python_operator_decorator to 2026-05-09 00:00:00+00:00, run_after=2026-05-10 00:00:00+00:00
[2026-05-10T12:29:28.000+0000] {processor.py:183} INFO - Processing /home/airflow/.local/lib/python3.12/site-packages/airflow/example_dags/example_branch_operator_decorator.py took 0.080 seconds
[2026-05-10T12:29:58.962+0000] {processor.py:161} INFO - Started process (PID=380) to work on /home/airflow/.local/lib/python3.12/site-packages/airflow/example_dags/example_branch_operator_decorator.py
[2026-05-10T12:29:58.963+0000] {processor.py:830} INFO - Processing file /home/airflow/.local/lib/python3.12/site-packages/airflow/example_dags/example_branch_operator_decorator.py for tasks to queue
[2026-05-10T12:29:58.965+0000] {logging_mixin.py:188} INFO - [2026-05-10T12:29:58.965+0000] {dagbag.py:545} INFO - Filling up the DagBag from /home/airflow/.local/lib/python3.12/site-packages/airflow/example_dags/example_branch_operator_decorator.py
[2026-05-10T12:29:58.985+0000] {processor.py:840} INFO - DAG(s) 'example_branch_python_operator_decorator' retrieved from /home/airflow/.local/lib/python3.12/site-packages/airflow/example_dags/example_branch_operator_decorator.py
[2026-05-10T12:29:59.010+0000] {logging_mixin.py:188} INFO - [2026-05-10T12:29:59.010+0000] {dag.py:3089} INFO - Sync 1 DAGs
[2026-05-10T12:29:59.032+0000] {logging_mixin.py:188} INFO - [2026-05-10T12:29:59.031+0000] {dag.py:3947} INFO - Setting next_dagrun for example_branch_python_operator_decorator to 2026-05-09 00:00:00+00:00, run_after=2026-05-10 00:00:00+00:00
[2026-05-10T12:29:59.049+0000] {processor.py:183} INFO - Processing /home/airflow/.local/lib/python3.12/site-packages/airflow/example_dags/example_branch_operator_decorator.py took 0.094 seconds
[2026-05-10T12:30:29.975+0000] {processor.py:161} INFO - Started process (PID=444) to work on /home/airflow/.local/lib/python3.12/site-packages/airflow/example_dags/example_branch_operator_decorator.py
[2026-05-10T12:30:29.976+0000] {processor.py:830} INFO - Processing file /home/airflow/.local/lib/python3.12/site-packages/airflow/example_dags/example_branch_operator_decorator.py for tasks to queue
[2026-05-10T12:30:29.977+0000] {logging_mixin.py:188} INFO - [2026-05-10T12:30:29.977+0000] {dagbag.py:545} INFO - Filling up the DagBag from /home/airflow/.local/lib/python3.12/site-packages/airflow/example_dags/example_branch_operator_decorator.py
[2026-05-10T12:30:29.991+0000] {processor.py:840} INFO - DAG(s) 'example_branch_python_operator_decorator' retrieved from /home/airflow/.local/lib/python3.12/site-packages/airflow/example_dags/example_branch_operator_decorator.py
[2026-05-10T12:30:30.015+0000] {logging_mixin.py:188} INFO - [2026-05-10T12:30:30.015+0000] {dag.py:3089} INFO - Sync 1 DAGs
[2026-05-10T12:30:30.032+0000] {logging_mixin.py:188} INFO - [2026-05-10T12:30:30.032+0000] {dag.py:3947} INFO - Setting next_dagrun for example_branch_python_operator_decorator to 2026-05-09 00:00:00+00:00, run_after=2026-05-10 00:00:00+00:00
[2026-05-10T12:30:30.045+0000] {processor.py:183} INFO - Processing /home/airflow/.local/lib/python3.12/site-packages/airflow/example_dags/example_branch_operator_decorator.py took 0.076 seconds
[2026-05-10T12:31:01.209+0000] {processor.py:161} INFO - Started process (PID=504) to work on /home/airflow/.local/lib/python3.12/site-packages/airflow/example_dags/example_branch_operator_decorator.py
[2026-05-10T12:31:01.210+0000] {processor.py:830} INFO - Processing file /home/airflow/.local/lib/python3.12/site-packages/airflow/example_dags/example_branch_operator_decorator.py for tasks to queue
[2026-05-10T12:31:01.212+0000] {logging_mixin.py:188} INFO - [2026-05-10T12:31:01.212+0000] {dagbag.py:545} INFO - Filling up the DagBag from /home/airflow/.local/lib/python3.12/site-packages/airflow/example_dags/example_branch_operator_decorator.py
[2026-05-10T12:31:01.226+0000] {processor.py:840} INFO - DAG(s) 'example_branch_python_operator_decorator' retrieved from /home/airflow/.local/lib/python3.12/site-packages/airflow/example_dags/example_branch_operator_decorator.py
[2026-05-10T12:31:01.247+0000] {logging_mixin.py:188} INFO - [2026-05-10T12:31:01.247+0000] {dag.py:3089} INFO - Sync 1 DAGs
[2026-05-10T12:31:01.265+0000] {logging_mixin.py:188} INFO - [2026-05-10T12:31:01.265+0000] {dag.py:3947} INFO - Setting next_dagrun for example_branch_python_operator_decorator to 2026-05-09 00:00:00+00:00, run_after=2026-05-10 00:00:00+00:00
[2026-05-10T12:31:01.283+0000] {processor.py:183} INFO - Processing /home/airflow/.local/lib/python3.12/site-packages/airflow/example_dags/example_branch_operator_decorator.py took 0.079 seconds
[2026-05-10T12:31:32.347+0000] {processor.py:161} INFO - Started process (PID=564) to work on /home/airflow/.local/lib/python3.12/site-packages/airflow/example_dags/example_branch_operator_decorator.py
[2026-05-10T12:31:32.347+0000] {processor.py:830} INFO - Processing file /home/airflow/.local/lib/python3.12/site-packages/airflow/example_dags/example_branch_operator_decorator.py for tasks to queue
[2026-05-10T12:31:32.349+0000] {logging_mixin.py:188} INFO - [2026-05-10T12:31:32.349+0000] {dagbag.py:545} INFO - Filling up the DagBag from /home/airflow/.local/lib/python3.12/site-packages/airflow/example_dags/example_branch_operator_decorator.py
[2026-05-10T12:31:32.363+0000] {processor.py:840} INFO - DAG(s) 'example_branch_python_operator_decorator' retrieved from /home/airflow/.local/lib/python3.12/site-packages/airflow/example_dags/example_branch_operator_decorator.py
[2026-05-10T12:31:32.384+0000] {logging_mixin.py:188} INFO - [2026-05-10T12:31:32.384+0000] {dag.py:3089} INFO - Sync 1 DAGs
[2026-05-10T12:31:32.400+0000] {logging_mixin.py:188} INFO - [2026-05-10T12:31:32.399+0000] {dag.py:3947} INFO - Setting next_dagrun for example_branch_python_operator_decorator to 2026-05-09 00:00:00+00:00, run_after=2026-05-10 00:00:00+00:00
[2026-05-10T12:31:32.413+0000] {processor.py:183} INFO - Processing /home/airflow/.local/lib/python3.12/site-packages/airflow/example_dags/example_branch_operator_decorator.py took 0.072 seconds
[2026-05-10T12:32:02.684+0000] {processor.py:161} INFO - Started process (PID=624) to work on /home/airflow/.local/lib/python3.12/site-packages/airflow/example_dags/example_branch_operator_decorator.py
[2026-05-10T12:32:02.685+0000] {processor.py:830} INFO - Processing file /home/airflow/.local/lib/python3.12/site-packages/airflow/example_dags/example_branch_operator_decorator.py for tasks to queue
[2026-05-10T12:32:02.687+0000] {logging_mixin.py:188} INFO - [2026-05-10T12:32:02.686+0000] {dagbag.py:545} INFO - Filling up the DagBag from /home/airflow/.local/lib/python3.12/site-packages/airflow/example_dags/example_branch_operator_decorator.py
[2026-05-10T12:32:02.701+0000] {processor.py:840} INFO - DAG(s) 'example_branch_python_operator_decorator' retrieved from /home/airflow/.local/lib/python3.12/site-packages/airflow/example_dags/example_branch_operator_decorator.py
[2026-05-10T12:32:02.722+0000] {logging_mixin.py:188} INFO - [2026-05-10T12:32:02.722+0000] {dag.py:3089} INFO - Sync 1 DAGs
[2026-05-10T12:32:02.739+0000] {logging_mixin.py:188} INFO - [2026-05-10T12:32:02.739+0000] {dag.py:3947} INFO - Setting next_dagrun for example_branch_python_operator_decorator to 2026-05-09 00:00:00+00:00, run_after=2026-05-10 00:00:00+00:00
[2026-05-10T12:32:02.753+0000] {processor.py:183} INFO - Processing /home/airflow/.local/lib/python3.12/site-packages/airflow/example_dags/example_branch_operator_decorator.py took 0.074 seconds
[2026-05-10T12:32:34.022+0000] {processor.py:161} INFO - Started process (PID=684) to work on /home/airflow/.local/lib/python3.12/site-packages/airflow/example_dags/example_branch_operator_decorator.py
[2026-05-10T12:32:34.023+0000] {processor.py:830} INFO - Processing file /home/airflow/.local/lib/python3.12/site-packages/airflow/example_dags/example_branch_operator_decorator.py for tasks to queue
[2026-05-10T12:32:34.025+0000] {logging_mixin.py:188} INFO - [2026-05-10T12:32:34.024+0000] {dagbag.py:545} INFO - Filling up the DagBag from /home/airflow/.local/lib/python3.12/site-packages/airflow/example_dags/example_branch_operator_decorator.py
[2026-05-10T12:32:34.039+0000] {processor.py:840} INFO - DAG(s) 'example_branch_python_operator_decorator' retrieved from /home/airflow/.local/lib/python3.12/site-packages/airflow/example_dags/example_branch_operator_decorator.py
[2026-05-10T12:32:34.063+0000] {logging_mixin.py:188} INFO - [2026-05-10T12:32:34.063+0000] {dag.py:3089} INFO - Sync 1 DAGs
[2026-05-10T12:32:34.082+0000] {logging_mixin.py:188} INFO - [2026-05-10T12:32:34.081+0000] {dag.py:3947} INFO - Setting next_dagrun for example_branch_python_operator_decorator to 2026-05-09 00:00:00+00:00, run_after=2026-05-10 00:00:00+00:00
[2026-05-10T12:32:34.097+0000] {processor.py:183} INFO - Processing /home/airflow/.local/lib/python3.12/site-packages/airflow/example_dags/example_branch_operator_decorator.py took 0.080 seconds
[2026-05-10T12:33:05.197+0000] {processor.py:161} INFO - Started process (PID=744) to work on /home/airflow/.local/lib/python3.12/site-packages/airflow/example_dags/example_branch_operator_decorator.py
[2026-05-10T12:33:05.198+0000] {processor.py:830} INFO - Processing file /home/airflow/.local/lib/python3.12/site-packages/airflow/example_dags/example_branch_operator_decorator.py for tasks to queue
[2026-05-10T12:33:05.199+0000] {logging_mixin.py:188} INFO - [2026-05-10T12:33:05.199+0000] {dagbag.py:545} INFO - Filling up the DagBag from /home/airflow/.local/lib/python3.12/site-packages/airflow/example_dags/example_branch_operator_decorator.py
[2026-05-10T12:33:05.213+0000] {processor.py:840} INFO - DAG(s) 'example_branch_python_operator_decorator' retrieved from /home/airflow/.local/lib/python3.12/site-packages/airflow/example_dags/example_branch_operator_decorator.py
[2026-05-10T12:33:05.234+0000] {logging_mixin.py:188} INFO - [2026-05-10T12:33:05.234+0000] {dag.py:3089} INFO - Sync 1 DAGs
[2026-05-10T12:33:05.250+0000] {logging_mixin.py:188} INFO - [2026-05-10T12:33:05.250+0000] {dag.py:3947} INFO - Setting next_dagrun for example_branch_python_operator_decorator to 2026-05-09 00:00:00+00:00, run_after=2026-05-10 00:00:00+00:00
[2026-05-10T12:33:05.264+0000] {processor.py:183} INFO - Processing /home/airflow/.local/lib/python3.12/site-packages/airflow/example_dags/example_branch_operator_decorator.py took 0.073 seconds
[2026-05-10T12:33:36.297+0000] {processor.py:161} INFO - Started process (PID=805) to work on /home/airflow/.local/lib/python3.12/site-packages/airflow/example_dags/example_branch_operator_decorator.py
[2026-05-10T12:33:36.298+0000] {processor.py:830} INFO - Processing file /home/airflow/.local/lib/python3.12/site-packages/airflow/example_dags/example_branch_operator_decorator.py for tasks to queue
[2026-05-10T12:33:36.300+0000] {logging_mixin.py:188} INFO - [2026-05-10T12:33:36.299+0000] {dagbag.py:545} INFO - Filling up the DagBag from /home/airflow/.local/lib/python3.12/site-packages/airflow/example_dags/example_branch_operator_decorator.py
[2026-05-10T12:33:36.315+0000] {processor.py:840} INFO - DAG(s) 'example_branch_python_operator_decorator' retrieved from /home/airflow/.local/lib/python3.12/site-packages/airflow/example_dags/example_branch_operator_decorator.py
[2026-05-10T12:33:36.338+0000] {logging_mixin.py:188} INFO - [2026-05-10T12:33:36.338+0000] {dag.py:3089} INFO - Sync 1 DAGs
[2026-05-10T12:33:36.357+0000] {logging_mixin.py:188} INFO - [2026-05-10T12:33:36.356+0000] {dag.py:3947} INFO - Setting next_dagrun for example_branch_python_operator_decorator to 2026-05-09 00:00:00+00:00, run_after=2026-05-10 00:00:00+00:00
[2026-05-10T12:33:36.370+0000] {processor.py:183} INFO - Processing /home/airflow/.local/lib/python3.12/site-packages/airflow/example_dags/example_branch_operator_decorator.py took 0.079 seconds
[2026-05-10T12:34:06.929+0000] {processor.py:161} INFO - Started process (PID=865) to work on /home/airflow/.local/lib/python3.12/site-packages/airflow/example_dags/example_branch_operator_decorator.py
[2026-05-10T12:34:06.930+0000] {processor.py:830} INFO - Processing file /home/airflow/.local/lib/python3.12/site-packages/airflow/example_dags/example_branch_operator_decorator.py for tasks to queue
[2026-05-10T12:34:06.932+0000] {logging_mixin.py:188} INFO - [2026-05-10T12:34:06.931+0000] {dagbag.py:545} INFO - Filling up the DagBag from /home/airflow/.local/lib/python3.12/site-packages/airflow/example_dags/example_branch_operator_decorator.py
[2026-05-10T12:34:06.946+0000] {processor.py:840} INFO - DAG(s) 'example_branch_python_operator_decorator' retrieved from /home/airflow/.local/lib/python3.12/site-packages/airflow/example_dags/example_branch_operator_decorator.py
[2026-05-10T12:34:06.968+0000] {logging_mixin.py:188} INFO - [2026-05-10T12:34:06.967+0000] {dag.py:3089} INFO - Sync 1 DAGs
[2026-05-10T12:34:06.984+0000] {logging_mixin.py:188} INFO - [2026-05-10T12:34:06.984+0000] {dag.py:3947} INFO - Setting next_dagrun for example_branch_python_operator_decorator to 2026-05-09 00:00:00+00:00, run_after=2026-05-10 00:00:00+00:00
[2026-05-10T12:34:06.998+0000] {processor.py:183} INFO - Processing /home/airflow/.local/lib/python3.12/site-packages/airflow/example_dags/example_branch_operator_decorator.py took 0.074 seconds
[2026-05-10T12:34:38.236+0000] {processor.py:161} INFO - Started process (PID=925) to work on /home/airflow/.local/lib/python3.12/site-packages/airflow/example_dags/example_branch_operator_decorator.py
[2026-05-10T12:34:38.237+0000] {processor.py:830} INFO - Processing file /home/airflow/.local/lib/python3.12/site-packages/airflow/example_dags/example_branch_operator_decorator.py for tasks to queue
[2026-05-10T12:34:38.239+0000] {logging_mixin.py:188} INFO - [2026-05-10T12:34:38.239+0000] {dagbag.py:545} INFO - Filling up the DagBag from /home/airflow/.local/lib/python3.12/site-packages/airflow/example_dags/example_branch_operator_decorator.py
[2026-05-10T12:34:38.266+0000] {processor.py:840} INFO - DAG(s) 'example_branch_python_operator_decorator' retrieved from /home/airflow/.local/lib/python3.12/site-packages/airflow/example_dags/example_branch_operator_decorator.py
[2026-05-10T12:34:38.289+0000] {logging_mixin.py:188} INFO - [2026-05-10T12:34:38.289+0000] {dag.py:3089} INFO - Sync 1 DAGs
[2026-05-10T12:34:38.313+0000] {logging_mixin.py:188} INFO - [2026-05-10T12:34:38.312+0000] {dag.py:3947} INFO - Setting next_dagrun for example_branch_python_operator_decorator to 2026-05-09 00:00:00+00:00, run_after=2026-05-10 00:00:00+00:00
[2026-05-10T12:34:38.335+0000] {processor.py:183} INFO - Processing /home/airflow/.local/lib/python3.12/site-packages/airflow/example_dags/example_branch_operator_decorator.py took 0.105 seconds
[2026-05-10T12:35:09.417+0000] {processor.py:161} INFO - Started process (PID=985) to work on /home/airflow/.local/lib/python3.12/site-packages/airflow/example_dags/example_branch_operator_decorator.py
[2026-05-10T12:35:09.418+0000] {processor.py:830} INFO - Processing file /home/airflow/.local/lib/python3.12/site-packages/airflow/example_dags/example_branch_operator_decorator.py for tasks to queue
[2026-05-10T12:35:09.419+0000] {logging_mixin.py:188} INFO - [2026-05-10T12:35:09.419+0000] {dagbag.py:545} INFO - Filling up the DagBag from /home/airflow/.local/lib/python3.12/site-packages/airflow/example_dags/example_branch_operator_decorator.py
[2026-05-10T12:35:09.433+0000] {processor.py:840} INFO - DAG(s) 'example_branch_python_operator_decorator' retrieved from /home/airflow/.local/lib/python3.12/site-packages/airflow/example_dags/example_branch_operator_decorator.py
[2026-05-10T12:35:09.455+0000] {logging_mixin.py:188} INFO - [2026-05-10T12:35:09.455+0000] {dag.py:3089} INFO - Sync 1 DAGs
[2026-05-10T12:35:09.472+0000] {logging_mixin.py:188} INFO - [2026-05-10T12:35:09.471+0000] {dag.py:3947} INFO - Setting next_dagrun for example_branch_python_operator_decorator to 2026-05-09 00:00:00+00:00, run_after=2026-05-10 00:00:00+00:00
[2026-05-10T12:35:09.485+0000] {processor.py:183} INFO - Processing /home/airflow/.local/lib/python3.12/site-packages/airflow/example_dags/example_branch_operator_decorator.py took 0.074 seconds
[2026-05-10T12:35:40.616+0000] {processor.py:161} INFO - Started process (PID=1045) to work on /home/airflow/.local/lib/python3.12/site-packages/airflow/example_dags/example_branch_operator_decorator.py
[2026-05-10T12:35:40.617+0000] {processor.py:830} INFO - Processing file /home/airflow/.local/lib/python3.12/site-packages/airflow/example_dags/example_branch_operator_decorator.py for tasks to queue
[2026-05-10T12:35:40.618+0000] {logging_mixin.py:188} INFO - [2026-05-10T12:35:40.618+0000] {dagbag.py:545} INFO - Filling up the DagBag from /home/airflow/.local/lib/python3.12/site-packages/airflow/example_dags/example_branch_operator_decorator.py
[2026-05-10T12:35:40.633+0000] {processor.py:840} INFO - DAG(s) 'example_branch_python_operator_decorator' retrieved from /home/airflow/.local/lib/python3.12/site-packages/airflow/example_dags/example_branch_operator_decorator.py
[2026-05-10T12:35:40.657+0000] {logging_mixin.py:188} INFO - [2026-05-10T12:35:40.656+0000] {dag.py:3089} INFO - Sync 1 DAGs
[2026-05-10T12:35:40.675+0000] {logging_mixin.py:188} INFO - [2026-05-10T12:35:40.674+0000] {dag.py:3947} INFO - Setting next_dagrun for example_branch_python_operator_decorator to 2026-05-09 00:00:00+00:00, run_after=2026-05-10 00:00:00+00:00
[2026-05-10T12:35:40.689+0000] {processor.py:183} INFO - Processing /home/airflow/.local/lib/python3.12/site-packages/airflow/example_dags/example_branch_operator_decorator.py took 0.078 seconds
[2026-05-10T12:36:11.834+0000] {processor.py:161} INFO - Started process (PID=1105) to work on /home/airflow/.local/lib/python3.12/site-packages/airflow/example_dags/example_branch_operator_decorator.py
[2026-05-10T12:36:11.835+0000] {processor.py:830} INFO - Processing file /home/airflow/.local/lib/python3.12/site-packages/airflow/example_dags/example_branch_operator_decorator.py for tasks to queue
[2026-05-10T12:36:11.837+0000] {logging_mixin.py:188} INFO - [2026-05-10T12:36:11.837+0000] {dagbag.py:545} INFO - Filling up the DagBag from /home/airflow/.local/lib/python3.12/site-packages/airflow/example_dags/example_branch_operator_decorator.py
[2026-05-10T12:36:11.852+0000] {processor.py:840} INFO - DAG(s) 'example_branch_python_operator_decorator' retrieved from /home/airflow/.local/lib/python3.12/site-packages/airflow/example_dags/example_branch_operator_decorator.py
[2026-05-10T12:36:11.875+0000] {logging_mixin.py:188} INFO - [2026-05-10T12:36:11.874+0000] {dag.py:3089} INFO - Sync 1 DAGs
[2026-05-10T12:36:11.893+0000] {logging_mixin.py:188} INFO - [2026-05-10T12:36:11.893+0000] {dag.py:3947} INFO - Setting next_dagrun for example_branch_python_operator_decorator to 2026-05-09 00:00:00+00:00, run_after=2026-05-10 00:00:00+00:00
[2026-05-10T12:36:11.908+0000] {processor.py:183} INFO - Processing /home/airflow/.local/lib/python3.12/site-packages/airflow/example_dags/example_branch_operator_decorator.py took 0.080 seconds
[2026-05-10T12:36:43.102+0000] {processor.py:161} INFO - Started process (PID=1165) to work on /home/airflow/.local/lib/python3.12/site-packages/airflow/example_dags/example_branch_operator_decorator.py
[2026-05-10T12:36:43.103+0000] {processor.py:830} INFO - Processing file /home/airflow/.local/lib/python3.12/site-packages/airflow/example_dags/example_branch_operator_decorator.py for tasks to queue
[2026-05-10T12:36:43.105+0000] {logging_mixin.py:188} INFO - [2026-05-10T12:36:43.105+0000] {dagbag.py:545} INFO - Filling up the DagBag from /home/airflow/.local/lib/python3.12/site-packages/airflow/example_dags/example_branch_operator_decorator.py
[2026-05-10T12:36:43.119+0000] {processor.py:840} INFO - DAG(s) 'example_branch_python_operator_decorator' retrieved from /home/airflow/.local/lib/python3.12/site-packages/airflow/example_dags/example_branch_operator_decorator.py
[2026-05-10T12:36:43.141+0000] {logging_mixin.py:188} INFO - [2026-05-10T12:36:43.140+0000] {dag.py:3089} INFO - Sync 1 DAGs
[2026-05-10T12:36:43.158+0000] {logging_mixin.py:188} INFO - [2026-05-10T12:36:43.157+0000] {dag.py:3947} INFO - Setting next_dagrun for example_branch_python_operator_decorator to 2026-05-09 00:00:00+00:00, run_after=2026-05-10 00:00:00+00:00
[2026-05-10T12:36:43.171+0000] {processor.py:183} INFO - Processing /home/airflow/.local/lib/python3.12/site-packages/airflow/example_dags/example_branch_operator_decorator.py took 0.074 seconds
[2026-05-10T12:37:13.715+0000] {processor.py:161} INFO - Started process (PID=1225) to work on /home/airflow/.local/lib/python3.12/site-packages/airflow/example_dags/example_branch_operator_decorator.py
[2026-05-10T12:37:13.716+0000] {processor.py:830} INFO - Processing file /home/airflow/.local/lib/python3.12/site-packages/airflow/example_dags/example_branch_operator_decorator.py for tasks to queue
[2026-05-10T12:37:13.719+0000] {logging_mixin.py:188} INFO - [2026-05-10T12:37:13.719+0000] {dagbag.py:545} INFO - Filling up the DagBag from /home/airflow/.local/lib/python3.12/site-packages/airflow/example_dags/example_branch_operator_decorator.py
[2026-05-10T12:37:13.734+0000] {processor.py:840} INFO - DAG(s) 'example_branch_python_operator_decorator' retrieved from /home/airflow/.local/lib/python3.12/site-packages/airflow/example_dags/example_branch_operator_decorator.py
[2026-05-10T12:37:13.754+0000] {logging_mixin.py:188} INFO - [2026-05-10T12:37:13.754+0000] {dag.py:3089} INFO - Sync 1 DAGs
[2026-05-10T12:37:13.768+0000] {logging_mixin.py:188} INFO - [2026-05-10T12:37:13.768+0000] {dag.py:3947} INFO - Setting next_dagrun for example_branch_python_operator_decorator to 2026-05-09 00:00:00+00:00, run_after=2026-05-10 00:00:00+00:00
[2026-05-10T12:37:13.781+0000] {processor.py:183} INFO - Processing /home/airflow/.local/lib/python3.12/site-packages/airflow/example_dags/example_branch_operator_decorator.py took 0.071 seconds
[2026-05-10T12:37:44.665+0000] {processor.py:161} INFO - Started process (PID=1285) to work on /home/airflow/.local/lib/python3.12/site-packages/airflow/example_dags/example_branch_operator_decorator.py
[2026-05-10T12:37:44.666+0000] {processor.py:830} INFO - Processing file /home/airflow/.local/lib/python3.12/site-packages/airflow/example_dags/example_branch_operator_decorator.py for tasks to queue
[2026-05-10T12:37:44.668+0000] {logging_mixin.py:188} INFO - [2026-05-10T12:37:44.668+0000] {dagbag.py:545} INFO - Filling up the DagBag from /home/airflow/.local/lib/python3.12/site-packages/airflow/example_dags/example_branch_operator_decorator.py
[2026-05-10T12:37:44.685+0000] {processor.py:840} INFO - DAG(s) 'example_branch_python_operator_decorator' retrieved from /home/airflow/.local/lib/python3.12/site-packages/airflow/example_dags/example_branch_operator_decorator.py
[2026-05-10T12:37:44.707+0000] {logging_mixin.py:188} INFO - [2026-05-10T12:37:44.707+0000] {dag.py:3089} INFO - Sync 1 DAGs
[2026-05-10T12:37:44.723+0000] {logging_mixin.py:188} INFO - [2026-05-10T12:37:44.723+0000] {dag.py:3947} INFO - Setting next_dagrun for example_branch_python_operator_decorator to 2026-05-09 00:00:00+00:00, run_after=2026-05-10 00:00:00+00:00
[2026-05-10T12:37:44.736+0000] {processor.py:183} INFO - Processing /home/airflow/.local/lib/python3.12/site-packages/airflow/example_dags/example_branch_operator_decorator.py took 0.077 seconds
[2026-05-10T12:38:15.842+0000] {processor.py:161} INFO - Started process (PID=1345) to work on /home/airflow/.local/lib/python3.12/site-packages/airflow/example_dags/example_branch_operator_decorator.py
[2026-05-10T12:38:15.843+0000] {processor.py:830} INFO - Processing file /home/airflow/.local/lib/python3.12/site-packages/airflow/example_dags/example_branch_operator_decorator.py for tasks to queue
[2026-05-10T12:38:15.844+0000] {logging_mixin.py:188} INFO - [2026-05-10T12:38:15.844+0000] {dagbag.py:545} INFO - Filling up the DagBag from /home/airflow/.local/lib/python3.12/site-packages/airflow/example_dags/example_branch_operator_decorator.py
[2026-05-10T12:38:15.858+0000] {processor.py:840} INFO - DAG(s) 'example_branch_python_operator_decorator' retrieved from /home/airflow/.local/lib/python3.12/site-packages/airflow/example_dags/example_branch_operator_decorator.py
[2026-05-10T12:38:15.879+0000] {logging_mixin.py:188} INFO - [2026-05-10T12:38:15.878+0000] {dag.py:3089} INFO - Sync 1 DAGs
[2026-05-10T12:38:15.898+0000] {logging_mixin.py:188} INFO - [2026-05-10T12:38:15.897+0000] {dag.py:3947} INFO - Setting next_dagrun for example_branch_python_operator_decorator to 2026-05-09 00:00:00+00:00, run_after=2026-05-10 00:00:00+00:00
[2026-05-10T12:38:15.911+0000] {processor.py:183} INFO - Processing /home/airflow/.local/lib/python3.12/site-packages/airflow/example_dags/example_branch_operator_decorator.py took 0.075 seconds
[2026-05-10T12:38:46.993+0000] {processor.py:161} INFO - Started process (PID=1405) to work on /home/airflow/.local/lib/python3.12/site-packages/airflow/example_dags/example_branch_operator_decorator.py
[2026-05-10T12:38:46.994+0000] {processor.py:830} INFO - Processing file /home/airflow/.local/lib/python3.12/site-packages/airflow/example_dags/example_branch_operator_decorator.py for tasks to queue
[2026-05-10T12:38:46.995+0000] {logging_mixin.py:188} INFO - [2026-05-10T12:38:46.995+0000] {dagbag.py:545} INFO - Filling up the DagBag from /home/airflow/.local/lib/python3.12/site-packages/airflow/example_dags/example_branch_operator_decorator.py
[2026-05-10T12:38:47.010+0000] {processor.py:840} INFO - DAG(s) 'example_branch_python_operator_decorator' retrieved from /home/airflow/.local/lib/python3.12/site-packages/airflow/example_dags/example_branch_operator_decorator.py
[2026-05-10T12:38:47.031+0000] {logging_mixin.py:188} INFO - [2026-05-10T12:38:47.031+0000] {dag.py:3089} INFO - Sync 1 DAGs
[2026-05-10T12:38:47.050+0000] {logging_mixin.py:188} INFO - [2026-05-10T12:38:47.050+0000] {dag.py:3947} INFO - Setting next_dagrun for example_branch_python_operator_decorator to 2026-05-09 00:00:00+00:00, run_after=2026-05-10 00:00:00+00:00
[2026-05-10T12:38:47.064+0000] {processor.py:183} INFO - Processing /home/airflow/.local/lib/python3.12/site-packages/airflow/example_dags/example_branch_operator_decorator.py took 0.078 seconds
[2026-05-10T12:39:18.112+0000] {processor.py:161} INFO - Started process (PID=1465) to work on /home/airflow/.local/lib/python3.12/site-packages/airflow/example_dags/example_branch_operator_decorator.py
[2026-05-10T12:39:18.113+0000] {processor.py:830} INFO - Processing file /home/airflow/.local/lib/python3.12/site-packages/airflow/example_dags/example_branch_operator_decorator.py for tasks to queue
[2026-05-10T12:39:18.114+0000] {logging_mixin.py:188} INFO - [2026-05-10T12:39:18.114+0000] {dagbag.py:545} INFO - Filling up the DagBag from /home/airflow/.local/lib/python3.12/site-packages/airflow/example_dags/example_branch_operator_decorator.py
[2026-05-10T12:39:18.129+0000] {processor.py:840} INFO - DAG(s) 'example_branch_python_operator_decorator' retrieved from /home/airflow/.local/lib/python3.12/site-packages/airflow/example_dags/example_branch_operator_decorator.py
[2026-05-10T12:39:18.153+0000] {logging_mixin.py:188} INFO - [2026-05-10T12:39:18.153+0000] {dag.py:3089} INFO - Sync 1 DAGs
[2026-05-10T12:39:18.171+0000] {logging_mixin.py:188} INFO - [2026-05-10T12:39:18.171+0000] {dag.py:3947} INFO - Setting next_dagrun for example_branch_python_operator_decorator to 2026-05-09 00:00:00+00:00, run_after=2026-05-10 00:00:00+00:00
[2026-05-10T12:39:18.185+0000] {processor.py:183} INFO - Processing /home/airflow/.local/lib/python3.12/site-packages/airflow/example_dags/example_branch_operator_decorator.py took 0.079 seconds
[2026-05-10T12:39:48.789+0000] {processor.py:161} INFO - Started process (PID=1525) to work on /home/airflow/.local/lib/python3.12/site-packages/airflow/example_dags/example_branch_operator_decorator.py
[2026-05-10T12:39:48.789+0000] {processor.py:830} INFO - Processing file /home/airflow/.local/lib/python3.12/site-packages/airflow/example_dags/example_branch_operator_decorator.py for tasks to queue
[2026-05-10T12:39:48.791+0000] {logging_mixin.py:188} INFO - [2026-05-10T12:39:48.791+0000] {dagbag.py:545} INFO - Filling up the DagBag from /home/airflow/.local/lib/python3.12/site-packages/airflow/example_dags/example_branch_operator_decorator.py
[2026-05-10T12:39:48.806+0000] {processor.py:840} INFO - DAG(s) 'example_branch_python_operator_decorator' retrieved from /home/airflow/.local/lib/python3.12/site-packages/airflow/example_dags/example_branch_operator_decorator.py
[2026-05-10T12:39:48.828+0000] {logging_mixin.py:188} INFO - [2026-05-10T12:39:48.828+0000] {dag.py:3089} INFO - Sync 1 DAGs
[2026-05-10T12:39:48.846+0000] {logging_mixin.py:188} INFO - [2026-05-10T12:39:48.846+0000] {dag.py:3947} INFO - Setting next_dagrun for example_branch_python_operator_decorator to 2026-05-09 00:00:00+00:00, run_after=2026-05-10 00:00:00+00:00
[2026-05-10T12:39:48.860+0000] {processor.py:183} INFO - Processing /home/airflow/.local/lib/python3.12/site-packages/airflow/example_dags/example_branch_operator_decorator.py took 0.077 seconds
[2026-05-10T12:40:19.539+0000] {processor.py:161} INFO - Started process (PID=1585) to work on /home/airflow/.local/lib/python3.12/site-packages/airflow/example_dags/example_branch_operator_decorator.py
[2026-05-10T12:40:19.540+0000] {processor.py:830} INFO - Processing file /home/airflow/.local/lib/python3.12/site-packages/airflow/example_dags/example_branch_operator_decorator.py for tasks to queue
[2026-05-10T12:40:19.542+0000] {logging_mixin.py:188} INFO - [2026-05-10T12:40:19.541+0000] {dagbag.py:545} INFO - Filling up the DagBag from /home/airflow/.local/lib/python3.12/site-packages/airflow/example_dags/example_branch_operator_decorator.py
[2026-05-10T12:40:19.556+0000] {processor.py:840} INFO - DAG(s) 'example_branch_python_operator_decorator' retrieved from /home/airflow/.local/lib/python3.12/site-packages/airflow/example_dags/example_branch_operator_decorator.py
[2026-05-10T12:40:19.578+0000] {logging_mixin.py:188} INFO - [2026-05-10T12:40:19.577+0000] {dag.py:3089} INFO - Sync 1 DAGs
[2026-05-10T12:40:19.773+0000] {logging_mixin.py:188} INFO - [2026-05-10T12:40:19.773+0000] {dag.py:3947} INFO - Setting next_dagrun for example_branch_python_operator_decorator to 2026-05-09 00:00:00+00:00, run_after=2026-05-10 00:00:00+00:00
[2026-05-10T12:40:19.789+0000] {processor.py:183} INFO - Processing /home/airflow/.local/lib/python3.12/site-packages/airflow/example_dags/example_branch_operator_decorator.py took 0.256 seconds
[2026-05-10T12:40:50.908+0000] {processor.py:161} INFO - Started process (PID=1645) to work on /home/airflow/.local/lib/python3.12/site-packages/airflow/example_dags/example_branch_operator_decorator.py
[2026-05-10T12:40:50.909+0000] {processor.py:830} INFO - Processing file /home/airflow/.local/lib/python3.12/site-packages/airflow/example_dags/example_branch_operator_decorator.py for tasks to queue
[2026-05-10T12:40:50.910+0000] {logging_mixin.py:188} INFO - [2026-05-10T12:40:50.910+0000] {dagbag.py:545} INFO - Filling up the DagBag from /home/airflow/.local/lib/python3.12/site-packages/airflow/example_dags/example_branch_operator_decorator.py
[2026-05-10T12:40:50.925+0000] {processor.py:840} INFO - DAG(s) 'example_branch_python_operator_decorator' retrieved from /home/airflow/.local/lib/python3.12/site-packages/airflow/example_dags/example_branch_operator_decorator.py
[2026-05-10T12:40:50.946+0000] {logging_mixin.py:188} INFO - [2026-05-10T12:40:50.946+0000] {dag.py:3089} INFO - Sync 1 DAGs
[2026-05-10T12:40:50.962+0000] {logging_mixin.py:188} INFO - [2026-05-10T12:40:50.962+0000] {dag.py:3947} INFO - Setting next_dagrun for example_branch_python_operator_decorator to 2026-05-09 00:00:00+00:00, run_after=2026-05-10 00:00:00+00:00
[2026-05-10T12:40:50.977+0000] {processor.py:183} INFO - Processing /home/airflow/.local/lib/python3.12/site-packages/airflow/example_dags/example_branch_operator_decorator.py took 0.075 seconds
[2026-05-10T12:41:22.027+0000] {processor.py:161} INFO - Started process (PID=1705) to work on /home/airflow/.local/lib/python3.12/site-packages/airflow/example_dags/example_branch_operator_decorator.py
[2026-05-10T12:41:22.028+0000] {processor.py:830} INFO - Processing file /home/airflow/.local/lib/python3.12/site-packages/airflow/example_dags/example_branch_operator_decorator.py for tasks to queue
[2026-05-10T12:41:22.030+0000] {logging_mixin.py:188} INFO - [2026-05-10T12:41:22.029+0000] {dagbag.py:545} INFO - Filling up the DagBag from /home/airflow/.local/lib/python3.12/site-packages/airflow/example_dags/example_branch_operator_decorator.py
[2026-05-10T12:41:22.044+0000] {processor.py:840} INFO - DAG(s) 'example_branch_python_operator_decorator' retrieved from /home/airflow/.local/lib/python3.12/site-packages/airflow/example_dags/example_branch_operator_decorator.py
[2026-05-10T12:41:22.066+0000] {logging_mixin.py:188} INFO - [2026-05-10T12:41:22.065+0000] {dag.py:3089} INFO - Sync 1 DAGs
[2026-05-10T12:41:22.083+0000] {logging_mixin.py:188} INFO - [2026-05-10T12:41:22.082+0000] {dag.py:3947} INFO - Setting next_dagrun for example_branch_python_operator_decorator to 2026-05-09 00:00:00+00:00, run_after=2026-05-10 00:00:00+00:00
[2026-05-10T12:41:22.098+0000] {processor.py:183} INFO - Processing /home/airflow/.local/lib/python3.12/site-packages/airflow/example_dags/example_branch_operator_decorator.py took 0.076 seconds
[2026-05-10T12:41:53.109+0000] {processor.py:161} INFO - Started process (PID=1765) to work on /home/airflow/.local/lib/python3.12/site-packages/airflow/example_dags/example_branch_operator_decorator.py
[2026-05-10T12:41:53.109+0000] {processor.py:830} INFO - Processing file /home/airflow/.local/lib/python3.12/site-packages/airflow/example_dags/example_branch_operator_decorator.py for tasks to queue
[2026-05-10T12:41:53.111+0000] {logging_mixin.py:188} INFO - [2026-05-10T12:41:53.111+0000] {dagbag.py:545} INFO - Filling up the DagBag from /home/airflow/.local/lib/python3.12/site-packages/airflow/example_dags/example_branch_operator_decorator.py
[2026-05-10T12:41:53.125+0000] {processor.py:840} INFO - DAG(s) 'example_branch_python_operator_decorator' retrieved from /home/airflow/.local/lib/python3.12/site-packages/airflow/example_dags/example_branch_operator_decorator.py
[2026-05-10T12:41:53.149+0000] {logging_mixin.py:188} INFO - [2026-05-10T12:41:53.149+0000] {dag.py:3089} INFO - Sync 1 DAGs
[2026-05-10T12:41:53.166+0000] {logging_mixin.py:188} INFO - [2026-05-10T12:41:53.165+0000] {dag.py:3947} INFO - Setting next_dagrun for example_branch_python_operator_decorator to 2026-05-09 00:00:00+00:00, run_after=2026-05-10 00:00:00+00:00
[2026-05-10T12:41:53.180+0000] {processor.py:183} INFO - Processing /home/airflow/.local/lib/python3.12/site-packages/airflow/example_dags/example_branch_operator_decorator.py took 0.077 seconds
[2026-05-10T12:42:24.388+0000] {processor.py:161} INFO - Started process (PID=1825) to work on /home/airflow/.local/lib/python3.12/site-packages/airflow/example_dags/example_branch_operator_decorator.py
[2026-05-10T12:42:24.389+0000] {processor.py:830} INFO - Processing file /home/airflow/.local/lib/python3.12/site-packages/airflow/example_dags/example_branch_operator_decorator.py for tasks to queue
[2026-05-10T12:42:24.390+0000] {logging_mixin.py:188} INFO - [2026-05-10T12:42:24.390+0000] {dagbag.py:545} INFO - Filling up the DagBag from /home/airflow/.local/lib/python3.12/site-packages/airflow/example_dags/example_branch_operator_decorator.py
[2026-05-10T12:42:24.410+0000] {processor.py:840} INFO - DAG(s) 'example_branch_python_operator_decorator' retrieved from /home/airflow/.local/lib/python3.12/site-packages/airflow/example_dags/example_branch_operator_decorator.py
[2026-05-10T12:42:24.437+0000] {logging_mixin.py:188} INFO - [2026-05-10T12:42:24.436+0000] {dag.py:3089} INFO - Sync 1 DAGs
[2026-05-10T12:42:24.461+0000] {logging_mixin.py:188} INFO - [2026-05-10T12:42:24.461+0000] {dag.py:3947} INFO - Setting next_dagrun for example_branch_python_operator_decorator to 2026-05-09 00:00:00+00:00, run_after=2026-05-10 00:00:00+00:00
[2026-05-10T12:42:24.479+0000] {processor.py:183} INFO - Processing /home/airflow/.local/lib/python3.12/site-packages/airflow/example_dags/example_branch_operator_decorator.py took 0.097 seconds
[2026-05-10T12:42:55.391+0000] {processor.py:161} INFO - Started process (PID=1885) to work on /home/airflow/.local/lib/python3.12/site-packages/airflow/example_dags/example_branch_operator_decorator.py
[2026-05-10T12:42:55.392+0000] {processor.py:830} INFO - Processing file /home/airflow/.local/lib/python3.12/site-packages/airflow/example_dags/example_branch_operator_decorator.py for tasks to queue
[2026-05-10T12:42:55.394+0000] {logging_mixin.py:188} INFO - [2026-05-10T12:42:55.394+0000] {dagbag.py:545} INFO - Filling up the DagBag from /home/airflow/.local/lib/python3.12/site-packages/airflow/example_dags/example_branch_operator_decorator.py
[2026-05-10T12:42:55.409+0000] {processor.py:840} INFO - DAG(s) 'example_branch_python_operator_decorator' retrieved from /home/airflow/.local/lib/python3.12/site-packages/airflow/example_dags/example_branch_operator_decorator.py
[2026-05-10T12:42:55.581+0000] {logging_mixin.py:188} INFO - [2026-05-10T12:42:55.580+0000] {dag.py:3089} INFO - Sync 1 DAGs
[2026-05-10T12:42:55.596+0000] {logging_mixin.py:188} INFO - [2026-05-10T12:42:55.596+0000] {dag.py:3947} INFO - Setting next_dagrun for example_branch_python_operator_decorator to 2026-05-09 00:00:00+00:00, run_after=2026-05-10 00:00:00+00:00
[2026-05-10T12:42:55.609+0000] {processor.py:183} INFO - Processing /home/airflow/.local/lib/python3.12/site-packages/airflow/example_dags/example_branch_operator_decorator.py took 0.224 seconds
[2026-05-10T12:43:26.423+0000] {processor.py:161} INFO - Started process (PID=1945) to work on /home/airflow/.local/lib/python3.12/site-packages/airflow/example_dags/example_branch_operator_decorator.py
[2026-05-10T12:43:26.424+0000] {processor.py:830} INFO - Processing file /home/airflow/.local/lib/python3.12/site-packages/airflow/example_dags/example_branch_operator_decorator.py for tasks to queue
[2026-05-10T12:43:26.425+0000] {logging_mixin.py:188} INFO - [2026-05-10T12:43:26.425+0000] {dagbag.py:545} INFO - Filling up the DagBag from /home/airflow/.local/lib/python3.12/site-packages/airflow/example_dags/example_branch_operator_decorator.py
[2026-05-10T12:43:26.442+0000] {processor.py:840} INFO - DAG(s) 'example_branch_python_operator_decorator' retrieved from /home/airflow/.local/lib/python3.12/site-packages/airflow/example_dags/example_branch_operator_decorator.py
[2026-05-10T12:43:26.466+0000] {logging_mixin.py:188} INFO - [2026-05-10T12:43:26.466+0000] {dag.py:3089} INFO - Sync 1 DAGs
[2026-05-10T12:43:26.483+0000] {logging_mixin.py:188} INFO - [2026-05-10T12:43:26.483+0000] {dag.py:3947} INFO - Setting next_dagrun for example_branch_python_operator_decorator to 2026-05-09 00:00:00+00:00, run_after=2026-05-10 00:00:00+00:00
[2026-05-10T12:43:26.497+0000] {processor.py:183} INFO - Processing /home/airflow/.local/lib/python3.12/site-packages/airflow/example_dags/example_branch_operator_decorator.py took 0.080 seconds
[2026-05-10T12:43:56.591+0000] {processor.py:161} INFO - Started process (PID=2005) to work on /home/airflow/.local/lib/python3.12/site-packages/airflow/example_dags/example_branch_operator_decorator.py
[2026-05-10T12:43:56.592+0000] {processor.py:830} INFO - Processing file /home/airflow/.local/lib/python3.12/site-packages/airflow/example_dags/example_branch_operator_decorator.py for tasks to queue
[2026-05-10T12:43:56.593+0000] {logging_mixin.py:188} INFO - [2026-05-10T12:43:56.593+0000] {dagbag.py:545} INFO - Filling up the DagBag from /home/airflow/.local/lib/python3.12/site-packages/airflow/example_dags/example_branch_operator_decorator.py
[2026-05-10T12:43:56.608+0000] {processor.py:840} INFO - DAG(s) 'example_branch_python_operator_decorator' retrieved from /home/airflow/.local/lib/python3.12/site-packages/airflow/example_dags/example_branch_operator_decorator.py
[2026-05-10T12:43:56.630+0000] {logging_mixin.py:188} INFO - [2026-05-10T12:43:56.630+0000] {dag.py:3089} INFO - Sync 1 DAGs
[2026-05-10T12:43:56.646+0000] {logging_mixin.py:188} INFO - [2026-05-10T12:43:56.646+0000] {dag.py:3947} INFO - Setting next_dagrun for example_branch_python_operator_decorator to 2026-05-09 00:00:00+00:00, run_after=2026-05-10 00:00:00+00:00
[2026-05-10T12:43:56.660+0000] {processor.py:183} INFO - Processing /home/airflow/.local/lib/python3.12/site-packages/airflow/example_dags/example_branch_operator_decorator.py took 0.075 seconds
[2026-05-10T12:44:27.728+0000] {processor.py:161} INFO - Started process (PID=2065) to work on /home/airflow/.local/lib/python3.12/site-packages/airflow/example_dags/example_branch_operator_decorator.py
[2026-05-10T12:44:27.728+0000] {processor.py:830} INFO - Processing file /home/airflow/.local/lib/python3.12/site-packages/airflow/example_dags/example_branch_operator_decorator.py for tasks to queue
[2026-05-10T12:44:27.730+0000] {logging_mixin.py:188} INFO - [2026-05-10T12:44:27.730+0000] {dagbag.py:545} INFO - Filling up the DagBag from /home/airflow/.local/lib/python3.12/site-packages/airflow/example_dags/example_branch_operator_decorator.py
[2026-05-10T12:44:27.746+0000] {processor.py:840} INFO - DAG(s) 'example_branch_python_operator_decorator' retrieved from /home/airflow/.local/lib/python3.12/site-packages/airflow/example_dags/example_branch_operator_decorator.py
[2026-05-10T12:44:27.770+0000] {logging_mixin.py:188} INFO - [2026-05-10T12:44:27.770+0000] {dag.py:3089} INFO - Sync 1 DAGs
[2026-05-10T12:44:27.789+0000] {logging_mixin.py:188} INFO - [2026-05-10T12:44:27.789+0000] {dag.py:3947} INFO - Setting next_dagrun for example_branch_python_operator_decorator to 2026-05-09 00:00:00+00:00, run_after=2026-05-10 00:00:00+00:00
[2026-05-10T12:44:27.804+0000] {processor.py:183} INFO - Processing /home/airflow/.local/lib/python3.12/site-packages/airflow/example_dags/example_branch_operator_decorator.py took 0.083 seconds
[2026-05-10T12:44:58.769+0000] {processor.py:161} INFO - Started process (PID=2125) to work on /home/airflow/.local/lib/python3.12/site-packages/airflow/example_dags/example_branch_operator_decorator.py
[2026-05-10T12:44:58.769+0000] {processor.py:830} INFO - Processing file /home/airflow/.local/lib/python3.12/site-packages/airflow/example_dags/example_branch_operator_decorator.py for tasks to queue
[2026-05-10T12:44:58.771+0000] {logging_mixin.py:188} INFO - [2026-05-10T12:44:58.771+0000] {dagbag.py:545} INFO - Filling up the DagBag from /home/airflow/.local/lib/python3.12/site-packages/airflow/example_dags/example_branch_operator_decorator.py
[2026-05-10T12:44:58.786+0000] {processor.py:840} INFO - DAG(s) 'example_branch_python_operator_decorator' retrieved from /home/airflow/.local/lib/python3.12/site-packages/airflow/example_dags/example_branch_operator_decorator.py
[2026-05-10T12:44:58.811+0000] {logging_mixin.py:188} INFO - [2026-05-10T12:44:58.811+0000] {dag.py:3089} INFO - Sync 1 DAGs
[2026-05-10T12:44:58.832+0000] {logging_mixin.py:188} INFO - [2026-05-10T12:44:58.832+0000] {dag.py:3947} INFO - Setting next_dagrun for example_branch_python_operator_decorator to 2026-05-09 00:00:00+00:00, run_after=2026-05-10 00:00:00+00:00
[2026-05-10T12:44:58.854+0000] {processor.py:183} INFO - Processing /home/airflow/.local/lib/python3.12/site-packages/airflow/example_dags/example_branch_operator_decorator.py took 0.092 seconds
[2026-05-10T12:45:29.534+0000] {processor.py:161} INFO - Started process (PID=2185) to work on /home/airflow/.local/lib/python3.12/site-packages/airflow/example_dags/example_branch_operator_decorator.py
[2026-05-10T12:45:29.535+0000] {processor.py:830} INFO - Processing file /home/airflow/.local/lib/python3.12/site-packages/airflow/example_dags/example_branch_operator_decorator.py for tasks to queue
[2026-05-10T12:45:29.536+0000] {logging_mixin.py:188} INFO - [2026-05-10T12:45:29.536+0000] {dagbag.py:545} INFO - Filling up the DagBag from /home/airflow/.local/lib/python3.12/site-packages/airflow/example_dags/example_branch_operator_decorator.py
[2026-05-10T12:45:29.550+0000] {processor.py:840} INFO - DAG(s) 'example_branch_python_operator_decorator' retrieved from /home/airflow/.local/lib/python3.12/site-packages/airflow/example_dags/example_branch_operator_decorator.py
[2026-05-10T12:45:29.572+0000] {logging_mixin.py:188} INFO - [2026-05-10T12:45:29.571+0000] {dag.py:3089} INFO - Sync 1 DAGs
[2026-05-10T12:45:29.589+0000] {logging_mixin.py:188} INFO - [2026-05-10T12:45:29.589+0000] {dag.py:3947} INFO - Setting next_dagrun for example_branch_python_operator_decorator to 2026-05-09 00:00:00+00:00, run_after=2026-05-10 00:00:00+00:00
[2026-05-10T12:45:29.603+0000] {processor.py:183} INFO - Processing /home/airflow/.local/lib/python3.12/site-packages/airflow/example_dags/example_branch_operator_decorator.py took 0.074 seconds
[2026-05-10T12:46:00.327+0000] {processor.py:161} INFO - Started process (PID=2251) to work on /home/airflow/.local/lib/python3.12/site-packages/airflow/example_dags/example_branch_operator_decorator.py
[2026-05-10T12:46:00.328+0000] {processor.py:830} INFO - Processing file /home/airflow/.local/lib/python3.12/site-packages/airflow/example_dags/example_branch_operator_decorator.py for tasks to queue
[2026-05-10T12:46:00.330+0000] {logging_mixin.py:188} INFO - [2026-05-10T12:46:00.329+0000] {dagbag.py:545} INFO - Filling up the DagBag from /home/airflow/.local/lib/python3.12/site-packages/airflow/example_dags/example_branch_operator_decorator.py
[2026-05-10T12:46:00.345+0000] {processor.py:840} INFO - DAG(s) 'example_branch_python_operator_decorator' retrieved from /home/airflow/.local/lib/python3.12/site-packages/airflow/example_dags/example_branch_operator_decorator.py
[2026-05-10T12:46:00.369+0000] {logging_mixin.py:188} INFO - [2026-05-10T12:46:00.369+0000] {dag.py:3089} INFO - Sync 1 DAGs
[2026-05-10T12:46:00.387+0000] {logging_mixin.py:188} INFO - [2026-05-10T12:46:00.387+0000] {dag.py:3947} INFO - Setting next_dagrun for example_branch_python_operator_decorator to 2026-05-09 00:00:00+00:00, run_after=2026-05-10 00:00:00+00:00
[2026-05-10T12:46:00.402+0000] {processor.py:183} INFO - Processing /home/airflow/.local/lib/python3.12/site-packages/airflow/example_dags/example_branch_operator_decorator.py took 0.081 seconds
[2026-05-10T12:46:31.296+0000] {processor.py:161} INFO - Started process (PID=2311) to work on /home/airflow/.local/lib/python3.12/site-packages/airflow/example_dags/example_branch_operator_decorator.py
[2026-05-10T12:46:31.297+0000] {processor.py:830} INFO - Processing file /home/airflow/.local/lib/python3.12/site-packages/airflow/example_dags/example_branch_operator_decorator.py for tasks to queue
[2026-05-10T12:46:31.299+0000] {logging_mixin.py:188} INFO - [2026-05-10T12:46:31.298+0000] {dagbag.py:545} INFO - Filling up the DagBag from /home/airflow/.local/lib/python3.12/site-packages/airflow/example_dags/example_branch_operator_decorator.py
[2026-05-10T12:46:31.313+0000] {processor.py:840} INFO - DAG(s) 'example_branch_python_operator_decorator' retrieved from /home/airflow/.local/lib/python3.12/site-packages/airflow/example_dags/example_branch_operator_decorator.py
[2026-05-10T12:46:31.335+0000] {logging_mixin.py:188} INFO - [2026-05-10T12:46:31.335+0000] {dag.py:3089} INFO - Sync 1 DAGs
[2026-05-10T12:46:31.351+0000] {logging_mixin.py:188} INFO - [2026-05-10T12:46:31.350+0000] {dag.py:3947} INFO - Setting next_dagrun for example_branch_python_operator_decorator to 2026-05-09 00:00:00+00:00, run_after=2026-05-10 00:00:00+00:00
[2026-05-10T12:46:31.364+0000] {processor.py:183} INFO - Processing /home/airflow/.local/lib/python3.12/site-packages/airflow/example_dags/example_branch_operator_decorator.py took 0.074 seconds
