[2026-05-10T08:47:00.262+0000] {processor.py:161} INFO - Started process (PID=60) to work on /home/airflow/.local/lib/python3.12/site-packages/airflow/example_dags/tutorial_taskflow_api_virtualenv.py
[2026-05-10T08:47:00.263+0000] {processor.py:830} INFO - Processing file /home/airflow/.local/lib/python3.12/site-packages/airflow/example_dags/tutorial_taskflow_api_virtualenv.py for tasks to queue
[2026-05-10T08:47:00.266+0000] {logging_mixin.py:188} INFO - [2026-05-10T08:47:00.265+0000] {dagbag.py:545} INFO - Filling up the DagBag from /home/airflow/.local/lib/python3.12/site-packages/airflow/example_dags/tutorial_taskflow_api_virtualenv.py
[2026-05-10T08:47:00.290+0000] {processor.py:840} INFO - DAG(s) 'tutorial_taskflow_api_virtualenv' retrieved from /home/airflow/.local/lib/python3.12/site-packages/airflow/example_dags/tutorial_taskflow_api_virtualenv.py
[2026-05-10T08:47:00.304+0000] {logging_mixin.py:188} INFO - [2026-05-10T08:47:00.304+0000] {dag.py:3089} INFO - Sync 1 DAGs
[2026-05-10T08:47:00.319+0000] {logging_mixin.py:188} INFO - [2026-05-10T08:47:00.318+0000] {dag.py:3947} INFO - Setting next_dagrun for tutorial_taskflow_api_virtualenv to None, run_after=None
[2026-05-10T08:47:00.338+0000] {processor.py:183} INFO - Processing /home/airflow/.local/lib/python3.12/site-packages/airflow/example_dags/tutorial_taskflow_api_virtualenv.py took 0.086 seconds
[2026-05-10T08:47:30.940+0000] {processor.py:161} INFO - Started process (PID=119) to work on /home/airflow/.local/lib/python3.12/site-packages/airflow/example_dags/tutorial_taskflow_api_virtualenv.py
[2026-05-10T08:47:30.941+0000] {processor.py:830} INFO - Processing file /home/airflow/.local/lib/python3.12/site-packages/airflow/example_dags/tutorial_taskflow_api_virtualenv.py for tasks to queue
[2026-05-10T08:47:30.942+0000] {logging_mixin.py:188} INFO - [2026-05-10T08:47:30.942+0000] {dagbag.py:545} INFO - Filling up the DagBag from /home/airflow/.local/lib/python3.12/site-packages/airflow/example_dags/tutorial_taskflow_api_virtualenv.py
[2026-05-10T08:47:30.950+0000] {processor.py:840} INFO - DAG(s) 'tutorial_taskflow_api_virtualenv' retrieved from /home/airflow/.local/lib/python3.12/site-packages/airflow/example_dags/tutorial_taskflow_api_virtualenv.py
[2026-05-10T08:47:31.031+0000] {logging_mixin.py:188} INFO - [2026-05-10T08:47:31.030+0000] {dag.py:3089} INFO - Sync 1 DAGs
[2026-05-10T08:47:31.039+0000] {logging_mixin.py:188} INFO - [2026-05-10T08:47:31.039+0000] {dag.py:3947} INFO - Setting next_dagrun for tutorial_taskflow_api_virtualenv to None, run_after=None
[2026-05-10T08:47:31.056+0000] {processor.py:183} INFO - Processing /home/airflow/.local/lib/python3.12/site-packages/airflow/example_dags/tutorial_taskflow_api_virtualenv.py took 0.122 seconds
[2026-05-10T08:48:02.028+0000] {processor.py:161} INFO - Started process (PID=178) to work on /home/airflow/.local/lib/python3.12/site-packages/airflow/example_dags/tutorial_taskflow_api_virtualenv.py
[2026-05-10T08:48:02.028+0000] {processor.py:830} INFO - Processing file /home/airflow/.local/lib/python3.12/site-packages/airflow/example_dags/tutorial_taskflow_api_virtualenv.py for tasks to queue
[2026-05-10T08:48:02.029+0000] {logging_mixin.py:188} INFO - [2026-05-10T08:48:02.029+0000] {dagbag.py:545} INFO - Filling up the DagBag from /home/airflow/.local/lib/python3.12/site-packages/airflow/example_dags/tutorial_taskflow_api_virtualenv.py
[2026-05-10T08:48:02.038+0000] {processor.py:840} INFO - DAG(s) 'tutorial_taskflow_api_virtualenv' retrieved from /home/airflow/.local/lib/python3.12/site-packages/airflow/example_dags/tutorial_taskflow_api_virtualenv.py
[2026-05-10T08:48:02.055+0000] {logging_mixin.py:188} INFO - [2026-05-10T08:48:02.055+0000] {dag.py:3089} INFO - Sync 1 DAGs
[2026-05-10T08:48:02.065+0000] {logging_mixin.py:188} INFO - [2026-05-10T08:48:02.065+0000] {dag.py:3947} INFO - Setting next_dagrun for tutorial_taskflow_api_virtualenv to None, run_after=None
[2026-05-10T08:48:02.078+0000] {processor.py:183} INFO - Processing /home/airflow/.local/lib/python3.12/site-packages/airflow/example_dags/tutorial_taskflow_api_virtualenv.py took 0.056 seconds
[2026-05-10T10:24:36.534+0000] {processor.py:161} INFO - Started process (PID=61) to work on /home/airflow/.local/lib/python3.12/site-packages/airflow/example_dags/tutorial_taskflow_api_virtualenv.py
[2026-05-10T10:24:36.535+0000] {processor.py:830} INFO - Processing file /home/airflow/.local/lib/python3.12/site-packages/airflow/example_dags/tutorial_taskflow_api_virtualenv.py for tasks to queue
[2026-05-10T10:24:36.537+0000] {logging_mixin.py:188} INFO - [2026-05-10T10:24:36.536+0000] {dagbag.py:545} INFO - Filling up the DagBag from /home/airflow/.local/lib/python3.12/site-packages/airflow/example_dags/tutorial_taskflow_api_virtualenv.py
[2026-05-10T10:24:36.554+0000] {processor.py:840} INFO - DAG(s) 'tutorial_taskflow_api_virtualenv' retrieved from /home/airflow/.local/lib/python3.12/site-packages/airflow/example_dags/tutorial_taskflow_api_virtualenv.py
[2026-05-10T10:24:36.565+0000] {logging_mixin.py:188} INFO - [2026-05-10T10:24:36.565+0000] {dag.py:3089} INFO - Sync 1 DAGs
[2026-05-10T10:24:36.577+0000] {logging_mixin.py:188} INFO - [2026-05-10T10:24:36.577+0000] {dag.py:3947} INFO - Setting next_dagrun for tutorial_taskflow_api_virtualenv to None, run_after=None
[2026-05-10T10:24:36.592+0000] {processor.py:183} INFO - Processing /home/airflow/.local/lib/python3.12/site-packages/airflow/example_dags/tutorial_taskflow_api_virtualenv.py took 0.064 seconds
[2026-05-10T10:25:07.844+0000] {processor.py:161} INFO - Started process (PID=121) to work on /home/airflow/.local/lib/python3.12/site-packages/airflow/example_dags/tutorial_taskflow_api_virtualenv.py
[2026-05-10T10:25:07.845+0000] {processor.py:830} INFO - Processing file /home/airflow/.local/lib/python3.12/site-packages/airflow/example_dags/tutorial_taskflow_api_virtualenv.py for tasks to queue
[2026-05-10T10:25:07.847+0000] {logging_mixin.py:188} INFO - [2026-05-10T10:25:07.847+0000] {dagbag.py:545} INFO - Filling up the DagBag from /home/airflow/.local/lib/python3.12/site-packages/airflow/example_dags/tutorial_taskflow_api_virtualenv.py
[2026-05-10T10:25:07.855+0000] {processor.py:840} INFO - DAG(s) 'tutorial_taskflow_api_virtualenv' retrieved from /home/airflow/.local/lib/python3.12/site-packages/airflow/example_dags/tutorial_taskflow_api_virtualenv.py
[2026-05-10T10:25:07.976+0000] {logging_mixin.py:188} INFO - [2026-05-10T10:25:07.975+0000] {dag.py:3089} INFO - Sync 1 DAGs
[2026-05-10T10:25:07.984+0000] {logging_mixin.py:188} INFO - [2026-05-10T10:25:07.983+0000] {dag.py:3947} INFO - Setting next_dagrun for tutorial_taskflow_api_virtualenv to None, run_after=None
[2026-05-10T10:25:07.999+0000] {processor.py:183} INFO - Processing /home/airflow/.local/lib/python3.12/site-packages/airflow/example_dags/tutorial_taskflow_api_virtualenv.py took 0.160 seconds
[2026-05-10T10:25:38.953+0000] {processor.py:161} INFO - Started process (PID=181) to work on /home/airflow/.local/lib/python3.12/site-packages/airflow/example_dags/tutorial_taskflow_api_virtualenv.py
[2026-05-10T10:25:38.954+0000] {processor.py:830} INFO - Processing file /home/airflow/.local/lib/python3.12/site-packages/airflow/example_dags/tutorial_taskflow_api_virtualenv.py for tasks to queue
[2026-05-10T10:25:38.955+0000] {logging_mixin.py:188} INFO - [2026-05-10T10:25:38.955+0000] {dagbag.py:545} INFO - Filling up the DagBag from /home/airflow/.local/lib/python3.12/site-packages/airflow/example_dags/tutorial_taskflow_api_virtualenv.py
[2026-05-10T10:25:38.964+0000] {processor.py:840} INFO - DAG(s) 'tutorial_taskflow_api_virtualenv' retrieved from /home/airflow/.local/lib/python3.12/site-packages/airflow/example_dags/tutorial_taskflow_api_virtualenv.py
[2026-05-10T10:25:38.983+0000] {logging_mixin.py:188} INFO - [2026-05-10T10:25:38.983+0000] {dag.py:3089} INFO - Sync 1 DAGs
[2026-05-10T10:25:38.994+0000] {logging_mixin.py:188} INFO - [2026-05-10T10:25:38.993+0000] {dag.py:3947} INFO - Setting next_dagrun for tutorial_taskflow_api_virtualenv to None, run_after=None
[2026-05-10T10:25:39.008+0000] {processor.py:183} INFO - Processing /home/airflow/.local/lib/python3.12/site-packages/airflow/example_dags/tutorial_taskflow_api_virtualenv.py took 0.061 seconds
[2026-05-10T10:26:09.353+0000] {processor.py:161} INFO - Started process (PID=241) to work on /home/airflow/.local/lib/python3.12/site-packages/airflow/example_dags/tutorial_taskflow_api_virtualenv.py
[2026-05-10T10:26:09.354+0000] {processor.py:830} INFO - Processing file /home/airflow/.local/lib/python3.12/site-packages/airflow/example_dags/tutorial_taskflow_api_virtualenv.py for tasks to queue
[2026-05-10T10:26:09.356+0000] {logging_mixin.py:188} INFO - [2026-05-10T10:26:09.355+0000] {dagbag.py:545} INFO - Filling up the DagBag from /home/airflow/.local/lib/python3.12/site-packages/airflow/example_dags/tutorial_taskflow_api_virtualenv.py
[2026-05-10T10:26:09.364+0000] {processor.py:840} INFO - DAG(s) 'tutorial_taskflow_api_virtualenv' retrieved from /home/airflow/.local/lib/python3.12/site-packages/airflow/example_dags/tutorial_taskflow_api_virtualenv.py
[2026-05-10T10:26:09.379+0000] {logging_mixin.py:188} INFO - [2026-05-10T10:26:09.379+0000] {dag.py:3089} INFO - Sync 1 DAGs
[2026-05-10T10:26:09.389+0000] {logging_mixin.py:188} INFO - [2026-05-10T10:26:09.388+0000] {dag.py:3947} INFO - Setting next_dagrun for tutorial_taskflow_api_virtualenv to None, run_after=None
[2026-05-10T10:26:09.401+0000] {processor.py:183} INFO - Processing /home/airflow/.local/lib/python3.12/site-packages/airflow/example_dags/tutorial_taskflow_api_virtualenv.py took 0.053 seconds
[2026-05-10T10:26:39.493+0000] {processor.py:161} INFO - Started process (PID=301) to work on /home/airflow/.local/lib/python3.12/site-packages/airflow/example_dags/tutorial_taskflow_api_virtualenv.py
[2026-05-10T10:26:39.493+0000] {processor.py:830} INFO - Processing file /home/airflow/.local/lib/python3.12/site-packages/airflow/example_dags/tutorial_taskflow_api_virtualenv.py for tasks to queue
[2026-05-10T10:26:39.495+0000] {logging_mixin.py:188} INFO - [2026-05-10T10:26:39.495+0000] {dagbag.py:545} INFO - Filling up the DagBag from /home/airflow/.local/lib/python3.12/site-packages/airflow/example_dags/tutorial_taskflow_api_virtualenv.py
[2026-05-10T10:26:39.503+0000] {processor.py:840} INFO - DAG(s) 'tutorial_taskflow_api_virtualenv' retrieved from /home/airflow/.local/lib/python3.12/site-packages/airflow/example_dags/tutorial_taskflow_api_virtualenv.py
[2026-05-10T10:26:39.518+0000] {logging_mixin.py:188} INFO - [2026-05-10T10:26:39.518+0000] {dag.py:3089} INFO - Sync 1 DAGs
[2026-05-10T10:26:39.530+0000] {logging_mixin.py:188} INFO - [2026-05-10T10:26:39.530+0000] {dag.py:3947} INFO - Setting next_dagrun for tutorial_taskflow_api_virtualenv to None, run_after=None
[2026-05-10T10:26:39.545+0000] {processor.py:183} INFO - Processing /home/airflow/.local/lib/python3.12/site-packages/airflow/example_dags/tutorial_taskflow_api_virtualenv.py took 0.058 seconds
[2026-05-10T10:27:09.744+0000] {processor.py:161} INFO - Started process (PID=361) to work on /home/airflow/.local/lib/python3.12/site-packages/airflow/example_dags/tutorial_taskflow_api_virtualenv.py
[2026-05-10T10:27:09.744+0000] {processor.py:830} INFO - Processing file /home/airflow/.local/lib/python3.12/site-packages/airflow/example_dags/tutorial_taskflow_api_virtualenv.py for tasks to queue
[2026-05-10T10:27:09.746+0000] {logging_mixin.py:188} INFO - [2026-05-10T10:27:09.746+0000] {dagbag.py:545} INFO - Filling up the DagBag from /home/airflow/.local/lib/python3.12/site-packages/airflow/example_dags/tutorial_taskflow_api_virtualenv.py
[2026-05-10T10:27:09.756+0000] {processor.py:840} INFO - DAG(s) 'tutorial_taskflow_api_virtualenv' retrieved from /home/airflow/.local/lib/python3.12/site-packages/airflow/example_dags/tutorial_taskflow_api_virtualenv.py
[2026-05-10T10:27:09.774+0000] {logging_mixin.py:188} INFO - [2026-05-10T10:27:09.774+0000] {dag.py:3089} INFO - Sync 1 DAGs
[2026-05-10T10:27:09.783+0000] {logging_mixin.py:188} INFO - [2026-05-10T10:27:09.783+0000] {dag.py:3947} INFO - Setting next_dagrun for tutorial_taskflow_api_virtualenv to None, run_after=None
[2026-05-10T10:27:09.797+0000] {processor.py:183} INFO - Processing /home/airflow/.local/lib/python3.12/site-packages/airflow/example_dags/tutorial_taskflow_api_virtualenv.py took 0.059 seconds
[2026-05-10T10:27:40.066+0000] {processor.py:161} INFO - Started process (PID=421) to work on /home/airflow/.local/lib/python3.12/site-packages/airflow/example_dags/tutorial_taskflow_api_virtualenv.py
[2026-05-10T10:27:40.067+0000] {processor.py:830} INFO - Processing file /home/airflow/.local/lib/python3.12/site-packages/airflow/example_dags/tutorial_taskflow_api_virtualenv.py for tasks to queue
[2026-05-10T10:27:40.069+0000] {logging_mixin.py:188} INFO - [2026-05-10T10:27:40.069+0000] {dagbag.py:545} INFO - Filling up the DagBag from /home/airflow/.local/lib/python3.12/site-packages/airflow/example_dags/tutorial_taskflow_api_virtualenv.py
[2026-05-10T10:27:40.078+0000] {processor.py:840} INFO - DAG(s) 'tutorial_taskflow_api_virtualenv' retrieved from /home/airflow/.local/lib/python3.12/site-packages/airflow/example_dags/tutorial_taskflow_api_virtualenv.py
[2026-05-10T10:27:40.096+0000] {logging_mixin.py:188} INFO - [2026-05-10T10:27:40.096+0000] {dag.py:3089} INFO - Sync 1 DAGs
[2026-05-10T10:27:40.106+0000] {logging_mixin.py:188} INFO - [2026-05-10T10:27:40.106+0000] {dag.py:3947} INFO - Setting next_dagrun for tutorial_taskflow_api_virtualenv to None, run_after=None
[2026-05-10T10:27:40.121+0000] {processor.py:183} INFO - Processing /home/airflow/.local/lib/python3.12/site-packages/airflow/example_dags/tutorial_taskflow_api_virtualenv.py took 0.061 seconds
[2026-05-10T10:28:10.395+0000] {processor.py:161} INFO - Started process (PID=481) to work on /home/airflow/.local/lib/python3.12/site-packages/airflow/example_dags/tutorial_taskflow_api_virtualenv.py
[2026-05-10T10:28:10.396+0000] {processor.py:830} INFO - Processing file /home/airflow/.local/lib/python3.12/site-packages/airflow/example_dags/tutorial_taskflow_api_virtualenv.py for tasks to queue
[2026-05-10T10:28:10.398+0000] {logging_mixin.py:188} INFO - [2026-05-10T10:28:10.398+0000] {dagbag.py:545} INFO - Filling up the DagBag from /home/airflow/.local/lib/python3.12/site-packages/airflow/example_dags/tutorial_taskflow_api_virtualenv.py
[2026-05-10T10:28:10.406+0000] {processor.py:840} INFO - DAG(s) 'tutorial_taskflow_api_virtualenv' retrieved from /home/airflow/.local/lib/python3.12/site-packages/airflow/example_dags/tutorial_taskflow_api_virtualenv.py
[2026-05-10T10:28:10.425+0000] {logging_mixin.py:188} INFO - [2026-05-10T10:28:10.424+0000] {dag.py:3089} INFO - Sync 1 DAGs
[2026-05-10T10:28:10.436+0000] {logging_mixin.py:188} INFO - [2026-05-10T10:28:10.436+0000] {dag.py:3947} INFO - Setting next_dagrun for tutorial_taskflow_api_virtualenv to None, run_after=None
[2026-05-10T10:28:10.454+0000] {processor.py:183} INFO - Processing /home/airflow/.local/lib/python3.12/site-packages/airflow/example_dags/tutorial_taskflow_api_virtualenv.py took 0.065 seconds
[2026-05-10T10:30:15.047+0000] {processor.py:161} INFO - Started process (PID=61) to work on /home/airflow/.local/lib/python3.12/site-packages/airflow/example_dags/tutorial_taskflow_api_virtualenv.py
[2026-05-10T10:30:15.048+0000] {processor.py:830} INFO - Processing file /home/airflow/.local/lib/python3.12/site-packages/airflow/example_dags/tutorial_taskflow_api_virtualenv.py for tasks to queue
[2026-05-10T10:30:15.051+0000] {logging_mixin.py:188} INFO - [2026-05-10T10:30:15.050+0000] {dagbag.py:545} INFO - Filling up the DagBag from /home/airflow/.local/lib/python3.12/site-packages/airflow/example_dags/tutorial_taskflow_api_virtualenv.py
[2026-05-10T10:30:15.070+0000] {processor.py:840} INFO - DAG(s) 'tutorial_taskflow_api_virtualenv' retrieved from /home/airflow/.local/lib/python3.12/site-packages/airflow/example_dags/tutorial_taskflow_api_virtualenv.py
[2026-05-10T10:30:15.084+0000] {logging_mixin.py:188} INFO - [2026-05-10T10:30:15.084+0000] {dag.py:3089} INFO - Sync 1 DAGs
[2026-05-10T10:30:15.095+0000] {logging_mixin.py:188} INFO - [2026-05-10T10:30:15.095+0000] {dag.py:3947} INFO - Setting next_dagrun for tutorial_taskflow_api_virtualenv to None, run_after=None
[2026-05-10T10:30:15.112+0000] {processor.py:183} INFO - Processing /home/airflow/.local/lib/python3.12/site-packages/airflow/example_dags/tutorial_taskflow_api_virtualenv.py took 0.072 seconds
[2026-05-10T10:30:46.055+0000] {processor.py:161} INFO - Started process (PID=121) to work on /home/airflow/.local/lib/python3.12/site-packages/airflow/example_dags/tutorial_taskflow_api_virtualenv.py
[2026-05-10T10:30:46.056+0000] {processor.py:830} INFO - Processing file /home/airflow/.local/lib/python3.12/site-packages/airflow/example_dags/tutorial_taskflow_api_virtualenv.py for tasks to queue
[2026-05-10T10:30:46.058+0000] {logging_mixin.py:188} INFO - [2026-05-10T10:30:46.058+0000] {dagbag.py:545} INFO - Filling up the DagBag from /home/airflow/.local/lib/python3.12/site-packages/airflow/example_dags/tutorial_taskflow_api_virtualenv.py
[2026-05-10T10:30:46.067+0000] {processor.py:840} INFO - DAG(s) 'tutorial_taskflow_api_virtualenv' retrieved from /home/airflow/.local/lib/python3.12/site-packages/airflow/example_dags/tutorial_taskflow_api_virtualenv.py
[2026-05-10T10:30:46.156+0000] {logging_mixin.py:188} INFO - [2026-05-10T10:30:46.156+0000] {dag.py:3089} INFO - Sync 1 DAGs
[2026-05-10T10:30:46.166+0000] {logging_mixin.py:188} INFO - [2026-05-10T10:30:46.165+0000] {dag.py:3947} INFO - Setting next_dagrun for tutorial_taskflow_api_virtualenv to None, run_after=None
[2026-05-10T10:30:46.184+0000] {processor.py:183} INFO - Processing /home/airflow/.local/lib/python3.12/site-packages/airflow/example_dags/tutorial_taskflow_api_virtualenv.py took 0.135 seconds
[2026-05-10T10:31:17.192+0000] {processor.py:161} INFO - Started process (PID=181) to work on /home/airflow/.local/lib/python3.12/site-packages/airflow/example_dags/tutorial_taskflow_api_virtualenv.py
[2026-05-10T10:31:17.193+0000] {processor.py:830} INFO - Processing file /home/airflow/.local/lib/python3.12/site-packages/airflow/example_dags/tutorial_taskflow_api_virtualenv.py for tasks to queue
[2026-05-10T10:31:17.195+0000] {logging_mixin.py:188} INFO - [2026-05-10T10:31:17.195+0000] {dagbag.py:545} INFO - Filling up the DagBag from /home/airflow/.local/lib/python3.12/site-packages/airflow/example_dags/tutorial_taskflow_api_virtualenv.py
[2026-05-10T10:31:17.204+0000] {processor.py:840} INFO - DAG(s) 'tutorial_taskflow_api_virtualenv' retrieved from /home/airflow/.local/lib/python3.12/site-packages/airflow/example_dags/tutorial_taskflow_api_virtualenv.py
[2026-05-10T10:31:17.221+0000] {logging_mixin.py:188} INFO - [2026-05-10T10:31:17.221+0000] {dag.py:3089} INFO - Sync 1 DAGs
[2026-05-10T10:31:17.231+0000] {logging_mixin.py:188} INFO - [2026-05-10T10:31:17.230+0000] {dag.py:3947} INFO - Setting next_dagrun for tutorial_taskflow_api_virtualenv to None, run_after=None
[2026-05-10T10:31:17.244+0000] {processor.py:183} INFO - Processing /home/airflow/.local/lib/python3.12/site-packages/airflow/example_dags/tutorial_taskflow_api_virtualenv.py took 0.059 seconds
[2026-05-10T10:31:47.597+0000] {processor.py:161} INFO - Started process (PID=241) to work on /home/airflow/.local/lib/python3.12/site-packages/airflow/example_dags/tutorial_taskflow_api_virtualenv.py
[2026-05-10T10:31:47.598+0000] {processor.py:830} INFO - Processing file /home/airflow/.local/lib/python3.12/site-packages/airflow/example_dags/tutorial_taskflow_api_virtualenv.py for tasks to queue
[2026-05-10T10:31:47.600+0000] {logging_mixin.py:188} INFO - [2026-05-10T10:31:47.600+0000] {dagbag.py:545} INFO - Filling up the DagBag from /home/airflow/.local/lib/python3.12/site-packages/airflow/example_dags/tutorial_taskflow_api_virtualenv.py
[2026-05-10T10:31:47.609+0000] {processor.py:840} INFO - DAG(s) 'tutorial_taskflow_api_virtualenv' retrieved from /home/airflow/.local/lib/python3.12/site-packages/airflow/example_dags/tutorial_taskflow_api_virtualenv.py
[2026-05-10T10:31:47.628+0000] {logging_mixin.py:188} INFO - [2026-05-10T10:31:47.627+0000] {dag.py:3089} INFO - Sync 1 DAGs
[2026-05-10T10:31:47.637+0000] {logging_mixin.py:188} INFO - [2026-05-10T10:31:47.637+0000] {dag.py:3947} INFO - Setting next_dagrun for tutorial_taskflow_api_virtualenv to None, run_after=None
[2026-05-10T10:31:47.652+0000] {processor.py:183} INFO - Processing /home/airflow/.local/lib/python3.12/site-packages/airflow/example_dags/tutorial_taskflow_api_virtualenv.py took 0.061 seconds
[2026-05-10T10:32:17.894+0000] {processor.py:161} INFO - Started process (PID=300) to work on /home/airflow/.local/lib/python3.12/site-packages/airflow/example_dags/tutorial_taskflow_api_virtualenv.py
[2026-05-10T10:32:17.895+0000] {processor.py:830} INFO - Processing file /home/airflow/.local/lib/python3.12/site-packages/airflow/example_dags/tutorial_taskflow_api_virtualenv.py for tasks to queue
[2026-05-10T10:32:17.897+0000] {logging_mixin.py:188} INFO - [2026-05-10T10:32:17.897+0000] {dagbag.py:545} INFO - Filling up the DagBag from /home/airflow/.local/lib/python3.12/site-packages/airflow/example_dags/tutorial_taskflow_api_virtualenv.py
[2026-05-10T10:32:17.907+0000] {processor.py:840} INFO - DAG(s) 'tutorial_taskflow_api_virtualenv' retrieved from /home/airflow/.local/lib/python3.12/site-packages/airflow/example_dags/tutorial_taskflow_api_virtualenv.py
[2026-05-10T10:32:17.925+0000] {logging_mixin.py:188} INFO - [2026-05-10T10:32:17.924+0000] {dag.py:3089} INFO - Sync 1 DAGs
[2026-05-10T10:32:17.933+0000] {logging_mixin.py:188} INFO - [2026-05-10T10:32:17.933+0000] {dag.py:3947} INFO - Setting next_dagrun for tutorial_taskflow_api_virtualenv to None, run_after=None
[2026-05-10T10:32:17.946+0000] {processor.py:183} INFO - Processing /home/airflow/.local/lib/python3.12/site-packages/airflow/example_dags/tutorial_taskflow_api_virtualenv.py took 0.058 seconds
[2026-05-10T10:47:02.279+0000] {processor.py:161} INFO - Started process (PID=61) to work on /home/airflow/.local/lib/python3.12/site-packages/airflow/example_dags/tutorial_taskflow_api_virtualenv.py
[2026-05-10T10:47:02.283+0000] {processor.py:830} INFO - Processing file /home/airflow/.local/lib/python3.12/site-packages/airflow/example_dags/tutorial_taskflow_api_virtualenv.py for tasks to queue
[2026-05-10T10:47:02.285+0000] {logging_mixin.py:188} INFO - [2026-05-10T10:47:02.285+0000] {dagbag.py:545} INFO - Filling up the DagBag from /home/airflow/.local/lib/python3.12/site-packages/airflow/example_dags/tutorial_taskflow_api_virtualenv.py
[2026-05-10T10:47:02.302+0000] {processor.py:840} INFO - DAG(s) 'tutorial_taskflow_api_virtualenv' retrieved from /home/airflow/.local/lib/python3.12/site-packages/airflow/example_dags/tutorial_taskflow_api_virtualenv.py
[2026-05-10T10:47:02.396+0000] {logging_mixin.py:188} INFO - [2026-05-10T10:47:02.395+0000] {override.py:1858} INFO - Created Permission View: can delete on DAG:tutorial_taskflow_api_virtualenv
[2026-05-10T10:47:02.404+0000] {logging_mixin.py:188} INFO - [2026-05-10T10:47:02.403+0000] {override.py:1858} INFO - Created Permission View: can read on DAG:tutorial_taskflow_api_virtualenv
[2026-05-10T10:47:02.409+0000] {logging_mixin.py:188} INFO - [2026-05-10T10:47:02.408+0000] {override.py:1858} INFO - Created Permission View: can edit on DAG:tutorial_taskflow_api_virtualenv
[2026-05-10T10:47:02.409+0000] {logging_mixin.py:188} INFO - [2026-05-10T10:47:02.409+0000] {dag.py:3089} INFO - Sync 1 DAGs
[2026-05-10T10:47:02.418+0000] {logging_mixin.py:188} INFO - [2026-05-10T10:47:02.418+0000] {dag.py:3111} INFO - Creating ORM DAG for tutorial_taskflow_api_virtualenv
[2026-05-10T10:47:02.419+0000] {logging_mixin.py:188} INFO - [2026-05-10T10:47:02.419+0000] {dag.py:3947} INFO - Setting next_dagrun for tutorial_taskflow_api_virtualenv to None, run_after=None
[2026-05-10T10:47:02.435+0000] {processor.py:183} INFO - Processing /home/airflow/.local/lib/python3.12/site-packages/airflow/example_dags/tutorial_taskflow_api_virtualenv.py took 0.163 seconds
[2026-05-10T10:47:33.126+0000] {processor.py:161} INFO - Started process (PID=121) to work on /home/airflow/.local/lib/python3.12/site-packages/airflow/example_dags/tutorial_taskflow_api_virtualenv.py
[2026-05-10T10:47:33.127+0000] {processor.py:830} INFO - Processing file /home/airflow/.local/lib/python3.12/site-packages/airflow/example_dags/tutorial_taskflow_api_virtualenv.py for tasks to queue
[2026-05-10T10:47:33.129+0000] {logging_mixin.py:188} INFO - [2026-05-10T10:47:33.129+0000] {dagbag.py:545} INFO - Filling up the DagBag from /home/airflow/.local/lib/python3.12/site-packages/airflow/example_dags/tutorial_taskflow_api_virtualenv.py
[2026-05-10T10:47:33.140+0000] {processor.py:840} INFO - DAG(s) 'tutorial_taskflow_api_virtualenv' retrieved from /home/airflow/.local/lib/python3.12/site-packages/airflow/example_dags/tutorial_taskflow_api_virtualenv.py
[2026-05-10T10:47:33.164+0000] {logging_mixin.py:188} INFO - [2026-05-10T10:47:33.164+0000] {dag.py:3089} INFO - Sync 1 DAGs
[2026-05-10T10:47:33.176+0000] {logging_mixin.py:188} INFO - [2026-05-10T10:47:33.175+0000] {dag.py:3947} INFO - Setting next_dagrun for tutorial_taskflow_api_virtualenv to None, run_after=None
[2026-05-10T10:47:33.193+0000] {processor.py:183} INFO - Processing /home/airflow/.local/lib/python3.12/site-packages/airflow/example_dags/tutorial_taskflow_api_virtualenv.py took 0.074 seconds
[2026-05-10T10:48:03.799+0000] {processor.py:161} INFO - Started process (PID=181) to work on /home/airflow/.local/lib/python3.12/site-packages/airflow/example_dags/tutorial_taskflow_api_virtualenv.py
[2026-05-10T10:48:03.800+0000] {processor.py:830} INFO - Processing file /home/airflow/.local/lib/python3.12/site-packages/airflow/example_dags/tutorial_taskflow_api_virtualenv.py for tasks to queue
[2026-05-10T10:48:03.801+0000] {logging_mixin.py:188} INFO - [2026-05-10T10:48:03.801+0000] {dagbag.py:545} INFO - Filling up the DagBag from /home/airflow/.local/lib/python3.12/site-packages/airflow/example_dags/tutorial_taskflow_api_virtualenv.py
[2026-05-10T10:48:03.809+0000] {processor.py:840} INFO - DAG(s) 'tutorial_taskflow_api_virtualenv' retrieved from /home/airflow/.local/lib/python3.12/site-packages/airflow/example_dags/tutorial_taskflow_api_virtualenv.py
[2026-05-10T10:48:03.827+0000] {logging_mixin.py:188} INFO - [2026-05-10T10:48:03.827+0000] {dag.py:3089} INFO - Sync 1 DAGs
[2026-05-10T10:48:03.838+0000] {logging_mixin.py:188} INFO - [2026-05-10T10:48:03.838+0000] {dag.py:3947} INFO - Setting next_dagrun for tutorial_taskflow_api_virtualenv to None, run_after=None
[2026-05-10T10:48:03.854+0000] {processor.py:183} INFO - Processing /home/airflow/.local/lib/python3.12/site-packages/airflow/example_dags/tutorial_taskflow_api_virtualenv.py took 0.061 seconds
[2026-05-10T10:48:34.386+0000] {processor.py:161} INFO - Started process (PID=241) to work on /home/airflow/.local/lib/python3.12/site-packages/airflow/example_dags/tutorial_taskflow_api_virtualenv.py
[2026-05-10T10:48:34.387+0000] {processor.py:830} INFO - Processing file /home/airflow/.local/lib/python3.12/site-packages/airflow/example_dags/tutorial_taskflow_api_virtualenv.py for tasks to queue
[2026-05-10T10:48:34.388+0000] {logging_mixin.py:188} INFO - [2026-05-10T10:48:34.388+0000] {dagbag.py:545} INFO - Filling up the DagBag from /home/airflow/.local/lib/python3.12/site-packages/airflow/example_dags/tutorial_taskflow_api_virtualenv.py
[2026-05-10T10:48:34.396+0000] {processor.py:840} INFO - DAG(s) 'tutorial_taskflow_api_virtualenv' retrieved from /home/airflow/.local/lib/python3.12/site-packages/airflow/example_dags/tutorial_taskflow_api_virtualenv.py
[2026-05-10T10:48:34.413+0000] {logging_mixin.py:188} INFO - [2026-05-10T10:48:34.413+0000] {dag.py:3089} INFO - Sync 1 DAGs
[2026-05-10T10:48:34.422+0000] {logging_mixin.py:188} INFO - [2026-05-10T10:48:34.422+0000] {dag.py:3947} INFO - Setting next_dagrun for tutorial_taskflow_api_virtualenv to None, run_after=None
[2026-05-10T10:48:34.436+0000] {processor.py:183} INFO - Processing /home/airflow/.local/lib/python3.12/site-packages/airflow/example_dags/tutorial_taskflow_api_virtualenv.py took 0.055 seconds
[2026-05-10T10:49:04.953+0000] {processor.py:161} INFO - Started process (PID=301) to work on /home/airflow/.local/lib/python3.12/site-packages/airflow/example_dags/tutorial_taskflow_api_virtualenv.py
[2026-05-10T10:49:04.954+0000] {processor.py:830} INFO - Processing file /home/airflow/.local/lib/python3.12/site-packages/airflow/example_dags/tutorial_taskflow_api_virtualenv.py for tasks to queue
[2026-05-10T10:49:04.956+0000] {logging_mixin.py:188} INFO - [2026-05-10T10:49:04.955+0000] {dagbag.py:545} INFO - Filling up the DagBag from /home/airflow/.local/lib/python3.12/site-packages/airflow/example_dags/tutorial_taskflow_api_virtualenv.py
[2026-05-10T10:49:04.963+0000] {processor.py:840} INFO - DAG(s) 'tutorial_taskflow_api_virtualenv' retrieved from /home/airflow/.local/lib/python3.12/site-packages/airflow/example_dags/tutorial_taskflow_api_virtualenv.py
[2026-05-10T10:49:04.979+0000] {logging_mixin.py:188} INFO - [2026-05-10T10:49:04.979+0000] {dag.py:3089} INFO - Sync 1 DAGs
[2026-05-10T10:49:04.987+0000] {logging_mixin.py:188} INFO - [2026-05-10T10:49:04.987+0000] {dag.py:3947} INFO - Setting next_dagrun for tutorial_taskflow_api_virtualenv to None, run_after=None
[2026-05-10T10:49:05.000+0000] {processor.py:183} INFO - Processing /home/airflow/.local/lib/python3.12/site-packages/airflow/example_dags/tutorial_taskflow_api_virtualenv.py took 0.051 seconds
[2026-05-10T10:49:35.539+0000] {processor.py:161} INFO - Started process (PID=361) to work on /home/airflow/.local/lib/python3.12/site-packages/airflow/example_dags/tutorial_taskflow_api_virtualenv.py
[2026-05-10T10:49:35.539+0000] {processor.py:830} INFO - Processing file /home/airflow/.local/lib/python3.12/site-packages/airflow/example_dags/tutorial_taskflow_api_virtualenv.py for tasks to queue
[2026-05-10T10:49:35.541+0000] {logging_mixin.py:188} INFO - [2026-05-10T10:49:35.541+0000] {dagbag.py:545} INFO - Filling up the DagBag from /home/airflow/.local/lib/python3.12/site-packages/airflow/example_dags/tutorial_taskflow_api_virtualenv.py
[2026-05-10T10:49:35.548+0000] {processor.py:840} INFO - DAG(s) 'tutorial_taskflow_api_virtualenv' retrieved from /home/airflow/.local/lib/python3.12/site-packages/airflow/example_dags/tutorial_taskflow_api_virtualenv.py
[2026-05-10T10:49:35.564+0000] {logging_mixin.py:188} INFO - [2026-05-10T10:49:35.564+0000] {dag.py:3089} INFO - Sync 1 DAGs
[2026-05-10T10:49:35.573+0000] {logging_mixin.py:188} INFO - [2026-05-10T10:49:35.572+0000] {dag.py:3947} INFO - Setting next_dagrun for tutorial_taskflow_api_virtualenv to None, run_after=None
[2026-05-10T10:49:35.585+0000] {processor.py:183} INFO - Processing /home/airflow/.local/lib/python3.12/site-packages/airflow/example_dags/tutorial_taskflow_api_virtualenv.py took 0.052 seconds
[2026-05-10T10:50:06.258+0000] {processor.py:161} INFO - Started process (PID=421) to work on /home/airflow/.local/lib/python3.12/site-packages/airflow/example_dags/tutorial_taskflow_api_virtualenv.py
[2026-05-10T10:50:06.259+0000] {processor.py:830} INFO - Processing file /home/airflow/.local/lib/python3.12/site-packages/airflow/example_dags/tutorial_taskflow_api_virtualenv.py for tasks to queue
[2026-05-10T10:50:06.261+0000] {logging_mixin.py:188} INFO - [2026-05-10T10:50:06.260+0000] {dagbag.py:545} INFO - Filling up the DagBag from /home/airflow/.local/lib/python3.12/site-packages/airflow/example_dags/tutorial_taskflow_api_virtualenv.py
[2026-05-10T10:50:06.270+0000] {processor.py:840} INFO - DAG(s) 'tutorial_taskflow_api_virtualenv' retrieved from /home/airflow/.local/lib/python3.12/site-packages/airflow/example_dags/tutorial_taskflow_api_virtualenv.py
[2026-05-10T10:50:06.286+0000] {logging_mixin.py:188} INFO - [2026-05-10T10:50:06.286+0000] {dag.py:3089} INFO - Sync 1 DAGs
[2026-05-10T10:50:06.295+0000] {logging_mixin.py:188} INFO - [2026-05-10T10:50:06.295+0000] {dag.py:3947} INFO - Setting next_dagrun for tutorial_taskflow_api_virtualenv to None, run_after=None
[2026-05-10T10:50:06.312+0000] {processor.py:183} INFO - Processing /home/airflow/.local/lib/python3.12/site-packages/airflow/example_dags/tutorial_taskflow_api_virtualenv.py took 0.060 seconds
[2026-05-10T10:50:36.510+0000] {processor.py:161} INFO - Started process (PID=480) to work on /home/airflow/.local/lib/python3.12/site-packages/airflow/example_dags/tutorial_taskflow_api_virtualenv.py
[2026-05-10T10:50:36.511+0000] {processor.py:830} INFO - Processing file /home/airflow/.local/lib/python3.12/site-packages/airflow/example_dags/tutorial_taskflow_api_virtualenv.py for tasks to queue
[2026-05-10T10:50:36.513+0000] {logging_mixin.py:188} INFO - [2026-05-10T10:50:36.512+0000] {dagbag.py:545} INFO - Filling up the DagBag from /home/airflow/.local/lib/python3.12/site-packages/airflow/example_dags/tutorial_taskflow_api_virtualenv.py
[2026-05-10T10:50:36.523+0000] {processor.py:840} INFO - DAG(s) 'tutorial_taskflow_api_virtualenv' retrieved from /home/airflow/.local/lib/python3.12/site-packages/airflow/example_dags/tutorial_taskflow_api_virtualenv.py
[2026-05-10T10:50:36.540+0000] {logging_mixin.py:188} INFO - [2026-05-10T10:50:36.540+0000] {dag.py:3089} INFO - Sync 1 DAGs
[2026-05-10T10:50:36.549+0000] {logging_mixin.py:188} INFO - [2026-05-10T10:50:36.549+0000] {dag.py:3947} INFO - Setting next_dagrun for tutorial_taskflow_api_virtualenv to None, run_after=None
[2026-05-10T10:50:36.563+0000] {processor.py:183} INFO - Processing /home/airflow/.local/lib/python3.12/site-packages/airflow/example_dags/tutorial_taskflow_api_virtualenv.py took 0.061 seconds
[2026-05-10T10:51:06.715+0000] {processor.py:161} INFO - Started process (PID=540) to work on /home/airflow/.local/lib/python3.12/site-packages/airflow/example_dags/tutorial_taskflow_api_virtualenv.py
[2026-05-10T10:51:06.715+0000] {processor.py:830} INFO - Processing file /home/airflow/.local/lib/python3.12/site-packages/airflow/example_dags/tutorial_taskflow_api_virtualenv.py for tasks to queue
[2026-05-10T10:51:06.717+0000] {logging_mixin.py:188} INFO - [2026-05-10T10:51:06.717+0000] {dagbag.py:545} INFO - Filling up the DagBag from /home/airflow/.local/lib/python3.12/site-packages/airflow/example_dags/tutorial_taskflow_api_virtualenv.py
[2026-05-10T10:51:06.725+0000] {processor.py:840} INFO - DAG(s) 'tutorial_taskflow_api_virtualenv' retrieved from /home/airflow/.local/lib/python3.12/site-packages/airflow/example_dags/tutorial_taskflow_api_virtualenv.py
[2026-05-10T10:51:06.741+0000] {logging_mixin.py:188} INFO - [2026-05-10T10:51:06.741+0000] {dag.py:3089} INFO - Sync 1 DAGs
[2026-05-10T10:51:06.750+0000] {logging_mixin.py:188} INFO - [2026-05-10T10:51:06.749+0000] {dag.py:3947} INFO - Setting next_dagrun for tutorial_taskflow_api_virtualenv to None, run_after=None
[2026-05-10T10:51:06.762+0000] {processor.py:183} INFO - Processing /home/airflow/.local/lib/python3.12/site-packages/airflow/example_dags/tutorial_taskflow_api_virtualenv.py took 0.054 seconds
[2026-05-10T10:51:36.950+0000] {processor.py:161} INFO - Started process (PID=600) to work on /home/airflow/.local/lib/python3.12/site-packages/airflow/example_dags/tutorial_taskflow_api_virtualenv.py
[2026-05-10T10:51:36.951+0000] {processor.py:830} INFO - Processing file /home/airflow/.local/lib/python3.12/site-packages/airflow/example_dags/tutorial_taskflow_api_virtualenv.py for tasks to queue
[2026-05-10T10:51:36.952+0000] {logging_mixin.py:188} INFO - [2026-05-10T10:51:36.952+0000] {dagbag.py:545} INFO - Filling up the DagBag from /home/airflow/.local/lib/python3.12/site-packages/airflow/example_dags/tutorial_taskflow_api_virtualenv.py
[2026-05-10T10:51:36.960+0000] {processor.py:840} INFO - DAG(s) 'tutorial_taskflow_api_virtualenv' retrieved from /home/airflow/.local/lib/python3.12/site-packages/airflow/example_dags/tutorial_taskflow_api_virtualenv.py
[2026-05-10T10:51:36.975+0000] {logging_mixin.py:188} INFO - [2026-05-10T10:51:36.975+0000] {dag.py:3089} INFO - Sync 1 DAGs
[2026-05-10T10:51:36.984+0000] {logging_mixin.py:188} INFO - [2026-05-10T10:51:36.984+0000] {dag.py:3947} INFO - Setting next_dagrun for tutorial_taskflow_api_virtualenv to None, run_after=None
[2026-05-10T10:51:36.996+0000] {processor.py:183} INFO - Processing /home/airflow/.local/lib/python3.12/site-packages/airflow/example_dags/tutorial_taskflow_api_virtualenv.py took 0.051 seconds
[2026-05-10T10:53:02.128+0000] {processor.py:161} INFO - Started process (PID=61) to work on /home/airflow/.local/lib/python3.12/site-packages/airflow/example_dags/tutorial_taskflow_api_virtualenv.py
[2026-05-10T10:53:02.128+0000] {processor.py:830} INFO - Processing file /home/airflow/.local/lib/python3.12/site-packages/airflow/example_dags/tutorial_taskflow_api_virtualenv.py for tasks to queue
[2026-05-10T10:53:02.130+0000] {logging_mixin.py:188} INFO - [2026-05-10T10:53:02.130+0000] {dagbag.py:545} INFO - Filling up the DagBag from /home/airflow/.local/lib/python3.12/site-packages/airflow/example_dags/tutorial_taskflow_api_virtualenv.py
[2026-05-10T10:53:02.147+0000] {processor.py:840} INFO - DAG(s) 'tutorial_taskflow_api_virtualenv' retrieved from /home/airflow/.local/lib/python3.12/site-packages/airflow/example_dags/tutorial_taskflow_api_virtualenv.py
[2026-05-10T10:53:02.245+0000] {logging_mixin.py:188} INFO - [2026-05-10T10:53:02.245+0000] {override.py:1858} INFO - Created Permission View: can read on DAG:tutorial_taskflow_api_virtualenv
[2026-05-10T10:53:02.253+0000] {logging_mixin.py:188} INFO - [2026-05-10T10:53:02.253+0000] {override.py:1858} INFO - Created Permission View: can delete on DAG:tutorial_taskflow_api_virtualenv
[2026-05-10T10:53:02.259+0000] {logging_mixin.py:188} INFO - [2026-05-10T10:53:02.258+0000] {override.py:1858} INFO - Created Permission View: can edit on DAG:tutorial_taskflow_api_virtualenv
[2026-05-10T10:53:02.259+0000] {logging_mixin.py:188} INFO - [2026-05-10T10:53:02.259+0000] {dag.py:3089} INFO - Sync 1 DAGs
[2026-05-10T10:53:02.269+0000] {logging_mixin.py:188} INFO - [2026-05-10T10:53:02.269+0000] {dag.py:3111} INFO - Creating ORM DAG for tutorial_taskflow_api_virtualenv
[2026-05-10T10:53:02.270+0000] {logging_mixin.py:188} INFO - [2026-05-10T10:53:02.270+0000] {dag.py:3947} INFO - Setting next_dagrun for tutorial_taskflow_api_virtualenv to None, run_after=None
[2026-05-10T10:53:02.285+0000] {processor.py:183} INFO - Processing /home/airflow/.local/lib/python3.12/site-packages/airflow/example_dags/tutorial_taskflow_api_virtualenv.py took 0.163 seconds
[2026-05-10T10:53:32.930+0000] {processor.py:161} INFO - Started process (PID=121) to work on /home/airflow/.local/lib/python3.12/site-packages/airflow/example_dags/tutorial_taskflow_api_virtualenv.py
[2026-05-10T10:53:32.931+0000] {processor.py:830} INFO - Processing file /home/airflow/.local/lib/python3.12/site-packages/airflow/example_dags/tutorial_taskflow_api_virtualenv.py for tasks to queue
[2026-05-10T10:53:32.932+0000] {logging_mixin.py:188} INFO - [2026-05-10T10:53:32.932+0000] {dagbag.py:545} INFO - Filling up the DagBag from /home/airflow/.local/lib/python3.12/site-packages/airflow/example_dags/tutorial_taskflow_api_virtualenv.py
[2026-05-10T10:53:32.941+0000] {processor.py:840} INFO - DAG(s) 'tutorial_taskflow_api_virtualenv' retrieved from /home/airflow/.local/lib/python3.12/site-packages/airflow/example_dags/tutorial_taskflow_api_virtualenv.py
[2026-05-10T10:53:32.960+0000] {logging_mixin.py:188} INFO - [2026-05-10T10:53:32.959+0000] {dag.py:3089} INFO - Sync 1 DAGs
[2026-05-10T10:53:32.971+0000] {logging_mixin.py:188} INFO - [2026-05-10T10:53:32.970+0000] {dag.py:3947} INFO - Setting next_dagrun for tutorial_taskflow_api_virtualenv to None, run_after=None
[2026-05-10T10:53:32.985+0000] {processor.py:183} INFO - Processing /home/airflow/.local/lib/python3.12/site-packages/airflow/example_dags/tutorial_taskflow_api_virtualenv.py took 0.061 seconds
[2026-05-10T10:54:03.925+0000] {processor.py:161} INFO - Started process (PID=181) to work on /home/airflow/.local/lib/python3.12/site-packages/airflow/example_dags/tutorial_taskflow_api_virtualenv.py
[2026-05-10T10:54:03.926+0000] {processor.py:830} INFO - Processing file /home/airflow/.local/lib/python3.12/site-packages/airflow/example_dags/tutorial_taskflow_api_virtualenv.py for tasks to queue
[2026-05-10T10:54:03.928+0000] {logging_mixin.py:188} INFO - [2026-05-10T10:54:03.928+0000] {dagbag.py:545} INFO - Filling up the DagBag from /home/airflow/.local/lib/python3.12/site-packages/airflow/example_dags/tutorial_taskflow_api_virtualenv.py
[2026-05-10T10:54:03.941+0000] {processor.py:840} INFO - DAG(s) 'tutorial_taskflow_api_virtualenv' retrieved from /home/airflow/.local/lib/python3.12/site-packages/airflow/example_dags/tutorial_taskflow_api_virtualenv.py
[2026-05-10T10:54:03.965+0000] {logging_mixin.py:188} INFO - [2026-05-10T10:54:03.964+0000] {dag.py:3089} INFO - Sync 1 DAGs
[2026-05-10T10:54:03.978+0000] {logging_mixin.py:188} INFO - [2026-05-10T10:54:03.978+0000] {dag.py:3947} INFO - Setting next_dagrun for tutorial_taskflow_api_virtualenv to None, run_after=None
[2026-05-10T10:54:04.001+0000] {processor.py:183} INFO - Processing /home/airflow/.local/lib/python3.12/site-packages/airflow/example_dags/tutorial_taskflow_api_virtualenv.py took 0.083 seconds
[2026-05-10T10:54:34.073+0000] {processor.py:161} INFO - Started process (PID=240) to work on /home/airflow/.local/lib/python3.12/site-packages/airflow/example_dags/tutorial_taskflow_api_virtualenv.py
[2026-05-10T10:54:34.074+0000] {processor.py:830} INFO - Processing file /home/airflow/.local/lib/python3.12/site-packages/airflow/example_dags/tutorial_taskflow_api_virtualenv.py for tasks to queue
[2026-05-10T10:54:34.076+0000] {logging_mixin.py:188} INFO - [2026-05-10T10:54:34.076+0000] {dagbag.py:545} INFO - Filling up the DagBag from /home/airflow/.local/lib/python3.12/site-packages/airflow/example_dags/tutorial_taskflow_api_virtualenv.py
[2026-05-10T10:54:34.085+0000] {processor.py:840} INFO - DAG(s) 'tutorial_taskflow_api_virtualenv' retrieved from /home/airflow/.local/lib/python3.12/site-packages/airflow/example_dags/tutorial_taskflow_api_virtualenv.py
[2026-05-10T10:54:34.103+0000] {logging_mixin.py:188} INFO - [2026-05-10T10:54:34.103+0000] {dag.py:3089} INFO - Sync 1 DAGs
[2026-05-10T10:54:34.113+0000] {logging_mixin.py:188} INFO - [2026-05-10T10:54:34.113+0000] {dag.py:3947} INFO - Setting next_dagrun for tutorial_taskflow_api_virtualenv to None, run_after=None
[2026-05-10T10:54:34.128+0000] {processor.py:183} INFO - Processing /home/airflow/.local/lib/python3.12/site-packages/airflow/example_dags/tutorial_taskflow_api_virtualenv.py took 0.061 seconds
[2026-05-10T10:55:04.186+0000] {processor.py:161} INFO - Started process (PID=300) to work on /home/airflow/.local/lib/python3.12/site-packages/airflow/example_dags/tutorial_taskflow_api_virtualenv.py
[2026-05-10T10:55:04.186+0000] {processor.py:830} INFO - Processing file /home/airflow/.local/lib/python3.12/site-packages/airflow/example_dags/tutorial_taskflow_api_virtualenv.py for tasks to queue
[2026-05-10T10:55:04.188+0000] {logging_mixin.py:188} INFO - [2026-05-10T10:55:04.188+0000] {dagbag.py:545} INFO - Filling up the DagBag from /home/airflow/.local/lib/python3.12/site-packages/airflow/example_dags/tutorial_taskflow_api_virtualenv.py
[2026-05-10T10:55:04.196+0000] {processor.py:840} INFO - DAG(s) 'tutorial_taskflow_api_virtualenv' retrieved from /home/airflow/.local/lib/python3.12/site-packages/airflow/example_dags/tutorial_taskflow_api_virtualenv.py
[2026-05-10T10:55:04.215+0000] {logging_mixin.py:188} INFO - [2026-05-10T10:55:04.214+0000] {dag.py:3089} INFO - Sync 1 DAGs
[2026-05-10T10:55:04.224+0000] {logging_mixin.py:188} INFO - [2026-05-10T10:55:04.224+0000] {dag.py:3947} INFO - Setting next_dagrun for tutorial_taskflow_api_virtualenv to None, run_after=None
[2026-05-10T10:55:04.239+0000] {processor.py:183} INFO - Processing /home/airflow/.local/lib/python3.12/site-packages/airflow/example_dags/tutorial_taskflow_api_virtualenv.py took 0.060 seconds
[2026-05-10T10:55:34.717+0000] {processor.py:161} INFO - Started process (PID=360) to work on /home/airflow/.local/lib/python3.12/site-packages/airflow/example_dags/tutorial_taskflow_api_virtualenv.py
[2026-05-10T10:55:34.718+0000] {processor.py:830} INFO - Processing file /home/airflow/.local/lib/python3.12/site-packages/airflow/example_dags/tutorial_taskflow_api_virtualenv.py for tasks to queue
[2026-05-10T10:55:34.720+0000] {logging_mixin.py:188} INFO - [2026-05-10T10:55:34.720+0000] {dagbag.py:545} INFO - Filling up the DagBag from /home/airflow/.local/lib/python3.12/site-packages/airflow/example_dags/tutorial_taskflow_api_virtualenv.py
[2026-05-10T10:55:34.728+0000] {processor.py:840} INFO - DAG(s) 'tutorial_taskflow_api_virtualenv' retrieved from /home/airflow/.local/lib/python3.12/site-packages/airflow/example_dags/tutorial_taskflow_api_virtualenv.py
[2026-05-10T10:55:34.744+0000] {logging_mixin.py:188} INFO - [2026-05-10T10:55:34.744+0000] {dag.py:3089} INFO - Sync 1 DAGs
[2026-05-10T10:55:34.753+0000] {logging_mixin.py:188} INFO - [2026-05-10T10:55:34.753+0000] {dag.py:3947} INFO - Setting next_dagrun for tutorial_taskflow_api_virtualenv to None, run_after=None
[2026-05-10T10:55:34.766+0000] {processor.py:183} INFO - Processing /home/airflow/.local/lib/python3.12/site-packages/airflow/example_dags/tutorial_taskflow_api_virtualenv.py took 0.054 seconds
[2026-05-10T10:56:04.901+0000] {processor.py:161} INFO - Started process (PID=420) to work on /home/airflow/.local/lib/python3.12/site-packages/airflow/example_dags/tutorial_taskflow_api_virtualenv.py
[2026-05-10T10:56:04.902+0000] {processor.py:830} INFO - Processing file /home/airflow/.local/lib/python3.12/site-packages/airflow/example_dags/tutorial_taskflow_api_virtualenv.py for tasks to queue
[2026-05-10T10:56:04.904+0000] {logging_mixin.py:188} INFO - [2026-05-10T10:56:04.904+0000] {dagbag.py:545} INFO - Filling up the DagBag from /home/airflow/.local/lib/python3.12/site-packages/airflow/example_dags/tutorial_taskflow_api_virtualenv.py
[2026-05-10T10:56:04.912+0000] {processor.py:840} INFO - DAG(s) 'tutorial_taskflow_api_virtualenv' retrieved from /home/airflow/.local/lib/python3.12/site-packages/airflow/example_dags/tutorial_taskflow_api_virtualenv.py
[2026-05-10T10:56:04.929+0000] {logging_mixin.py:188} INFO - [2026-05-10T10:56:04.928+0000] {dag.py:3089} INFO - Sync 1 DAGs
[2026-05-10T10:56:04.938+0000] {logging_mixin.py:188} INFO - [2026-05-10T10:56:04.937+0000] {dag.py:3947} INFO - Setting next_dagrun for tutorial_taskflow_api_virtualenv to None, run_after=None
[2026-05-10T10:56:04.951+0000] {processor.py:183} INFO - Processing /home/airflow/.local/lib/python3.12/site-packages/airflow/example_dags/tutorial_taskflow_api_virtualenv.py took 0.055 seconds
[2026-05-10T11:56:07.466+0000] {processor.py:161} INFO - Started process (PID=61) to work on /home/airflow/.local/lib/python3.12/site-packages/airflow/example_dags/tutorial_taskflow_api_virtualenv.py
[2026-05-10T11:56:07.467+0000] {processor.py:830} INFO - Processing file /home/airflow/.local/lib/python3.12/site-packages/airflow/example_dags/tutorial_taskflow_api_virtualenv.py for tasks to queue
[2026-05-10T11:56:07.469+0000] {logging_mixin.py:188} INFO - [2026-05-10T11:56:07.468+0000] {dagbag.py:545} INFO - Filling up the DagBag from /home/airflow/.local/lib/python3.12/site-packages/airflow/example_dags/tutorial_taskflow_api_virtualenv.py
[2026-05-10T11:56:07.485+0000] {processor.py:840} INFO - DAG(s) 'tutorial_taskflow_api_virtualenv' retrieved from /home/airflow/.local/lib/python3.12/site-packages/airflow/example_dags/tutorial_taskflow_api_virtualenv.py
[2026-05-10T11:56:07.498+0000] {logging_mixin.py:188} INFO - [2026-05-10T11:56:07.497+0000] {dag.py:3089} INFO - Sync 1 DAGs
[2026-05-10T11:56:07.509+0000] {logging_mixin.py:188} INFO - [2026-05-10T11:56:07.508+0000] {dag.py:3947} INFO - Setting next_dagrun for tutorial_taskflow_api_virtualenv to None, run_after=None
[2026-05-10T11:56:07.524+0000] {processor.py:183} INFO - Processing /home/airflow/.local/lib/python3.12/site-packages/airflow/example_dags/tutorial_taskflow_api_virtualenv.py took 0.064 seconds
[2026-05-10T11:56:37.936+0000] {processor.py:161} INFO - Started process (PID=121) to work on /home/airflow/.local/lib/python3.12/site-packages/airflow/example_dags/tutorial_taskflow_api_virtualenv.py
[2026-05-10T11:56:37.937+0000] {processor.py:830} INFO - Processing file /home/airflow/.local/lib/python3.12/site-packages/airflow/example_dags/tutorial_taskflow_api_virtualenv.py for tasks to queue
[2026-05-10T11:56:37.938+0000] {logging_mixin.py:188} INFO - [2026-05-10T11:56:37.938+0000] {dagbag.py:545} INFO - Filling up the DagBag from /home/airflow/.local/lib/python3.12/site-packages/airflow/example_dags/tutorial_taskflow_api_virtualenv.py
[2026-05-10T11:56:37.947+0000] {processor.py:840} INFO - DAG(s) 'tutorial_taskflow_api_virtualenv' retrieved from /home/airflow/.local/lib/python3.12/site-packages/airflow/example_dags/tutorial_taskflow_api_virtualenv.py
[2026-05-10T11:56:38.030+0000] {logging_mixin.py:188} INFO - [2026-05-10T11:56:38.029+0000] {dag.py:3089} INFO - Sync 1 DAGs
[2026-05-10T11:56:38.038+0000] {logging_mixin.py:188} INFO - [2026-05-10T11:56:38.037+0000] {dag.py:3947} INFO - Setting next_dagrun for tutorial_taskflow_api_virtualenv to None, run_after=None
[2026-05-10T11:56:38.052+0000] {processor.py:183} INFO - Processing /home/airflow/.local/lib/python3.12/site-packages/airflow/example_dags/tutorial_taskflow_api_virtualenv.py took 0.122 seconds
[2026-05-10T11:57:08.841+0000] {processor.py:161} INFO - Started process (PID=181) to work on /home/airflow/.local/lib/python3.12/site-packages/airflow/example_dags/tutorial_taskflow_api_virtualenv.py
[2026-05-10T11:57:08.842+0000] {processor.py:830} INFO - Processing file /home/airflow/.local/lib/python3.12/site-packages/airflow/example_dags/tutorial_taskflow_api_virtualenv.py for tasks to queue
[2026-05-10T11:57:08.843+0000] {logging_mixin.py:188} INFO - [2026-05-10T11:57:08.843+0000] {dagbag.py:545} INFO - Filling up the DagBag from /home/airflow/.local/lib/python3.12/site-packages/airflow/example_dags/tutorial_taskflow_api_virtualenv.py
[2026-05-10T11:57:08.852+0000] {processor.py:840} INFO - DAG(s) 'tutorial_taskflow_api_virtualenv' retrieved from /home/airflow/.local/lib/python3.12/site-packages/airflow/example_dags/tutorial_taskflow_api_virtualenv.py
[2026-05-10T11:57:08.870+0000] {logging_mixin.py:188} INFO - [2026-05-10T11:57:08.870+0000] {dag.py:3089} INFO - Sync 1 DAGs
[2026-05-10T11:57:08.880+0000] {logging_mixin.py:188} INFO - [2026-05-10T11:57:08.880+0000] {dag.py:3947} INFO - Setting next_dagrun for tutorial_taskflow_api_virtualenv to None, run_after=None
[2026-05-10T11:57:08.895+0000] {processor.py:183} INFO - Processing /home/airflow/.local/lib/python3.12/site-packages/airflow/example_dags/tutorial_taskflow_api_virtualenv.py took 0.059 seconds
[2026-05-10T11:57:38.933+0000] {processor.py:161} INFO - Started process (PID=240) to work on /home/airflow/.local/lib/python3.12/site-packages/airflow/example_dags/tutorial_taskflow_api_virtualenv.py
[2026-05-10T11:57:38.934+0000] {processor.py:830} INFO - Processing file /home/airflow/.local/lib/python3.12/site-packages/airflow/example_dags/tutorial_taskflow_api_virtualenv.py for tasks to queue
[2026-05-10T11:57:38.936+0000] {logging_mixin.py:188} INFO - [2026-05-10T11:57:38.935+0000] {dagbag.py:545} INFO - Filling up the DagBag from /home/airflow/.local/lib/python3.12/site-packages/airflow/example_dags/tutorial_taskflow_api_virtualenv.py
[2026-05-10T11:57:38.944+0000] {processor.py:840} INFO - DAG(s) 'tutorial_taskflow_api_virtualenv' retrieved from /home/airflow/.local/lib/python3.12/site-packages/airflow/example_dags/tutorial_taskflow_api_virtualenv.py
[2026-05-10T11:57:38.963+0000] {logging_mixin.py:188} INFO - [2026-05-10T11:57:38.962+0000] {dag.py:3089} INFO - Sync 1 DAGs
[2026-05-10T11:57:38.971+0000] {logging_mixin.py:188} INFO - [2026-05-10T11:57:38.971+0000] {dag.py:3947} INFO - Setting next_dagrun for tutorial_taskflow_api_virtualenv to None, run_after=None
[2026-05-10T11:57:38.983+0000] {processor.py:183} INFO - Processing /home/airflow/.local/lib/python3.12/site-packages/airflow/example_dags/tutorial_taskflow_api_virtualenv.py took 0.056 seconds
[2026-05-10T11:58:09.028+0000] {processor.py:161} INFO - Started process (PID=300) to work on /home/airflow/.local/lib/python3.12/site-packages/airflow/example_dags/tutorial_taskflow_api_virtualenv.py
[2026-05-10T11:58:09.029+0000] {processor.py:830} INFO - Processing file /home/airflow/.local/lib/python3.12/site-packages/airflow/example_dags/tutorial_taskflow_api_virtualenv.py for tasks to queue
[2026-05-10T11:58:09.031+0000] {logging_mixin.py:188} INFO - [2026-05-10T11:58:09.031+0000] {dagbag.py:545} INFO - Filling up the DagBag from /home/airflow/.local/lib/python3.12/site-packages/airflow/example_dags/tutorial_taskflow_api_virtualenv.py
[2026-05-10T11:58:09.040+0000] {processor.py:840} INFO - DAG(s) 'tutorial_taskflow_api_virtualenv' retrieved from /home/airflow/.local/lib/python3.12/site-packages/airflow/example_dags/tutorial_taskflow_api_virtualenv.py
[2026-05-10T11:58:09.056+0000] {logging_mixin.py:188} INFO - [2026-05-10T11:58:09.055+0000] {dag.py:3089} INFO - Sync 1 DAGs
[2026-05-10T11:58:09.072+0000] {logging_mixin.py:188} INFO - [2026-05-10T11:58:09.071+0000] {dag.py:3947} INFO - Setting next_dagrun for tutorial_taskflow_api_virtualenv to None, run_after=None
[2026-05-10T11:58:09.087+0000] {processor.py:183} INFO - Processing /home/airflow/.local/lib/python3.12/site-packages/airflow/example_dags/tutorial_taskflow_api_virtualenv.py took 0.064 seconds
[2026-05-10T11:58:39.253+0000] {processor.py:161} INFO - Started process (PID=360) to work on /home/airflow/.local/lib/python3.12/site-packages/airflow/example_dags/tutorial_taskflow_api_virtualenv.py
[2026-05-10T11:58:39.254+0000] {processor.py:830} INFO - Processing file /home/airflow/.local/lib/python3.12/site-packages/airflow/example_dags/tutorial_taskflow_api_virtualenv.py for tasks to queue
[2026-05-10T11:58:39.257+0000] {logging_mixin.py:188} INFO - [2026-05-10T11:58:39.256+0000] {dagbag.py:545} INFO - Filling up the DagBag from /home/airflow/.local/lib/python3.12/site-packages/airflow/example_dags/tutorial_taskflow_api_virtualenv.py
[2026-05-10T11:58:39.265+0000] {processor.py:840} INFO - DAG(s) 'tutorial_taskflow_api_virtualenv' retrieved from /home/airflow/.local/lib/python3.12/site-packages/airflow/example_dags/tutorial_taskflow_api_virtualenv.py
[2026-05-10T11:58:39.282+0000] {logging_mixin.py:188} INFO - [2026-05-10T11:58:39.282+0000] {dag.py:3089} INFO - Sync 1 DAGs
[2026-05-10T11:58:39.291+0000] {logging_mixin.py:188} INFO - [2026-05-10T11:58:39.291+0000] {dag.py:3947} INFO - Setting next_dagrun for tutorial_taskflow_api_virtualenv to None, run_after=None
[2026-05-10T11:58:39.304+0000] {processor.py:183} INFO - Processing /home/airflow/.local/lib/python3.12/site-packages/airflow/example_dags/tutorial_taskflow_api_virtualenv.py took 0.057 seconds
[2026-05-10T11:59:09.465+0000] {processor.py:161} INFO - Started process (PID=420) to work on /home/airflow/.local/lib/python3.12/site-packages/airflow/example_dags/tutorial_taskflow_api_virtualenv.py
[2026-05-10T11:59:09.466+0000] {processor.py:830} INFO - Processing file /home/airflow/.local/lib/python3.12/site-packages/airflow/example_dags/tutorial_taskflow_api_virtualenv.py for tasks to queue
[2026-05-10T11:59:09.467+0000] {logging_mixin.py:188} INFO - [2026-05-10T11:59:09.467+0000] {dagbag.py:545} INFO - Filling up the DagBag from /home/airflow/.local/lib/python3.12/site-packages/airflow/example_dags/tutorial_taskflow_api_virtualenv.py
[2026-05-10T11:59:09.476+0000] {processor.py:840} INFO - DAG(s) 'tutorial_taskflow_api_virtualenv' retrieved from /home/airflow/.local/lib/python3.12/site-packages/airflow/example_dags/tutorial_taskflow_api_virtualenv.py
[2026-05-10T11:59:09.496+0000] {logging_mixin.py:188} INFO - [2026-05-10T11:59:09.496+0000] {dag.py:3089} INFO - Sync 1 DAGs
[2026-05-10T11:59:09.507+0000] {logging_mixin.py:188} INFO - [2026-05-10T11:59:09.507+0000] {dag.py:3947} INFO - Setting next_dagrun for tutorial_taskflow_api_virtualenv to None, run_after=None
[2026-05-10T11:59:09.532+0000] {processor.py:183} INFO - Processing /home/airflow/.local/lib/python3.12/site-packages/airflow/example_dags/tutorial_taskflow_api_virtualenv.py took 0.074 seconds
[2026-05-10T11:59:39.703+0000] {processor.py:161} INFO - Started process (PID=480) to work on /home/airflow/.local/lib/python3.12/site-packages/airflow/example_dags/tutorial_taskflow_api_virtualenv.py
[2026-05-10T11:59:39.703+0000] {processor.py:830} INFO - Processing file /home/airflow/.local/lib/python3.12/site-packages/airflow/example_dags/tutorial_taskflow_api_virtualenv.py for tasks to queue
[2026-05-10T11:59:39.705+0000] {logging_mixin.py:188} INFO - [2026-05-10T11:59:39.705+0000] {dagbag.py:545} INFO - Filling up the DagBag from /home/airflow/.local/lib/python3.12/site-packages/airflow/example_dags/tutorial_taskflow_api_virtualenv.py
[2026-05-10T11:59:39.714+0000] {processor.py:840} INFO - DAG(s) 'tutorial_taskflow_api_virtualenv' retrieved from /home/airflow/.local/lib/python3.12/site-packages/airflow/example_dags/tutorial_taskflow_api_virtualenv.py
[2026-05-10T11:59:39.732+0000] {logging_mixin.py:188} INFO - [2026-05-10T11:59:39.732+0000] {dag.py:3089} INFO - Sync 1 DAGs
[2026-05-10T11:59:39.742+0000] {logging_mixin.py:188} INFO - [2026-05-10T11:59:39.742+0000] {dag.py:3947} INFO - Setting next_dagrun for tutorial_taskflow_api_virtualenv to None, run_after=None
[2026-05-10T11:59:39.756+0000] {processor.py:183} INFO - Processing /home/airflow/.local/lib/python3.12/site-packages/airflow/example_dags/tutorial_taskflow_api_virtualenv.py took 0.060 seconds
[2026-05-10T12:00:09.882+0000] {processor.py:161} INFO - Started process (PID=540) to work on /home/airflow/.local/lib/python3.12/site-packages/airflow/example_dags/tutorial_taskflow_api_virtualenv.py
[2026-05-10T12:00:09.883+0000] {processor.py:830} INFO - Processing file /home/airflow/.local/lib/python3.12/site-packages/airflow/example_dags/tutorial_taskflow_api_virtualenv.py for tasks to queue
[2026-05-10T12:00:09.884+0000] {logging_mixin.py:188} INFO - [2026-05-10T12:00:09.884+0000] {dagbag.py:545} INFO - Filling up the DagBag from /home/airflow/.local/lib/python3.12/site-packages/airflow/example_dags/tutorial_taskflow_api_virtualenv.py
[2026-05-10T12:00:09.892+0000] {processor.py:840} INFO - DAG(s) 'tutorial_taskflow_api_virtualenv' retrieved from /home/airflow/.local/lib/python3.12/site-packages/airflow/example_dags/tutorial_taskflow_api_virtualenv.py
[2026-05-10T12:00:09.917+0000] {logging_mixin.py:188} INFO - [2026-05-10T12:00:09.917+0000] {dag.py:3089} INFO - Sync 1 DAGs
[2026-05-10T12:00:09.928+0000] {logging_mixin.py:188} INFO - [2026-05-10T12:00:09.928+0000] {dag.py:3947} INFO - Setting next_dagrun for tutorial_taskflow_api_virtualenv to None, run_after=None
[2026-05-10T12:00:09.941+0000] {processor.py:183} INFO - Processing /home/airflow/.local/lib/python3.12/site-packages/airflow/example_dags/tutorial_taskflow_api_virtualenv.py took 0.065 seconds
[2026-05-10T12:00:40.498+0000] {processor.py:161} INFO - Started process (PID=600) to work on /home/airflow/.local/lib/python3.12/site-packages/airflow/example_dags/tutorial_taskflow_api_virtualenv.py
[2026-05-10T12:00:40.499+0000] {processor.py:830} INFO - Processing file /home/airflow/.local/lib/python3.12/site-packages/airflow/example_dags/tutorial_taskflow_api_virtualenv.py for tasks to queue
[2026-05-10T12:00:40.501+0000] {logging_mixin.py:188} INFO - [2026-05-10T12:00:40.500+0000] {dagbag.py:545} INFO - Filling up the DagBag from /home/airflow/.local/lib/python3.12/site-packages/airflow/example_dags/tutorial_taskflow_api_virtualenv.py
[2026-05-10T12:00:40.509+0000] {processor.py:840} INFO - DAG(s) 'tutorial_taskflow_api_virtualenv' retrieved from /home/airflow/.local/lib/python3.12/site-packages/airflow/example_dags/tutorial_taskflow_api_virtualenv.py
[2026-05-10T12:00:40.525+0000] {logging_mixin.py:188} INFO - [2026-05-10T12:00:40.524+0000] {dag.py:3089} INFO - Sync 1 DAGs
[2026-05-10T12:00:40.534+0000] {logging_mixin.py:188} INFO - [2026-05-10T12:00:40.533+0000] {dag.py:3947} INFO - Setting next_dagrun for tutorial_taskflow_api_virtualenv to None, run_after=None
[2026-05-10T12:00:40.548+0000] {processor.py:183} INFO - Processing /home/airflow/.local/lib/python3.12/site-packages/airflow/example_dags/tutorial_taskflow_api_virtualenv.py took 0.055 seconds
[2026-05-10T12:01:10.725+0000] {processor.py:161} INFO - Started process (PID=660) to work on /home/airflow/.local/lib/python3.12/site-packages/airflow/example_dags/tutorial_taskflow_api_virtualenv.py
[2026-05-10T12:01:10.726+0000] {processor.py:830} INFO - Processing file /home/airflow/.local/lib/python3.12/site-packages/airflow/example_dags/tutorial_taskflow_api_virtualenv.py for tasks to queue
[2026-05-10T12:01:10.728+0000] {logging_mixin.py:188} INFO - [2026-05-10T12:01:10.728+0000] {dagbag.py:545} INFO - Filling up the DagBag from /home/airflow/.local/lib/python3.12/site-packages/airflow/example_dags/tutorial_taskflow_api_virtualenv.py
[2026-05-10T12:01:10.736+0000] {processor.py:840} INFO - DAG(s) 'tutorial_taskflow_api_virtualenv' retrieved from /home/airflow/.local/lib/python3.12/site-packages/airflow/example_dags/tutorial_taskflow_api_virtualenv.py
[2026-05-10T12:01:10.754+0000] {logging_mixin.py:188} INFO - [2026-05-10T12:01:10.754+0000] {dag.py:3089} INFO - Sync 1 DAGs
[2026-05-10T12:01:10.764+0000] {logging_mixin.py:188} INFO - [2026-05-10T12:01:10.763+0000] {dag.py:3947} INFO - Setting next_dagrun for tutorial_taskflow_api_virtualenv to None, run_after=None
[2026-05-10T12:01:10.779+0000] {processor.py:183} INFO - Processing /home/airflow/.local/lib/python3.12/site-packages/airflow/example_dags/tutorial_taskflow_api_virtualenv.py took 0.060 seconds
[2026-05-10T12:01:41.139+0000] {processor.py:161} INFO - Started process (PID=720) to work on /home/airflow/.local/lib/python3.12/site-packages/airflow/example_dags/tutorial_taskflow_api_virtualenv.py
[2026-05-10T12:01:41.140+0000] {processor.py:830} INFO - Processing file /home/airflow/.local/lib/python3.12/site-packages/airflow/example_dags/tutorial_taskflow_api_virtualenv.py for tasks to queue
[2026-05-10T12:01:41.142+0000] {logging_mixin.py:188} INFO - [2026-05-10T12:01:41.142+0000] {dagbag.py:545} INFO - Filling up the DagBag from /home/airflow/.local/lib/python3.12/site-packages/airflow/example_dags/tutorial_taskflow_api_virtualenv.py
[2026-05-10T12:01:41.151+0000] {processor.py:840} INFO - DAG(s) 'tutorial_taskflow_api_virtualenv' retrieved from /home/airflow/.local/lib/python3.12/site-packages/airflow/example_dags/tutorial_taskflow_api_virtualenv.py
[2026-05-10T12:01:41.168+0000] {logging_mixin.py:188} INFO - [2026-05-10T12:01:41.168+0000] {dag.py:3089} INFO - Sync 1 DAGs
[2026-05-10T12:01:41.179+0000] {logging_mixin.py:188} INFO - [2026-05-10T12:01:41.179+0000] {dag.py:3947} INFO - Setting next_dagrun for tutorial_taskflow_api_virtualenv to None, run_after=None
[2026-05-10T12:01:41.194+0000] {processor.py:183} INFO - Processing /home/airflow/.local/lib/python3.12/site-packages/airflow/example_dags/tutorial_taskflow_api_virtualenv.py took 0.061 seconds
[2026-05-10T12:02:11.408+0000] {processor.py:161} INFO - Started process (PID=780) to work on /home/airflow/.local/lib/python3.12/site-packages/airflow/example_dags/tutorial_taskflow_api_virtualenv.py
[2026-05-10T12:02:11.409+0000] {processor.py:830} INFO - Processing file /home/airflow/.local/lib/python3.12/site-packages/airflow/example_dags/tutorial_taskflow_api_virtualenv.py for tasks to queue
[2026-05-10T12:02:11.411+0000] {logging_mixin.py:188} INFO - [2026-05-10T12:02:11.411+0000] {dagbag.py:545} INFO - Filling up the DagBag from /home/airflow/.local/lib/python3.12/site-packages/airflow/example_dags/tutorial_taskflow_api_virtualenv.py
[2026-05-10T12:02:11.419+0000] {processor.py:840} INFO - DAG(s) 'tutorial_taskflow_api_virtualenv' retrieved from /home/airflow/.local/lib/python3.12/site-packages/airflow/example_dags/tutorial_taskflow_api_virtualenv.py
[2026-05-10T12:02:11.435+0000] {logging_mixin.py:188} INFO - [2026-05-10T12:02:11.435+0000] {dag.py:3089} INFO - Sync 1 DAGs
[2026-05-10T12:02:11.444+0000] {logging_mixin.py:188} INFO - [2026-05-10T12:02:11.444+0000] {dag.py:3947} INFO - Setting next_dagrun for tutorial_taskflow_api_virtualenv to None, run_after=None
[2026-05-10T12:02:11.458+0000] {processor.py:183} INFO - Processing /home/airflow/.local/lib/python3.12/site-packages/airflow/example_dags/tutorial_taskflow_api_virtualenv.py took 0.056 seconds
[2026-05-10T12:02:41.648+0000] {processor.py:161} INFO - Started process (PID=840) to work on /home/airflow/.local/lib/python3.12/site-packages/airflow/example_dags/tutorial_taskflow_api_virtualenv.py
[2026-05-10T12:02:41.649+0000] {processor.py:830} INFO - Processing file /home/airflow/.local/lib/python3.12/site-packages/airflow/example_dags/tutorial_taskflow_api_virtualenv.py for tasks to queue
[2026-05-10T12:02:41.651+0000] {logging_mixin.py:188} INFO - [2026-05-10T12:02:41.651+0000] {dagbag.py:545} INFO - Filling up the DagBag from /home/airflow/.local/lib/python3.12/site-packages/airflow/example_dags/tutorial_taskflow_api_virtualenv.py
[2026-05-10T12:02:41.665+0000] {processor.py:840} INFO - DAG(s) 'tutorial_taskflow_api_virtualenv' retrieved from /home/airflow/.local/lib/python3.12/site-packages/airflow/example_dags/tutorial_taskflow_api_virtualenv.py
[2026-05-10T12:02:41.691+0000] {logging_mixin.py:188} INFO - [2026-05-10T12:02:41.691+0000] {dag.py:3089} INFO - Sync 1 DAGs
[2026-05-10T12:02:41.706+0000] {logging_mixin.py:188} INFO - [2026-05-10T12:02:41.706+0000] {dag.py:3947} INFO - Setting next_dagrun for tutorial_taskflow_api_virtualenv to None, run_after=None
[2026-05-10T12:02:41.726+0000] {processor.py:183} INFO - Processing /home/airflow/.local/lib/python3.12/site-packages/airflow/example_dags/tutorial_taskflow_api_virtualenv.py took 0.089 seconds
[2026-05-10T12:03:54.438+0000] {processor.py:161} INFO - Started process (PID=61) to work on /home/airflow/.local/lib/python3.12/site-packages/airflow/example_dags/tutorial_taskflow_api_virtualenv.py
[2026-05-10T12:03:54.439+0000] {processor.py:830} INFO - Processing file /home/airflow/.local/lib/python3.12/site-packages/airflow/example_dags/tutorial_taskflow_api_virtualenv.py for tasks to queue
[2026-05-10T12:03:54.441+0000] {logging_mixin.py:188} INFO - [2026-05-10T12:03:54.441+0000] {dagbag.py:545} INFO - Filling up the DagBag from /home/airflow/.local/lib/python3.12/site-packages/airflow/example_dags/tutorial_taskflow_api_virtualenv.py
[2026-05-10T12:03:54.461+0000] {processor.py:840} INFO - DAG(s) 'tutorial_taskflow_api_virtualenv' retrieved from /home/airflow/.local/lib/python3.12/site-packages/airflow/example_dags/tutorial_taskflow_api_virtualenv.py
[2026-05-10T12:03:54.475+0000] {logging_mixin.py:188} INFO - [2026-05-10T12:03:54.475+0000] {dag.py:3089} INFO - Sync 1 DAGs
[2026-05-10T12:03:54.487+0000] {logging_mixin.py:188} INFO - [2026-05-10T12:03:54.487+0000] {dag.py:3947} INFO - Setting next_dagrun for tutorial_taskflow_api_virtualenv to None, run_after=None
[2026-05-10T12:03:54.504+0000] {processor.py:183} INFO - Processing /home/airflow/.local/lib/python3.12/site-packages/airflow/example_dags/tutorial_taskflow_api_virtualenv.py took 0.073 seconds
[2026-05-10T12:04:24.895+0000] {processor.py:161} INFO - Started process (PID=121) to work on /home/airflow/.local/lib/python3.12/site-packages/airflow/example_dags/tutorial_taskflow_api_virtualenv.py
[2026-05-10T12:04:24.896+0000] {processor.py:830} INFO - Processing file /home/airflow/.local/lib/python3.12/site-packages/airflow/example_dags/tutorial_taskflow_api_virtualenv.py for tasks to queue
[2026-05-10T12:04:24.898+0000] {logging_mixin.py:188} INFO - [2026-05-10T12:04:24.898+0000] {dagbag.py:545} INFO - Filling up the DagBag from /home/airflow/.local/lib/python3.12/site-packages/airflow/example_dags/tutorial_taskflow_api_virtualenv.py
[2026-05-10T12:04:24.911+0000] {processor.py:840} INFO - DAG(s) 'tutorial_taskflow_api_virtualenv' retrieved from /home/airflow/.local/lib/python3.12/site-packages/airflow/example_dags/tutorial_taskflow_api_virtualenv.py
[2026-05-10T12:04:25.011+0000] {logging_mixin.py:188} INFO - [2026-05-10T12:04:25.011+0000] {dag.py:3089} INFO - Sync 1 DAGs
[2026-05-10T12:04:25.020+0000] {logging_mixin.py:188} INFO - [2026-05-10T12:04:25.020+0000] {dag.py:3947} INFO - Setting next_dagrun for tutorial_taskflow_api_virtualenv to None, run_after=None
[2026-05-10T12:04:25.037+0000] {processor.py:183} INFO - Processing /home/airflow/.local/lib/python3.12/site-packages/airflow/example_dags/tutorial_taskflow_api_virtualenv.py took 0.149 seconds
[2026-05-10T12:04:55.800+0000] {processor.py:161} INFO - Started process (PID=181) to work on /home/airflow/.local/lib/python3.12/site-packages/airflow/example_dags/tutorial_taskflow_api_virtualenv.py
[2026-05-10T12:04:55.801+0000] {processor.py:830} INFO - Processing file /home/airflow/.local/lib/python3.12/site-packages/airflow/example_dags/tutorial_taskflow_api_virtualenv.py for tasks to queue
[2026-05-10T12:04:55.803+0000] {logging_mixin.py:188} INFO - [2026-05-10T12:04:55.802+0000] {dagbag.py:545} INFO - Filling up the DagBag from /home/airflow/.local/lib/python3.12/site-packages/airflow/example_dags/tutorial_taskflow_api_virtualenv.py
[2026-05-10T12:04:55.812+0000] {processor.py:840} INFO - DAG(s) 'tutorial_taskflow_api_virtualenv' retrieved from /home/airflow/.local/lib/python3.12/site-packages/airflow/example_dags/tutorial_taskflow_api_virtualenv.py
[2026-05-10T12:04:55.831+0000] {logging_mixin.py:188} INFO - [2026-05-10T12:04:55.830+0000] {dag.py:3089} INFO - Sync 1 DAGs
[2026-05-10T12:04:55.841+0000] {logging_mixin.py:188} INFO - [2026-05-10T12:04:55.841+0000] {dag.py:3947} INFO - Setting next_dagrun for tutorial_taskflow_api_virtualenv to None, run_after=None
[2026-05-10T12:04:55.855+0000] {processor.py:183} INFO - Processing /home/airflow/.local/lib/python3.12/site-packages/airflow/example_dags/tutorial_taskflow_api_virtualenv.py took 0.061 seconds
[2026-05-10T12:05:26.434+0000] {processor.py:161} INFO - Started process (PID=241) to work on /home/airflow/.local/lib/python3.12/site-packages/airflow/example_dags/tutorial_taskflow_api_virtualenv.py
[2026-05-10T12:05:26.435+0000] {processor.py:830} INFO - Processing file /home/airflow/.local/lib/python3.12/site-packages/airflow/example_dags/tutorial_taskflow_api_virtualenv.py for tasks to queue
[2026-05-10T12:05:26.437+0000] {logging_mixin.py:188} INFO - [2026-05-10T12:05:26.437+0000] {dagbag.py:545} INFO - Filling up the DagBag from /home/airflow/.local/lib/python3.12/site-packages/airflow/example_dags/tutorial_taskflow_api_virtualenv.py
[2026-05-10T12:05:26.447+0000] {processor.py:840} INFO - DAG(s) 'tutorial_taskflow_api_virtualenv' retrieved from /home/airflow/.local/lib/python3.12/site-packages/airflow/example_dags/tutorial_taskflow_api_virtualenv.py
[2026-05-10T12:05:26.466+0000] {logging_mixin.py:188} INFO - [2026-05-10T12:05:26.466+0000] {dag.py:3089} INFO - Sync 1 DAGs
[2026-05-10T12:05:26.476+0000] {logging_mixin.py:188} INFO - [2026-05-10T12:05:26.476+0000] {dag.py:3947} INFO - Setting next_dagrun for tutorial_taskflow_api_virtualenv to None, run_after=None
[2026-05-10T12:05:26.494+0000] {processor.py:183} INFO - Processing /home/airflow/.local/lib/python3.12/site-packages/airflow/example_dags/tutorial_taskflow_api_virtualenv.py took 0.066 seconds
[2026-05-10T12:05:56.563+0000] {processor.py:161} INFO - Started process (PID=300) to work on /home/airflow/.local/lib/python3.12/site-packages/airflow/example_dags/tutorial_taskflow_api_virtualenv.py
[2026-05-10T12:05:56.563+0000] {processor.py:830} INFO - Processing file /home/airflow/.local/lib/python3.12/site-packages/airflow/example_dags/tutorial_taskflow_api_virtualenv.py for tasks to queue
[2026-05-10T12:05:56.566+0000] {logging_mixin.py:188} INFO - [2026-05-10T12:05:56.565+0000] {dagbag.py:545} INFO - Filling up the DagBag from /home/airflow/.local/lib/python3.12/site-packages/airflow/example_dags/tutorial_taskflow_api_virtualenv.py
[2026-05-10T12:05:56.580+0000] {processor.py:840} INFO - DAG(s) 'tutorial_taskflow_api_virtualenv' retrieved from /home/airflow/.local/lib/python3.12/site-packages/airflow/example_dags/tutorial_taskflow_api_virtualenv.py
[2026-05-10T12:05:56.604+0000] {logging_mixin.py:188} INFO - [2026-05-10T12:05:56.604+0000] {dag.py:3089} INFO - Sync 1 DAGs
[2026-05-10T12:05:56.617+0000] {logging_mixin.py:188} INFO - [2026-05-10T12:05:56.617+0000] {dag.py:3947} INFO - Setting next_dagrun for tutorial_taskflow_api_virtualenv to None, run_after=None
[2026-05-10T12:05:56.637+0000] {processor.py:183} INFO - Processing /home/airflow/.local/lib/python3.12/site-packages/airflow/example_dags/tutorial_taskflow_api_virtualenv.py took 0.081 seconds
[2026-05-10T12:06:26.978+0000] {processor.py:161} INFO - Started process (PID=360) to work on /home/airflow/.local/lib/python3.12/site-packages/airflow/example_dags/tutorial_taskflow_api_virtualenv.py
[2026-05-10T12:06:26.979+0000] {processor.py:830} INFO - Processing file /home/airflow/.local/lib/python3.12/site-packages/airflow/example_dags/tutorial_taskflow_api_virtualenv.py for tasks to queue
[2026-05-10T12:06:26.980+0000] {logging_mixin.py:188} INFO - [2026-05-10T12:06:26.980+0000] {dagbag.py:545} INFO - Filling up the DagBag from /home/airflow/.local/lib/python3.12/site-packages/airflow/example_dags/tutorial_taskflow_api_virtualenv.py
[2026-05-10T12:06:26.988+0000] {processor.py:840} INFO - DAG(s) 'tutorial_taskflow_api_virtualenv' retrieved from /home/airflow/.local/lib/python3.12/site-packages/airflow/example_dags/tutorial_taskflow_api_virtualenv.py
[2026-05-10T12:06:27.005+0000] {logging_mixin.py:188} INFO - [2026-05-10T12:06:27.005+0000] {dag.py:3089} INFO - Sync 1 DAGs
[2026-05-10T12:06:27.014+0000] {logging_mixin.py:188} INFO - [2026-05-10T12:06:27.014+0000] {dag.py:3947} INFO - Setting next_dagrun for tutorial_taskflow_api_virtualenv to None, run_after=None
[2026-05-10T12:06:27.027+0000] {processor.py:183} INFO - Processing /home/airflow/.local/lib/python3.12/site-packages/airflow/example_dags/tutorial_taskflow_api_virtualenv.py took 0.055 seconds
[2026-05-10T12:06:57.343+0000] {processor.py:161} INFO - Started process (PID=420) to work on /home/airflow/.local/lib/python3.12/site-packages/airflow/example_dags/tutorial_taskflow_api_virtualenv.py
[2026-05-10T12:06:57.344+0000] {processor.py:830} INFO - Processing file /home/airflow/.local/lib/python3.12/site-packages/airflow/example_dags/tutorial_taskflow_api_virtualenv.py for tasks to queue
[2026-05-10T12:06:57.345+0000] {logging_mixin.py:188} INFO - [2026-05-10T12:06:57.345+0000] {dagbag.py:545} INFO - Filling up the DagBag from /home/airflow/.local/lib/python3.12/site-packages/airflow/example_dags/tutorial_taskflow_api_virtualenv.py
[2026-05-10T12:06:57.356+0000] {processor.py:840} INFO - DAG(s) 'tutorial_taskflow_api_virtualenv' retrieved from /home/airflow/.local/lib/python3.12/site-packages/airflow/example_dags/tutorial_taskflow_api_virtualenv.py
[2026-05-10T12:06:57.374+0000] {logging_mixin.py:188} INFO - [2026-05-10T12:06:57.374+0000] {dag.py:3089} INFO - Sync 1 DAGs
[2026-05-10T12:06:57.384+0000] {logging_mixin.py:188} INFO - [2026-05-10T12:06:57.384+0000] {dag.py:3947} INFO - Setting next_dagrun for tutorial_taskflow_api_virtualenv to None, run_after=None
[2026-05-10T12:06:57.397+0000] {processor.py:183} INFO - Processing /home/airflow/.local/lib/python3.12/site-packages/airflow/example_dags/tutorial_taskflow_api_virtualenv.py took 0.060 seconds
[2026-05-10T12:07:27.511+0000] {processor.py:161} INFO - Started process (PID=480) to work on /home/airflow/.local/lib/python3.12/site-packages/airflow/example_dags/tutorial_taskflow_api_virtualenv.py
[2026-05-10T12:07:27.511+0000] {processor.py:830} INFO - Processing file /home/airflow/.local/lib/python3.12/site-packages/airflow/example_dags/tutorial_taskflow_api_virtualenv.py for tasks to queue
[2026-05-10T12:07:27.513+0000] {logging_mixin.py:188} INFO - [2026-05-10T12:07:27.513+0000] {dagbag.py:545} INFO - Filling up the DagBag from /home/airflow/.local/lib/python3.12/site-packages/airflow/example_dags/tutorial_taskflow_api_virtualenv.py
[2026-05-10T12:07:27.521+0000] {processor.py:840} INFO - DAG(s) 'tutorial_taskflow_api_virtualenv' retrieved from /home/airflow/.local/lib/python3.12/site-packages/airflow/example_dags/tutorial_taskflow_api_virtualenv.py
[2026-05-10T12:07:27.537+0000] {logging_mixin.py:188} INFO - [2026-05-10T12:07:27.537+0000] {dag.py:3089} INFO - Sync 1 DAGs
[2026-05-10T12:07:27.546+0000] {logging_mixin.py:188} INFO - [2026-05-10T12:07:27.545+0000] {dag.py:3947} INFO - Setting next_dagrun for tutorial_taskflow_api_virtualenv to None, run_after=None
[2026-05-10T12:07:27.557+0000] {processor.py:183} INFO - Processing /home/airflow/.local/lib/python3.12/site-packages/airflow/example_dags/tutorial_taskflow_api_virtualenv.py took 0.052 seconds
[2026-05-10T12:07:57.862+0000] {processor.py:161} INFO - Started process (PID=540) to work on /home/airflow/.local/lib/python3.12/site-packages/airflow/example_dags/tutorial_taskflow_api_virtualenv.py
[2026-05-10T12:07:57.864+0000] {processor.py:830} INFO - Processing file /home/airflow/.local/lib/python3.12/site-packages/airflow/example_dags/tutorial_taskflow_api_virtualenv.py for tasks to queue
[2026-05-10T12:07:57.866+0000] {logging_mixin.py:188} INFO - [2026-05-10T12:07:57.866+0000] {dagbag.py:545} INFO - Filling up the DagBag from /home/airflow/.local/lib/python3.12/site-packages/airflow/example_dags/tutorial_taskflow_api_virtualenv.py
[2026-05-10T12:07:57.875+0000] {processor.py:840} INFO - DAG(s) 'tutorial_taskflow_api_virtualenv' retrieved from /home/airflow/.local/lib/python3.12/site-packages/airflow/example_dags/tutorial_taskflow_api_virtualenv.py
[2026-05-10T12:07:57.895+0000] {logging_mixin.py:188} INFO - [2026-05-10T12:07:57.894+0000] {dag.py:3089} INFO - Sync 1 DAGs
[2026-05-10T12:07:57.906+0000] {logging_mixin.py:188} INFO - [2026-05-10T12:07:57.906+0000] {dag.py:3947} INFO - Setting next_dagrun for tutorial_taskflow_api_virtualenv to None, run_after=None
[2026-05-10T12:07:57.922+0000] {processor.py:183} INFO - Processing /home/airflow/.local/lib/python3.12/site-packages/airflow/example_dags/tutorial_taskflow_api_virtualenv.py took 0.067 seconds
[2026-05-10T12:08:28.024+0000] {processor.py:161} INFO - Started process (PID=600) to work on /home/airflow/.local/lib/python3.12/site-packages/airflow/example_dags/tutorial_taskflow_api_virtualenv.py
[2026-05-10T12:08:28.025+0000] {processor.py:830} INFO - Processing file /home/airflow/.local/lib/python3.12/site-packages/airflow/example_dags/tutorial_taskflow_api_virtualenv.py for tasks to queue
[2026-05-10T12:08:28.027+0000] {logging_mixin.py:188} INFO - [2026-05-10T12:08:28.027+0000] {dagbag.py:545} INFO - Filling up the DagBag from /home/airflow/.local/lib/python3.12/site-packages/airflow/example_dags/tutorial_taskflow_api_virtualenv.py
[2026-05-10T12:08:28.037+0000] {processor.py:840} INFO - DAG(s) 'tutorial_taskflow_api_virtualenv' retrieved from /home/airflow/.local/lib/python3.12/site-packages/airflow/example_dags/tutorial_taskflow_api_virtualenv.py
[2026-05-10T12:08:28.056+0000] {logging_mixin.py:188} INFO - [2026-05-10T12:08:28.056+0000] {dag.py:3089} INFO - Sync 1 DAGs
[2026-05-10T12:08:28.067+0000] {logging_mixin.py:188} INFO - [2026-05-10T12:08:28.066+0000] {dag.py:3947} INFO - Setting next_dagrun for tutorial_taskflow_api_virtualenv to None, run_after=None
[2026-05-10T12:08:28.082+0000] {processor.py:183} INFO - Processing /home/airflow/.local/lib/python3.12/site-packages/airflow/example_dags/tutorial_taskflow_api_virtualenv.py took 0.065 seconds
[2026-05-10T12:08:58.148+0000] {processor.py:161} INFO - Started process (PID=660) to work on /home/airflow/.local/lib/python3.12/site-packages/airflow/example_dags/tutorial_taskflow_api_virtualenv.py
[2026-05-10T12:08:58.149+0000] {processor.py:830} INFO - Processing file /home/airflow/.local/lib/python3.12/site-packages/airflow/example_dags/tutorial_taskflow_api_virtualenv.py for tasks to queue
[2026-05-10T12:08:58.151+0000] {logging_mixin.py:188} INFO - [2026-05-10T12:08:58.151+0000] {dagbag.py:545} INFO - Filling up the DagBag from /home/airflow/.local/lib/python3.12/site-packages/airflow/example_dags/tutorial_taskflow_api_virtualenv.py
[2026-05-10T12:08:58.159+0000] {processor.py:840} INFO - DAG(s) 'tutorial_taskflow_api_virtualenv' retrieved from /home/airflow/.local/lib/python3.12/site-packages/airflow/example_dags/tutorial_taskflow_api_virtualenv.py
[2026-05-10T12:08:58.177+0000] {logging_mixin.py:188} INFO - [2026-05-10T12:08:58.177+0000] {dag.py:3089} INFO - Sync 1 DAGs
[2026-05-10T12:08:58.186+0000] {logging_mixin.py:188} INFO - [2026-05-10T12:08:58.186+0000] {dag.py:3947} INFO - Setting next_dagrun for tutorial_taskflow_api_virtualenv to None, run_after=None
[2026-05-10T12:08:58.197+0000] {processor.py:183} INFO - Processing /home/airflow/.local/lib/python3.12/site-packages/airflow/example_dags/tutorial_taskflow_api_virtualenv.py took 0.055 seconds
[2026-05-10T12:09:28.455+0000] {processor.py:161} INFO - Started process (PID=720) to work on /home/airflow/.local/lib/python3.12/site-packages/airflow/example_dags/tutorial_taskflow_api_virtualenv.py
[2026-05-10T12:09:28.456+0000] {processor.py:830} INFO - Processing file /home/airflow/.local/lib/python3.12/site-packages/airflow/example_dags/tutorial_taskflow_api_virtualenv.py for tasks to queue
[2026-05-10T12:09:28.457+0000] {logging_mixin.py:188} INFO - [2026-05-10T12:09:28.457+0000] {dagbag.py:545} INFO - Filling up the DagBag from /home/airflow/.local/lib/python3.12/site-packages/airflow/example_dags/tutorial_taskflow_api_virtualenv.py
[2026-05-10T12:09:28.466+0000] {processor.py:840} INFO - DAG(s) 'tutorial_taskflow_api_virtualenv' retrieved from /home/airflow/.local/lib/python3.12/site-packages/airflow/example_dags/tutorial_taskflow_api_virtualenv.py
[2026-05-10T12:09:28.483+0000] {logging_mixin.py:188} INFO - [2026-05-10T12:09:28.483+0000] {dag.py:3089} INFO - Sync 1 DAGs
[2026-05-10T12:09:28.491+0000] {logging_mixin.py:188} INFO - [2026-05-10T12:09:28.491+0000] {dag.py:3947} INFO - Setting next_dagrun for tutorial_taskflow_api_virtualenv to None, run_after=None
[2026-05-10T12:09:28.503+0000] {processor.py:183} INFO - Processing /home/airflow/.local/lib/python3.12/site-packages/airflow/example_dags/tutorial_taskflow_api_virtualenv.py took 0.054 seconds
[2026-05-10T12:09:58.560+0000] {processor.py:161} INFO - Started process (PID=780) to work on /home/airflow/.local/lib/python3.12/site-packages/airflow/example_dags/tutorial_taskflow_api_virtualenv.py
[2026-05-10T12:09:58.561+0000] {processor.py:830} INFO - Processing file /home/airflow/.local/lib/python3.12/site-packages/airflow/example_dags/tutorial_taskflow_api_virtualenv.py for tasks to queue
[2026-05-10T12:09:58.563+0000] {logging_mixin.py:188} INFO - [2026-05-10T12:09:58.563+0000] {dagbag.py:545} INFO - Filling up the DagBag from /home/airflow/.local/lib/python3.12/site-packages/airflow/example_dags/tutorial_taskflow_api_virtualenv.py
[2026-05-10T12:09:58.573+0000] {processor.py:840} INFO - DAG(s) 'tutorial_taskflow_api_virtualenv' retrieved from /home/airflow/.local/lib/python3.12/site-packages/airflow/example_dags/tutorial_taskflow_api_virtualenv.py
[2026-05-10T12:09:58.591+0000] {logging_mixin.py:188} INFO - [2026-05-10T12:09:58.590+0000] {dag.py:3089} INFO - Sync 1 DAGs
[2026-05-10T12:09:58.601+0000] {logging_mixin.py:188} INFO - [2026-05-10T12:09:58.601+0000] {dag.py:3947} INFO - Setting next_dagrun for tutorial_taskflow_api_virtualenv to None, run_after=None
[2026-05-10T12:09:58.615+0000] {processor.py:183} INFO - Processing /home/airflow/.local/lib/python3.12/site-packages/airflow/example_dags/tutorial_taskflow_api_virtualenv.py took 0.062 seconds
[2026-05-10T12:10:28.804+0000] {processor.py:161} INFO - Started process (PID=840) to work on /home/airflow/.local/lib/python3.12/site-packages/airflow/example_dags/tutorial_taskflow_api_virtualenv.py
[2026-05-10T12:10:28.805+0000] {processor.py:830} INFO - Processing file /home/airflow/.local/lib/python3.12/site-packages/airflow/example_dags/tutorial_taskflow_api_virtualenv.py for tasks to queue
[2026-05-10T12:10:28.808+0000] {logging_mixin.py:188} INFO - [2026-05-10T12:10:28.807+0000] {dagbag.py:545} INFO - Filling up the DagBag from /home/airflow/.local/lib/python3.12/site-packages/airflow/example_dags/tutorial_taskflow_api_virtualenv.py
[2026-05-10T12:10:28.817+0000] {processor.py:840} INFO - DAG(s) 'tutorial_taskflow_api_virtualenv' retrieved from /home/airflow/.local/lib/python3.12/site-packages/airflow/example_dags/tutorial_taskflow_api_virtualenv.py
[2026-05-10T12:10:28.834+0000] {logging_mixin.py:188} INFO - [2026-05-10T12:10:28.834+0000] {dag.py:3089} INFO - Sync 1 DAGs
[2026-05-10T12:10:28.843+0000] {logging_mixin.py:188} INFO - [2026-05-10T12:10:28.843+0000] {dag.py:3947} INFO - Setting next_dagrun for tutorial_taskflow_api_virtualenv to None, run_after=None
[2026-05-10T12:10:28.855+0000] {processor.py:183} INFO - Processing /home/airflow/.local/lib/python3.12/site-packages/airflow/example_dags/tutorial_taskflow_api_virtualenv.py took 0.056 seconds
[2026-05-10T12:10:58.957+0000] {processor.py:161} INFO - Started process (PID=900) to work on /home/airflow/.local/lib/python3.12/site-packages/airflow/example_dags/tutorial_taskflow_api_virtualenv.py
[2026-05-10T12:10:58.958+0000] {processor.py:830} INFO - Processing file /home/airflow/.local/lib/python3.12/site-packages/airflow/example_dags/tutorial_taskflow_api_virtualenv.py for tasks to queue
[2026-05-10T12:10:58.960+0000] {logging_mixin.py:188} INFO - [2026-05-10T12:10:58.959+0000] {dagbag.py:545} INFO - Filling up the DagBag from /home/airflow/.local/lib/python3.12/site-packages/airflow/example_dags/tutorial_taskflow_api_virtualenv.py
[2026-05-10T12:10:58.968+0000] {processor.py:840} INFO - DAG(s) 'tutorial_taskflow_api_virtualenv' retrieved from /home/airflow/.local/lib/python3.12/site-packages/airflow/example_dags/tutorial_taskflow_api_virtualenv.py
[2026-05-10T12:10:58.983+0000] {logging_mixin.py:188} INFO - [2026-05-10T12:10:58.983+0000] {dag.py:3089} INFO - Sync 1 DAGs
[2026-05-10T12:10:58.991+0000] {logging_mixin.py:188} INFO - [2026-05-10T12:10:58.991+0000] {dag.py:3947} INFO - Setting next_dagrun for tutorial_taskflow_api_virtualenv to None, run_after=None
[2026-05-10T12:10:59.003+0000] {processor.py:183} INFO - Processing /home/airflow/.local/lib/python3.12/site-packages/airflow/example_dags/tutorial_taskflow_api_virtualenv.py took 0.051 seconds
[2026-05-10T12:11:29.082+0000] {processor.py:161} INFO - Started process (PID=960) to work on /home/airflow/.local/lib/python3.12/site-packages/airflow/example_dags/tutorial_taskflow_api_virtualenv.py
[2026-05-10T12:11:29.083+0000] {processor.py:830} INFO - Processing file /home/airflow/.local/lib/python3.12/site-packages/airflow/example_dags/tutorial_taskflow_api_virtualenv.py for tasks to queue
[2026-05-10T12:11:29.084+0000] {logging_mixin.py:188} INFO - [2026-05-10T12:11:29.084+0000] {dagbag.py:545} INFO - Filling up the DagBag from /home/airflow/.local/lib/python3.12/site-packages/airflow/example_dags/tutorial_taskflow_api_virtualenv.py
[2026-05-10T12:11:29.093+0000] {processor.py:840} INFO - DAG(s) 'tutorial_taskflow_api_virtualenv' retrieved from /home/airflow/.local/lib/python3.12/site-packages/airflow/example_dags/tutorial_taskflow_api_virtualenv.py
[2026-05-10T12:11:29.110+0000] {logging_mixin.py:188} INFO - [2026-05-10T12:11:29.110+0000] {dag.py:3089} INFO - Sync 1 DAGs
[2026-05-10T12:11:29.119+0000] {logging_mixin.py:188} INFO - [2026-05-10T12:11:29.119+0000] {dag.py:3947} INFO - Setting next_dagrun for tutorial_taskflow_api_virtualenv to None, run_after=None
[2026-05-10T12:11:29.132+0000] {processor.py:183} INFO - Processing /home/airflow/.local/lib/python3.12/site-packages/airflow/example_dags/tutorial_taskflow_api_virtualenv.py took 0.055 seconds
[2026-05-10T12:11:59.251+0000] {processor.py:161} INFO - Started process (PID=1020) to work on /home/airflow/.local/lib/python3.12/site-packages/airflow/example_dags/tutorial_taskflow_api_virtualenv.py
[2026-05-10T12:11:59.252+0000] {processor.py:830} INFO - Processing file /home/airflow/.local/lib/python3.12/site-packages/airflow/example_dags/tutorial_taskflow_api_virtualenv.py for tasks to queue
[2026-05-10T12:11:59.253+0000] {logging_mixin.py:188} INFO - [2026-05-10T12:11:59.253+0000] {dagbag.py:545} INFO - Filling up the DagBag from /home/airflow/.local/lib/python3.12/site-packages/airflow/example_dags/tutorial_taskflow_api_virtualenv.py
[2026-05-10T12:11:59.261+0000] {processor.py:840} INFO - DAG(s) 'tutorial_taskflow_api_virtualenv' retrieved from /home/airflow/.local/lib/python3.12/site-packages/airflow/example_dags/tutorial_taskflow_api_virtualenv.py
[2026-05-10T12:11:59.278+0000] {logging_mixin.py:188} INFO - [2026-05-10T12:11:59.278+0000] {dag.py:3089} INFO - Sync 1 DAGs
[2026-05-10T12:11:59.287+0000] {logging_mixin.py:188} INFO - [2026-05-10T12:11:59.286+0000] {dag.py:3947} INFO - Setting next_dagrun for tutorial_taskflow_api_virtualenv to None, run_after=None
[2026-05-10T12:11:59.298+0000] {processor.py:183} INFO - Processing /home/airflow/.local/lib/python3.12/site-packages/airflow/example_dags/tutorial_taskflow_api_virtualenv.py took 0.053 seconds
[2026-05-10T12:12:29.426+0000] {processor.py:161} INFO - Started process (PID=1080) to work on /home/airflow/.local/lib/python3.12/site-packages/airflow/example_dags/tutorial_taskflow_api_virtualenv.py
[2026-05-10T12:12:29.427+0000] {processor.py:830} INFO - Processing file /home/airflow/.local/lib/python3.12/site-packages/airflow/example_dags/tutorial_taskflow_api_virtualenv.py for tasks to queue
[2026-05-10T12:12:29.429+0000] {logging_mixin.py:188} INFO - [2026-05-10T12:12:29.428+0000] {dagbag.py:545} INFO - Filling up the DagBag from /home/airflow/.local/lib/python3.12/site-packages/airflow/example_dags/tutorial_taskflow_api_virtualenv.py
[2026-05-10T12:12:29.437+0000] {processor.py:840} INFO - DAG(s) 'tutorial_taskflow_api_virtualenv' retrieved from /home/airflow/.local/lib/python3.12/site-packages/airflow/example_dags/tutorial_taskflow_api_virtualenv.py
[2026-05-10T12:12:29.453+0000] {logging_mixin.py:188} INFO - [2026-05-10T12:12:29.453+0000] {dag.py:3089} INFO - Sync 1 DAGs
[2026-05-10T12:12:29.462+0000] {logging_mixin.py:188} INFO - [2026-05-10T12:12:29.462+0000] {dag.py:3947} INFO - Setting next_dagrun for tutorial_taskflow_api_virtualenv to None, run_after=None
[2026-05-10T12:12:29.475+0000] {processor.py:183} INFO - Processing /home/airflow/.local/lib/python3.12/site-packages/airflow/example_dags/tutorial_taskflow_api_virtualenv.py took 0.054 seconds
[2026-05-10T12:12:59.770+0000] {processor.py:161} INFO - Started process (PID=1140) to work on /home/airflow/.local/lib/python3.12/site-packages/airflow/example_dags/tutorial_taskflow_api_virtualenv.py
[2026-05-10T12:12:59.771+0000] {processor.py:830} INFO - Processing file /home/airflow/.local/lib/python3.12/site-packages/airflow/example_dags/tutorial_taskflow_api_virtualenv.py for tasks to queue
[2026-05-10T12:12:59.772+0000] {logging_mixin.py:188} INFO - [2026-05-10T12:12:59.772+0000] {dagbag.py:545} INFO - Filling up the DagBag from /home/airflow/.local/lib/python3.12/site-packages/airflow/example_dags/tutorial_taskflow_api_virtualenv.py
[2026-05-10T12:12:59.781+0000] {processor.py:840} INFO - DAG(s) 'tutorial_taskflow_api_virtualenv' retrieved from /home/airflow/.local/lib/python3.12/site-packages/airflow/example_dags/tutorial_taskflow_api_virtualenv.py
[2026-05-10T12:12:59.798+0000] {logging_mixin.py:188} INFO - [2026-05-10T12:12:59.798+0000] {dag.py:3089} INFO - Sync 1 DAGs
[2026-05-10T12:12:59.809+0000] {logging_mixin.py:188} INFO - [2026-05-10T12:12:59.809+0000] {dag.py:3947} INFO - Setting next_dagrun for tutorial_taskflow_api_virtualenv to None, run_after=None
[2026-05-10T12:12:59.825+0000] {processor.py:183} INFO - Processing /home/airflow/.local/lib/python3.12/site-packages/airflow/example_dags/tutorial_taskflow_api_virtualenv.py took 0.062 seconds
[2026-05-10T12:13:30.258+0000] {processor.py:161} INFO - Started process (PID=1200) to work on /home/airflow/.local/lib/python3.12/site-packages/airflow/example_dags/tutorial_taskflow_api_virtualenv.py
[2026-05-10T12:13:30.259+0000] {processor.py:830} INFO - Processing file /home/airflow/.local/lib/python3.12/site-packages/airflow/example_dags/tutorial_taskflow_api_virtualenv.py for tasks to queue
[2026-05-10T12:13:30.260+0000] {logging_mixin.py:188} INFO - [2026-05-10T12:13:30.260+0000] {dagbag.py:545} INFO - Filling up the DagBag from /home/airflow/.local/lib/python3.12/site-packages/airflow/example_dags/tutorial_taskflow_api_virtualenv.py
[2026-05-10T12:13:30.269+0000] {processor.py:840} INFO - DAG(s) 'tutorial_taskflow_api_virtualenv' retrieved from /home/airflow/.local/lib/python3.12/site-packages/airflow/example_dags/tutorial_taskflow_api_virtualenv.py
[2026-05-10T12:13:30.288+0000] {logging_mixin.py:188} INFO - [2026-05-10T12:13:30.288+0000] {dag.py:3089} INFO - Sync 1 DAGs
[2026-05-10T12:13:30.297+0000] {logging_mixin.py:188} INFO - [2026-05-10T12:13:30.297+0000] {dag.py:3947} INFO - Setting next_dagrun for tutorial_taskflow_api_virtualenv to None, run_after=None
[2026-05-10T12:13:30.310+0000] {processor.py:183} INFO - Processing /home/airflow/.local/lib/python3.12/site-packages/airflow/example_dags/tutorial_taskflow_api_virtualenv.py took 0.057 seconds
[2026-05-10T12:15:54.292+0000] {processor.py:161} INFO - Started process (PID=61) to work on /home/airflow/.local/lib/python3.12/site-packages/airflow/example_dags/tutorial_taskflow_api_virtualenv.py
[2026-05-10T12:15:54.294+0000] {processor.py:830} INFO - Processing file /home/airflow/.local/lib/python3.12/site-packages/airflow/example_dags/tutorial_taskflow_api_virtualenv.py for tasks to queue
[2026-05-10T12:15:54.297+0000] {logging_mixin.py:188} INFO - [2026-05-10T12:15:54.296+0000] {dagbag.py:545} INFO - Filling up the DagBag from /home/airflow/.local/lib/python3.12/site-packages/airflow/example_dags/tutorial_taskflow_api_virtualenv.py
[2026-05-10T12:15:54.322+0000] {processor.py:840} INFO - DAG(s) 'tutorial_taskflow_api_virtualenv' retrieved from /home/airflow/.local/lib/python3.12/site-packages/airflow/example_dags/tutorial_taskflow_api_virtualenv.py
[2026-05-10T12:15:54.340+0000] {logging_mixin.py:188} INFO - [2026-05-10T12:15:54.339+0000] {dag.py:3089} INFO - Sync 1 DAGs
[2026-05-10T12:15:54.360+0000] {logging_mixin.py:188} INFO - [2026-05-10T12:15:54.360+0000] {dag.py:3947} INFO - Setting next_dagrun for tutorial_taskflow_api_virtualenv to None, run_after=None
[2026-05-10T12:15:54.389+0000] {processor.py:183} INFO - Processing /home/airflow/.local/lib/python3.12/site-packages/airflow/example_dags/tutorial_taskflow_api_virtualenv.py took 0.106 seconds
[2026-05-10T12:16:25.534+0000] {processor.py:161} INFO - Started process (PID=121) to work on /home/airflow/.local/lib/python3.12/site-packages/airflow/example_dags/tutorial_taskflow_api_virtualenv.py
[2026-05-10T12:16:25.535+0000] {processor.py:830} INFO - Processing file /home/airflow/.local/lib/python3.12/site-packages/airflow/example_dags/tutorial_taskflow_api_virtualenv.py for tasks to queue
[2026-05-10T12:16:25.536+0000] {logging_mixin.py:188} INFO - [2026-05-10T12:16:25.536+0000] {dagbag.py:545} INFO - Filling up the DagBag from /home/airflow/.local/lib/python3.12/site-packages/airflow/example_dags/tutorial_taskflow_api_virtualenv.py
[2026-05-10T12:16:25.545+0000] {processor.py:840} INFO - DAG(s) 'tutorial_taskflow_api_virtualenv' retrieved from /home/airflow/.local/lib/python3.12/site-packages/airflow/example_dags/tutorial_taskflow_api_virtualenv.py
[2026-05-10T12:16:25.636+0000] {logging_mixin.py:188} INFO - [2026-05-10T12:16:25.635+0000] {dag.py:3089} INFO - Sync 1 DAGs
[2026-05-10T12:16:25.643+0000] {logging_mixin.py:188} INFO - [2026-05-10T12:16:25.643+0000] {dag.py:3947} INFO - Setting next_dagrun for tutorial_taskflow_api_virtualenv to None, run_after=None
[2026-05-10T12:16:25.657+0000] {processor.py:183} INFO - Processing /home/airflow/.local/lib/python3.12/site-packages/airflow/example_dags/tutorial_taskflow_api_virtualenv.py took 0.129 seconds
[2026-05-10T12:16:56.307+0000] {processor.py:161} INFO - Started process (PID=181) to work on /home/airflow/.local/lib/python3.12/site-packages/airflow/example_dags/tutorial_taskflow_api_virtualenv.py
[2026-05-10T12:16:56.308+0000] {processor.py:830} INFO - Processing file /home/airflow/.local/lib/python3.12/site-packages/airflow/example_dags/tutorial_taskflow_api_virtualenv.py for tasks to queue
[2026-05-10T12:16:56.309+0000] {logging_mixin.py:188} INFO - [2026-05-10T12:16:56.309+0000] {dagbag.py:545} INFO - Filling up the DagBag from /home/airflow/.local/lib/python3.12/site-packages/airflow/example_dags/tutorial_taskflow_api_virtualenv.py
[2026-05-10T12:16:56.318+0000] {processor.py:840} INFO - DAG(s) 'tutorial_taskflow_api_virtualenv' retrieved from /home/airflow/.local/lib/python3.12/site-packages/airflow/example_dags/tutorial_taskflow_api_virtualenv.py
[2026-05-10T12:16:56.335+0000] {logging_mixin.py:188} INFO - [2026-05-10T12:16:56.335+0000] {dag.py:3089} INFO - Sync 1 DAGs
[2026-05-10T12:16:56.345+0000] {logging_mixin.py:188} INFO - [2026-05-10T12:16:56.345+0000] {dag.py:3947} INFO - Setting next_dagrun for tutorial_taskflow_api_virtualenv to None, run_after=None
[2026-05-10T12:16:56.361+0000] {processor.py:183} INFO - Processing /home/airflow/.local/lib/python3.12/site-packages/airflow/example_dags/tutorial_taskflow_api_virtualenv.py took 0.060 seconds
[2026-05-10T12:17:26.540+0000] {processor.py:161} INFO - Started process (PID=241) to work on /home/airflow/.local/lib/python3.12/site-packages/airflow/example_dags/tutorial_taskflow_api_virtualenv.py
[2026-05-10T12:17:26.541+0000] {processor.py:830} INFO - Processing file /home/airflow/.local/lib/python3.12/site-packages/airflow/example_dags/tutorial_taskflow_api_virtualenv.py for tasks to queue
[2026-05-10T12:17:26.543+0000] {logging_mixin.py:188} INFO - [2026-05-10T12:17:26.543+0000] {dagbag.py:545} INFO - Filling up the DagBag from /home/airflow/.local/lib/python3.12/site-packages/airflow/example_dags/tutorial_taskflow_api_virtualenv.py
[2026-05-10T12:17:26.553+0000] {processor.py:840} INFO - DAG(s) 'tutorial_taskflow_api_virtualenv' retrieved from /home/airflow/.local/lib/python3.12/site-packages/airflow/example_dags/tutorial_taskflow_api_virtualenv.py
[2026-05-10T12:17:26.571+0000] {logging_mixin.py:188} INFO - [2026-05-10T12:17:26.571+0000] {dag.py:3089} INFO - Sync 1 DAGs
[2026-05-10T12:17:26.582+0000] {logging_mixin.py:188} INFO - [2026-05-10T12:17:26.582+0000] {dag.py:3947} INFO - Setting next_dagrun for tutorial_taskflow_api_virtualenv to None, run_after=None
[2026-05-10T12:17:26.597+0000] {processor.py:183} INFO - Processing /home/airflow/.local/lib/python3.12/site-packages/airflow/example_dags/tutorial_taskflow_api_virtualenv.py took 0.062 seconds
[2026-05-10T12:17:57.693+0000] {processor.py:161} INFO - Started process (PID=301) to work on /home/airflow/.local/lib/python3.12/site-packages/airflow/example_dags/tutorial_taskflow_api_virtualenv.py
[2026-05-10T12:17:57.693+0000] {processor.py:830} INFO - Processing file /home/airflow/.local/lib/python3.12/site-packages/airflow/example_dags/tutorial_taskflow_api_virtualenv.py for tasks to queue
[2026-05-10T12:17:57.696+0000] {logging_mixin.py:188} INFO - [2026-05-10T12:17:57.695+0000] {dagbag.py:545} INFO - Filling up the DagBag from /home/airflow/.local/lib/python3.12/site-packages/airflow/example_dags/tutorial_taskflow_api_virtualenv.py
[2026-05-10T12:17:57.706+0000] {processor.py:840} INFO - DAG(s) 'tutorial_taskflow_api_virtualenv' retrieved from /home/airflow/.local/lib/python3.12/site-packages/airflow/example_dags/tutorial_taskflow_api_virtualenv.py
[2026-05-10T12:17:57.725+0000] {logging_mixin.py:188} INFO - [2026-05-10T12:17:57.724+0000] {dag.py:3089} INFO - Sync 1 DAGs
[2026-05-10T12:17:57.735+0000] {logging_mixin.py:188} INFO - [2026-05-10T12:17:57.734+0000] {dag.py:3947} INFO - Setting next_dagrun for tutorial_taskflow_api_virtualenv to None, run_after=None
[2026-05-10T12:17:57.748+0000] {processor.py:183} INFO - Processing /home/airflow/.local/lib/python3.12/site-packages/airflow/example_dags/tutorial_taskflow_api_virtualenv.py took 0.065 seconds
[2026-05-10T12:18:27.849+0000] {processor.py:161} INFO - Started process (PID=361) to work on /home/airflow/.local/lib/python3.12/site-packages/airflow/example_dags/tutorial_taskflow_api_virtualenv.py
[2026-05-10T12:18:27.850+0000] {processor.py:830} INFO - Processing file /home/airflow/.local/lib/python3.12/site-packages/airflow/example_dags/tutorial_taskflow_api_virtualenv.py for tasks to queue
[2026-05-10T12:18:27.852+0000] {logging_mixin.py:188} INFO - [2026-05-10T12:18:27.851+0000] {dagbag.py:545} INFO - Filling up the DagBag from /home/airflow/.local/lib/python3.12/site-packages/airflow/example_dags/tutorial_taskflow_api_virtualenv.py
[2026-05-10T12:18:27.860+0000] {processor.py:840} INFO - DAG(s) 'tutorial_taskflow_api_virtualenv' retrieved from /home/airflow/.local/lib/python3.12/site-packages/airflow/example_dags/tutorial_taskflow_api_virtualenv.py
[2026-05-10T12:18:27.878+0000] {logging_mixin.py:188} INFO - [2026-05-10T12:18:27.878+0000] {dag.py:3089} INFO - Sync 1 DAGs
[2026-05-10T12:18:27.890+0000] {logging_mixin.py:188} INFO - [2026-05-10T12:18:27.890+0000] {dag.py:3947} INFO - Setting next_dagrun for tutorial_taskflow_api_virtualenv to None, run_after=None
[2026-05-10T12:18:27.907+0000] {processor.py:183} INFO - Processing /home/airflow/.local/lib/python3.12/site-packages/airflow/example_dags/tutorial_taskflow_api_virtualenv.py took 0.064 seconds
[2026-05-10T12:18:58.269+0000] {processor.py:161} INFO - Started process (PID=426) to work on /home/airflow/.local/lib/python3.12/site-packages/airflow/example_dags/tutorial_taskflow_api_virtualenv.py
[2026-05-10T12:18:58.271+0000] {processor.py:830} INFO - Processing file /home/airflow/.local/lib/python3.12/site-packages/airflow/example_dags/tutorial_taskflow_api_virtualenv.py for tasks to queue
[2026-05-10T12:18:58.273+0000] {logging_mixin.py:188} INFO - [2026-05-10T12:18:58.273+0000] {dagbag.py:545} INFO - Filling up the DagBag from /home/airflow/.local/lib/python3.12/site-packages/airflow/example_dags/tutorial_taskflow_api_virtualenv.py
[2026-05-10T12:18:58.281+0000] {processor.py:840} INFO - DAG(s) 'tutorial_taskflow_api_virtualenv' retrieved from /home/airflow/.local/lib/python3.12/site-packages/airflow/example_dags/tutorial_taskflow_api_virtualenv.py
[2026-05-10T12:18:58.300+0000] {logging_mixin.py:188} INFO - [2026-05-10T12:18:58.299+0000] {dag.py:3089} INFO - Sync 1 DAGs
[2026-05-10T12:18:58.310+0000] {logging_mixin.py:188} INFO - [2026-05-10T12:18:58.310+0000] {dag.py:3947} INFO - Setting next_dagrun for tutorial_taskflow_api_virtualenv to None, run_after=None
[2026-05-10T12:18:58.325+0000] {processor.py:183} INFO - Processing /home/airflow/.local/lib/python3.12/site-packages/airflow/example_dags/tutorial_taskflow_api_virtualenv.py took 0.062 seconds
[2026-05-10T12:27:24.451+0000] {processor.py:161} INFO - Started process (PID=61) to work on /home/airflow/.local/lib/python3.12/site-packages/airflow/example_dags/tutorial_taskflow_api_virtualenv.py
[2026-05-10T12:27:24.452+0000] {processor.py:830} INFO - Processing file /home/airflow/.local/lib/python3.12/site-packages/airflow/example_dags/tutorial_taskflow_api_virtualenv.py for tasks to queue
[2026-05-10T12:27:24.454+0000] {logging_mixin.py:188} INFO - [2026-05-10T12:27:24.454+0000] {dagbag.py:545} INFO - Filling up the DagBag from /home/airflow/.local/lib/python3.12/site-packages/airflow/example_dags/tutorial_taskflow_api_virtualenv.py
[2026-05-10T12:27:24.476+0000] {processor.py:840} INFO - DAG(s) 'tutorial_taskflow_api_virtualenv' retrieved from /home/airflow/.local/lib/python3.12/site-packages/airflow/example_dags/tutorial_taskflow_api_virtualenv.py
[2026-05-10T12:27:24.492+0000] {logging_mixin.py:188} INFO - [2026-05-10T12:27:24.491+0000] {dag.py:3089} INFO - Sync 1 DAGs
[2026-05-10T12:27:24.505+0000] {logging_mixin.py:188} INFO - [2026-05-10T12:27:24.504+0000] {dag.py:3947} INFO - Setting next_dagrun for tutorial_taskflow_api_virtualenv to None, run_after=None
[2026-05-10T12:27:24.520+0000] {processor.py:183} INFO - Processing /home/airflow/.local/lib/python3.12/site-packages/airflow/example_dags/tutorial_taskflow_api_virtualenv.py took 0.076 seconds
[2026-05-10T12:27:54.867+0000] {processor.py:161} INFO - Started process (PID=121) to work on /home/airflow/.local/lib/python3.12/site-packages/airflow/example_dags/tutorial_taskflow_api_virtualenv.py
[2026-05-10T12:27:54.867+0000] {processor.py:830} INFO - Processing file /home/airflow/.local/lib/python3.12/site-packages/airflow/example_dags/tutorial_taskflow_api_virtualenv.py for tasks to queue
[2026-05-10T12:27:54.869+0000] {logging_mixin.py:188} INFO - [2026-05-10T12:27:54.869+0000] {dagbag.py:545} INFO - Filling up the DagBag from /home/airflow/.local/lib/python3.12/site-packages/airflow/example_dags/tutorial_taskflow_api_virtualenv.py
[2026-05-10T12:27:54.878+0000] {processor.py:840} INFO - DAG(s) 'tutorial_taskflow_api_virtualenv' retrieved from /home/airflow/.local/lib/python3.12/site-packages/airflow/example_dags/tutorial_taskflow_api_virtualenv.py
[2026-05-10T12:27:54.958+0000] {logging_mixin.py:188} INFO - [2026-05-10T12:27:54.958+0000] {dag.py:3089} INFO - Sync 1 DAGs
[2026-05-10T12:27:54.966+0000] {logging_mixin.py:188} INFO - [2026-05-10T12:27:54.966+0000] {dag.py:3947} INFO - Setting next_dagrun for tutorial_taskflow_api_virtualenv to None, run_after=None
[2026-05-10T12:27:54.982+0000] {processor.py:183} INFO - Processing /home/airflow/.local/lib/python3.12/site-packages/airflow/example_dags/tutorial_taskflow_api_virtualenv.py took 0.121 seconds
[2026-05-10T12:28:25.765+0000] {processor.py:161} INFO - Started process (PID=181) to work on /home/airflow/.local/lib/python3.12/site-packages/airflow/example_dags/tutorial_taskflow_api_virtualenv.py
[2026-05-10T12:28:25.767+0000] {processor.py:830} INFO - Processing file /home/airflow/.local/lib/python3.12/site-packages/airflow/example_dags/tutorial_taskflow_api_virtualenv.py for tasks to queue
[2026-05-10T12:28:25.769+0000] {logging_mixin.py:188} INFO - [2026-05-10T12:28:25.769+0000] {dagbag.py:545} INFO - Filling up the DagBag from /home/airflow/.local/lib/python3.12/site-packages/airflow/example_dags/tutorial_taskflow_api_virtualenv.py
[2026-05-10T12:28:25.781+0000] {processor.py:840} INFO - DAG(s) 'tutorial_taskflow_api_virtualenv' retrieved from /home/airflow/.local/lib/python3.12/site-packages/airflow/example_dags/tutorial_taskflow_api_virtualenv.py
[2026-05-10T12:28:25.804+0000] {logging_mixin.py:188} INFO - [2026-05-10T12:28:25.804+0000] {dag.py:3089} INFO - Sync 1 DAGs
[2026-05-10T12:28:25.816+0000] {logging_mixin.py:188} INFO - [2026-05-10T12:28:25.816+0000] {dag.py:3947} INFO - Setting next_dagrun for tutorial_taskflow_api_virtualenv to None, run_after=None
[2026-05-10T12:28:25.833+0000] {processor.py:183} INFO - Processing /home/airflow/.local/lib/python3.12/site-packages/airflow/example_dags/tutorial_taskflow_api_virtualenv.py took 0.075 seconds
[2026-05-10T12:28:55.876+0000] {processor.py:161} INFO - Started process (PID=240) to work on /home/airflow/.local/lib/python3.12/site-packages/airflow/example_dags/tutorial_taskflow_api_virtualenv.py
[2026-05-10T12:28:55.877+0000] {processor.py:830} INFO - Processing file /home/airflow/.local/lib/python3.12/site-packages/airflow/example_dags/tutorial_taskflow_api_virtualenv.py for tasks to queue
[2026-05-10T12:28:55.878+0000] {logging_mixin.py:188} INFO - [2026-05-10T12:28:55.878+0000] {dagbag.py:545} INFO - Filling up the DagBag from /home/airflow/.local/lib/python3.12/site-packages/airflow/example_dags/tutorial_taskflow_api_virtualenv.py
[2026-05-10T12:28:55.887+0000] {processor.py:840} INFO - DAG(s) 'tutorial_taskflow_api_virtualenv' retrieved from /home/airflow/.local/lib/python3.12/site-packages/airflow/example_dags/tutorial_taskflow_api_virtualenv.py
[2026-05-10T12:28:55.905+0000] {logging_mixin.py:188} INFO - [2026-05-10T12:28:55.904+0000] {dag.py:3089} INFO - Sync 1 DAGs
[2026-05-10T12:28:55.915+0000] {logging_mixin.py:188} INFO - [2026-05-10T12:28:55.915+0000] {dag.py:3947} INFO - Setting next_dagrun for tutorial_taskflow_api_virtualenv to None, run_after=None
[2026-05-10T12:28:55.930+0000] {processor.py:183} INFO - Processing /home/airflow/.local/lib/python3.12/site-packages/airflow/example_dags/tutorial_taskflow_api_virtualenv.py took 0.060 seconds
[2026-05-10T12:29:26.073+0000] {processor.py:161} INFO - Started process (PID=300) to work on /home/airflow/.local/lib/python3.12/site-packages/airflow/example_dags/tutorial_taskflow_api_virtualenv.py
[2026-05-10T12:29:26.074+0000] {processor.py:830} INFO - Processing file /home/airflow/.local/lib/python3.12/site-packages/airflow/example_dags/tutorial_taskflow_api_virtualenv.py for tasks to queue
[2026-05-10T12:29:26.075+0000] {logging_mixin.py:188} INFO - [2026-05-10T12:29:26.075+0000] {dagbag.py:545} INFO - Filling up the DagBag from /home/airflow/.local/lib/python3.12/site-packages/airflow/example_dags/tutorial_taskflow_api_virtualenv.py
[2026-05-10T12:29:26.083+0000] {processor.py:840} INFO - DAG(s) 'tutorial_taskflow_api_virtualenv' retrieved from /home/airflow/.local/lib/python3.12/site-packages/airflow/example_dags/tutorial_taskflow_api_virtualenv.py
[2026-05-10T12:29:26.099+0000] {logging_mixin.py:188} INFO - [2026-05-10T12:29:26.099+0000] {dag.py:3089} INFO - Sync 1 DAGs
[2026-05-10T12:29:26.108+0000] {logging_mixin.py:188} INFO - [2026-05-10T12:29:26.108+0000] {dag.py:3947} INFO - Setting next_dagrun for tutorial_taskflow_api_virtualenv to None, run_after=None
[2026-05-10T12:29:26.121+0000] {processor.py:183} INFO - Processing /home/airflow/.local/lib/python3.12/site-packages/airflow/example_dags/tutorial_taskflow_api_virtualenv.py took 0.054 seconds
[2026-05-10T12:29:56.781+0000] {processor.py:161} INFO - Started process (PID=360) to work on /home/airflow/.local/lib/python3.12/site-packages/airflow/example_dags/tutorial_taskflow_api_virtualenv.py
[2026-05-10T12:29:56.782+0000] {processor.py:830} INFO - Processing file /home/airflow/.local/lib/python3.12/site-packages/airflow/example_dags/tutorial_taskflow_api_virtualenv.py for tasks to queue
[2026-05-10T12:29:56.783+0000] {logging_mixin.py:188} INFO - [2026-05-10T12:29:56.783+0000] {dagbag.py:545} INFO - Filling up the DagBag from /home/airflow/.local/lib/python3.12/site-packages/airflow/example_dags/tutorial_taskflow_api_virtualenv.py
[2026-05-10T12:29:56.791+0000] {processor.py:840} INFO - DAG(s) 'tutorial_taskflow_api_virtualenv' retrieved from /home/airflow/.local/lib/python3.12/site-packages/airflow/example_dags/tutorial_taskflow_api_virtualenv.py
[2026-05-10T12:29:56.808+0000] {logging_mixin.py:188} INFO - [2026-05-10T12:29:56.807+0000] {dag.py:3089} INFO - Sync 1 DAGs
[2026-05-10T12:29:56.817+0000] {logging_mixin.py:188} INFO - [2026-05-10T12:29:56.817+0000] {dag.py:3947} INFO - Setting next_dagrun for tutorial_taskflow_api_virtualenv to None, run_after=None
[2026-05-10T12:29:56.831+0000] {processor.py:183} INFO - Processing /home/airflow/.local/lib/python3.12/site-packages/airflow/example_dags/tutorial_taskflow_api_virtualenv.py took 0.055 seconds
[2026-05-10T12:30:27.024+0000] {processor.py:161} INFO - Started process (PID=424) to work on /home/airflow/.local/lib/python3.12/site-packages/airflow/example_dags/tutorial_taskflow_api_virtualenv.py
[2026-05-10T12:30:27.025+0000] {processor.py:830} INFO - Processing file /home/airflow/.local/lib/python3.12/site-packages/airflow/example_dags/tutorial_taskflow_api_virtualenv.py for tasks to queue
[2026-05-10T12:30:27.027+0000] {logging_mixin.py:188} INFO - [2026-05-10T12:30:27.027+0000] {dagbag.py:545} INFO - Filling up the DagBag from /home/airflow/.local/lib/python3.12/site-packages/airflow/example_dags/tutorial_taskflow_api_virtualenv.py
[2026-05-10T12:30:27.036+0000] {processor.py:840} INFO - DAG(s) 'tutorial_taskflow_api_virtualenv' retrieved from /home/airflow/.local/lib/python3.12/site-packages/airflow/example_dags/tutorial_taskflow_api_virtualenv.py
[2026-05-10T12:30:27.053+0000] {logging_mixin.py:188} INFO - [2026-05-10T12:30:27.052+0000] {dag.py:3089} INFO - Sync 1 DAGs
[2026-05-10T12:30:27.062+0000] {logging_mixin.py:188} INFO - [2026-05-10T12:30:27.062+0000] {dag.py:3947} INFO - Setting next_dagrun for tutorial_taskflow_api_virtualenv to None, run_after=None
[2026-05-10T12:30:27.075+0000] {processor.py:183} INFO - Processing /home/airflow/.local/lib/python3.12/site-packages/airflow/example_dags/tutorial_taskflow_api_virtualenv.py took 0.057 seconds
[2026-05-10T12:30:57.296+0000] {processor.py:161} INFO - Started process (PID=484) to work on /home/airflow/.local/lib/python3.12/site-packages/airflow/example_dags/tutorial_taskflow_api_virtualenv.py
[2026-05-10T12:30:57.297+0000] {processor.py:830} INFO - Processing file /home/airflow/.local/lib/python3.12/site-packages/airflow/example_dags/tutorial_taskflow_api_virtualenv.py for tasks to queue
[2026-05-10T12:30:57.298+0000] {logging_mixin.py:188} INFO - [2026-05-10T12:30:57.298+0000] {dagbag.py:545} INFO - Filling up the DagBag from /home/airflow/.local/lib/python3.12/site-packages/airflow/example_dags/tutorial_taskflow_api_virtualenv.py
[2026-05-10T12:30:57.308+0000] {processor.py:840} INFO - DAG(s) 'tutorial_taskflow_api_virtualenv' retrieved from /home/airflow/.local/lib/python3.12/site-packages/airflow/example_dags/tutorial_taskflow_api_virtualenv.py
[2026-05-10T12:30:57.328+0000] {logging_mixin.py:188} INFO - [2026-05-10T12:30:57.328+0000] {dag.py:3089} INFO - Sync 1 DAGs
[2026-05-10T12:30:57.339+0000] {logging_mixin.py:188} INFO - [2026-05-10T12:30:57.338+0000] {dag.py:3947} INFO - Setting next_dagrun for tutorial_taskflow_api_virtualenv to None, run_after=None
[2026-05-10T12:30:57.354+0000] {processor.py:183} INFO - Processing /home/airflow/.local/lib/python3.12/site-packages/airflow/example_dags/tutorial_taskflow_api_virtualenv.py took 0.064 seconds
[2026-05-10T12:31:27.517+0000] {processor.py:161} INFO - Started process (PID=544) to work on /home/airflow/.local/lib/python3.12/site-packages/airflow/example_dags/tutorial_taskflow_api_virtualenv.py
[2026-05-10T12:31:27.517+0000] {processor.py:830} INFO - Processing file /home/airflow/.local/lib/python3.12/site-packages/airflow/example_dags/tutorial_taskflow_api_virtualenv.py for tasks to queue
[2026-05-10T12:31:27.519+0000] {logging_mixin.py:188} INFO - [2026-05-10T12:31:27.519+0000] {dagbag.py:545} INFO - Filling up the DagBag from /home/airflow/.local/lib/python3.12/site-packages/airflow/example_dags/tutorial_taskflow_api_virtualenv.py
[2026-05-10T12:31:27.527+0000] {processor.py:840} INFO - DAG(s) 'tutorial_taskflow_api_virtualenv' retrieved from /home/airflow/.local/lib/python3.12/site-packages/airflow/example_dags/tutorial_taskflow_api_virtualenv.py
[2026-05-10T12:31:27.544+0000] {logging_mixin.py:188} INFO - [2026-05-10T12:31:27.544+0000] {dag.py:3089} INFO - Sync 1 DAGs
[2026-05-10T12:31:27.553+0000] {logging_mixin.py:188} INFO - [2026-05-10T12:31:27.553+0000] {dag.py:3947} INFO - Setting next_dagrun for tutorial_taskflow_api_virtualenv to None, run_after=None
[2026-05-10T12:31:27.565+0000] {processor.py:183} INFO - Processing /home/airflow/.local/lib/python3.12/site-packages/airflow/example_dags/tutorial_taskflow_api_virtualenv.py took 0.054 seconds
[2026-05-10T12:31:57.790+0000] {processor.py:161} INFO - Started process (PID=604) to work on /home/airflow/.local/lib/python3.12/site-packages/airflow/example_dags/tutorial_taskflow_api_virtualenv.py
[2026-05-10T12:31:57.791+0000] {processor.py:830} INFO - Processing file /home/airflow/.local/lib/python3.12/site-packages/airflow/example_dags/tutorial_taskflow_api_virtualenv.py for tasks to queue
[2026-05-10T12:31:57.792+0000] {logging_mixin.py:188} INFO - [2026-05-10T12:31:57.792+0000] {dagbag.py:545} INFO - Filling up the DagBag from /home/airflow/.local/lib/python3.12/site-packages/airflow/example_dags/tutorial_taskflow_api_virtualenv.py
[2026-05-10T12:31:57.800+0000] {processor.py:840} INFO - DAG(s) 'tutorial_taskflow_api_virtualenv' retrieved from /home/airflow/.local/lib/python3.12/site-packages/airflow/example_dags/tutorial_taskflow_api_virtualenv.py
[2026-05-10T12:31:57.816+0000] {logging_mixin.py:188} INFO - [2026-05-10T12:31:57.816+0000] {dag.py:3089} INFO - Sync 1 DAGs
[2026-05-10T12:31:57.825+0000] {logging_mixin.py:188} INFO - [2026-05-10T12:31:57.825+0000] {dag.py:3947} INFO - Setting next_dagrun for tutorial_taskflow_api_virtualenv to None, run_after=None
[2026-05-10T12:31:57.837+0000] {processor.py:183} INFO - Processing /home/airflow/.local/lib/python3.12/site-packages/airflow/example_dags/tutorial_taskflow_api_virtualenv.py took 0.053 seconds
[2026-05-10T12:32:27.995+0000] {processor.py:161} INFO - Started process (PID=664) to work on /home/airflow/.local/lib/python3.12/site-packages/airflow/example_dags/tutorial_taskflow_api_virtualenv.py
[2026-05-10T12:32:27.995+0000] {processor.py:830} INFO - Processing file /home/airflow/.local/lib/python3.12/site-packages/airflow/example_dags/tutorial_taskflow_api_virtualenv.py for tasks to queue
[2026-05-10T12:32:27.997+0000] {logging_mixin.py:188} INFO - [2026-05-10T12:32:27.997+0000] {dagbag.py:545} INFO - Filling up the DagBag from /home/airflow/.local/lib/python3.12/site-packages/airflow/example_dags/tutorial_taskflow_api_virtualenv.py
[2026-05-10T12:32:28.005+0000] {processor.py:840} INFO - DAG(s) 'tutorial_taskflow_api_virtualenv' retrieved from /home/airflow/.local/lib/python3.12/site-packages/airflow/example_dags/tutorial_taskflow_api_virtualenv.py
[2026-05-10T12:32:28.022+0000] {logging_mixin.py:188} INFO - [2026-05-10T12:32:28.022+0000] {dag.py:3089} INFO - Sync 1 DAGs
[2026-05-10T12:32:28.031+0000] {logging_mixin.py:188} INFO - [2026-05-10T12:32:28.030+0000] {dag.py:3947} INFO - Setting next_dagrun for tutorial_taskflow_api_virtualenv to None, run_after=None
[2026-05-10T12:32:28.043+0000] {processor.py:183} INFO - Processing /home/airflow/.local/lib/python3.12/site-packages/airflow/example_dags/tutorial_taskflow_api_virtualenv.py took 0.054 seconds
[2026-05-10T12:32:58.321+0000] {processor.py:161} INFO - Started process (PID=724) to work on /home/airflow/.local/lib/python3.12/site-packages/airflow/example_dags/tutorial_taskflow_api_virtualenv.py
[2026-05-10T12:32:58.322+0000] {processor.py:830} INFO - Processing file /home/airflow/.local/lib/python3.12/site-packages/airflow/example_dags/tutorial_taskflow_api_virtualenv.py for tasks to queue
[2026-05-10T12:32:58.323+0000] {logging_mixin.py:188} INFO - [2026-05-10T12:32:58.323+0000] {dagbag.py:545} INFO - Filling up the DagBag from /home/airflow/.local/lib/python3.12/site-packages/airflow/example_dags/tutorial_taskflow_api_virtualenv.py
[2026-05-10T12:32:58.332+0000] {processor.py:840} INFO - DAG(s) 'tutorial_taskflow_api_virtualenv' retrieved from /home/airflow/.local/lib/python3.12/site-packages/airflow/example_dags/tutorial_taskflow_api_virtualenv.py
[2026-05-10T12:32:58.348+0000] {logging_mixin.py:188} INFO - [2026-05-10T12:32:58.348+0000] {dag.py:3089} INFO - Sync 1 DAGs
[2026-05-10T12:32:58.357+0000] {logging_mixin.py:188} INFO - [2026-05-10T12:32:58.356+0000] {dag.py:3947} INFO - Setting next_dagrun for tutorial_taskflow_api_virtualenv to None, run_after=None
[2026-05-10T12:32:58.369+0000] {processor.py:183} INFO - Processing /home/airflow/.local/lib/python3.12/site-packages/airflow/example_dags/tutorial_taskflow_api_virtualenv.py took 0.053 seconds
[2026-05-10T12:33:28.415+0000] {processor.py:161} INFO - Started process (PID=784) to work on /home/airflow/.local/lib/python3.12/site-packages/airflow/example_dags/tutorial_taskflow_api_virtualenv.py
[2026-05-10T12:33:28.416+0000] {processor.py:830} INFO - Processing file /home/airflow/.local/lib/python3.12/site-packages/airflow/example_dags/tutorial_taskflow_api_virtualenv.py for tasks to queue
[2026-05-10T12:33:28.418+0000] {logging_mixin.py:188} INFO - [2026-05-10T12:33:28.418+0000] {dagbag.py:545} INFO - Filling up the DagBag from /home/airflow/.local/lib/python3.12/site-packages/airflow/example_dags/tutorial_taskflow_api_virtualenv.py
[2026-05-10T12:33:28.427+0000] {processor.py:840} INFO - DAG(s) 'tutorial_taskflow_api_virtualenv' retrieved from /home/airflow/.local/lib/python3.12/site-packages/airflow/example_dags/tutorial_taskflow_api_virtualenv.py
[2026-05-10T12:33:28.443+0000] {logging_mixin.py:188} INFO - [2026-05-10T12:33:28.443+0000] {dag.py:3089} INFO - Sync 1 DAGs
[2026-05-10T12:33:28.452+0000] {logging_mixin.py:188} INFO - [2026-05-10T12:33:28.452+0000] {dag.py:3947} INFO - Setting next_dagrun for tutorial_taskflow_api_virtualenv to None, run_after=None
[2026-05-10T12:33:28.466+0000] {processor.py:183} INFO - Processing /home/airflow/.local/lib/python3.12/site-packages/airflow/example_dags/tutorial_taskflow_api_virtualenv.py took 0.056 seconds
[2026-05-10T12:33:59.076+0000] {processor.py:161} INFO - Started process (PID=851) to work on /home/airflow/.local/lib/python3.12/site-packages/airflow/example_dags/tutorial_taskflow_api_virtualenv.py
[2026-05-10T12:33:59.077+0000] {processor.py:830} INFO - Processing file /home/airflow/.local/lib/python3.12/site-packages/airflow/example_dags/tutorial_taskflow_api_virtualenv.py for tasks to queue
[2026-05-10T12:33:59.078+0000] {logging_mixin.py:188} INFO - [2026-05-10T12:33:59.078+0000] {dagbag.py:545} INFO - Filling up the DagBag from /home/airflow/.local/lib/python3.12/site-packages/airflow/example_dags/tutorial_taskflow_api_virtualenv.py
[2026-05-10T12:33:59.086+0000] {processor.py:840} INFO - DAG(s) 'tutorial_taskflow_api_virtualenv' retrieved from /home/airflow/.local/lib/python3.12/site-packages/airflow/example_dags/tutorial_taskflow_api_virtualenv.py
[2026-05-10T12:33:59.103+0000] {logging_mixin.py:188} INFO - [2026-05-10T12:33:59.102+0000] {dag.py:3089} INFO - Sync 1 DAGs
[2026-05-10T12:33:59.111+0000] {logging_mixin.py:188} INFO - [2026-05-10T12:33:59.111+0000] {dag.py:3947} INFO - Setting next_dagrun for tutorial_taskflow_api_virtualenv to None, run_after=None
[2026-05-10T12:33:59.123+0000] {processor.py:183} INFO - Processing /home/airflow/.local/lib/python3.12/site-packages/airflow/example_dags/tutorial_taskflow_api_virtualenv.py took 0.053 seconds
[2026-05-10T12:34:29.363+0000] {processor.py:161} INFO - Started process (PID=911) to work on /home/airflow/.local/lib/python3.12/site-packages/airflow/example_dags/tutorial_taskflow_api_virtualenv.py
[2026-05-10T12:34:29.364+0000] {processor.py:830} INFO - Processing file /home/airflow/.local/lib/python3.12/site-packages/airflow/example_dags/tutorial_taskflow_api_virtualenv.py for tasks to queue
[2026-05-10T12:34:29.366+0000] {logging_mixin.py:188} INFO - [2026-05-10T12:34:29.366+0000] {dagbag.py:545} INFO - Filling up the DagBag from /home/airflow/.local/lib/python3.12/site-packages/airflow/example_dags/tutorial_taskflow_api_virtualenv.py
[2026-05-10T12:34:29.378+0000] {processor.py:840} INFO - DAG(s) 'tutorial_taskflow_api_virtualenv' retrieved from /home/airflow/.local/lib/python3.12/site-packages/airflow/example_dags/tutorial_taskflow_api_virtualenv.py
[2026-05-10T12:34:29.396+0000] {logging_mixin.py:188} INFO - [2026-05-10T12:34:29.396+0000] {dag.py:3089} INFO - Sync 1 DAGs
[2026-05-10T12:34:29.406+0000] {logging_mixin.py:188} INFO - [2026-05-10T12:34:29.406+0000] {dag.py:3947} INFO - Setting next_dagrun for tutorial_taskflow_api_virtualenv to None, run_after=None
[2026-05-10T12:34:29.418+0000] {processor.py:183} INFO - Processing /home/airflow/.local/lib/python3.12/site-packages/airflow/example_dags/tutorial_taskflow_api_virtualenv.py took 0.061 seconds
[2026-05-10T12:34:59.514+0000] {processor.py:161} INFO - Started process (PID=971) to work on /home/airflow/.local/lib/python3.12/site-packages/airflow/example_dags/tutorial_taskflow_api_virtualenv.py
[2026-05-10T12:34:59.515+0000] {processor.py:830} INFO - Processing file /home/airflow/.local/lib/python3.12/site-packages/airflow/example_dags/tutorial_taskflow_api_virtualenv.py for tasks to queue
[2026-05-10T12:34:59.517+0000] {logging_mixin.py:188} INFO - [2026-05-10T12:34:59.517+0000] {dagbag.py:545} INFO - Filling up the DagBag from /home/airflow/.local/lib/python3.12/site-packages/airflow/example_dags/tutorial_taskflow_api_virtualenv.py
[2026-05-10T12:34:59.528+0000] {processor.py:840} INFO - DAG(s) 'tutorial_taskflow_api_virtualenv' retrieved from /home/airflow/.local/lib/python3.12/site-packages/airflow/example_dags/tutorial_taskflow_api_virtualenv.py
[2026-05-10T12:34:59.546+0000] {logging_mixin.py:188} INFO - [2026-05-10T12:34:59.545+0000] {dag.py:3089} INFO - Sync 1 DAGs
[2026-05-10T12:34:59.555+0000] {logging_mixin.py:188} INFO - [2026-05-10T12:34:59.554+0000] {dag.py:3947} INFO - Setting next_dagrun for tutorial_taskflow_api_virtualenv to None, run_after=None
[2026-05-10T12:34:59.568+0000] {processor.py:183} INFO - Processing /home/airflow/.local/lib/python3.12/site-packages/airflow/example_dags/tutorial_taskflow_api_virtualenv.py took 0.060 seconds
[2026-05-10T12:35:29.697+0000] {processor.py:161} INFO - Started process (PID=1031) to work on /home/airflow/.local/lib/python3.12/site-packages/airflow/example_dags/tutorial_taskflow_api_virtualenv.py
[2026-05-10T12:35:29.697+0000] {processor.py:830} INFO - Processing file /home/airflow/.local/lib/python3.12/site-packages/airflow/example_dags/tutorial_taskflow_api_virtualenv.py for tasks to queue
[2026-05-10T12:35:29.699+0000] {logging_mixin.py:188} INFO - [2026-05-10T12:35:29.699+0000] {dagbag.py:545} INFO - Filling up the DagBag from /home/airflow/.local/lib/python3.12/site-packages/airflow/example_dags/tutorial_taskflow_api_virtualenv.py
[2026-05-10T12:35:29.708+0000] {processor.py:840} INFO - DAG(s) 'tutorial_taskflow_api_virtualenv' retrieved from /home/airflow/.local/lib/python3.12/site-packages/airflow/example_dags/tutorial_taskflow_api_virtualenv.py
[2026-05-10T12:35:29.725+0000] {logging_mixin.py:188} INFO - [2026-05-10T12:35:29.725+0000] {dag.py:3089} INFO - Sync 1 DAGs
[2026-05-10T12:35:29.735+0000] {logging_mixin.py:188} INFO - [2026-05-10T12:35:29.735+0000] {dag.py:3947} INFO - Setting next_dagrun for tutorial_taskflow_api_virtualenv to None, run_after=None
[2026-05-10T12:35:29.750+0000] {processor.py:183} INFO - Processing /home/airflow/.local/lib/python3.12/site-packages/airflow/example_dags/tutorial_taskflow_api_virtualenv.py took 0.059 seconds
[2026-05-10T12:35:59.885+0000] {processor.py:161} INFO - Started process (PID=1091) to work on /home/airflow/.local/lib/python3.12/site-packages/airflow/example_dags/tutorial_taskflow_api_virtualenv.py
[2026-05-10T12:35:59.886+0000] {processor.py:830} INFO - Processing file /home/airflow/.local/lib/python3.12/site-packages/airflow/example_dags/tutorial_taskflow_api_virtualenv.py for tasks to queue
[2026-05-10T12:35:59.888+0000] {logging_mixin.py:188} INFO - [2026-05-10T12:35:59.887+0000] {dagbag.py:545} INFO - Filling up the DagBag from /home/airflow/.local/lib/python3.12/site-packages/airflow/example_dags/tutorial_taskflow_api_virtualenv.py
[2026-05-10T12:35:59.896+0000] {processor.py:840} INFO - DAG(s) 'tutorial_taskflow_api_virtualenv' retrieved from /home/airflow/.local/lib/python3.12/site-packages/airflow/example_dags/tutorial_taskflow_api_virtualenv.py
[2026-05-10T12:35:59.912+0000] {logging_mixin.py:188} INFO - [2026-05-10T12:35:59.912+0000] {dag.py:3089} INFO - Sync 1 DAGs
[2026-05-10T12:35:59.921+0000] {logging_mixin.py:188} INFO - [2026-05-10T12:35:59.921+0000] {dag.py:3947} INFO - Setting next_dagrun for tutorial_taskflow_api_virtualenv to None, run_after=None
[2026-05-10T12:35:59.933+0000] {processor.py:183} INFO - Processing /home/airflow/.local/lib/python3.12/site-packages/airflow/example_dags/tutorial_taskflow_api_virtualenv.py took 0.054 seconds
[2026-05-10T12:36:30.183+0000] {processor.py:161} INFO - Started process (PID=1151) to work on /home/airflow/.local/lib/python3.12/site-packages/airflow/example_dags/tutorial_taskflow_api_virtualenv.py
[2026-05-10T12:36:30.184+0000] {processor.py:830} INFO - Processing file /home/airflow/.local/lib/python3.12/site-packages/airflow/example_dags/tutorial_taskflow_api_virtualenv.py for tasks to queue
[2026-05-10T12:36:30.185+0000] {logging_mixin.py:188} INFO - [2026-05-10T12:36:30.185+0000] {dagbag.py:545} INFO - Filling up the DagBag from /home/airflow/.local/lib/python3.12/site-packages/airflow/example_dags/tutorial_taskflow_api_virtualenv.py
[2026-05-10T12:36:30.195+0000] {processor.py:840} INFO - DAG(s) 'tutorial_taskflow_api_virtualenv' retrieved from /home/airflow/.local/lib/python3.12/site-packages/airflow/example_dags/tutorial_taskflow_api_virtualenv.py
[2026-05-10T12:36:30.212+0000] {logging_mixin.py:188} INFO - [2026-05-10T12:36:30.212+0000] {dag.py:3089} INFO - Sync 1 DAGs
[2026-05-10T12:36:30.222+0000] {logging_mixin.py:188} INFO - [2026-05-10T12:36:30.222+0000] {dag.py:3947} INFO - Setting next_dagrun for tutorial_taskflow_api_virtualenv to None, run_after=None
[2026-05-10T12:36:30.237+0000] {processor.py:183} INFO - Processing /home/airflow/.local/lib/python3.12/site-packages/airflow/example_dags/tutorial_taskflow_api_virtualenv.py took 0.060 seconds
[2026-05-10T12:37:00.598+0000] {processor.py:161} INFO - Started process (PID=1211) to work on /home/airflow/.local/lib/python3.12/site-packages/airflow/example_dags/tutorial_taskflow_api_virtualenv.py
[2026-05-10T12:37:00.599+0000] {processor.py:830} INFO - Processing file /home/airflow/.local/lib/python3.12/site-packages/airflow/example_dags/tutorial_taskflow_api_virtualenv.py for tasks to queue
[2026-05-10T12:37:00.603+0000] {logging_mixin.py:188} INFO - [2026-05-10T12:37:00.603+0000] {dagbag.py:545} INFO - Filling up the DagBag from /home/airflow/.local/lib/python3.12/site-packages/airflow/example_dags/tutorial_taskflow_api_virtualenv.py
[2026-05-10T12:37:00.613+0000] {processor.py:840} INFO - DAG(s) 'tutorial_taskflow_api_virtualenv' retrieved from /home/airflow/.local/lib/python3.12/site-packages/airflow/example_dags/tutorial_taskflow_api_virtualenv.py
[2026-05-10T12:37:00.631+0000] {logging_mixin.py:188} INFO - [2026-05-10T12:37:00.630+0000] {dag.py:3089} INFO - Sync 1 DAGs
[2026-05-10T12:37:00.640+0000] {logging_mixin.py:188} INFO - [2026-05-10T12:37:00.640+0000] {dag.py:3947} INFO - Setting next_dagrun for tutorial_taskflow_api_virtualenv to None, run_after=None
[2026-05-10T12:37:00.654+0000] {processor.py:183} INFO - Processing /home/airflow/.local/lib/python3.12/site-packages/airflow/example_dags/tutorial_taskflow_api_virtualenv.py took 0.062 seconds
[2026-05-10T12:37:30.708+0000] {processor.py:161} INFO - Started process (PID=1271) to work on /home/airflow/.local/lib/python3.12/site-packages/airflow/example_dags/tutorial_taskflow_api_virtualenv.py
[2026-05-10T12:37:30.709+0000] {processor.py:830} INFO - Processing file /home/airflow/.local/lib/python3.12/site-packages/airflow/example_dags/tutorial_taskflow_api_virtualenv.py for tasks to queue
[2026-05-10T12:37:30.711+0000] {logging_mixin.py:188} INFO - [2026-05-10T12:37:30.711+0000] {dagbag.py:545} INFO - Filling up the DagBag from /home/airflow/.local/lib/python3.12/site-packages/airflow/example_dags/tutorial_taskflow_api_virtualenv.py
[2026-05-10T12:37:30.719+0000] {processor.py:840} INFO - DAG(s) 'tutorial_taskflow_api_virtualenv' retrieved from /home/airflow/.local/lib/python3.12/site-packages/airflow/example_dags/tutorial_taskflow_api_virtualenv.py
[2026-05-10T12:37:30.735+0000] {logging_mixin.py:188} INFO - [2026-05-10T12:37:30.734+0000] {dag.py:3089} INFO - Sync 1 DAGs
[2026-05-10T12:37:30.743+0000] {logging_mixin.py:188} INFO - [2026-05-10T12:37:30.743+0000] {dag.py:3947} INFO - Setting next_dagrun for tutorial_taskflow_api_virtualenv to None, run_after=None
[2026-05-10T12:37:30.756+0000] {processor.py:183} INFO - Processing /home/airflow/.local/lib/python3.12/site-packages/airflow/example_dags/tutorial_taskflow_api_virtualenv.py took 0.054 seconds
[2026-05-10T12:38:00.940+0000] {processor.py:161} INFO - Started process (PID=1331) to work on /home/airflow/.local/lib/python3.12/site-packages/airflow/example_dags/tutorial_taskflow_api_virtualenv.py
[2026-05-10T12:38:00.940+0000] {processor.py:830} INFO - Processing file /home/airflow/.local/lib/python3.12/site-packages/airflow/example_dags/tutorial_taskflow_api_virtualenv.py for tasks to queue
[2026-05-10T12:38:00.942+0000] {logging_mixin.py:188} INFO - [2026-05-10T12:38:00.942+0000] {dagbag.py:545} INFO - Filling up the DagBag from /home/airflow/.local/lib/python3.12/site-packages/airflow/example_dags/tutorial_taskflow_api_virtualenv.py
[2026-05-10T12:38:00.950+0000] {processor.py:840} INFO - DAG(s) 'tutorial_taskflow_api_virtualenv' retrieved from /home/airflow/.local/lib/python3.12/site-packages/airflow/example_dags/tutorial_taskflow_api_virtualenv.py
[2026-05-10T12:38:00.966+0000] {logging_mixin.py:188} INFO - [2026-05-10T12:38:00.966+0000] {dag.py:3089} INFO - Sync 1 DAGs
[2026-05-10T12:38:00.975+0000] {logging_mixin.py:188} INFO - [2026-05-10T12:38:00.975+0000] {dag.py:3947} INFO - Setting next_dagrun for tutorial_taskflow_api_virtualenv to None, run_after=None
[2026-05-10T12:38:00.987+0000] {processor.py:183} INFO - Processing /home/airflow/.local/lib/python3.12/site-packages/airflow/example_dags/tutorial_taskflow_api_virtualenv.py took 0.053 seconds
[2026-05-10T12:38:31.072+0000] {processor.py:161} INFO - Started process (PID=1391) to work on /home/airflow/.local/lib/python3.12/site-packages/airflow/example_dags/tutorial_taskflow_api_virtualenv.py
[2026-05-10T12:38:31.073+0000] {processor.py:830} INFO - Processing file /home/airflow/.local/lib/python3.12/site-packages/airflow/example_dags/tutorial_taskflow_api_virtualenv.py for tasks to queue
[2026-05-10T12:38:31.075+0000] {logging_mixin.py:188} INFO - [2026-05-10T12:38:31.075+0000] {dagbag.py:545} INFO - Filling up the DagBag from /home/airflow/.local/lib/python3.12/site-packages/airflow/example_dags/tutorial_taskflow_api_virtualenv.py
[2026-05-10T12:38:31.083+0000] {processor.py:840} INFO - DAG(s) 'tutorial_taskflow_api_virtualenv' retrieved from /home/airflow/.local/lib/python3.12/site-packages/airflow/example_dags/tutorial_taskflow_api_virtualenv.py
[2026-05-10T12:38:31.100+0000] {logging_mixin.py:188} INFO - [2026-05-10T12:38:31.100+0000] {dag.py:3089} INFO - Sync 1 DAGs
[2026-05-10T12:38:31.109+0000] {logging_mixin.py:188} INFO - [2026-05-10T12:38:31.109+0000] {dag.py:3947} INFO - Setting next_dagrun for tutorial_taskflow_api_virtualenv to None, run_after=None
[2026-05-10T12:38:31.124+0000] {processor.py:183} INFO - Processing /home/airflow/.local/lib/python3.12/site-packages/airflow/example_dags/tutorial_taskflow_api_virtualenv.py took 0.059 seconds
[2026-05-10T12:39:01.215+0000] {processor.py:161} INFO - Started process (PID=1451) to work on /home/airflow/.local/lib/python3.12/site-packages/airflow/example_dags/tutorial_taskflow_api_virtualenv.py
[2026-05-10T12:39:01.216+0000] {processor.py:830} INFO - Processing file /home/airflow/.local/lib/python3.12/site-packages/airflow/example_dags/tutorial_taskflow_api_virtualenv.py for tasks to queue
[2026-05-10T12:39:01.217+0000] {logging_mixin.py:188} INFO - [2026-05-10T12:39:01.217+0000] {dagbag.py:545} INFO - Filling up the DagBag from /home/airflow/.local/lib/python3.12/site-packages/airflow/example_dags/tutorial_taskflow_api_virtualenv.py
[2026-05-10T12:39:01.226+0000] {processor.py:840} INFO - DAG(s) 'tutorial_taskflow_api_virtualenv' retrieved from /home/airflow/.local/lib/python3.12/site-packages/airflow/example_dags/tutorial_taskflow_api_virtualenv.py
[2026-05-10T12:39:01.244+0000] {logging_mixin.py:188} INFO - [2026-05-10T12:39:01.243+0000] {dag.py:3089} INFO - Sync 1 DAGs
[2026-05-10T12:39:01.252+0000] {logging_mixin.py:188} INFO - [2026-05-10T12:39:01.252+0000] {dag.py:3947} INFO - Setting next_dagrun for tutorial_taskflow_api_virtualenv to None, run_after=None
[2026-05-10T12:39:01.265+0000] {processor.py:183} INFO - Processing /home/airflow/.local/lib/python3.12/site-packages/airflow/example_dags/tutorial_taskflow_api_virtualenv.py took 0.056 seconds
[2026-05-10T12:39:31.937+0000] {processor.py:161} INFO - Started process (PID=1511) to work on /home/airflow/.local/lib/python3.12/site-packages/airflow/example_dags/tutorial_taskflow_api_virtualenv.py
[2026-05-10T12:39:31.938+0000] {processor.py:830} INFO - Processing file /home/airflow/.local/lib/python3.12/site-packages/airflow/example_dags/tutorial_taskflow_api_virtualenv.py for tasks to queue
[2026-05-10T12:39:31.940+0000] {logging_mixin.py:188} INFO - [2026-05-10T12:39:31.939+0000] {dagbag.py:545} INFO - Filling up the DagBag from /home/airflow/.local/lib/python3.12/site-packages/airflow/example_dags/tutorial_taskflow_api_virtualenv.py
[2026-05-10T12:39:31.949+0000] {processor.py:840} INFO - DAG(s) 'tutorial_taskflow_api_virtualenv' retrieved from /home/airflow/.local/lib/python3.12/site-packages/airflow/example_dags/tutorial_taskflow_api_virtualenv.py
[2026-05-10T12:39:31.976+0000] {logging_mixin.py:188} INFO - [2026-05-10T12:39:31.976+0000] {dag.py:3089} INFO - Sync 1 DAGs
[2026-05-10T12:39:31.986+0000] {logging_mixin.py:188} INFO - [2026-05-10T12:39:31.985+0000] {dag.py:3947} INFO - Setting next_dagrun for tutorial_taskflow_api_virtualenv to None, run_after=None
[2026-05-10T12:39:31.998+0000] {processor.py:183} INFO - Processing /home/airflow/.local/lib/python3.12/site-packages/airflow/example_dags/tutorial_taskflow_api_virtualenv.py took 0.067 seconds
[2026-05-10T12:40:02.615+0000] {processor.py:161} INFO - Started process (PID=1571) to work on /home/airflow/.local/lib/python3.12/site-packages/airflow/example_dags/tutorial_taskflow_api_virtualenv.py
[2026-05-10T12:40:02.616+0000] {processor.py:830} INFO - Processing file /home/airflow/.local/lib/python3.12/site-packages/airflow/example_dags/tutorial_taskflow_api_virtualenv.py for tasks to queue
[2026-05-10T12:40:02.617+0000] {logging_mixin.py:188} INFO - [2026-05-10T12:40:02.617+0000] {dagbag.py:545} INFO - Filling up the DagBag from /home/airflow/.local/lib/python3.12/site-packages/airflow/example_dags/tutorial_taskflow_api_virtualenv.py
[2026-05-10T12:40:02.625+0000] {processor.py:840} INFO - DAG(s) 'tutorial_taskflow_api_virtualenv' retrieved from /home/airflow/.local/lib/python3.12/site-packages/airflow/example_dags/tutorial_taskflow_api_virtualenv.py
[2026-05-10T12:40:02.640+0000] {logging_mixin.py:188} INFO - [2026-05-10T12:40:02.640+0000] {dag.py:3089} INFO - Sync 1 DAGs
[2026-05-10T12:40:02.648+0000] {logging_mixin.py:188} INFO - [2026-05-10T12:40:02.648+0000] {dag.py:3947} INFO - Setting next_dagrun for tutorial_taskflow_api_virtualenv to None, run_after=None
[2026-05-10T12:40:02.660+0000] {processor.py:183} INFO - Processing /home/airflow/.local/lib/python3.12/site-packages/airflow/example_dags/tutorial_taskflow_api_virtualenv.py took 0.050 seconds
[2026-05-10T12:40:32.971+0000] {processor.py:161} INFO - Started process (PID=1631) to work on /home/airflow/.local/lib/python3.12/site-packages/airflow/example_dags/tutorial_taskflow_api_virtualenv.py
[2026-05-10T12:40:32.971+0000] {processor.py:830} INFO - Processing file /home/airflow/.local/lib/python3.12/site-packages/airflow/example_dags/tutorial_taskflow_api_virtualenv.py for tasks to queue
[2026-05-10T12:40:32.973+0000] {logging_mixin.py:188} INFO - [2026-05-10T12:40:32.973+0000] {dagbag.py:545} INFO - Filling up the DagBag from /home/airflow/.local/lib/python3.12/site-packages/airflow/example_dags/tutorial_taskflow_api_virtualenv.py
[2026-05-10T12:40:32.981+0000] {processor.py:840} INFO - DAG(s) 'tutorial_taskflow_api_virtualenv' retrieved from /home/airflow/.local/lib/python3.12/site-packages/airflow/example_dags/tutorial_taskflow_api_virtualenv.py
[2026-05-10T12:40:32.996+0000] {logging_mixin.py:188} INFO - [2026-05-10T12:40:32.996+0000] {dag.py:3089} INFO - Sync 1 DAGs
[2026-05-10T12:40:33.005+0000] {logging_mixin.py:188} INFO - [2026-05-10T12:40:33.004+0000] {dag.py:3947} INFO - Setting next_dagrun for tutorial_taskflow_api_virtualenv to None, run_after=None
[2026-05-10T12:40:33.016+0000] {processor.py:183} INFO - Processing /home/airflow/.local/lib/python3.12/site-packages/airflow/example_dags/tutorial_taskflow_api_virtualenv.py took 0.051 seconds
[2026-05-10T12:41:03.076+0000] {processor.py:161} INFO - Started process (PID=1691) to work on /home/airflow/.local/lib/python3.12/site-packages/airflow/example_dags/tutorial_taskflow_api_virtualenv.py
[2026-05-10T12:41:03.077+0000] {processor.py:830} INFO - Processing file /home/airflow/.local/lib/python3.12/site-packages/airflow/example_dags/tutorial_taskflow_api_virtualenv.py for tasks to queue
[2026-05-10T12:41:03.078+0000] {logging_mixin.py:188} INFO - [2026-05-10T12:41:03.078+0000] {dagbag.py:545} INFO - Filling up the DagBag from /home/airflow/.local/lib/python3.12/site-packages/airflow/example_dags/tutorial_taskflow_api_virtualenv.py
[2026-05-10T12:41:03.086+0000] {processor.py:840} INFO - DAG(s) 'tutorial_taskflow_api_virtualenv' retrieved from /home/airflow/.local/lib/python3.12/site-packages/airflow/example_dags/tutorial_taskflow_api_virtualenv.py
[2026-05-10T12:41:03.102+0000] {logging_mixin.py:188} INFO - [2026-05-10T12:41:03.101+0000] {dag.py:3089} INFO - Sync 1 DAGs
[2026-05-10T12:41:03.110+0000] {logging_mixin.py:188} INFO - [2026-05-10T12:41:03.110+0000] {dag.py:3947} INFO - Setting next_dagrun for tutorial_taskflow_api_virtualenv to None, run_after=None
[2026-05-10T12:41:03.122+0000] {processor.py:183} INFO - Processing /home/airflow/.local/lib/python3.12/site-packages/airflow/example_dags/tutorial_taskflow_api_virtualenv.py took 0.052 seconds
[2026-05-10T12:41:33.951+0000] {processor.py:161} INFO - Started process (PID=1751) to work on /home/airflow/.local/lib/python3.12/site-packages/airflow/example_dags/tutorial_taskflow_api_virtualenv.py
[2026-05-10T12:41:33.952+0000] {processor.py:830} INFO - Processing file /home/airflow/.local/lib/python3.12/site-packages/airflow/example_dags/tutorial_taskflow_api_virtualenv.py for tasks to queue
[2026-05-10T12:41:33.954+0000] {logging_mixin.py:188} INFO - [2026-05-10T12:41:33.953+0000] {dagbag.py:545} INFO - Filling up the DagBag from /home/airflow/.local/lib/python3.12/site-packages/airflow/example_dags/tutorial_taskflow_api_virtualenv.py
[2026-05-10T12:41:33.962+0000] {processor.py:840} INFO - DAG(s) 'tutorial_taskflow_api_virtualenv' retrieved from /home/airflow/.local/lib/python3.12/site-packages/airflow/example_dags/tutorial_taskflow_api_virtualenv.py
[2026-05-10T12:41:33.979+0000] {logging_mixin.py:188} INFO - [2026-05-10T12:41:33.979+0000] {dag.py:3089} INFO - Sync 1 DAGs
[2026-05-10T12:41:34.121+0000] {logging_mixin.py:188} INFO - [2026-05-10T12:41:34.120+0000] {dag.py:3947} INFO - Setting next_dagrun for tutorial_taskflow_api_virtualenv to None, run_after=None
[2026-05-10T12:41:34.131+0000] {processor.py:183} INFO - Processing /home/airflow/.local/lib/python3.12/site-packages/airflow/example_dags/tutorial_taskflow_api_virtualenv.py took 0.185 seconds
[2026-05-10T12:42:04.378+0000] {processor.py:161} INFO - Started process (PID=1811) to work on /home/airflow/.local/lib/python3.12/site-packages/airflow/example_dags/tutorial_taskflow_api_virtualenv.py
[2026-05-10T12:42:04.379+0000] {processor.py:830} INFO - Processing file /home/airflow/.local/lib/python3.12/site-packages/airflow/example_dags/tutorial_taskflow_api_virtualenv.py for tasks to queue
[2026-05-10T12:42:04.380+0000] {logging_mixin.py:188} INFO - [2026-05-10T12:42:04.380+0000] {dagbag.py:545} INFO - Filling up the DagBag from /home/airflow/.local/lib/python3.12/site-packages/airflow/example_dags/tutorial_taskflow_api_virtualenv.py
[2026-05-10T12:42:04.392+0000] {processor.py:840} INFO - DAG(s) 'tutorial_taskflow_api_virtualenv' retrieved from /home/airflow/.local/lib/python3.12/site-packages/airflow/example_dags/tutorial_taskflow_api_virtualenv.py
[2026-05-10T12:42:04.410+0000] {logging_mixin.py:188} INFO - [2026-05-10T12:42:04.409+0000] {dag.py:3089} INFO - Sync 1 DAGs
[2026-05-10T12:42:04.420+0000] {logging_mixin.py:188} INFO - [2026-05-10T12:42:04.420+0000] {dag.py:3947} INFO - Setting next_dagrun for tutorial_taskflow_api_virtualenv to None, run_after=None
[2026-05-10T12:42:04.580+0000] {processor.py:183} INFO - Processing /home/airflow/.local/lib/python3.12/site-packages/airflow/example_dags/tutorial_taskflow_api_virtualenv.py took 0.208 seconds
[2026-05-10T12:42:34.720+0000] {processor.py:161} INFO - Started process (PID=1871) to work on /home/airflow/.local/lib/python3.12/site-packages/airflow/example_dags/tutorial_taskflow_api_virtualenv.py
[2026-05-10T12:42:34.721+0000] {processor.py:830} INFO - Processing file /home/airflow/.local/lib/python3.12/site-packages/airflow/example_dags/tutorial_taskflow_api_virtualenv.py for tasks to queue
[2026-05-10T12:42:34.722+0000] {logging_mixin.py:188} INFO - [2026-05-10T12:42:34.722+0000] {dagbag.py:545} INFO - Filling up the DagBag from /home/airflow/.local/lib/python3.12/site-packages/airflow/example_dags/tutorial_taskflow_api_virtualenv.py
[2026-05-10T12:42:34.732+0000] {processor.py:840} INFO - DAG(s) 'tutorial_taskflow_api_virtualenv' retrieved from /home/airflow/.local/lib/python3.12/site-packages/airflow/example_dags/tutorial_taskflow_api_virtualenv.py
[2026-05-10T12:42:34.748+0000] {logging_mixin.py:188} INFO - [2026-05-10T12:42:34.748+0000] {dag.py:3089} INFO - Sync 1 DAGs
[2026-05-10T12:42:34.757+0000] {logging_mixin.py:188} INFO - [2026-05-10T12:42:34.756+0000] {dag.py:3947} INFO - Setting next_dagrun for tutorial_taskflow_api_virtualenv to None, run_after=None
[2026-05-10T12:42:34.769+0000] {processor.py:183} INFO - Processing /home/airflow/.local/lib/python3.12/site-packages/airflow/example_dags/tutorial_taskflow_api_virtualenv.py took 0.055 seconds
[2026-05-10T12:43:05.611+0000] {processor.py:161} INFO - Started process (PID=1931) to work on /home/airflow/.local/lib/python3.12/site-packages/airflow/example_dags/tutorial_taskflow_api_virtualenv.py
[2026-05-10T12:43:05.612+0000] {processor.py:830} INFO - Processing file /home/airflow/.local/lib/python3.12/site-packages/airflow/example_dags/tutorial_taskflow_api_virtualenv.py for tasks to queue
[2026-05-10T12:43:05.613+0000] {logging_mixin.py:188} INFO - [2026-05-10T12:43:05.613+0000] {dagbag.py:545} INFO - Filling up the DagBag from /home/airflow/.local/lib/python3.12/site-packages/airflow/example_dags/tutorial_taskflow_api_virtualenv.py
[2026-05-10T12:43:05.625+0000] {processor.py:840} INFO - DAG(s) 'tutorial_taskflow_api_virtualenv' retrieved from /home/airflow/.local/lib/python3.12/site-packages/airflow/example_dags/tutorial_taskflow_api_virtualenv.py
[2026-05-10T12:43:05.645+0000] {logging_mixin.py:188} INFO - [2026-05-10T12:43:05.645+0000] {dag.py:3089} INFO - Sync 1 DAGs
[2026-05-10T12:43:05.658+0000] {logging_mixin.py:188} INFO - [2026-05-10T12:43:05.657+0000] {dag.py:3947} INFO - Setting next_dagrun for tutorial_taskflow_api_virtualenv to None, run_after=None
[2026-05-10T12:43:05.673+0000] {processor.py:183} INFO - Processing /home/airflow/.local/lib/python3.12/site-packages/airflow/example_dags/tutorial_taskflow_api_virtualenv.py took 0.069 seconds
[2026-05-10T12:43:36.548+0000] {processor.py:161} INFO - Started process (PID=1991) to work on /home/airflow/.local/lib/python3.12/site-packages/airflow/example_dags/tutorial_taskflow_api_virtualenv.py
[2026-05-10T12:43:36.548+0000] {processor.py:830} INFO - Processing file /home/airflow/.local/lib/python3.12/site-packages/airflow/example_dags/tutorial_taskflow_api_virtualenv.py for tasks to queue
[2026-05-10T12:43:36.550+0000] {logging_mixin.py:188} INFO - [2026-05-10T12:43:36.550+0000] {dagbag.py:545} INFO - Filling up the DagBag from /home/airflow/.local/lib/python3.12/site-packages/airflow/example_dags/tutorial_taskflow_api_virtualenv.py
[2026-05-10T12:43:36.558+0000] {processor.py:840} INFO - DAG(s) 'tutorial_taskflow_api_virtualenv' retrieved from /home/airflow/.local/lib/python3.12/site-packages/airflow/example_dags/tutorial_taskflow_api_virtualenv.py
[2026-05-10T12:43:36.575+0000] {logging_mixin.py:188} INFO - [2026-05-10T12:43:36.574+0000] {dag.py:3089} INFO - Sync 1 DAGs
[2026-05-10T12:43:36.584+0000] {logging_mixin.py:188} INFO - [2026-05-10T12:43:36.584+0000] {dag.py:3947} INFO - Setting next_dagrun for tutorial_taskflow_api_virtualenv to None, run_after=None
[2026-05-10T12:43:36.597+0000] {processor.py:183} INFO - Processing /home/airflow/.local/lib/python3.12/site-packages/airflow/example_dags/tutorial_taskflow_api_virtualenv.py took 0.056 seconds
[2026-05-10T12:44:06.745+0000] {processor.py:161} INFO - Started process (PID=2051) to work on /home/airflow/.local/lib/python3.12/site-packages/airflow/example_dags/tutorial_taskflow_api_virtualenv.py
[2026-05-10T12:44:06.746+0000] {processor.py:830} INFO - Processing file /home/airflow/.local/lib/python3.12/site-packages/airflow/example_dags/tutorial_taskflow_api_virtualenv.py for tasks to queue
[2026-05-10T12:44:06.748+0000] {logging_mixin.py:188} INFO - [2026-05-10T12:44:06.747+0000] {dagbag.py:545} INFO - Filling up the DagBag from /home/airflow/.local/lib/python3.12/site-packages/airflow/example_dags/tutorial_taskflow_api_virtualenv.py
[2026-05-10T12:44:06.757+0000] {processor.py:840} INFO - DAG(s) 'tutorial_taskflow_api_virtualenv' retrieved from /home/airflow/.local/lib/python3.12/site-packages/airflow/example_dags/tutorial_taskflow_api_virtualenv.py
[2026-05-10T12:44:06.775+0000] {logging_mixin.py:188} INFO - [2026-05-10T12:44:06.775+0000] {dag.py:3089} INFO - Sync 1 DAGs
[2026-05-10T12:44:06.785+0000] {logging_mixin.py:188} INFO - [2026-05-10T12:44:06.785+0000] {dag.py:3947} INFO - Setting next_dagrun for tutorial_taskflow_api_virtualenv to None, run_after=None
[2026-05-10T12:44:06.800+0000] {processor.py:183} INFO - Processing /home/airflow/.local/lib/python3.12/site-packages/airflow/example_dags/tutorial_taskflow_api_virtualenv.py took 0.061 seconds
[2026-05-10T12:44:36.942+0000] {processor.py:161} INFO - Started process (PID=2111) to work on /home/airflow/.local/lib/python3.12/site-packages/airflow/example_dags/tutorial_taskflow_api_virtualenv.py
[2026-05-10T12:44:36.943+0000] {processor.py:830} INFO - Processing file /home/airflow/.local/lib/python3.12/site-packages/airflow/example_dags/tutorial_taskflow_api_virtualenv.py for tasks to queue
[2026-05-10T12:44:36.944+0000] {logging_mixin.py:188} INFO - [2026-05-10T12:44:36.944+0000] {dagbag.py:545} INFO - Filling up the DagBag from /home/airflow/.local/lib/python3.12/site-packages/airflow/example_dags/tutorial_taskflow_api_virtualenv.py
[2026-05-10T12:44:36.954+0000] {processor.py:840} INFO - DAG(s) 'tutorial_taskflow_api_virtualenv' retrieved from /home/airflow/.local/lib/python3.12/site-packages/airflow/example_dags/tutorial_taskflow_api_virtualenv.py
[2026-05-10T12:44:36.972+0000] {logging_mixin.py:188} INFO - [2026-05-10T12:44:36.972+0000] {dag.py:3089} INFO - Sync 1 DAGs
[2026-05-10T12:44:36.982+0000] {logging_mixin.py:188} INFO - [2026-05-10T12:44:36.982+0000] {dag.py:3947} INFO - Setting next_dagrun for tutorial_taskflow_api_virtualenv to None, run_after=None
[2026-05-10T12:44:36.995+0000] {processor.py:183} INFO - Processing /home/airflow/.local/lib/python3.12/site-packages/airflow/example_dags/tutorial_taskflow_api_virtualenv.py took 0.059 seconds
[2026-05-10T12:45:07.535+0000] {processor.py:161} INFO - Started process (PID=2171) to work on /home/airflow/.local/lib/python3.12/site-packages/airflow/example_dags/tutorial_taskflow_api_virtualenv.py
[2026-05-10T12:45:07.535+0000] {processor.py:830} INFO - Processing file /home/airflow/.local/lib/python3.12/site-packages/airflow/example_dags/tutorial_taskflow_api_virtualenv.py for tasks to queue
[2026-05-10T12:45:07.537+0000] {logging_mixin.py:188} INFO - [2026-05-10T12:45:07.537+0000] {dagbag.py:545} INFO - Filling up the DagBag from /home/airflow/.local/lib/python3.12/site-packages/airflow/example_dags/tutorial_taskflow_api_virtualenv.py
[2026-05-10T12:45:07.546+0000] {processor.py:840} INFO - DAG(s) 'tutorial_taskflow_api_virtualenv' retrieved from /home/airflow/.local/lib/python3.12/site-packages/airflow/example_dags/tutorial_taskflow_api_virtualenv.py
[2026-05-10T12:45:07.566+0000] {logging_mixin.py:188} INFO - [2026-05-10T12:45:07.565+0000] {dag.py:3089} INFO - Sync 1 DAGs
[2026-05-10T12:45:07.579+0000] {logging_mixin.py:188} INFO - [2026-05-10T12:45:07.579+0000] {dag.py:3947} INFO - Setting next_dagrun for tutorial_taskflow_api_virtualenv to None, run_after=None
[2026-05-10T12:45:07.600+0000] {processor.py:183} INFO - Processing /home/airflow/.local/lib/python3.12/site-packages/airflow/example_dags/tutorial_taskflow_api_virtualenv.py took 0.072 seconds
[2026-05-10T12:45:38.304+0000] {processor.py:161} INFO - Started process (PID=2231) to work on /home/airflow/.local/lib/python3.12/site-packages/airflow/example_dags/tutorial_taskflow_api_virtualenv.py
[2026-05-10T12:45:38.305+0000] {processor.py:830} INFO - Processing file /home/airflow/.local/lib/python3.12/site-packages/airflow/example_dags/tutorial_taskflow_api_virtualenv.py for tasks to queue
[2026-05-10T12:45:38.307+0000] {logging_mixin.py:188} INFO - [2026-05-10T12:45:38.307+0000] {dagbag.py:545} INFO - Filling up the DagBag from /home/airflow/.local/lib/python3.12/site-packages/airflow/example_dags/tutorial_taskflow_api_virtualenv.py
[2026-05-10T12:45:38.316+0000] {processor.py:840} INFO - DAG(s) 'tutorial_taskflow_api_virtualenv' retrieved from /home/airflow/.local/lib/python3.12/site-packages/airflow/example_dags/tutorial_taskflow_api_virtualenv.py
[2026-05-10T12:45:38.333+0000] {logging_mixin.py:188} INFO - [2026-05-10T12:45:38.333+0000] {dag.py:3089} INFO - Sync 1 DAGs
[2026-05-10T12:45:38.342+0000] {logging_mixin.py:188} INFO - [2026-05-10T12:45:38.341+0000] {dag.py:3947} INFO - Setting next_dagrun for tutorial_taskflow_api_virtualenv to None, run_after=None
[2026-05-10T12:45:38.356+0000] {processor.py:183} INFO - Processing /home/airflow/.local/lib/python3.12/site-packages/airflow/example_dags/tutorial_taskflow_api_virtualenv.py took 0.058 seconds
[2026-05-10T12:46:08.501+0000] {processor.py:161} INFO - Started process (PID=2291) to work on /home/airflow/.local/lib/python3.12/site-packages/airflow/example_dags/tutorial_taskflow_api_virtualenv.py
[2026-05-10T12:46:08.501+0000] {processor.py:830} INFO - Processing file /home/airflow/.local/lib/python3.12/site-packages/airflow/example_dags/tutorial_taskflow_api_virtualenv.py for tasks to queue
[2026-05-10T12:46:08.503+0000] {logging_mixin.py:188} INFO - [2026-05-10T12:46:08.503+0000] {dagbag.py:545} INFO - Filling up the DagBag from /home/airflow/.local/lib/python3.12/site-packages/airflow/example_dags/tutorial_taskflow_api_virtualenv.py
[2026-05-10T12:46:08.511+0000] {processor.py:840} INFO - DAG(s) 'tutorial_taskflow_api_virtualenv' retrieved from /home/airflow/.local/lib/python3.12/site-packages/airflow/example_dags/tutorial_taskflow_api_virtualenv.py
[2026-05-10T12:46:08.529+0000] {logging_mixin.py:188} INFO - [2026-05-10T12:46:08.529+0000] {dag.py:3089} INFO - Sync 1 DAGs
[2026-05-10T12:46:08.538+0000] {logging_mixin.py:188} INFO - [2026-05-10T12:46:08.538+0000] {dag.py:3947} INFO - Setting next_dagrun for tutorial_taskflow_api_virtualenv to None, run_after=None
[2026-05-10T12:46:08.552+0000] {processor.py:183} INFO - Processing /home/airflow/.local/lib/python3.12/site-packages/airflow/example_dags/tutorial_taskflow_api_virtualenv.py took 0.058 seconds
[2026-05-10T12:46:39.153+0000] {processor.py:161} INFO - Started process (PID=2351) to work on /home/airflow/.local/lib/python3.12/site-packages/airflow/example_dags/tutorial_taskflow_api_virtualenv.py
[2026-05-10T12:46:39.154+0000] {processor.py:830} INFO - Processing file /home/airflow/.local/lib/python3.12/site-packages/airflow/example_dags/tutorial_taskflow_api_virtualenv.py for tasks to queue
[2026-05-10T12:46:39.156+0000] {logging_mixin.py:188} INFO - [2026-05-10T12:46:39.156+0000] {dagbag.py:545} INFO - Filling up the DagBag from /home/airflow/.local/lib/python3.12/site-packages/airflow/example_dags/tutorial_taskflow_api_virtualenv.py
[2026-05-10T12:46:39.165+0000] {processor.py:840} INFO - DAG(s) 'tutorial_taskflow_api_virtualenv' retrieved from /home/airflow/.local/lib/python3.12/site-packages/airflow/example_dags/tutorial_taskflow_api_virtualenv.py
[2026-05-10T12:46:39.186+0000] {logging_mixin.py:188} INFO - [2026-05-10T12:46:39.186+0000] {dag.py:3089} INFO - Sync 1 DAGs
[2026-05-10T12:46:39.197+0000] {logging_mixin.py:188} INFO - [2026-05-10T12:46:39.197+0000] {dag.py:3947} INFO - Setting next_dagrun for tutorial_taskflow_api_virtualenv to None, run_after=None
[2026-05-10T12:46:39.213+0000] {processor.py:183} INFO - Processing /home/airflow/.local/lib/python3.12/site-packages/airflow/example_dags/tutorial_taskflow_api_virtualenv.py took 0.066 seconds
[2026-05-10T17:36:27.970+0000] {processor.py:161} INFO - Started process (PID=91) to work on /home/airflow/.local/lib/python3.12/site-packages/airflow/example_dags/tutorial_taskflow_api_virtualenv.py
[2026-05-10T17:36:27.971+0000] {processor.py:830} INFO - Processing file /home/airflow/.local/lib/python3.12/site-packages/airflow/example_dags/tutorial_taskflow_api_virtualenv.py for tasks to queue
[2026-05-10T17:36:27.973+0000] {logging_mixin.py:188} INFO - [2026-05-10T17:36:27.973+0000] {dagbag.py:545} INFO - Filling up the DagBag from /home/airflow/.local/lib/python3.12/site-packages/airflow/example_dags/tutorial_taskflow_api_virtualenv.py
[2026-05-10T17:36:27.983+0000] {processor.py:840} INFO - DAG(s) 'tutorial_taskflow_api_virtualenv' retrieved from /home/airflow/.local/lib/python3.12/site-packages/airflow/example_dags/tutorial_taskflow_api_virtualenv.py
[2026-05-10T17:36:27.997+0000] {logging_mixin.py:188} INFO - [2026-05-10T17:36:27.997+0000] {dag.py:3089} INFO - Sync 1 DAGs
[2026-05-10T17:36:28.014+0000] {logging_mixin.py:188} INFO - [2026-05-10T17:36:28.014+0000] {dag.py:3947} INFO - Setting next_dagrun for tutorial_taskflow_api_virtualenv to None, run_after=None
[2026-05-10T17:36:28.032+0000] {processor.py:183} INFO - Processing /home/airflow/.local/lib/python3.12/site-packages/airflow/example_dags/tutorial_taskflow_api_virtualenv.py took 0.073 seconds
[2026-05-10T17:36:59.826+0000] {processor.py:161} INFO - Started process (PID=151) to work on /home/airflow/.local/lib/python3.12/site-packages/airflow/example_dags/tutorial_taskflow_api_virtualenv.py
[2026-05-10T17:36:59.827+0000] {processor.py:830} INFO - Processing file /home/airflow/.local/lib/python3.12/site-packages/airflow/example_dags/tutorial_taskflow_api_virtualenv.py for tasks to queue
[2026-05-10T17:36:59.829+0000] {logging_mixin.py:188} INFO - [2026-05-10T17:36:59.828+0000] {dagbag.py:545} INFO - Filling up the DagBag from /home/airflow/.local/lib/python3.12/site-packages/airflow/example_dags/tutorial_taskflow_api_virtualenv.py
[2026-05-10T17:36:59.837+0000] {processor.py:840} INFO - DAG(s) 'tutorial_taskflow_api_virtualenv' retrieved from /home/airflow/.local/lib/python3.12/site-packages/airflow/example_dags/tutorial_taskflow_api_virtualenv.py
[2026-05-10T17:36:59.936+0000] {logging_mixin.py:188} INFO - [2026-05-10T17:36:59.936+0000] {dag.py:3089} INFO - Sync 1 DAGs
[2026-05-10T17:36:59.945+0000] {logging_mixin.py:188} INFO - [2026-05-10T17:36:59.945+0000] {dag.py:3947} INFO - Setting next_dagrun for tutorial_taskflow_api_virtualenv to None, run_after=None
[2026-05-10T17:36:59.961+0000] {processor.py:183} INFO - Processing /home/airflow/.local/lib/python3.12/site-packages/airflow/example_dags/tutorial_taskflow_api_virtualenv.py took 0.141 seconds
[2026-05-10T17:37:30.418+0000] {processor.py:161} INFO - Started process (PID=211) to work on /home/airflow/.local/lib/python3.12/site-packages/airflow/example_dags/tutorial_taskflow_api_virtualenv.py
[2026-05-10T17:37:30.419+0000] {processor.py:830} INFO - Processing file /home/airflow/.local/lib/python3.12/site-packages/airflow/example_dags/tutorial_taskflow_api_virtualenv.py for tasks to queue
[2026-05-10T17:37:30.421+0000] {logging_mixin.py:188} INFO - [2026-05-10T17:37:30.421+0000] {dagbag.py:545} INFO - Filling up the DagBag from /home/airflow/.local/lib/python3.12/site-packages/airflow/example_dags/tutorial_taskflow_api_virtualenv.py
[2026-05-10T17:37:30.432+0000] {processor.py:840} INFO - DAG(s) 'tutorial_taskflow_api_virtualenv' retrieved from /home/airflow/.local/lib/python3.12/site-packages/airflow/example_dags/tutorial_taskflow_api_virtualenv.py
[2026-05-10T17:37:30.450+0000] {logging_mixin.py:188} INFO - [2026-05-10T17:37:30.450+0000] {dag.py:3089} INFO - Sync 1 DAGs
[2026-05-10T17:37:30.461+0000] {logging_mixin.py:188} INFO - [2026-05-10T17:37:30.461+0000] {dag.py:3947} INFO - Setting next_dagrun for tutorial_taskflow_api_virtualenv to None, run_after=None
[2026-05-10T17:37:30.476+0000] {processor.py:183} INFO - Processing /home/airflow/.local/lib/python3.12/site-packages/airflow/example_dags/tutorial_taskflow_api_virtualenv.py took 0.064 seconds
[2026-05-10T17:38:00.716+0000] {processor.py:161} INFO - Started process (PID=271) to work on /home/airflow/.local/lib/python3.12/site-packages/airflow/example_dags/tutorial_taskflow_api_virtualenv.py
[2026-05-10T17:38:00.717+0000] {processor.py:830} INFO - Processing file /home/airflow/.local/lib/python3.12/site-packages/airflow/example_dags/tutorial_taskflow_api_virtualenv.py for tasks to queue
[2026-05-10T17:38:00.719+0000] {logging_mixin.py:188} INFO - [2026-05-10T17:38:00.719+0000] {dagbag.py:545} INFO - Filling up the DagBag from /home/airflow/.local/lib/python3.12/site-packages/airflow/example_dags/tutorial_taskflow_api_virtualenv.py
[2026-05-10T17:38:00.729+0000] {processor.py:840} INFO - DAG(s) 'tutorial_taskflow_api_virtualenv' retrieved from /home/airflow/.local/lib/python3.12/site-packages/airflow/example_dags/tutorial_taskflow_api_virtualenv.py
[2026-05-10T17:38:00.752+0000] {logging_mixin.py:188} INFO - [2026-05-10T17:38:00.752+0000] {dag.py:3089} INFO - Sync 1 DAGs
[2026-05-10T17:38:00.764+0000] {logging_mixin.py:188} INFO - [2026-05-10T17:38:00.763+0000] {dag.py:3947} INFO - Setting next_dagrun for tutorial_taskflow_api_virtualenv to None, run_after=None
[2026-05-10T17:38:00.779+0000] {processor.py:183} INFO - Processing /home/airflow/.local/lib/python3.12/site-packages/airflow/example_dags/tutorial_taskflow_api_virtualenv.py took 0.068 seconds
[2026-05-10T17:38:30.864+0000] {processor.py:161} INFO - Started process (PID=331) to work on /home/airflow/.local/lib/python3.12/site-packages/airflow/example_dags/tutorial_taskflow_api_virtualenv.py
[2026-05-10T17:38:30.865+0000] {processor.py:830} INFO - Processing file /home/airflow/.local/lib/python3.12/site-packages/airflow/example_dags/tutorial_taskflow_api_virtualenv.py for tasks to queue
[2026-05-10T17:38:30.866+0000] {logging_mixin.py:188} INFO - [2026-05-10T17:38:30.866+0000] {dagbag.py:545} INFO - Filling up the DagBag from /home/airflow/.local/lib/python3.12/site-packages/airflow/example_dags/tutorial_taskflow_api_virtualenv.py
[2026-05-10T17:38:30.875+0000] {processor.py:840} INFO - DAG(s) 'tutorial_taskflow_api_virtualenv' retrieved from /home/airflow/.local/lib/python3.12/site-packages/airflow/example_dags/tutorial_taskflow_api_virtualenv.py
[2026-05-10T17:38:30.892+0000] {logging_mixin.py:188} INFO - [2026-05-10T17:38:30.892+0000] {dag.py:3089} INFO - Sync 1 DAGs
[2026-05-10T17:38:30.904+0000] {logging_mixin.py:188} INFO - [2026-05-10T17:38:30.904+0000] {dag.py:3947} INFO - Setting next_dagrun for tutorial_taskflow_api_virtualenv to None, run_after=None
[2026-05-10T17:38:30.918+0000] {processor.py:183} INFO - Processing /home/airflow/.local/lib/python3.12/site-packages/airflow/example_dags/tutorial_taskflow_api_virtualenv.py took 0.061 seconds
[2026-05-10T17:39:01.364+0000] {processor.py:161} INFO - Started process (PID=391) to work on /home/airflow/.local/lib/python3.12/site-packages/airflow/example_dags/tutorial_taskflow_api_virtualenv.py
[2026-05-10T17:39:01.364+0000] {processor.py:830} INFO - Processing file /home/airflow/.local/lib/python3.12/site-packages/airflow/example_dags/tutorial_taskflow_api_virtualenv.py for tasks to queue
[2026-05-10T17:39:01.366+0000] {logging_mixin.py:188} INFO - [2026-05-10T17:39:01.366+0000] {dagbag.py:545} INFO - Filling up the DagBag from /home/airflow/.local/lib/python3.12/site-packages/airflow/example_dags/tutorial_taskflow_api_virtualenv.py
[2026-05-10T17:39:01.374+0000] {processor.py:840} INFO - DAG(s) 'tutorial_taskflow_api_virtualenv' retrieved from /home/airflow/.local/lib/python3.12/site-packages/airflow/example_dags/tutorial_taskflow_api_virtualenv.py
[2026-05-10T17:39:01.392+0000] {logging_mixin.py:188} INFO - [2026-05-10T17:39:01.392+0000] {dag.py:3089} INFO - Sync 1 DAGs
[2026-05-10T17:39:01.401+0000] {logging_mixin.py:188} INFO - [2026-05-10T17:39:01.401+0000] {dag.py:3947} INFO - Setting next_dagrun for tutorial_taskflow_api_virtualenv to None, run_after=None
[2026-05-10T17:39:01.414+0000] {processor.py:183} INFO - Processing /home/airflow/.local/lib/python3.12/site-packages/airflow/example_dags/tutorial_taskflow_api_virtualenv.py took 0.057 seconds
[2026-05-10T17:39:32.290+0000] {processor.py:161} INFO - Started process (PID=451) to work on /home/airflow/.local/lib/python3.12/site-packages/airflow/example_dags/tutorial_taskflow_api_virtualenv.py
[2026-05-10T17:39:32.291+0000] {processor.py:830} INFO - Processing file /home/airflow/.local/lib/python3.12/site-packages/airflow/example_dags/tutorial_taskflow_api_virtualenv.py for tasks to queue
[2026-05-10T17:39:32.293+0000] {logging_mixin.py:188} INFO - [2026-05-10T17:39:32.292+0000] {dagbag.py:545} INFO - Filling up the DagBag from /home/airflow/.local/lib/python3.12/site-packages/airflow/example_dags/tutorial_taskflow_api_virtualenv.py
[2026-05-10T17:39:32.301+0000] {processor.py:840} INFO - DAG(s) 'tutorial_taskflow_api_virtualenv' retrieved from /home/airflow/.local/lib/python3.12/site-packages/airflow/example_dags/tutorial_taskflow_api_virtualenv.py
[2026-05-10T17:39:32.318+0000] {logging_mixin.py:188} INFO - [2026-05-10T17:39:32.317+0000] {dag.py:3089} INFO - Sync 1 DAGs
[2026-05-10T17:39:32.327+0000] {logging_mixin.py:188} INFO - [2026-05-10T17:39:32.327+0000] {dag.py:3947} INFO - Setting next_dagrun for tutorial_taskflow_api_virtualenv to None, run_after=None
[2026-05-10T17:39:32.343+0000] {processor.py:183} INFO - Processing /home/airflow/.local/lib/python3.12/site-packages/airflow/example_dags/tutorial_taskflow_api_virtualenv.py took 0.059 seconds
[2026-05-10T17:40:02.874+0000] {processor.py:161} INFO - Started process (PID=511) to work on /home/airflow/.local/lib/python3.12/site-packages/airflow/example_dags/tutorial_taskflow_api_virtualenv.py
[2026-05-10T17:40:02.875+0000] {processor.py:830} INFO - Processing file /home/airflow/.local/lib/python3.12/site-packages/airflow/example_dags/tutorial_taskflow_api_virtualenv.py for tasks to queue
[2026-05-10T17:40:02.877+0000] {logging_mixin.py:188} INFO - [2026-05-10T17:40:02.876+0000] {dagbag.py:545} INFO - Filling up the DagBag from /home/airflow/.local/lib/python3.12/site-packages/airflow/example_dags/tutorial_taskflow_api_virtualenv.py
[2026-05-10T17:40:02.887+0000] {processor.py:840} INFO - DAG(s) 'tutorial_taskflow_api_virtualenv' retrieved from /home/airflow/.local/lib/python3.12/site-packages/airflow/example_dags/tutorial_taskflow_api_virtualenv.py
[2026-05-10T17:40:02.904+0000] {logging_mixin.py:188} INFO - [2026-05-10T17:40:02.904+0000] {dag.py:3089} INFO - Sync 1 DAGs
[2026-05-10T17:40:02.916+0000] {logging_mixin.py:188} INFO - [2026-05-10T17:40:02.916+0000] {dag.py:3947} INFO - Setting next_dagrun for tutorial_taskflow_api_virtualenv to None, run_after=None
[2026-05-10T17:40:02.930+0000] {processor.py:183} INFO - Processing /home/airflow/.local/lib/python3.12/site-packages/airflow/example_dags/tutorial_taskflow_api_virtualenv.py took 0.062 seconds
[2026-05-10T17:40:33.036+0000] {processor.py:161} INFO - Started process (PID=571) to work on /home/airflow/.local/lib/python3.12/site-packages/airflow/example_dags/tutorial_taskflow_api_virtualenv.py
[2026-05-10T17:40:33.037+0000] {processor.py:830} INFO - Processing file /home/airflow/.local/lib/python3.12/site-packages/airflow/example_dags/tutorial_taskflow_api_virtualenv.py for tasks to queue
[2026-05-10T17:40:33.039+0000] {logging_mixin.py:188} INFO - [2026-05-10T17:40:33.038+0000] {dagbag.py:545} INFO - Filling up the DagBag from /home/airflow/.local/lib/python3.12/site-packages/airflow/example_dags/tutorial_taskflow_api_virtualenv.py
[2026-05-10T17:40:33.048+0000] {processor.py:840} INFO - DAG(s) 'tutorial_taskflow_api_virtualenv' retrieved from /home/airflow/.local/lib/python3.12/site-packages/airflow/example_dags/tutorial_taskflow_api_virtualenv.py
[2026-05-10T17:40:33.065+0000] {logging_mixin.py:188} INFO - [2026-05-10T17:40:33.065+0000] {dag.py:3089} INFO - Sync 1 DAGs
[2026-05-10T17:40:33.075+0000] {logging_mixin.py:188} INFO - [2026-05-10T17:40:33.075+0000] {dag.py:3947} INFO - Setting next_dagrun for tutorial_taskflow_api_virtualenv to None, run_after=None
[2026-05-10T17:40:33.088+0000] {processor.py:183} INFO - Processing /home/airflow/.local/lib/python3.12/site-packages/airflow/example_dags/tutorial_taskflow_api_virtualenv.py took 0.058 seconds
[2026-05-10T17:41:03.173+0000] {processor.py:161} INFO - Started process (PID=630) to work on /home/airflow/.local/lib/python3.12/site-packages/airflow/example_dags/tutorial_taskflow_api_virtualenv.py
[2026-05-10T17:41:03.174+0000] {processor.py:830} INFO - Processing file /home/airflow/.local/lib/python3.12/site-packages/airflow/example_dags/tutorial_taskflow_api_virtualenv.py for tasks to queue
[2026-05-10T17:41:03.176+0000] {logging_mixin.py:188} INFO - [2026-05-10T17:41:03.176+0000] {dagbag.py:545} INFO - Filling up the DagBag from /home/airflow/.local/lib/python3.12/site-packages/airflow/example_dags/tutorial_taskflow_api_virtualenv.py
[2026-05-10T17:41:03.186+0000] {processor.py:840} INFO - DAG(s) 'tutorial_taskflow_api_virtualenv' retrieved from /home/airflow/.local/lib/python3.12/site-packages/airflow/example_dags/tutorial_taskflow_api_virtualenv.py
[2026-05-10T17:41:03.204+0000] {logging_mixin.py:188} INFO - [2026-05-10T17:41:03.204+0000] {dag.py:3089} INFO - Sync 1 DAGs
[2026-05-10T17:41:03.216+0000] {logging_mixin.py:188} INFO - [2026-05-10T17:41:03.215+0000] {dag.py:3947} INFO - Setting next_dagrun for tutorial_taskflow_api_virtualenv to None, run_after=None
[2026-05-10T17:41:03.231+0000] {processor.py:183} INFO - Processing /home/airflow/.local/lib/python3.12/site-packages/airflow/example_dags/tutorial_taskflow_api_virtualenv.py took 0.064 seconds
[2026-05-10T17:41:33.342+0000] {processor.py:161} INFO - Started process (PID=690) to work on /home/airflow/.local/lib/python3.12/site-packages/airflow/example_dags/tutorial_taskflow_api_virtualenv.py
[2026-05-10T17:41:33.343+0000] {processor.py:830} INFO - Processing file /home/airflow/.local/lib/python3.12/site-packages/airflow/example_dags/tutorial_taskflow_api_virtualenv.py for tasks to queue
[2026-05-10T17:41:33.345+0000] {logging_mixin.py:188} INFO - [2026-05-10T17:41:33.345+0000] {dagbag.py:545} INFO - Filling up the DagBag from /home/airflow/.local/lib/python3.12/site-packages/airflow/example_dags/tutorial_taskflow_api_virtualenv.py
[2026-05-10T17:41:33.355+0000] {processor.py:840} INFO - DAG(s) 'tutorial_taskflow_api_virtualenv' retrieved from /home/airflow/.local/lib/python3.12/site-packages/airflow/example_dags/tutorial_taskflow_api_virtualenv.py
[2026-05-10T17:41:33.375+0000] {logging_mixin.py:188} INFO - [2026-05-10T17:41:33.375+0000] {dag.py:3089} INFO - Sync 1 DAGs
[2026-05-10T17:41:33.386+0000] {logging_mixin.py:188} INFO - [2026-05-10T17:41:33.386+0000] {dag.py:3947} INFO - Setting next_dagrun for tutorial_taskflow_api_virtualenv to None, run_after=None
[2026-05-10T17:41:33.400+0000] {processor.py:183} INFO - Processing /home/airflow/.local/lib/python3.12/site-packages/airflow/example_dags/tutorial_taskflow_api_virtualenv.py took 0.063 seconds
[2026-05-10T17:42:03.665+0000] {processor.py:161} INFO - Started process (PID=750) to work on /home/airflow/.local/lib/python3.12/site-packages/airflow/example_dags/tutorial_taskflow_api_virtualenv.py
[2026-05-10T17:42:03.666+0000] {processor.py:830} INFO - Processing file /home/airflow/.local/lib/python3.12/site-packages/airflow/example_dags/tutorial_taskflow_api_virtualenv.py for tasks to queue
[2026-05-10T17:42:03.668+0000] {logging_mixin.py:188} INFO - [2026-05-10T17:42:03.668+0000] {dagbag.py:545} INFO - Filling up the DagBag from /home/airflow/.local/lib/python3.12/site-packages/airflow/example_dags/tutorial_taskflow_api_virtualenv.py
[2026-05-10T17:42:03.678+0000] {processor.py:840} INFO - DAG(s) 'tutorial_taskflow_api_virtualenv' retrieved from /home/airflow/.local/lib/python3.12/site-packages/airflow/example_dags/tutorial_taskflow_api_virtualenv.py
[2026-05-10T17:42:03.695+0000] {logging_mixin.py:188} INFO - [2026-05-10T17:42:03.694+0000] {dag.py:3089} INFO - Sync 1 DAGs
[2026-05-10T17:42:03.704+0000] {logging_mixin.py:188} INFO - [2026-05-10T17:42:03.704+0000] {dag.py:3947} INFO - Setting next_dagrun for tutorial_taskflow_api_virtualenv to None, run_after=None
[2026-05-10T17:42:03.717+0000] {processor.py:183} INFO - Processing /home/airflow/.local/lib/python3.12/site-packages/airflow/example_dags/tutorial_taskflow_api_virtualenv.py took 0.058 seconds
[2026-05-10T17:42:33.947+0000] {processor.py:161} INFO - Started process (PID=810) to work on /home/airflow/.local/lib/python3.12/site-packages/airflow/example_dags/tutorial_taskflow_api_virtualenv.py
[2026-05-10T17:42:33.948+0000] {processor.py:830} INFO - Processing file /home/airflow/.local/lib/python3.12/site-packages/airflow/example_dags/tutorial_taskflow_api_virtualenv.py for tasks to queue
[2026-05-10T17:42:33.949+0000] {logging_mixin.py:188} INFO - [2026-05-10T17:42:33.949+0000] {dagbag.py:545} INFO - Filling up the DagBag from /home/airflow/.local/lib/python3.12/site-packages/airflow/example_dags/tutorial_taskflow_api_virtualenv.py
[2026-05-10T17:42:33.958+0000] {processor.py:840} INFO - DAG(s) 'tutorial_taskflow_api_virtualenv' retrieved from /home/airflow/.local/lib/python3.12/site-packages/airflow/example_dags/tutorial_taskflow_api_virtualenv.py
[2026-05-10T17:42:33.975+0000] {logging_mixin.py:188} INFO - [2026-05-10T17:42:33.975+0000] {dag.py:3089} INFO - Sync 1 DAGs
[2026-05-10T17:42:33.985+0000] {logging_mixin.py:188} INFO - [2026-05-10T17:42:33.985+0000] {dag.py:3947} INFO - Setting next_dagrun for tutorial_taskflow_api_virtualenv to None, run_after=None
[2026-05-10T17:42:33.999+0000] {processor.py:183} INFO - Processing /home/airflow/.local/lib/python3.12/site-packages/airflow/example_dags/tutorial_taskflow_api_virtualenv.py took 0.059 seconds
[2026-05-10T17:43:04.261+0000] {processor.py:161} INFO - Started process (PID=870) to work on /home/airflow/.local/lib/python3.12/site-packages/airflow/example_dags/tutorial_taskflow_api_virtualenv.py
[2026-05-10T17:43:04.262+0000] {processor.py:830} INFO - Processing file /home/airflow/.local/lib/python3.12/site-packages/airflow/example_dags/tutorial_taskflow_api_virtualenv.py for tasks to queue
[2026-05-10T17:43:04.264+0000] {logging_mixin.py:188} INFO - [2026-05-10T17:43:04.264+0000] {dagbag.py:545} INFO - Filling up the DagBag from /home/airflow/.local/lib/python3.12/site-packages/airflow/example_dags/tutorial_taskflow_api_virtualenv.py
[2026-05-10T17:43:04.272+0000] {processor.py:840} INFO - DAG(s) 'tutorial_taskflow_api_virtualenv' retrieved from /home/airflow/.local/lib/python3.12/site-packages/airflow/example_dags/tutorial_taskflow_api_virtualenv.py
[2026-05-10T17:43:04.290+0000] {logging_mixin.py:188} INFO - [2026-05-10T17:43:04.289+0000] {dag.py:3089} INFO - Sync 1 DAGs
[2026-05-10T17:43:04.299+0000] {logging_mixin.py:188} INFO - [2026-05-10T17:43:04.299+0000] {dag.py:3947} INFO - Setting next_dagrun for tutorial_taskflow_api_virtualenv to None, run_after=None
[2026-05-10T17:43:04.313+0000] {processor.py:183} INFO - Processing /home/airflow/.local/lib/python3.12/site-packages/airflow/example_dags/tutorial_taskflow_api_virtualenv.py took 0.058 seconds
[2026-05-10T17:43:34.626+0000] {processor.py:161} INFO - Started process (PID=930) to work on /home/airflow/.local/lib/python3.12/site-packages/airflow/example_dags/tutorial_taskflow_api_virtualenv.py
[2026-05-10T17:43:34.627+0000] {processor.py:830} INFO - Processing file /home/airflow/.local/lib/python3.12/site-packages/airflow/example_dags/tutorial_taskflow_api_virtualenv.py for tasks to queue
[2026-05-10T17:43:34.629+0000] {logging_mixin.py:188} INFO - [2026-05-10T17:43:34.628+0000] {dagbag.py:545} INFO - Filling up the DagBag from /home/airflow/.local/lib/python3.12/site-packages/airflow/example_dags/tutorial_taskflow_api_virtualenv.py
[2026-05-10T17:43:34.637+0000] {processor.py:840} INFO - DAG(s) 'tutorial_taskflow_api_virtualenv' retrieved from /home/airflow/.local/lib/python3.12/site-packages/airflow/example_dags/tutorial_taskflow_api_virtualenv.py
[2026-05-10T17:43:34.656+0000] {logging_mixin.py:188} INFO - [2026-05-10T17:43:34.655+0000] {dag.py:3089} INFO - Sync 1 DAGs
[2026-05-10T17:43:34.665+0000] {logging_mixin.py:188} INFO - [2026-05-10T17:43:34.665+0000] {dag.py:3947} INFO - Setting next_dagrun for tutorial_taskflow_api_virtualenv to None, run_after=None
[2026-05-10T17:43:34.680+0000] {processor.py:183} INFO - Processing /home/airflow/.local/lib/python3.12/site-packages/airflow/example_dags/tutorial_taskflow_api_virtualenv.py took 0.060 seconds
[2026-05-10T17:44:05.251+0000] {processor.py:161} INFO - Started process (PID=990) to work on /home/airflow/.local/lib/python3.12/site-packages/airflow/example_dags/tutorial_taskflow_api_virtualenv.py
[2026-05-10T17:44:05.252+0000] {processor.py:830} INFO - Processing file /home/airflow/.local/lib/python3.12/site-packages/airflow/example_dags/tutorial_taskflow_api_virtualenv.py for tasks to queue
[2026-05-10T17:44:05.254+0000] {logging_mixin.py:188} INFO - [2026-05-10T17:44:05.254+0000] {dagbag.py:545} INFO - Filling up the DagBag from /home/airflow/.local/lib/python3.12/site-packages/airflow/example_dags/tutorial_taskflow_api_virtualenv.py
[2026-05-10T17:44:05.262+0000] {processor.py:840} INFO - DAG(s) 'tutorial_taskflow_api_virtualenv' retrieved from /home/airflow/.local/lib/python3.12/site-packages/airflow/example_dags/tutorial_taskflow_api_virtualenv.py
[2026-05-10T17:44:05.281+0000] {logging_mixin.py:188} INFO - [2026-05-10T17:44:05.280+0000] {dag.py:3089} INFO - Sync 1 DAGs
[2026-05-10T17:44:05.292+0000] {logging_mixin.py:188} INFO - [2026-05-10T17:44:05.292+0000] {dag.py:3947} INFO - Setting next_dagrun for tutorial_taskflow_api_virtualenv to None, run_after=None
[2026-05-10T17:44:05.308+0000] {processor.py:183} INFO - Processing /home/airflow/.local/lib/python3.12/site-packages/airflow/example_dags/tutorial_taskflow_api_virtualenv.py took 0.064 seconds
[2026-05-10T17:44:35.547+0000] {processor.py:161} INFO - Started process (PID=1050) to work on /home/airflow/.local/lib/python3.12/site-packages/airflow/example_dags/tutorial_taskflow_api_virtualenv.py
[2026-05-10T17:44:35.548+0000] {processor.py:830} INFO - Processing file /home/airflow/.local/lib/python3.12/site-packages/airflow/example_dags/tutorial_taskflow_api_virtualenv.py for tasks to queue
[2026-05-10T17:44:35.550+0000] {logging_mixin.py:188} INFO - [2026-05-10T17:44:35.550+0000] {dagbag.py:545} INFO - Filling up the DagBag from /home/airflow/.local/lib/python3.12/site-packages/airflow/example_dags/tutorial_taskflow_api_virtualenv.py
[2026-05-10T17:44:35.561+0000] {processor.py:840} INFO - DAG(s) 'tutorial_taskflow_api_virtualenv' retrieved from /home/airflow/.local/lib/python3.12/site-packages/airflow/example_dags/tutorial_taskflow_api_virtualenv.py
[2026-05-10T17:44:35.579+0000] {logging_mixin.py:188} INFO - [2026-05-10T17:44:35.579+0000] {dag.py:3089} INFO - Sync 1 DAGs
[2026-05-10T17:44:35.589+0000] {logging_mixin.py:188} INFO - [2026-05-10T17:44:35.589+0000] {dag.py:3947} INFO - Setting next_dagrun for tutorial_taskflow_api_virtualenv to None, run_after=None
[2026-05-10T17:44:35.604+0000] {processor.py:183} INFO - Processing /home/airflow/.local/lib/python3.12/site-packages/airflow/example_dags/tutorial_taskflow_api_virtualenv.py took 0.063 seconds
[2026-05-10T17:45:06.163+0000] {processor.py:161} INFO - Started process (PID=1110) to work on /home/airflow/.local/lib/python3.12/site-packages/airflow/example_dags/tutorial_taskflow_api_virtualenv.py
[2026-05-10T17:45:06.165+0000] {processor.py:830} INFO - Processing file /home/airflow/.local/lib/python3.12/site-packages/airflow/example_dags/tutorial_taskflow_api_virtualenv.py for tasks to queue
[2026-05-10T17:45:06.167+0000] {logging_mixin.py:188} INFO - [2026-05-10T17:45:06.166+0000] {dagbag.py:545} INFO - Filling up the DagBag from /home/airflow/.local/lib/python3.12/site-packages/airflow/example_dags/tutorial_taskflow_api_virtualenv.py
[2026-05-10T17:45:06.178+0000] {processor.py:840} INFO - DAG(s) 'tutorial_taskflow_api_virtualenv' retrieved from /home/airflow/.local/lib/python3.12/site-packages/airflow/example_dags/tutorial_taskflow_api_virtualenv.py
[2026-05-10T17:45:06.195+0000] {logging_mixin.py:188} INFO - [2026-05-10T17:45:06.195+0000] {dag.py:3089} INFO - Sync 1 DAGs
[2026-05-10T17:45:06.205+0000] {logging_mixin.py:188} INFO - [2026-05-10T17:45:06.205+0000] {dag.py:3947} INFO - Setting next_dagrun for tutorial_taskflow_api_virtualenv to None, run_after=None
[2026-05-10T17:45:06.219+0000] {processor.py:183} INFO - Processing /home/airflow/.local/lib/python3.12/site-packages/airflow/example_dags/tutorial_taskflow_api_virtualenv.py took 0.066 seconds
[2026-05-10T17:45:36.604+0000] {processor.py:161} INFO - Started process (PID=1170) to work on /home/airflow/.local/lib/python3.12/site-packages/airflow/example_dags/tutorial_taskflow_api_virtualenv.py
[2026-05-10T17:45:36.605+0000] {processor.py:830} INFO - Processing file /home/airflow/.local/lib/python3.12/site-packages/airflow/example_dags/tutorial_taskflow_api_virtualenv.py for tasks to queue
[2026-05-10T17:45:36.607+0000] {logging_mixin.py:188} INFO - [2026-05-10T17:45:36.607+0000] {dagbag.py:545} INFO - Filling up the DagBag from /home/airflow/.local/lib/python3.12/site-packages/airflow/example_dags/tutorial_taskflow_api_virtualenv.py
[2026-05-10T17:45:36.616+0000] {processor.py:840} INFO - DAG(s) 'tutorial_taskflow_api_virtualenv' retrieved from /home/airflow/.local/lib/python3.12/site-packages/airflow/example_dags/tutorial_taskflow_api_virtualenv.py
[2026-05-10T17:45:36.633+0000] {logging_mixin.py:188} INFO - [2026-05-10T17:45:36.633+0000] {dag.py:3089} INFO - Sync 1 DAGs
[2026-05-10T17:45:36.643+0000] {logging_mixin.py:188} INFO - [2026-05-10T17:45:36.642+0000] {dag.py:3947} INFO - Setting next_dagrun for tutorial_taskflow_api_virtualenv to None, run_after=None
[2026-05-10T17:45:36.656+0000] {processor.py:183} INFO - Processing /home/airflow/.local/lib/python3.12/site-packages/airflow/example_dags/tutorial_taskflow_api_virtualenv.py took 0.058 seconds
[2026-05-10T17:46:07.493+0000] {processor.py:161} INFO - Started process (PID=1230) to work on /home/airflow/.local/lib/python3.12/site-packages/airflow/example_dags/tutorial_taskflow_api_virtualenv.py
[2026-05-10T17:46:07.494+0000] {processor.py:830} INFO - Processing file /home/airflow/.local/lib/python3.12/site-packages/airflow/example_dags/tutorial_taskflow_api_virtualenv.py for tasks to queue
[2026-05-10T17:46:07.496+0000] {logging_mixin.py:188} INFO - [2026-05-10T17:46:07.496+0000] {dagbag.py:545} INFO - Filling up the DagBag from /home/airflow/.local/lib/python3.12/site-packages/airflow/example_dags/tutorial_taskflow_api_virtualenv.py
[2026-05-10T17:46:07.505+0000] {processor.py:840} INFO - DAG(s) 'tutorial_taskflow_api_virtualenv' retrieved from /home/airflow/.local/lib/python3.12/site-packages/airflow/example_dags/tutorial_taskflow_api_virtualenv.py
[2026-05-10T17:46:07.522+0000] {logging_mixin.py:188} INFO - [2026-05-10T17:46:07.522+0000] {dag.py:3089} INFO - Sync 1 DAGs
[2026-05-10T17:46:07.532+0000] {logging_mixin.py:188} INFO - [2026-05-10T17:46:07.532+0000] {dag.py:3947} INFO - Setting next_dagrun for tutorial_taskflow_api_virtualenv to None, run_after=None
[2026-05-10T17:46:07.547+0000] {processor.py:183} INFO - Processing /home/airflow/.local/lib/python3.12/site-packages/airflow/example_dags/tutorial_taskflow_api_virtualenv.py took 0.060 seconds
[2026-05-10T17:46:37.984+0000] {processor.py:161} INFO - Started process (PID=1290) to work on /home/airflow/.local/lib/python3.12/site-packages/airflow/example_dags/tutorial_taskflow_api_virtualenv.py
[2026-05-10T17:46:37.985+0000] {processor.py:830} INFO - Processing file /home/airflow/.local/lib/python3.12/site-packages/airflow/example_dags/tutorial_taskflow_api_virtualenv.py for tasks to queue
[2026-05-10T17:46:37.988+0000] {logging_mixin.py:188} INFO - [2026-05-10T17:46:37.988+0000] {dagbag.py:545} INFO - Filling up the DagBag from /home/airflow/.local/lib/python3.12/site-packages/airflow/example_dags/tutorial_taskflow_api_virtualenv.py
[2026-05-10T17:46:37.999+0000] {processor.py:840} INFO - DAG(s) 'tutorial_taskflow_api_virtualenv' retrieved from /home/airflow/.local/lib/python3.12/site-packages/airflow/example_dags/tutorial_taskflow_api_virtualenv.py
[2026-05-10T17:46:38.019+0000] {logging_mixin.py:188} INFO - [2026-05-10T17:46:38.019+0000] {dag.py:3089} INFO - Sync 1 DAGs
[2026-05-10T17:46:38.031+0000] {logging_mixin.py:188} INFO - [2026-05-10T17:46:38.031+0000] {dag.py:3947} INFO - Setting next_dagrun for tutorial_taskflow_api_virtualenv to None, run_after=None
[2026-05-10T17:46:38.045+0000] {processor.py:183} INFO - Processing /home/airflow/.local/lib/python3.12/site-packages/airflow/example_dags/tutorial_taskflow_api_virtualenv.py took 0.069 seconds
[2026-05-10T17:47:08.403+0000] {processor.py:161} INFO - Started process (PID=1350) to work on /home/airflow/.local/lib/python3.12/site-packages/airflow/example_dags/tutorial_taskflow_api_virtualenv.py
[2026-05-10T17:47:08.404+0000] {processor.py:830} INFO - Processing file /home/airflow/.local/lib/python3.12/site-packages/airflow/example_dags/tutorial_taskflow_api_virtualenv.py for tasks to queue
[2026-05-10T17:47:08.406+0000] {logging_mixin.py:188} INFO - [2026-05-10T17:47:08.405+0000] {dagbag.py:545} INFO - Filling up the DagBag from /home/airflow/.local/lib/python3.12/site-packages/airflow/example_dags/tutorial_taskflow_api_virtualenv.py
[2026-05-10T17:47:08.414+0000] {processor.py:840} INFO - DAG(s) 'tutorial_taskflow_api_virtualenv' retrieved from /home/airflow/.local/lib/python3.12/site-packages/airflow/example_dags/tutorial_taskflow_api_virtualenv.py
[2026-05-10T17:47:08.431+0000] {logging_mixin.py:188} INFO - [2026-05-10T17:47:08.430+0000] {dag.py:3089} INFO - Sync 1 DAGs
[2026-05-10T17:47:08.440+0000] {logging_mixin.py:188} INFO - [2026-05-10T17:47:08.440+0000] {dag.py:3947} INFO - Setting next_dagrun for tutorial_taskflow_api_virtualenv to None, run_after=None
[2026-05-10T17:47:08.454+0000] {processor.py:183} INFO - Processing /home/airflow/.local/lib/python3.12/site-packages/airflow/example_dags/tutorial_taskflow_api_virtualenv.py took 0.059 seconds
[2026-05-10T17:47:38.969+0000] {processor.py:161} INFO - Started process (PID=1411) to work on /home/airflow/.local/lib/python3.12/site-packages/airflow/example_dags/tutorial_taskflow_api_virtualenv.py
[2026-05-10T17:47:38.970+0000] {processor.py:830} INFO - Processing file /home/airflow/.local/lib/python3.12/site-packages/airflow/example_dags/tutorial_taskflow_api_virtualenv.py for tasks to queue
[2026-05-10T17:47:38.972+0000] {logging_mixin.py:188} INFO - [2026-05-10T17:47:38.972+0000] {dagbag.py:545} INFO - Filling up the DagBag from /home/airflow/.local/lib/python3.12/site-packages/airflow/example_dags/tutorial_taskflow_api_virtualenv.py
[2026-05-10T17:47:38.981+0000] {processor.py:840} INFO - DAG(s) 'tutorial_taskflow_api_virtualenv' retrieved from /home/airflow/.local/lib/python3.12/site-packages/airflow/example_dags/tutorial_taskflow_api_virtualenv.py
[2026-05-10T17:47:38.998+0000] {logging_mixin.py:188} INFO - [2026-05-10T17:47:38.997+0000] {dag.py:3089} INFO - Sync 1 DAGs
[2026-05-10T17:47:39.008+0000] {logging_mixin.py:188} INFO - [2026-05-10T17:47:39.007+0000] {dag.py:3947} INFO - Setting next_dagrun for tutorial_taskflow_api_virtualenv to None, run_after=None
[2026-05-10T17:47:39.024+0000] {processor.py:183} INFO - Processing /home/airflow/.local/lib/python3.12/site-packages/airflow/example_dags/tutorial_taskflow_api_virtualenv.py took 0.061 seconds
[2026-05-10T17:48:09.193+0000] {processor.py:161} INFO - Started process (PID=1471) to work on /home/airflow/.local/lib/python3.12/site-packages/airflow/example_dags/tutorial_taskflow_api_virtualenv.py
[2026-05-10T17:48:09.193+0000] {processor.py:830} INFO - Processing file /home/airflow/.local/lib/python3.12/site-packages/airflow/example_dags/tutorial_taskflow_api_virtualenv.py for tasks to queue
[2026-05-10T17:48:09.195+0000] {logging_mixin.py:188} INFO - [2026-05-10T17:48:09.195+0000] {dagbag.py:545} INFO - Filling up the DagBag from /home/airflow/.local/lib/python3.12/site-packages/airflow/example_dags/tutorial_taskflow_api_virtualenv.py
[2026-05-10T17:48:09.205+0000] {processor.py:840} INFO - DAG(s) 'tutorial_taskflow_api_virtualenv' retrieved from /home/airflow/.local/lib/python3.12/site-packages/airflow/example_dags/tutorial_taskflow_api_virtualenv.py
[2026-05-10T17:48:09.222+0000] {logging_mixin.py:188} INFO - [2026-05-10T17:48:09.222+0000] {dag.py:3089} INFO - Sync 1 DAGs
[2026-05-10T17:48:09.231+0000] {logging_mixin.py:188} INFO - [2026-05-10T17:48:09.231+0000] {dag.py:3947} INFO - Setting next_dagrun for tutorial_taskflow_api_virtualenv to None, run_after=None
[2026-05-10T17:48:09.246+0000] {processor.py:183} INFO - Processing /home/airflow/.local/lib/python3.12/site-packages/airflow/example_dags/tutorial_taskflow_api_virtualenv.py took 0.059 seconds
[2026-05-10T17:48:39.448+0000] {processor.py:161} INFO - Started process (PID=1531) to work on /home/airflow/.local/lib/python3.12/site-packages/airflow/example_dags/tutorial_taskflow_api_virtualenv.py
[2026-05-10T17:48:39.449+0000] {processor.py:830} INFO - Processing file /home/airflow/.local/lib/python3.12/site-packages/airflow/example_dags/tutorial_taskflow_api_virtualenv.py for tasks to queue
[2026-05-10T17:48:39.451+0000] {logging_mixin.py:188} INFO - [2026-05-10T17:48:39.450+0000] {dagbag.py:545} INFO - Filling up the DagBag from /home/airflow/.local/lib/python3.12/site-packages/airflow/example_dags/tutorial_taskflow_api_virtualenv.py
[2026-05-10T17:48:39.461+0000] {processor.py:840} INFO - DAG(s) 'tutorial_taskflow_api_virtualenv' retrieved from /home/airflow/.local/lib/python3.12/site-packages/airflow/example_dags/tutorial_taskflow_api_virtualenv.py
[2026-05-10T17:48:39.478+0000] {logging_mixin.py:188} INFO - [2026-05-10T17:48:39.478+0000] {dag.py:3089} INFO - Sync 1 DAGs
[2026-05-10T17:48:39.490+0000] {logging_mixin.py:188} INFO - [2026-05-10T17:48:39.489+0000] {dag.py:3947} INFO - Setting next_dagrun for tutorial_taskflow_api_virtualenv to None, run_after=None
[2026-05-10T17:48:39.503+0000] {processor.py:183} INFO - Processing /home/airflow/.local/lib/python3.12/site-packages/airflow/example_dags/tutorial_taskflow_api_virtualenv.py took 0.061 seconds
[2026-05-10T17:49:10.264+0000] {processor.py:161} INFO - Started process (PID=1591) to work on /home/airflow/.local/lib/python3.12/site-packages/airflow/example_dags/tutorial_taskflow_api_virtualenv.py
[2026-05-10T17:49:10.264+0000] {processor.py:830} INFO - Processing file /home/airflow/.local/lib/python3.12/site-packages/airflow/example_dags/tutorial_taskflow_api_virtualenv.py for tasks to queue
[2026-05-10T17:49:10.266+0000] {logging_mixin.py:188} INFO - [2026-05-10T17:49:10.266+0000] {dagbag.py:545} INFO - Filling up the DagBag from /home/airflow/.local/lib/python3.12/site-packages/airflow/example_dags/tutorial_taskflow_api_virtualenv.py
[2026-05-10T17:49:10.277+0000] {processor.py:840} INFO - DAG(s) 'tutorial_taskflow_api_virtualenv' retrieved from /home/airflow/.local/lib/python3.12/site-packages/airflow/example_dags/tutorial_taskflow_api_virtualenv.py
[2026-05-10T17:49:10.296+0000] {logging_mixin.py:188} INFO - [2026-05-10T17:49:10.296+0000] {dag.py:3089} INFO - Sync 1 DAGs
[2026-05-10T17:49:10.308+0000] {logging_mixin.py:188} INFO - [2026-05-10T17:49:10.308+0000] {dag.py:3947} INFO - Setting next_dagrun for tutorial_taskflow_api_virtualenv to None, run_after=None
[2026-05-10T17:49:10.324+0000] {processor.py:183} INFO - Processing /home/airflow/.local/lib/python3.12/site-packages/airflow/example_dags/tutorial_taskflow_api_virtualenv.py took 0.067 seconds
[2026-05-10T17:49:40.857+0000] {processor.py:161} INFO - Started process (PID=1651) to work on /home/airflow/.local/lib/python3.12/site-packages/airflow/example_dags/tutorial_taskflow_api_virtualenv.py
[2026-05-10T17:49:40.858+0000] {processor.py:830} INFO - Processing file /home/airflow/.local/lib/python3.12/site-packages/airflow/example_dags/tutorial_taskflow_api_virtualenv.py for tasks to queue
[2026-05-10T17:49:40.861+0000] {logging_mixin.py:188} INFO - [2026-05-10T17:49:40.861+0000] {dagbag.py:545} INFO - Filling up the DagBag from /home/airflow/.local/lib/python3.12/site-packages/airflow/example_dags/tutorial_taskflow_api_virtualenv.py
[2026-05-10T17:49:40.878+0000] {processor.py:840} INFO - DAG(s) 'tutorial_taskflow_api_virtualenv' retrieved from /home/airflow/.local/lib/python3.12/site-packages/airflow/example_dags/tutorial_taskflow_api_virtualenv.py
[2026-05-10T17:49:40.905+0000] {logging_mixin.py:188} INFO - [2026-05-10T17:49:40.905+0000] {dag.py:3089} INFO - Sync 1 DAGs
[2026-05-10T17:49:40.918+0000] {logging_mixin.py:188} INFO - [2026-05-10T17:49:40.917+0000] {dag.py:3947} INFO - Setting next_dagrun for tutorial_taskflow_api_virtualenv to None, run_after=None
[2026-05-10T17:49:40.935+0000] {processor.py:183} INFO - Processing /home/airflow/.local/lib/python3.12/site-packages/airflow/example_dags/tutorial_taskflow_api_virtualenv.py took 0.093 seconds
[2026-05-10T17:50:11.319+0000] {processor.py:161} INFO - Started process (PID=1711) to work on /home/airflow/.local/lib/python3.12/site-packages/airflow/example_dags/tutorial_taskflow_api_virtualenv.py
[2026-05-10T17:50:11.320+0000] {processor.py:830} INFO - Processing file /home/airflow/.local/lib/python3.12/site-packages/airflow/example_dags/tutorial_taskflow_api_virtualenv.py for tasks to queue
[2026-05-10T17:50:11.322+0000] {logging_mixin.py:188} INFO - [2026-05-10T17:50:11.322+0000] {dagbag.py:545} INFO - Filling up the DagBag from /home/airflow/.local/lib/python3.12/site-packages/airflow/example_dags/tutorial_taskflow_api_virtualenv.py
[2026-05-10T17:50:11.333+0000] {processor.py:840} INFO - DAG(s) 'tutorial_taskflow_api_virtualenv' retrieved from /home/airflow/.local/lib/python3.12/site-packages/airflow/example_dags/tutorial_taskflow_api_virtualenv.py
[2026-05-10T17:50:11.355+0000] {logging_mixin.py:188} INFO - [2026-05-10T17:50:11.354+0000] {dag.py:3089} INFO - Sync 1 DAGs
[2026-05-10T17:50:11.367+0000] {logging_mixin.py:188} INFO - [2026-05-10T17:50:11.367+0000] {dag.py:3947} INFO - Setting next_dagrun for tutorial_taskflow_api_virtualenv to None, run_after=None
[2026-05-10T17:50:11.383+0000] {processor.py:183} INFO - Processing /home/airflow/.local/lib/python3.12/site-packages/airflow/example_dags/tutorial_taskflow_api_virtualenv.py took 0.072 seconds
[2026-05-10T17:50:41.662+0000] {processor.py:161} INFO - Started process (PID=1771) to work on /home/airflow/.local/lib/python3.12/site-packages/airflow/example_dags/tutorial_taskflow_api_virtualenv.py
[2026-05-10T17:50:41.663+0000] {processor.py:830} INFO - Processing file /home/airflow/.local/lib/python3.12/site-packages/airflow/example_dags/tutorial_taskflow_api_virtualenv.py for tasks to queue
[2026-05-10T17:50:41.664+0000] {logging_mixin.py:188} INFO - [2026-05-10T17:50:41.664+0000] {dagbag.py:545} INFO - Filling up the DagBag from /home/airflow/.local/lib/python3.12/site-packages/airflow/example_dags/tutorial_taskflow_api_virtualenv.py
[2026-05-10T17:50:41.675+0000] {processor.py:840} INFO - DAG(s) 'tutorial_taskflow_api_virtualenv' retrieved from /home/airflow/.local/lib/python3.12/site-packages/airflow/example_dags/tutorial_taskflow_api_virtualenv.py
[2026-05-10T17:50:41.693+0000] {logging_mixin.py:188} INFO - [2026-05-10T17:50:41.693+0000] {dag.py:3089} INFO - Sync 1 DAGs
[2026-05-10T17:50:41.711+0000] {logging_mixin.py:188} INFO - [2026-05-10T17:50:41.710+0000] {dag.py:3947} INFO - Setting next_dagrun for tutorial_taskflow_api_virtualenv to None, run_after=None
[2026-05-10T17:50:41.726+0000] {processor.py:183} INFO - Processing /home/airflow/.local/lib/python3.12/site-packages/airflow/example_dags/tutorial_taskflow_api_virtualenv.py took 0.072 seconds
[2026-05-10T17:51:12.074+0000] {processor.py:161} INFO - Started process (PID=1831) to work on /home/airflow/.local/lib/python3.12/site-packages/airflow/example_dags/tutorial_taskflow_api_virtualenv.py
[2026-05-10T17:51:12.075+0000] {processor.py:830} INFO - Processing file /home/airflow/.local/lib/python3.12/site-packages/airflow/example_dags/tutorial_taskflow_api_virtualenv.py for tasks to queue
[2026-05-10T17:51:12.077+0000] {logging_mixin.py:188} INFO - [2026-05-10T17:51:12.076+0000] {dagbag.py:545} INFO - Filling up the DagBag from /home/airflow/.local/lib/python3.12/site-packages/airflow/example_dags/tutorial_taskflow_api_virtualenv.py
[2026-05-10T17:51:12.086+0000] {processor.py:840} INFO - DAG(s) 'tutorial_taskflow_api_virtualenv' retrieved from /home/airflow/.local/lib/python3.12/site-packages/airflow/example_dags/tutorial_taskflow_api_virtualenv.py
[2026-05-10T17:51:12.104+0000] {logging_mixin.py:188} INFO - [2026-05-10T17:51:12.103+0000] {dag.py:3089} INFO - Sync 1 DAGs
[2026-05-10T17:51:12.114+0000] {logging_mixin.py:188} INFO - [2026-05-10T17:51:12.114+0000] {dag.py:3947} INFO - Setting next_dagrun for tutorial_taskflow_api_virtualenv to None, run_after=None
[2026-05-10T17:51:12.127+0000] {processor.py:183} INFO - Processing /home/airflow/.local/lib/python3.12/site-packages/airflow/example_dags/tutorial_taskflow_api_virtualenv.py took 0.060 seconds
[2026-05-10T17:51:42.318+0000] {processor.py:161} INFO - Started process (PID=1891) to work on /home/airflow/.local/lib/python3.12/site-packages/airflow/example_dags/tutorial_taskflow_api_virtualenv.py
[2026-05-10T17:51:42.319+0000] {processor.py:830} INFO - Processing file /home/airflow/.local/lib/python3.12/site-packages/airflow/example_dags/tutorial_taskflow_api_virtualenv.py for tasks to queue
[2026-05-10T17:51:42.321+0000] {logging_mixin.py:188} INFO - [2026-05-10T17:51:42.321+0000] {dagbag.py:545} INFO - Filling up the DagBag from /home/airflow/.local/lib/python3.12/site-packages/airflow/example_dags/tutorial_taskflow_api_virtualenv.py
[2026-05-10T17:51:42.330+0000] {processor.py:840} INFO - DAG(s) 'tutorial_taskflow_api_virtualenv' retrieved from /home/airflow/.local/lib/python3.12/site-packages/airflow/example_dags/tutorial_taskflow_api_virtualenv.py
[2026-05-10T17:51:42.349+0000] {logging_mixin.py:188} INFO - [2026-05-10T17:51:42.348+0000] {dag.py:3089} INFO - Sync 1 DAGs
[2026-05-10T17:51:42.359+0000] {logging_mixin.py:188} INFO - [2026-05-10T17:51:42.359+0000] {dag.py:3947} INFO - Setting next_dagrun for tutorial_taskflow_api_virtualenv to None, run_after=None
[2026-05-10T17:51:42.374+0000] {processor.py:183} INFO - Processing /home/airflow/.local/lib/python3.12/site-packages/airflow/example_dags/tutorial_taskflow_api_virtualenv.py took 0.062 seconds
[2026-05-10T17:52:12.640+0000] {processor.py:161} INFO - Started process (PID=1951) to work on /home/airflow/.local/lib/python3.12/site-packages/airflow/example_dags/tutorial_taskflow_api_virtualenv.py
[2026-05-10T17:52:12.641+0000] {processor.py:830} INFO - Processing file /home/airflow/.local/lib/python3.12/site-packages/airflow/example_dags/tutorial_taskflow_api_virtualenv.py for tasks to queue
[2026-05-10T17:52:12.643+0000] {logging_mixin.py:188} INFO - [2026-05-10T17:52:12.642+0000] {dagbag.py:545} INFO - Filling up the DagBag from /home/airflow/.local/lib/python3.12/site-packages/airflow/example_dags/tutorial_taskflow_api_virtualenv.py
[2026-05-10T17:52:12.652+0000] {processor.py:840} INFO - DAG(s) 'tutorial_taskflow_api_virtualenv' retrieved from /home/airflow/.local/lib/python3.12/site-packages/airflow/example_dags/tutorial_taskflow_api_virtualenv.py
[2026-05-10T17:52:12.670+0000] {logging_mixin.py:188} INFO - [2026-05-10T17:52:12.670+0000] {dag.py:3089} INFO - Sync 1 DAGs
[2026-05-10T17:52:12.680+0000] {logging_mixin.py:188} INFO - [2026-05-10T17:52:12.680+0000] {dag.py:3947} INFO - Setting next_dagrun for tutorial_taskflow_api_virtualenv to None, run_after=None
[2026-05-10T17:52:12.696+0000] {processor.py:183} INFO - Processing /home/airflow/.local/lib/python3.12/site-packages/airflow/example_dags/tutorial_taskflow_api_virtualenv.py took 0.062 seconds
[2026-05-10T17:52:43.067+0000] {processor.py:161} INFO - Started process (PID=2011) to work on /home/airflow/.local/lib/python3.12/site-packages/airflow/example_dags/tutorial_taskflow_api_virtualenv.py
[2026-05-10T17:52:43.068+0000] {processor.py:830} INFO - Processing file /home/airflow/.local/lib/python3.12/site-packages/airflow/example_dags/tutorial_taskflow_api_virtualenv.py for tasks to queue
[2026-05-10T17:52:43.070+0000] {logging_mixin.py:188} INFO - [2026-05-10T17:52:43.069+0000] {dagbag.py:545} INFO - Filling up the DagBag from /home/airflow/.local/lib/python3.12/site-packages/airflow/example_dags/tutorial_taskflow_api_virtualenv.py
[2026-05-10T17:52:43.083+0000] {processor.py:840} INFO - DAG(s) 'tutorial_taskflow_api_virtualenv' retrieved from /home/airflow/.local/lib/python3.12/site-packages/airflow/example_dags/tutorial_taskflow_api_virtualenv.py
[2026-05-10T17:52:43.103+0000] {logging_mixin.py:188} INFO - [2026-05-10T17:52:43.103+0000] {dag.py:3089} INFO - Sync 1 DAGs
[2026-05-10T17:52:43.114+0000] {logging_mixin.py:188} INFO - [2026-05-10T17:52:43.114+0000] {dag.py:3947} INFO - Setting next_dagrun for tutorial_taskflow_api_virtualenv to None, run_after=None
[2026-05-10T17:52:43.130+0000] {processor.py:183} INFO - Processing /home/airflow/.local/lib/python3.12/site-packages/airflow/example_dags/tutorial_taskflow_api_virtualenv.py took 0.072 seconds
[2026-05-10T17:53:13.740+0000] {processor.py:161} INFO - Started process (PID=2071) to work on /home/airflow/.local/lib/python3.12/site-packages/airflow/example_dags/tutorial_taskflow_api_virtualenv.py
[2026-05-10T17:53:13.741+0000] {processor.py:830} INFO - Processing file /home/airflow/.local/lib/python3.12/site-packages/airflow/example_dags/tutorial_taskflow_api_virtualenv.py for tasks to queue
[2026-05-10T17:53:13.743+0000] {logging_mixin.py:188} INFO - [2026-05-10T17:53:13.742+0000] {dagbag.py:545} INFO - Filling up the DagBag from /home/airflow/.local/lib/python3.12/site-packages/airflow/example_dags/tutorial_taskflow_api_virtualenv.py
[2026-05-10T17:53:13.751+0000] {processor.py:840} INFO - DAG(s) 'tutorial_taskflow_api_virtualenv' retrieved from /home/airflow/.local/lib/python3.12/site-packages/airflow/example_dags/tutorial_taskflow_api_virtualenv.py
[2026-05-10T17:53:13.772+0000] {logging_mixin.py:188} INFO - [2026-05-10T17:53:13.772+0000] {dag.py:3089} INFO - Sync 1 DAGs
[2026-05-10T17:53:13.782+0000] {logging_mixin.py:188} INFO - [2026-05-10T17:53:13.782+0000] {dag.py:3947} INFO - Setting next_dagrun for tutorial_taskflow_api_virtualenv to None, run_after=None
[2026-05-10T17:53:13.798+0000] {processor.py:183} INFO - Processing /home/airflow/.local/lib/python3.12/site-packages/airflow/example_dags/tutorial_taskflow_api_virtualenv.py took 0.064 seconds
[2026-05-10T17:53:43.909+0000] {processor.py:161} INFO - Started process (PID=2131) to work on /home/airflow/.local/lib/python3.12/site-packages/airflow/example_dags/tutorial_taskflow_api_virtualenv.py
[2026-05-10T17:53:43.910+0000] {processor.py:830} INFO - Processing file /home/airflow/.local/lib/python3.12/site-packages/airflow/example_dags/tutorial_taskflow_api_virtualenv.py for tasks to queue
[2026-05-10T17:53:43.912+0000] {logging_mixin.py:188} INFO - [2026-05-10T17:53:43.911+0000] {dagbag.py:545} INFO - Filling up the DagBag from /home/airflow/.local/lib/python3.12/site-packages/airflow/example_dags/tutorial_taskflow_api_virtualenv.py
[2026-05-10T17:53:43.920+0000] {processor.py:840} INFO - DAG(s) 'tutorial_taskflow_api_virtualenv' retrieved from /home/airflow/.local/lib/python3.12/site-packages/airflow/example_dags/tutorial_taskflow_api_virtualenv.py
[2026-05-10T17:53:43.938+0000] {logging_mixin.py:188} INFO - [2026-05-10T17:53:43.938+0000] {dag.py:3089} INFO - Sync 1 DAGs
[2026-05-10T17:53:43.948+0000] {logging_mixin.py:188} INFO - [2026-05-10T17:53:43.948+0000] {dag.py:3947} INFO - Setting next_dagrun for tutorial_taskflow_api_virtualenv to None, run_after=None
[2026-05-10T17:53:43.962+0000] {processor.py:183} INFO - Processing /home/airflow/.local/lib/python3.12/site-packages/airflow/example_dags/tutorial_taskflow_api_virtualenv.py took 0.059 seconds
[2026-05-10T17:54:14.101+0000] {processor.py:161} INFO - Started process (PID=2190) to work on /home/airflow/.local/lib/python3.12/site-packages/airflow/example_dags/tutorial_taskflow_api_virtualenv.py
[2026-05-10T17:54:14.102+0000] {processor.py:830} INFO - Processing file /home/airflow/.local/lib/python3.12/site-packages/airflow/example_dags/tutorial_taskflow_api_virtualenv.py for tasks to queue
[2026-05-10T17:54:14.104+0000] {logging_mixin.py:188} INFO - [2026-05-10T17:54:14.104+0000] {dagbag.py:545} INFO - Filling up the DagBag from /home/airflow/.local/lib/python3.12/site-packages/airflow/example_dags/tutorial_taskflow_api_virtualenv.py
[2026-05-10T17:54:14.115+0000] {processor.py:840} INFO - DAG(s) 'tutorial_taskflow_api_virtualenv' retrieved from /home/airflow/.local/lib/python3.12/site-packages/airflow/example_dags/tutorial_taskflow_api_virtualenv.py
[2026-05-10T17:54:14.135+0000] {logging_mixin.py:188} INFO - [2026-05-10T17:54:14.134+0000] {dag.py:3089} INFO - Sync 1 DAGs
[2026-05-10T17:54:14.145+0000] {logging_mixin.py:188} INFO - [2026-05-10T17:54:14.145+0000] {dag.py:3947} INFO - Setting next_dagrun for tutorial_taskflow_api_virtualenv to None, run_after=None
[2026-05-10T17:54:14.162+0000] {processor.py:183} INFO - Processing /home/airflow/.local/lib/python3.12/site-packages/airflow/example_dags/tutorial_taskflow_api_virtualenv.py took 0.068 seconds
[2026-05-10T17:54:44.559+0000] {processor.py:161} INFO - Started process (PID=2251) to work on /home/airflow/.local/lib/python3.12/site-packages/airflow/example_dags/tutorial_taskflow_api_virtualenv.py
[2026-05-10T17:54:44.560+0000] {processor.py:830} INFO - Processing file /home/airflow/.local/lib/python3.12/site-packages/airflow/example_dags/tutorial_taskflow_api_virtualenv.py for tasks to queue
[2026-05-10T17:54:44.562+0000] {logging_mixin.py:188} INFO - [2026-05-10T17:54:44.562+0000] {dagbag.py:545} INFO - Filling up the DagBag from /home/airflow/.local/lib/python3.12/site-packages/airflow/example_dags/tutorial_taskflow_api_virtualenv.py
[2026-05-10T17:54:44.572+0000] {processor.py:840} INFO - DAG(s) 'tutorial_taskflow_api_virtualenv' retrieved from /home/airflow/.local/lib/python3.12/site-packages/airflow/example_dags/tutorial_taskflow_api_virtualenv.py
[2026-05-10T17:54:44.590+0000] {logging_mixin.py:188} INFO - [2026-05-10T17:54:44.590+0000] {dag.py:3089} INFO - Sync 1 DAGs
[2026-05-10T17:54:44.600+0000] {logging_mixin.py:188} INFO - [2026-05-10T17:54:44.600+0000] {dag.py:3947} INFO - Setting next_dagrun for tutorial_taskflow_api_virtualenv to None, run_after=None
[2026-05-10T17:54:44.615+0000] {processor.py:183} INFO - Processing /home/airflow/.local/lib/python3.12/site-packages/airflow/example_dags/tutorial_taskflow_api_virtualenv.py took 0.062 seconds
[2026-05-10T17:55:14.798+0000] {processor.py:161} INFO - Started process (PID=2312) to work on /home/airflow/.local/lib/python3.12/site-packages/airflow/example_dags/tutorial_taskflow_api_virtualenv.py
[2026-05-10T17:55:14.799+0000] {processor.py:830} INFO - Processing file /home/airflow/.local/lib/python3.12/site-packages/airflow/example_dags/tutorial_taskflow_api_virtualenv.py for tasks to queue
[2026-05-10T17:55:14.801+0000] {logging_mixin.py:188} INFO - [2026-05-10T17:55:14.800+0000] {dagbag.py:545} INFO - Filling up the DagBag from /home/airflow/.local/lib/python3.12/site-packages/airflow/example_dags/tutorial_taskflow_api_virtualenv.py
[2026-05-10T17:55:14.810+0000] {processor.py:840} INFO - DAG(s) 'tutorial_taskflow_api_virtualenv' retrieved from /home/airflow/.local/lib/python3.12/site-packages/airflow/example_dags/tutorial_taskflow_api_virtualenv.py
[2026-05-10T17:55:14.830+0000] {logging_mixin.py:188} INFO - [2026-05-10T17:55:14.830+0000] {dag.py:3089} INFO - Sync 1 DAGs
[2026-05-10T17:55:14.840+0000] {logging_mixin.py:188} INFO - [2026-05-10T17:55:14.840+0000] {dag.py:3947} INFO - Setting next_dagrun for tutorial_taskflow_api_virtualenv to None, run_after=None
[2026-05-10T17:55:14.855+0000] {processor.py:183} INFO - Processing /home/airflow/.local/lib/python3.12/site-packages/airflow/example_dags/tutorial_taskflow_api_virtualenv.py took 0.063 seconds
[2026-05-10T17:55:45.357+0000] {processor.py:161} INFO - Started process (PID=2372) to work on /home/airflow/.local/lib/python3.12/site-packages/airflow/example_dags/tutorial_taskflow_api_virtualenv.py
[2026-05-10T17:55:45.358+0000] {processor.py:830} INFO - Processing file /home/airflow/.local/lib/python3.12/site-packages/airflow/example_dags/tutorial_taskflow_api_virtualenv.py for tasks to queue
[2026-05-10T17:55:45.361+0000] {logging_mixin.py:188} INFO - [2026-05-10T17:55:45.361+0000] {dagbag.py:545} INFO - Filling up the DagBag from /home/airflow/.local/lib/python3.12/site-packages/airflow/example_dags/tutorial_taskflow_api_virtualenv.py
[2026-05-10T17:55:45.371+0000] {processor.py:840} INFO - DAG(s) 'tutorial_taskflow_api_virtualenv' retrieved from /home/airflow/.local/lib/python3.12/site-packages/airflow/example_dags/tutorial_taskflow_api_virtualenv.py
[2026-05-10T17:55:45.395+0000] {logging_mixin.py:188} INFO - [2026-05-10T17:55:45.394+0000] {dag.py:3089} INFO - Sync 1 DAGs
[2026-05-10T17:55:45.413+0000] {logging_mixin.py:188} INFO - [2026-05-10T17:55:45.413+0000] {dag.py:3947} INFO - Setting next_dagrun for tutorial_taskflow_api_virtualenv to None, run_after=None
[2026-05-10T17:55:45.433+0000] {processor.py:183} INFO - Processing /home/airflow/.local/lib/python3.12/site-packages/airflow/example_dags/tutorial_taskflow_api_virtualenv.py took 0.083 seconds
[2026-05-10T17:56:15.602+0000] {processor.py:161} INFO - Started process (PID=2432) to work on /home/airflow/.local/lib/python3.12/site-packages/airflow/example_dags/tutorial_taskflow_api_virtualenv.py
[2026-05-10T17:56:15.603+0000] {processor.py:830} INFO - Processing file /home/airflow/.local/lib/python3.12/site-packages/airflow/example_dags/tutorial_taskflow_api_virtualenv.py for tasks to queue
[2026-05-10T17:56:15.604+0000] {logging_mixin.py:188} INFO - [2026-05-10T17:56:15.604+0000] {dagbag.py:545} INFO - Filling up the DagBag from /home/airflow/.local/lib/python3.12/site-packages/airflow/example_dags/tutorial_taskflow_api_virtualenv.py
[2026-05-10T17:56:15.614+0000] {processor.py:840} INFO - DAG(s) 'tutorial_taskflow_api_virtualenv' retrieved from /home/airflow/.local/lib/python3.12/site-packages/airflow/example_dags/tutorial_taskflow_api_virtualenv.py
[2026-05-10T17:56:15.632+0000] {logging_mixin.py:188} INFO - [2026-05-10T17:56:15.632+0000] {dag.py:3089} INFO - Sync 1 DAGs
[2026-05-10T17:56:15.642+0000] {logging_mixin.py:188} INFO - [2026-05-10T17:56:15.642+0000] {dag.py:3947} INFO - Setting next_dagrun for tutorial_taskflow_api_virtualenv to None, run_after=None
[2026-05-10T17:56:15.657+0000] {processor.py:183} INFO - Processing /home/airflow/.local/lib/python3.12/site-packages/airflow/example_dags/tutorial_taskflow_api_virtualenv.py took 0.061 seconds
[2026-05-10T17:56:45.833+0000] {processor.py:161} INFO - Started process (PID=2492) to work on /home/airflow/.local/lib/python3.12/site-packages/airflow/example_dags/tutorial_taskflow_api_virtualenv.py
[2026-05-10T17:56:45.834+0000] {processor.py:830} INFO - Processing file /home/airflow/.local/lib/python3.12/site-packages/airflow/example_dags/tutorial_taskflow_api_virtualenv.py for tasks to queue
[2026-05-10T17:56:45.836+0000] {logging_mixin.py:188} INFO - [2026-05-10T17:56:45.836+0000] {dagbag.py:545} INFO - Filling up the DagBag from /home/airflow/.local/lib/python3.12/site-packages/airflow/example_dags/tutorial_taskflow_api_virtualenv.py
[2026-05-10T17:56:45.847+0000] {processor.py:840} INFO - DAG(s) 'tutorial_taskflow_api_virtualenv' retrieved from /home/airflow/.local/lib/python3.12/site-packages/airflow/example_dags/tutorial_taskflow_api_virtualenv.py
[2026-05-10T17:56:45.864+0000] {logging_mixin.py:188} INFO - [2026-05-10T17:56:45.864+0000] {dag.py:3089} INFO - Sync 1 DAGs
[2026-05-10T17:56:45.875+0000] {logging_mixin.py:188} INFO - [2026-05-10T17:56:45.875+0000] {dag.py:3947} INFO - Setting next_dagrun for tutorial_taskflow_api_virtualenv to None, run_after=None
[2026-05-10T17:56:45.889+0000] {processor.py:183} INFO - Processing /home/airflow/.local/lib/python3.12/site-packages/airflow/example_dags/tutorial_taskflow_api_virtualenv.py took 0.063 seconds
[2026-05-10T17:57:16.182+0000] {processor.py:161} INFO - Started process (PID=2553) to work on /home/airflow/.local/lib/python3.12/site-packages/airflow/example_dags/tutorial_taskflow_api_virtualenv.py
[2026-05-10T17:57:16.183+0000] {processor.py:830} INFO - Processing file /home/airflow/.local/lib/python3.12/site-packages/airflow/example_dags/tutorial_taskflow_api_virtualenv.py for tasks to queue
[2026-05-10T17:57:16.185+0000] {logging_mixin.py:188} INFO - [2026-05-10T17:57:16.185+0000] {dagbag.py:545} INFO - Filling up the DagBag from /home/airflow/.local/lib/python3.12/site-packages/airflow/example_dags/tutorial_taskflow_api_virtualenv.py
[2026-05-10T17:57:16.194+0000] {processor.py:840} INFO - DAG(s) 'tutorial_taskflow_api_virtualenv' retrieved from /home/airflow/.local/lib/python3.12/site-packages/airflow/example_dags/tutorial_taskflow_api_virtualenv.py
[2026-05-10T17:57:16.212+0000] {logging_mixin.py:188} INFO - [2026-05-10T17:57:16.212+0000] {dag.py:3089} INFO - Sync 1 DAGs
[2026-05-10T17:57:16.222+0000] {logging_mixin.py:188} INFO - [2026-05-10T17:57:16.222+0000] {dag.py:3947} INFO - Setting next_dagrun for tutorial_taskflow_api_virtualenv to None, run_after=None
[2026-05-10T17:57:16.238+0000] {processor.py:183} INFO - Processing /home/airflow/.local/lib/python3.12/site-packages/airflow/example_dags/tutorial_taskflow_api_virtualenv.py took 0.064 seconds
[2026-05-10T17:57:46.475+0000] {processor.py:161} INFO - Started process (PID=2613) to work on /home/airflow/.local/lib/python3.12/site-packages/airflow/example_dags/tutorial_taskflow_api_virtualenv.py
[2026-05-10T17:57:46.476+0000] {processor.py:830} INFO - Processing file /home/airflow/.local/lib/python3.12/site-packages/airflow/example_dags/tutorial_taskflow_api_virtualenv.py for tasks to queue
[2026-05-10T17:57:46.478+0000] {logging_mixin.py:188} INFO - [2026-05-10T17:57:46.477+0000] {dagbag.py:545} INFO - Filling up the DagBag from /home/airflow/.local/lib/python3.12/site-packages/airflow/example_dags/tutorial_taskflow_api_virtualenv.py
[2026-05-10T17:57:46.488+0000] {processor.py:840} INFO - DAG(s) 'tutorial_taskflow_api_virtualenv' retrieved from /home/airflow/.local/lib/python3.12/site-packages/airflow/example_dags/tutorial_taskflow_api_virtualenv.py
[2026-05-10T17:57:46.506+0000] {logging_mixin.py:188} INFO - [2026-05-10T17:57:46.505+0000] {dag.py:3089} INFO - Sync 1 DAGs
[2026-05-10T17:57:46.516+0000] {logging_mixin.py:188} INFO - [2026-05-10T17:57:46.516+0000] {dag.py:3947} INFO - Setting next_dagrun for tutorial_taskflow_api_virtualenv to None, run_after=None
[2026-05-10T17:57:46.530+0000] {processor.py:183} INFO - Processing /home/airflow/.local/lib/python3.12/site-packages/airflow/example_dags/tutorial_taskflow_api_virtualenv.py took 0.062 seconds
[2026-05-10T17:58:16.712+0000] {processor.py:161} INFO - Started process (PID=2673) to work on /home/airflow/.local/lib/python3.12/site-packages/airflow/example_dags/tutorial_taskflow_api_virtualenv.py
[2026-05-10T17:58:16.713+0000] {processor.py:830} INFO - Processing file /home/airflow/.local/lib/python3.12/site-packages/airflow/example_dags/tutorial_taskflow_api_virtualenv.py for tasks to queue
[2026-05-10T17:58:16.715+0000] {logging_mixin.py:188} INFO - [2026-05-10T17:58:16.714+0000] {dagbag.py:545} INFO - Filling up the DagBag from /home/airflow/.local/lib/python3.12/site-packages/airflow/example_dags/tutorial_taskflow_api_virtualenv.py
[2026-05-10T17:58:16.725+0000] {processor.py:840} INFO - DAG(s) 'tutorial_taskflow_api_virtualenv' retrieved from /home/airflow/.local/lib/python3.12/site-packages/airflow/example_dags/tutorial_taskflow_api_virtualenv.py
[2026-05-10T17:58:16.745+0000] {logging_mixin.py:188} INFO - [2026-05-10T17:58:16.745+0000] {dag.py:3089} INFO - Sync 1 DAGs
[2026-05-10T17:58:16.759+0000] {logging_mixin.py:188} INFO - [2026-05-10T17:58:16.758+0000] {dag.py:3947} INFO - Setting next_dagrun for tutorial_taskflow_api_virtualenv to None, run_after=None
[2026-05-10T17:58:16.774+0000] {processor.py:183} INFO - Processing /home/airflow/.local/lib/python3.12/site-packages/airflow/example_dags/tutorial_taskflow_api_virtualenv.py took 0.070 seconds
[2026-05-10T17:58:46.879+0000] {processor.py:161} INFO - Started process (PID=2733) to work on /home/airflow/.local/lib/python3.12/site-packages/airflow/example_dags/tutorial_taskflow_api_virtualenv.py
[2026-05-10T17:58:46.880+0000] {processor.py:830} INFO - Processing file /home/airflow/.local/lib/python3.12/site-packages/airflow/example_dags/tutorial_taskflow_api_virtualenv.py for tasks to queue
[2026-05-10T17:58:46.882+0000] {logging_mixin.py:188} INFO - [2026-05-10T17:58:46.881+0000] {dagbag.py:545} INFO - Filling up the DagBag from /home/airflow/.local/lib/python3.12/site-packages/airflow/example_dags/tutorial_taskflow_api_virtualenv.py
[2026-05-10T17:58:46.891+0000] {processor.py:840} INFO - DAG(s) 'tutorial_taskflow_api_virtualenv' retrieved from /home/airflow/.local/lib/python3.12/site-packages/airflow/example_dags/tutorial_taskflow_api_virtualenv.py
[2026-05-10T17:58:46.909+0000] {logging_mixin.py:188} INFO - [2026-05-10T17:58:46.908+0000] {dag.py:3089} INFO - Sync 1 DAGs
[2026-05-10T17:58:46.919+0000] {logging_mixin.py:188} INFO - [2026-05-10T17:58:46.919+0000] {dag.py:3947} INFO - Setting next_dagrun for tutorial_taskflow_api_virtualenv to None, run_after=None
[2026-05-10T17:58:46.935+0000] {processor.py:183} INFO - Processing /home/airflow/.local/lib/python3.12/site-packages/airflow/example_dags/tutorial_taskflow_api_virtualenv.py took 0.063 seconds
[2026-05-10T17:59:17.073+0000] {processor.py:161} INFO - Started process (PID=2793) to work on /home/airflow/.local/lib/python3.12/site-packages/airflow/example_dags/tutorial_taskflow_api_virtualenv.py
[2026-05-10T17:59:17.074+0000] {processor.py:830} INFO - Processing file /home/airflow/.local/lib/python3.12/site-packages/airflow/example_dags/tutorial_taskflow_api_virtualenv.py for tasks to queue
[2026-05-10T17:59:17.076+0000] {logging_mixin.py:188} INFO - [2026-05-10T17:59:17.076+0000] {dagbag.py:545} INFO - Filling up the DagBag from /home/airflow/.local/lib/python3.12/site-packages/airflow/example_dags/tutorial_taskflow_api_virtualenv.py
[2026-05-10T17:59:17.085+0000] {processor.py:840} INFO - DAG(s) 'tutorial_taskflow_api_virtualenv' retrieved from /home/airflow/.local/lib/python3.12/site-packages/airflow/example_dags/tutorial_taskflow_api_virtualenv.py
[2026-05-10T17:59:17.101+0000] {logging_mixin.py:188} INFO - [2026-05-10T17:59:17.101+0000] {dag.py:3089} INFO - Sync 1 DAGs
[2026-05-10T17:59:17.111+0000] {logging_mixin.py:188} INFO - [2026-05-10T17:59:17.111+0000] {dag.py:3947} INFO - Setting next_dagrun for tutorial_taskflow_api_virtualenv to None, run_after=None
[2026-05-10T17:59:17.127+0000] {processor.py:183} INFO - Processing /home/airflow/.local/lib/python3.12/site-packages/airflow/example_dags/tutorial_taskflow_api_virtualenv.py took 0.060 seconds
[2026-05-10T17:59:47.574+0000] {processor.py:161} INFO - Started process (PID=2853) to work on /home/airflow/.local/lib/python3.12/site-packages/airflow/example_dags/tutorial_taskflow_api_virtualenv.py
[2026-05-10T17:59:47.575+0000] {processor.py:830} INFO - Processing file /home/airflow/.local/lib/python3.12/site-packages/airflow/example_dags/tutorial_taskflow_api_virtualenv.py for tasks to queue
[2026-05-10T17:59:47.576+0000] {logging_mixin.py:188} INFO - [2026-05-10T17:59:47.576+0000] {dagbag.py:545} INFO - Filling up the DagBag from /home/airflow/.local/lib/python3.12/site-packages/airflow/example_dags/tutorial_taskflow_api_virtualenv.py
[2026-05-10T17:59:47.587+0000] {processor.py:840} INFO - DAG(s) 'tutorial_taskflow_api_virtualenv' retrieved from /home/airflow/.local/lib/python3.12/site-packages/airflow/example_dags/tutorial_taskflow_api_virtualenv.py
[2026-05-10T17:59:47.605+0000] {logging_mixin.py:188} INFO - [2026-05-10T17:59:47.605+0000] {dag.py:3089} INFO - Sync 1 DAGs
[2026-05-10T17:59:47.615+0000] {logging_mixin.py:188} INFO - [2026-05-10T17:59:47.614+0000] {dag.py:3947} INFO - Setting next_dagrun for tutorial_taskflow_api_virtualenv to None, run_after=None
[2026-05-10T17:59:47.629+0000] {processor.py:183} INFO - Processing /home/airflow/.local/lib/python3.12/site-packages/airflow/example_dags/tutorial_taskflow_api_virtualenv.py took 0.061 seconds
[2026-05-10T18:00:17.998+0000] {processor.py:161} INFO - Started process (PID=2913) to work on /home/airflow/.local/lib/python3.12/site-packages/airflow/example_dags/tutorial_taskflow_api_virtualenv.py
[2026-05-10T18:00:17.999+0000] {processor.py:830} INFO - Processing file /home/airflow/.local/lib/python3.12/site-packages/airflow/example_dags/tutorial_taskflow_api_virtualenv.py for tasks to queue
[2026-05-10T18:00:18.000+0000] {logging_mixin.py:188} INFO - [2026-05-10T18:00:18.000+0000] {dagbag.py:545} INFO - Filling up the DagBag from /home/airflow/.local/lib/python3.12/site-packages/airflow/example_dags/tutorial_taskflow_api_virtualenv.py
[2026-05-10T18:00:18.010+0000] {processor.py:840} INFO - DAG(s) 'tutorial_taskflow_api_virtualenv' retrieved from /home/airflow/.local/lib/python3.12/site-packages/airflow/example_dags/tutorial_taskflow_api_virtualenv.py
[2026-05-10T18:00:18.029+0000] {logging_mixin.py:188} INFO - [2026-05-10T18:00:18.029+0000] {dag.py:3089} INFO - Sync 1 DAGs
[2026-05-10T18:00:18.039+0000] {logging_mixin.py:188} INFO - [2026-05-10T18:00:18.039+0000] {dag.py:3947} INFO - Setting next_dagrun for tutorial_taskflow_api_virtualenv to None, run_after=None
[2026-05-10T18:00:18.054+0000] {processor.py:183} INFO - Processing /home/airflow/.local/lib/python3.12/site-packages/airflow/example_dags/tutorial_taskflow_api_virtualenv.py took 0.062 seconds
[2026-05-10T18:00:48.825+0000] {processor.py:161} INFO - Started process (PID=2973) to work on /home/airflow/.local/lib/python3.12/site-packages/airflow/example_dags/tutorial_taskflow_api_virtualenv.py
[2026-05-10T18:00:48.825+0000] {processor.py:830} INFO - Processing file /home/airflow/.local/lib/python3.12/site-packages/airflow/example_dags/tutorial_taskflow_api_virtualenv.py for tasks to queue
[2026-05-10T18:00:48.827+0000] {logging_mixin.py:188} INFO - [2026-05-10T18:00:48.827+0000] {dagbag.py:545} INFO - Filling up the DagBag from /home/airflow/.local/lib/python3.12/site-packages/airflow/example_dags/tutorial_taskflow_api_virtualenv.py
[2026-05-10T18:00:48.836+0000] {processor.py:840} INFO - DAG(s) 'tutorial_taskflow_api_virtualenv' retrieved from /home/airflow/.local/lib/python3.12/site-packages/airflow/example_dags/tutorial_taskflow_api_virtualenv.py
[2026-05-10T18:00:48.854+0000] {logging_mixin.py:188} INFO - [2026-05-10T18:00:48.854+0000] {dag.py:3089} INFO - Sync 1 DAGs
[2026-05-10T18:00:48.864+0000] {logging_mixin.py:188} INFO - [2026-05-10T18:00:48.864+0000] {dag.py:3947} INFO - Setting next_dagrun for tutorial_taskflow_api_virtualenv to None, run_after=None
[2026-05-10T18:00:48.879+0000] {processor.py:183} INFO - Processing /home/airflow/.local/lib/python3.12/site-packages/airflow/example_dags/tutorial_taskflow_api_virtualenv.py took 0.061 seconds
[2026-05-10T18:01:18.954+0000] {processor.py:161} INFO - Started process (PID=3033) to work on /home/airflow/.local/lib/python3.12/site-packages/airflow/example_dags/tutorial_taskflow_api_virtualenv.py
[2026-05-10T18:01:18.955+0000] {processor.py:830} INFO - Processing file /home/airflow/.local/lib/python3.12/site-packages/airflow/example_dags/tutorial_taskflow_api_virtualenv.py for tasks to queue
[2026-05-10T18:01:18.957+0000] {logging_mixin.py:188} INFO - [2026-05-10T18:01:18.957+0000] {dagbag.py:545} INFO - Filling up the DagBag from /home/airflow/.local/lib/python3.12/site-packages/airflow/example_dags/tutorial_taskflow_api_virtualenv.py
[2026-05-10T18:01:18.966+0000] {processor.py:840} INFO - DAG(s) 'tutorial_taskflow_api_virtualenv' retrieved from /home/airflow/.local/lib/python3.12/site-packages/airflow/example_dags/tutorial_taskflow_api_virtualenv.py
[2026-05-10T18:01:18.985+0000] {logging_mixin.py:188} INFO - [2026-05-10T18:01:18.985+0000] {dag.py:3089} INFO - Sync 1 DAGs
[2026-05-10T18:01:18.996+0000] {logging_mixin.py:188} INFO - [2026-05-10T18:01:18.996+0000] {dag.py:3947} INFO - Setting next_dagrun for tutorial_taskflow_api_virtualenv to None, run_after=None
[2026-05-10T18:01:19.012+0000] {processor.py:183} INFO - Processing /home/airflow/.local/lib/python3.12/site-packages/airflow/example_dags/tutorial_taskflow_api_virtualenv.py took 0.064 seconds
[2026-05-10T18:01:49.326+0000] {processor.py:161} INFO - Started process (PID=3093) to work on /home/airflow/.local/lib/python3.12/site-packages/airflow/example_dags/tutorial_taskflow_api_virtualenv.py
[2026-05-10T18:01:49.327+0000] {processor.py:830} INFO - Processing file /home/airflow/.local/lib/python3.12/site-packages/airflow/example_dags/tutorial_taskflow_api_virtualenv.py for tasks to queue
[2026-05-10T18:01:49.329+0000] {logging_mixin.py:188} INFO - [2026-05-10T18:01:49.328+0000] {dagbag.py:545} INFO - Filling up the DagBag from /home/airflow/.local/lib/python3.12/site-packages/airflow/example_dags/tutorial_taskflow_api_virtualenv.py
[2026-05-10T18:01:49.337+0000] {processor.py:840} INFO - DAG(s) 'tutorial_taskflow_api_virtualenv' retrieved from /home/airflow/.local/lib/python3.12/site-packages/airflow/example_dags/tutorial_taskflow_api_virtualenv.py
[2026-05-10T18:01:49.355+0000] {logging_mixin.py:188} INFO - [2026-05-10T18:01:49.354+0000] {dag.py:3089} INFO - Sync 1 DAGs
[2026-05-10T18:01:49.365+0000] {logging_mixin.py:188} INFO - [2026-05-10T18:01:49.365+0000] {dag.py:3947} INFO - Setting next_dagrun for tutorial_taskflow_api_virtualenv to None, run_after=None
[2026-05-10T18:01:49.381+0000] {processor.py:183} INFO - Processing /home/airflow/.local/lib/python3.12/site-packages/airflow/example_dags/tutorial_taskflow_api_virtualenv.py took 0.063 seconds
[2026-05-10T18:02:19.431+0000] {processor.py:161} INFO - Started process (PID=3153) to work on /home/airflow/.local/lib/python3.12/site-packages/airflow/example_dags/tutorial_taskflow_api_virtualenv.py
[2026-05-10T18:02:19.432+0000] {processor.py:830} INFO - Processing file /home/airflow/.local/lib/python3.12/site-packages/airflow/example_dags/tutorial_taskflow_api_virtualenv.py for tasks to queue
[2026-05-10T18:02:19.433+0000] {logging_mixin.py:188} INFO - [2026-05-10T18:02:19.433+0000] {dagbag.py:545} INFO - Filling up the DagBag from /home/airflow/.local/lib/python3.12/site-packages/airflow/example_dags/tutorial_taskflow_api_virtualenv.py
[2026-05-10T18:02:19.445+0000] {processor.py:840} INFO - DAG(s) 'tutorial_taskflow_api_virtualenv' retrieved from /home/airflow/.local/lib/python3.12/site-packages/airflow/example_dags/tutorial_taskflow_api_virtualenv.py
[2026-05-10T18:02:19.464+0000] {logging_mixin.py:188} INFO - [2026-05-10T18:02:19.464+0000] {dag.py:3089} INFO - Sync 1 DAGs
[2026-05-10T18:02:19.474+0000] {logging_mixin.py:188} INFO - [2026-05-10T18:02:19.474+0000] {dag.py:3947} INFO - Setting next_dagrun for tutorial_taskflow_api_virtualenv to None, run_after=None
[2026-05-10T18:02:19.489+0000] {processor.py:183} INFO - Processing /home/airflow/.local/lib/python3.12/site-packages/airflow/example_dags/tutorial_taskflow_api_virtualenv.py took 0.065 seconds
[2026-05-10T18:02:49.823+0000] {processor.py:161} INFO - Started process (PID=3213) to work on /home/airflow/.local/lib/python3.12/site-packages/airflow/example_dags/tutorial_taskflow_api_virtualenv.py
[2026-05-10T18:02:49.824+0000] {processor.py:830} INFO - Processing file /home/airflow/.local/lib/python3.12/site-packages/airflow/example_dags/tutorial_taskflow_api_virtualenv.py for tasks to queue
[2026-05-10T18:02:49.826+0000] {logging_mixin.py:188} INFO - [2026-05-10T18:02:49.825+0000] {dagbag.py:545} INFO - Filling up the DagBag from /home/airflow/.local/lib/python3.12/site-packages/airflow/example_dags/tutorial_taskflow_api_virtualenv.py
[2026-05-10T18:02:49.835+0000] {processor.py:840} INFO - DAG(s) 'tutorial_taskflow_api_virtualenv' retrieved from /home/airflow/.local/lib/python3.12/site-packages/airflow/example_dags/tutorial_taskflow_api_virtualenv.py
[2026-05-10T18:02:49.853+0000] {logging_mixin.py:188} INFO - [2026-05-10T18:02:49.853+0000] {dag.py:3089} INFO - Sync 1 DAGs
[2026-05-10T18:02:49.863+0000] {logging_mixin.py:188} INFO - [2026-05-10T18:02:49.862+0000] {dag.py:3947} INFO - Setting next_dagrun for tutorial_taskflow_api_virtualenv to None, run_after=None
[2026-05-10T18:02:49.877+0000] {processor.py:183} INFO - Processing /home/airflow/.local/lib/python3.12/site-packages/airflow/example_dags/tutorial_taskflow_api_virtualenv.py took 0.060 seconds
[2026-05-10T18:03:20.203+0000] {processor.py:161} INFO - Started process (PID=3273) to work on /home/airflow/.local/lib/python3.12/site-packages/airflow/example_dags/tutorial_taskflow_api_virtualenv.py
[2026-05-10T18:03:20.204+0000] {processor.py:830} INFO - Processing file /home/airflow/.local/lib/python3.12/site-packages/airflow/example_dags/tutorial_taskflow_api_virtualenv.py for tasks to queue
[2026-05-10T18:03:20.206+0000] {logging_mixin.py:188} INFO - [2026-05-10T18:03:20.205+0000] {dagbag.py:545} INFO - Filling up the DagBag from /home/airflow/.local/lib/python3.12/site-packages/airflow/example_dags/tutorial_taskflow_api_virtualenv.py
[2026-05-10T18:03:20.215+0000] {processor.py:840} INFO - DAG(s) 'tutorial_taskflow_api_virtualenv' retrieved from /home/airflow/.local/lib/python3.12/site-packages/airflow/example_dags/tutorial_taskflow_api_virtualenv.py
[2026-05-10T18:03:20.232+0000] {logging_mixin.py:188} INFO - [2026-05-10T18:03:20.232+0000] {dag.py:3089} INFO - Sync 1 DAGs
[2026-05-10T18:03:20.242+0000] {logging_mixin.py:188} INFO - [2026-05-10T18:03:20.242+0000] {dag.py:3947} INFO - Setting next_dagrun for tutorial_taskflow_api_virtualenv to None, run_after=None
[2026-05-10T18:03:20.260+0000] {processor.py:183} INFO - Processing /home/airflow/.local/lib/python3.12/site-packages/airflow/example_dags/tutorial_taskflow_api_virtualenv.py took 0.063 seconds
[2026-05-10T18:03:50.570+0000] {processor.py:161} INFO - Started process (PID=3333) to work on /home/airflow/.local/lib/python3.12/site-packages/airflow/example_dags/tutorial_taskflow_api_virtualenv.py
[2026-05-10T18:03:50.571+0000] {processor.py:830} INFO - Processing file /home/airflow/.local/lib/python3.12/site-packages/airflow/example_dags/tutorial_taskflow_api_virtualenv.py for tasks to queue
[2026-05-10T18:03:50.573+0000] {logging_mixin.py:188} INFO - [2026-05-10T18:03:50.573+0000] {dagbag.py:545} INFO - Filling up the DagBag from /home/airflow/.local/lib/python3.12/site-packages/airflow/example_dags/tutorial_taskflow_api_virtualenv.py
[2026-05-10T18:03:50.583+0000] {processor.py:840} INFO - DAG(s) 'tutorial_taskflow_api_virtualenv' retrieved from /home/airflow/.local/lib/python3.12/site-packages/airflow/example_dags/tutorial_taskflow_api_virtualenv.py
[2026-05-10T18:03:50.604+0000] {logging_mixin.py:188} INFO - [2026-05-10T18:03:50.603+0000] {dag.py:3089} INFO - Sync 1 DAGs
[2026-05-10T18:03:50.616+0000] {logging_mixin.py:188} INFO - [2026-05-10T18:03:50.616+0000] {dag.py:3947} INFO - Setting next_dagrun for tutorial_taskflow_api_virtualenv to None, run_after=None
[2026-05-10T18:03:50.632+0000] {processor.py:183} INFO - Processing /home/airflow/.local/lib/python3.12/site-packages/airflow/example_dags/tutorial_taskflow_api_virtualenv.py took 0.069 seconds
[2026-05-10T18:04:21.679+0000] {processor.py:161} INFO - Started process (PID=3393) to work on /home/airflow/.local/lib/python3.12/site-packages/airflow/example_dags/tutorial_taskflow_api_virtualenv.py
[2026-05-10T18:04:21.680+0000] {processor.py:830} INFO - Processing file /home/airflow/.local/lib/python3.12/site-packages/airflow/example_dags/tutorial_taskflow_api_virtualenv.py for tasks to queue
[2026-05-10T18:04:21.682+0000] {logging_mixin.py:188} INFO - [2026-05-10T18:04:21.682+0000] {dagbag.py:545} INFO - Filling up the DagBag from /home/airflow/.local/lib/python3.12/site-packages/airflow/example_dags/tutorial_taskflow_api_virtualenv.py
[2026-05-10T18:04:21.691+0000] {processor.py:840} INFO - DAG(s) 'tutorial_taskflow_api_virtualenv' retrieved from /home/airflow/.local/lib/python3.12/site-packages/airflow/example_dags/tutorial_taskflow_api_virtualenv.py
[2026-05-10T18:04:21.710+0000] {logging_mixin.py:188} INFO - [2026-05-10T18:04:21.709+0000] {dag.py:3089} INFO - Sync 1 DAGs
[2026-05-10T18:04:21.719+0000] {logging_mixin.py:188} INFO - [2026-05-10T18:04:21.719+0000] {dag.py:3947} INFO - Setting next_dagrun for tutorial_taskflow_api_virtualenv to None, run_after=None
[2026-05-10T18:04:21.734+0000] {processor.py:183} INFO - Processing /home/airflow/.local/lib/python3.12/site-packages/airflow/example_dags/tutorial_taskflow_api_virtualenv.py took 0.061 seconds
[2026-05-10T18:04:52.491+0000] {processor.py:161} INFO - Started process (PID=3453) to work on /home/airflow/.local/lib/python3.12/site-packages/airflow/example_dags/tutorial_taskflow_api_virtualenv.py
[2026-05-10T18:04:52.492+0000] {processor.py:830} INFO - Processing file /home/airflow/.local/lib/python3.12/site-packages/airflow/example_dags/tutorial_taskflow_api_virtualenv.py for tasks to queue
[2026-05-10T18:04:52.494+0000] {logging_mixin.py:188} INFO - [2026-05-10T18:04:52.493+0000] {dagbag.py:545} INFO - Filling up the DagBag from /home/airflow/.local/lib/python3.12/site-packages/airflow/example_dags/tutorial_taskflow_api_virtualenv.py
[2026-05-10T18:04:52.503+0000] {processor.py:840} INFO - DAG(s) 'tutorial_taskflow_api_virtualenv' retrieved from /home/airflow/.local/lib/python3.12/site-packages/airflow/example_dags/tutorial_taskflow_api_virtualenv.py
[2026-05-10T18:04:52.520+0000] {logging_mixin.py:188} INFO - [2026-05-10T18:04:52.520+0000] {dag.py:3089} INFO - Sync 1 DAGs
[2026-05-10T18:04:52.532+0000] {logging_mixin.py:188} INFO - [2026-05-10T18:04:52.532+0000] {dag.py:3947} INFO - Setting next_dagrun for tutorial_taskflow_api_virtualenv to None, run_after=None
[2026-05-10T18:04:52.550+0000] {processor.py:183} INFO - Processing /home/airflow/.local/lib/python3.12/site-packages/airflow/example_dags/tutorial_taskflow_api_virtualenv.py took 0.066 seconds
[2026-05-10T18:05:22.652+0000] {processor.py:161} INFO - Started process (PID=3513) to work on /home/airflow/.local/lib/python3.12/site-packages/airflow/example_dags/tutorial_taskflow_api_virtualenv.py
[2026-05-10T18:05:22.653+0000] {processor.py:830} INFO - Processing file /home/airflow/.local/lib/python3.12/site-packages/airflow/example_dags/tutorial_taskflow_api_virtualenv.py for tasks to queue
[2026-05-10T18:05:22.655+0000] {logging_mixin.py:188} INFO - [2026-05-10T18:05:22.654+0000] {dagbag.py:545} INFO - Filling up the DagBag from /home/airflow/.local/lib/python3.12/site-packages/airflow/example_dags/tutorial_taskflow_api_virtualenv.py
[2026-05-10T18:05:22.663+0000] {processor.py:840} INFO - DAG(s) 'tutorial_taskflow_api_virtualenv' retrieved from /home/airflow/.local/lib/python3.12/site-packages/airflow/example_dags/tutorial_taskflow_api_virtualenv.py
[2026-05-10T18:05:22.682+0000] {logging_mixin.py:188} INFO - [2026-05-10T18:05:22.681+0000] {dag.py:3089} INFO - Sync 1 DAGs
[2026-05-10T18:05:22.691+0000] {logging_mixin.py:188} INFO - [2026-05-10T18:05:22.691+0000] {dag.py:3947} INFO - Setting next_dagrun for tutorial_taskflow_api_virtualenv to None, run_after=None
[2026-05-10T18:05:22.707+0000] {processor.py:183} INFO - Processing /home/airflow/.local/lib/python3.12/site-packages/airflow/example_dags/tutorial_taskflow_api_virtualenv.py took 0.062 seconds
[2026-05-10T18:05:53.037+0000] {processor.py:161} INFO - Started process (PID=3573) to work on /home/airflow/.local/lib/python3.12/site-packages/airflow/example_dags/tutorial_taskflow_api_virtualenv.py
[2026-05-10T18:05:53.037+0000] {processor.py:830} INFO - Processing file /home/airflow/.local/lib/python3.12/site-packages/airflow/example_dags/tutorial_taskflow_api_virtualenv.py for tasks to queue
[2026-05-10T18:05:53.039+0000] {logging_mixin.py:188} INFO - [2026-05-10T18:05:53.039+0000] {dagbag.py:545} INFO - Filling up the DagBag from /home/airflow/.local/lib/python3.12/site-packages/airflow/example_dags/tutorial_taskflow_api_virtualenv.py
[2026-05-10T18:05:53.050+0000] {processor.py:840} INFO - DAG(s) 'tutorial_taskflow_api_virtualenv' retrieved from /home/airflow/.local/lib/python3.12/site-packages/airflow/example_dags/tutorial_taskflow_api_virtualenv.py
[2026-05-10T18:05:53.069+0000] {logging_mixin.py:188} INFO - [2026-05-10T18:05:53.069+0000] {dag.py:3089} INFO - Sync 1 DAGs
[2026-05-10T18:05:53.080+0000] {logging_mixin.py:188} INFO - [2026-05-10T18:05:53.080+0000] {dag.py:3947} INFO - Setting next_dagrun for tutorial_taskflow_api_virtualenv to None, run_after=None
[2026-05-10T18:05:53.094+0000] {processor.py:183} INFO - Processing /home/airflow/.local/lib/python3.12/site-packages/airflow/example_dags/tutorial_taskflow_api_virtualenv.py took 0.064 seconds
[2026-05-10T18:06:23.385+0000] {processor.py:161} INFO - Started process (PID=3633) to work on /home/airflow/.local/lib/python3.12/site-packages/airflow/example_dags/tutorial_taskflow_api_virtualenv.py
[2026-05-10T18:06:23.386+0000] {processor.py:830} INFO - Processing file /home/airflow/.local/lib/python3.12/site-packages/airflow/example_dags/tutorial_taskflow_api_virtualenv.py for tasks to queue
[2026-05-10T18:06:23.387+0000] {logging_mixin.py:188} INFO - [2026-05-10T18:06:23.387+0000] {dagbag.py:545} INFO - Filling up the DagBag from /home/airflow/.local/lib/python3.12/site-packages/airflow/example_dags/tutorial_taskflow_api_virtualenv.py
[2026-05-10T18:06:23.397+0000] {processor.py:840} INFO - DAG(s) 'tutorial_taskflow_api_virtualenv' retrieved from /home/airflow/.local/lib/python3.12/site-packages/airflow/example_dags/tutorial_taskflow_api_virtualenv.py
[2026-05-10T18:06:23.415+0000] {logging_mixin.py:188} INFO - [2026-05-10T18:06:23.415+0000] {dag.py:3089} INFO - Sync 1 DAGs
[2026-05-10T18:06:23.425+0000] {logging_mixin.py:188} INFO - [2026-05-10T18:06:23.425+0000] {dag.py:3947} INFO - Setting next_dagrun for tutorial_taskflow_api_virtualenv to None, run_after=None
[2026-05-10T18:06:23.440+0000] {processor.py:183} INFO - Processing /home/airflow/.local/lib/python3.12/site-packages/airflow/example_dags/tutorial_taskflow_api_virtualenv.py took 0.061 seconds
[2026-05-10T18:06:53.503+0000] {processor.py:161} INFO - Started process (PID=3693) to work on /home/airflow/.local/lib/python3.12/site-packages/airflow/example_dags/tutorial_taskflow_api_virtualenv.py
[2026-05-10T18:06:53.503+0000] {processor.py:830} INFO - Processing file /home/airflow/.local/lib/python3.12/site-packages/airflow/example_dags/tutorial_taskflow_api_virtualenv.py for tasks to queue
[2026-05-10T18:06:53.505+0000] {logging_mixin.py:188} INFO - [2026-05-10T18:06:53.505+0000] {dagbag.py:545} INFO - Filling up the DagBag from /home/airflow/.local/lib/python3.12/site-packages/airflow/example_dags/tutorial_taskflow_api_virtualenv.py
[2026-05-10T18:06:53.514+0000] {processor.py:840} INFO - DAG(s) 'tutorial_taskflow_api_virtualenv' retrieved from /home/airflow/.local/lib/python3.12/site-packages/airflow/example_dags/tutorial_taskflow_api_virtualenv.py
[2026-05-10T18:06:53.533+0000] {logging_mixin.py:188} INFO - [2026-05-10T18:06:53.533+0000] {dag.py:3089} INFO - Sync 1 DAGs
[2026-05-10T18:06:53.543+0000] {logging_mixin.py:188} INFO - [2026-05-10T18:06:53.543+0000] {dag.py:3947} INFO - Setting next_dagrun for tutorial_taskflow_api_virtualenv to None, run_after=None
[2026-05-10T18:06:53.557+0000] {processor.py:183} INFO - Processing /home/airflow/.local/lib/python3.12/site-packages/airflow/example_dags/tutorial_taskflow_api_virtualenv.py took 0.061 seconds
[2026-05-10T18:07:23.787+0000] {processor.py:161} INFO - Started process (PID=3754) to work on /home/airflow/.local/lib/python3.12/site-packages/airflow/example_dags/tutorial_taskflow_api_virtualenv.py
[2026-05-10T18:07:23.788+0000] {processor.py:830} INFO - Processing file /home/airflow/.local/lib/python3.12/site-packages/airflow/example_dags/tutorial_taskflow_api_virtualenv.py for tasks to queue
[2026-05-10T18:07:23.789+0000] {logging_mixin.py:188} INFO - [2026-05-10T18:07:23.789+0000] {dagbag.py:545} INFO - Filling up the DagBag from /home/airflow/.local/lib/python3.12/site-packages/airflow/example_dags/tutorial_taskflow_api_virtualenv.py
[2026-05-10T18:07:23.798+0000] {processor.py:840} INFO - DAG(s) 'tutorial_taskflow_api_virtualenv' retrieved from /home/airflow/.local/lib/python3.12/site-packages/airflow/example_dags/tutorial_taskflow_api_virtualenv.py
[2026-05-10T18:07:23.816+0000] {logging_mixin.py:188} INFO - [2026-05-10T18:07:23.816+0000] {dag.py:3089} INFO - Sync 1 DAGs
[2026-05-10T18:07:23.826+0000] {logging_mixin.py:188} INFO - [2026-05-10T18:07:23.826+0000] {dag.py:3947} INFO - Setting next_dagrun for tutorial_taskflow_api_virtualenv to None, run_after=None
[2026-05-10T18:07:23.841+0000] {processor.py:183} INFO - Processing /home/airflow/.local/lib/python3.12/site-packages/airflow/example_dags/tutorial_taskflow_api_virtualenv.py took 0.060 seconds
[2026-05-10T18:07:54.174+0000] {processor.py:161} INFO - Started process (PID=3814) to work on /home/airflow/.local/lib/python3.12/site-packages/airflow/example_dags/tutorial_taskflow_api_virtualenv.py
[2026-05-10T18:07:54.175+0000] {processor.py:830} INFO - Processing file /home/airflow/.local/lib/python3.12/site-packages/airflow/example_dags/tutorial_taskflow_api_virtualenv.py for tasks to queue
[2026-05-10T18:07:54.177+0000] {logging_mixin.py:188} INFO - [2026-05-10T18:07:54.176+0000] {dagbag.py:545} INFO - Filling up the DagBag from /home/airflow/.local/lib/python3.12/site-packages/airflow/example_dags/tutorial_taskflow_api_virtualenv.py
[2026-05-10T18:07:54.186+0000] {processor.py:840} INFO - DAG(s) 'tutorial_taskflow_api_virtualenv' retrieved from /home/airflow/.local/lib/python3.12/site-packages/airflow/example_dags/tutorial_taskflow_api_virtualenv.py
[2026-05-10T18:07:54.204+0000] {logging_mixin.py:188} INFO - [2026-05-10T18:07:54.204+0000] {dag.py:3089} INFO - Sync 1 DAGs
[2026-05-10T18:07:54.216+0000] {logging_mixin.py:188} INFO - [2026-05-10T18:07:54.216+0000] {dag.py:3947} INFO - Setting next_dagrun for tutorial_taskflow_api_virtualenv to None, run_after=None
[2026-05-10T18:07:54.231+0000] {processor.py:183} INFO - Processing /home/airflow/.local/lib/python3.12/site-packages/airflow/example_dags/tutorial_taskflow_api_virtualenv.py took 0.064 seconds
[2026-05-10T18:08:24.596+0000] {processor.py:161} INFO - Started process (PID=3874) to work on /home/airflow/.local/lib/python3.12/site-packages/airflow/example_dags/tutorial_taskflow_api_virtualenv.py
[2026-05-10T18:08:24.597+0000] {processor.py:830} INFO - Processing file /home/airflow/.local/lib/python3.12/site-packages/airflow/example_dags/tutorial_taskflow_api_virtualenv.py for tasks to queue
[2026-05-10T18:08:24.598+0000] {logging_mixin.py:188} INFO - [2026-05-10T18:08:24.598+0000] {dagbag.py:545} INFO - Filling up the DagBag from /home/airflow/.local/lib/python3.12/site-packages/airflow/example_dags/tutorial_taskflow_api_virtualenv.py
[2026-05-10T18:08:24.612+0000] {processor.py:840} INFO - DAG(s) 'tutorial_taskflow_api_virtualenv' retrieved from /home/airflow/.local/lib/python3.12/site-packages/airflow/example_dags/tutorial_taskflow_api_virtualenv.py
[2026-05-10T18:08:24.635+0000] {logging_mixin.py:188} INFO - [2026-05-10T18:08:24.635+0000] {dag.py:3089} INFO - Sync 1 DAGs
[2026-05-10T18:08:24.646+0000] {logging_mixin.py:188} INFO - [2026-05-10T18:08:24.646+0000] {dag.py:3947} INFO - Setting next_dagrun for tutorial_taskflow_api_virtualenv to None, run_after=None
[2026-05-10T18:08:24.664+0000] {processor.py:183} INFO - Processing /home/airflow/.local/lib/python3.12/site-packages/airflow/example_dags/tutorial_taskflow_api_virtualenv.py took 0.075 seconds
[2026-05-10T18:08:55.068+0000] {processor.py:161} INFO - Started process (PID=3934) to work on /home/airflow/.local/lib/python3.12/site-packages/airflow/example_dags/tutorial_taskflow_api_virtualenv.py
[2026-05-10T18:08:55.069+0000] {processor.py:830} INFO - Processing file /home/airflow/.local/lib/python3.12/site-packages/airflow/example_dags/tutorial_taskflow_api_virtualenv.py for tasks to queue
[2026-05-10T18:08:55.071+0000] {logging_mixin.py:188} INFO - [2026-05-10T18:08:55.071+0000] {dagbag.py:545} INFO - Filling up the DagBag from /home/airflow/.local/lib/python3.12/site-packages/airflow/example_dags/tutorial_taskflow_api_virtualenv.py
[2026-05-10T18:08:55.082+0000] {processor.py:840} INFO - DAG(s) 'tutorial_taskflow_api_virtualenv' retrieved from /home/airflow/.local/lib/python3.12/site-packages/airflow/example_dags/tutorial_taskflow_api_virtualenv.py
[2026-05-10T18:08:55.102+0000] {logging_mixin.py:188} INFO - [2026-05-10T18:08:55.102+0000] {dag.py:3089} INFO - Sync 1 DAGs
[2026-05-10T18:08:55.112+0000] {logging_mixin.py:188} INFO - [2026-05-10T18:08:55.112+0000] {dag.py:3947} INFO - Setting next_dagrun for tutorial_taskflow_api_virtualenv to None, run_after=None
[2026-05-10T18:08:55.127+0000] {processor.py:183} INFO - Processing /home/airflow/.local/lib/python3.12/site-packages/airflow/example_dags/tutorial_taskflow_api_virtualenv.py took 0.066 seconds
[2026-05-10T18:09:25.289+0000] {processor.py:161} INFO - Started process (PID=3994) to work on /home/airflow/.local/lib/python3.12/site-packages/airflow/example_dags/tutorial_taskflow_api_virtualenv.py
[2026-05-10T18:09:25.290+0000] {processor.py:830} INFO - Processing file /home/airflow/.local/lib/python3.12/site-packages/airflow/example_dags/tutorial_taskflow_api_virtualenv.py for tasks to queue
[2026-05-10T18:09:25.292+0000] {logging_mixin.py:188} INFO - [2026-05-10T18:09:25.291+0000] {dagbag.py:545} INFO - Filling up the DagBag from /home/airflow/.local/lib/python3.12/site-packages/airflow/example_dags/tutorial_taskflow_api_virtualenv.py
[2026-05-10T18:09:25.300+0000] {processor.py:840} INFO - DAG(s) 'tutorial_taskflow_api_virtualenv' retrieved from /home/airflow/.local/lib/python3.12/site-packages/airflow/example_dags/tutorial_taskflow_api_virtualenv.py
[2026-05-10T18:09:25.319+0000] {logging_mixin.py:188} INFO - [2026-05-10T18:09:25.319+0000] {dag.py:3089} INFO - Sync 1 DAGs
[2026-05-10T18:09:25.332+0000] {logging_mixin.py:188} INFO - [2026-05-10T18:09:25.332+0000] {dag.py:3947} INFO - Setting next_dagrun for tutorial_taskflow_api_virtualenv to None, run_after=None
[2026-05-10T18:09:25.348+0000] {processor.py:183} INFO - Processing /home/airflow/.local/lib/python3.12/site-packages/airflow/example_dags/tutorial_taskflow_api_virtualenv.py took 0.065 seconds
[2026-05-10T18:09:55.532+0000] {processor.py:161} INFO - Started process (PID=4053) to work on /home/airflow/.local/lib/python3.12/site-packages/airflow/example_dags/tutorial_taskflow_api_virtualenv.py
[2026-05-10T18:09:55.533+0000] {processor.py:830} INFO - Processing file /home/airflow/.local/lib/python3.12/site-packages/airflow/example_dags/tutorial_taskflow_api_virtualenv.py for tasks to queue
[2026-05-10T18:09:55.534+0000] {logging_mixin.py:188} INFO - [2026-05-10T18:09:55.534+0000] {dagbag.py:545} INFO - Filling up the DagBag from /home/airflow/.local/lib/python3.12/site-packages/airflow/example_dags/tutorial_taskflow_api_virtualenv.py
[2026-05-10T18:09:55.543+0000] {processor.py:840} INFO - DAG(s) 'tutorial_taskflow_api_virtualenv' retrieved from /home/airflow/.local/lib/python3.12/site-packages/airflow/example_dags/tutorial_taskflow_api_virtualenv.py
[2026-05-10T18:09:55.561+0000] {logging_mixin.py:188} INFO - [2026-05-10T18:09:55.561+0000] {dag.py:3089} INFO - Sync 1 DAGs
[2026-05-10T18:09:55.571+0000] {logging_mixin.py:188} INFO - [2026-05-10T18:09:55.570+0000] {dag.py:3947} INFO - Setting next_dagrun for tutorial_taskflow_api_virtualenv to None, run_after=None
[2026-05-10T18:09:55.584+0000] {processor.py:183} INFO - Processing /home/airflow/.local/lib/python3.12/site-packages/airflow/example_dags/tutorial_taskflow_api_virtualenv.py took 0.059 seconds
[2026-05-10T18:10:25.704+0000] {processor.py:161} INFO - Started process (PID=4114) to work on /home/airflow/.local/lib/python3.12/site-packages/airflow/example_dags/tutorial_taskflow_api_virtualenv.py
[2026-05-10T18:10:25.705+0000] {processor.py:830} INFO - Processing file /home/airflow/.local/lib/python3.12/site-packages/airflow/example_dags/tutorial_taskflow_api_virtualenv.py for tasks to queue
[2026-05-10T18:10:25.706+0000] {logging_mixin.py:188} INFO - [2026-05-10T18:10:25.706+0000] {dagbag.py:545} INFO - Filling up the DagBag from /home/airflow/.local/lib/python3.12/site-packages/airflow/example_dags/tutorial_taskflow_api_virtualenv.py
[2026-05-10T18:10:25.717+0000] {processor.py:840} INFO - DAG(s) 'tutorial_taskflow_api_virtualenv' retrieved from /home/airflow/.local/lib/python3.12/site-packages/airflow/example_dags/tutorial_taskflow_api_virtualenv.py
[2026-05-10T18:10:25.736+0000] {logging_mixin.py:188} INFO - [2026-05-10T18:10:25.736+0000] {dag.py:3089} INFO - Sync 1 DAGs
[2026-05-10T18:10:25.748+0000] {logging_mixin.py:188} INFO - [2026-05-10T18:10:25.748+0000] {dag.py:3947} INFO - Setting next_dagrun for tutorial_taskflow_api_virtualenv to None, run_after=None
[2026-05-10T18:10:25.763+0000] {processor.py:183} INFO - Processing /home/airflow/.local/lib/python3.12/site-packages/airflow/example_dags/tutorial_taskflow_api_virtualenv.py took 0.066 seconds
[2026-05-10T18:11:27.051+0000] {processor.py:161} INFO - Started process (PID=92) to work on /home/airflow/.local/lib/python3.12/site-packages/airflow/example_dags/tutorial_taskflow_api_virtualenv.py
[2026-05-10T18:11:27.052+0000] {processor.py:830} INFO - Processing file /home/airflow/.local/lib/python3.12/site-packages/airflow/example_dags/tutorial_taskflow_api_virtualenv.py for tasks to queue
[2026-05-10T18:11:27.054+0000] {logging_mixin.py:188} INFO - [2026-05-10T18:11:27.054+0000] {dagbag.py:545} INFO - Filling up the DagBag from /home/airflow/.local/lib/python3.12/site-packages/airflow/example_dags/tutorial_taskflow_api_virtualenv.py
[2026-05-10T18:11:27.071+0000] {processor.py:840} INFO - DAG(s) 'tutorial_taskflow_api_virtualenv' retrieved from /home/airflow/.local/lib/python3.12/site-packages/airflow/example_dags/tutorial_taskflow_api_virtualenv.py
[2026-05-10T18:11:27.090+0000] {logging_mixin.py:188} INFO - [2026-05-10T18:11:27.090+0000] {dag.py:3089} INFO - Sync 1 DAGs
[2026-05-10T18:11:27.109+0000] {logging_mixin.py:188} INFO - [2026-05-10T18:11:27.108+0000] {dag.py:3947} INFO - Setting next_dagrun for tutorial_taskflow_api_virtualenv to None, run_after=None
[2026-05-10T18:11:27.130+0000] {processor.py:183} INFO - Processing /home/airflow/.local/lib/python3.12/site-packages/airflow/example_dags/tutorial_taskflow_api_virtualenv.py took 0.089 seconds
[2026-05-10T18:11:58.868+0000] {processor.py:161} INFO - Started process (PID=152) to work on /home/airflow/.local/lib/python3.12/site-packages/airflow/example_dags/tutorial_taskflow_api_virtualenv.py
[2026-05-10T18:11:58.869+0000] {processor.py:830} INFO - Processing file /home/airflow/.local/lib/python3.12/site-packages/airflow/example_dags/tutorial_taskflow_api_virtualenv.py for tasks to queue
[2026-05-10T18:11:58.871+0000] {logging_mixin.py:188} INFO - [2026-05-10T18:11:58.871+0000] {dagbag.py:545} INFO - Filling up the DagBag from /home/airflow/.local/lib/python3.12/site-packages/airflow/example_dags/tutorial_taskflow_api_virtualenv.py
[2026-05-10T18:11:58.881+0000] {processor.py:840} INFO - DAG(s) 'tutorial_taskflow_api_virtualenv' retrieved from /home/airflow/.local/lib/python3.12/site-packages/airflow/example_dags/tutorial_taskflow_api_virtualenv.py
[2026-05-10T18:11:58.974+0000] {logging_mixin.py:188} INFO - [2026-05-10T18:11:58.974+0000] {dag.py:3089} INFO - Sync 1 DAGs
[2026-05-10T18:11:58.982+0000] {logging_mixin.py:188} INFO - [2026-05-10T18:11:58.982+0000] {dag.py:3947} INFO - Setting next_dagrun for tutorial_taskflow_api_virtualenv to None, run_after=None
[2026-05-10T18:11:58.997+0000] {processor.py:183} INFO - Processing /home/airflow/.local/lib/python3.12/site-packages/airflow/example_dags/tutorial_taskflow_api_virtualenv.py took 0.134 seconds
[2026-05-10T18:12:29.754+0000] {processor.py:161} INFO - Started process (PID=212) to work on /home/airflow/.local/lib/python3.12/site-packages/airflow/example_dags/tutorial_taskflow_api_virtualenv.py
[2026-05-10T18:12:29.755+0000] {processor.py:830} INFO - Processing file /home/airflow/.local/lib/python3.12/site-packages/airflow/example_dags/tutorial_taskflow_api_virtualenv.py for tasks to queue
[2026-05-10T18:12:29.757+0000] {logging_mixin.py:188} INFO - [2026-05-10T18:12:29.756+0000] {dagbag.py:545} INFO - Filling up the DagBag from /home/airflow/.local/lib/python3.12/site-packages/airflow/example_dags/tutorial_taskflow_api_virtualenv.py
[2026-05-10T18:12:29.767+0000] {processor.py:840} INFO - DAG(s) 'tutorial_taskflow_api_virtualenv' retrieved from /home/airflow/.local/lib/python3.12/site-packages/airflow/example_dags/tutorial_taskflow_api_virtualenv.py
[2026-05-10T18:12:29.788+0000] {logging_mixin.py:188} INFO - [2026-05-10T18:12:29.788+0000] {dag.py:3089} INFO - Sync 1 DAGs
[2026-05-10T18:12:29.800+0000] {logging_mixin.py:188} INFO - [2026-05-10T18:12:29.800+0000] {dag.py:3947} INFO - Setting next_dagrun for tutorial_taskflow_api_virtualenv to None, run_after=None
[2026-05-10T18:12:29.815+0000] {processor.py:183} INFO - Processing /home/airflow/.local/lib/python3.12/site-packages/airflow/example_dags/tutorial_taskflow_api_virtualenv.py took 0.068 seconds
[2026-05-10T18:12:59.900+0000] {processor.py:161} INFO - Started process (PID=272) to work on /home/airflow/.local/lib/python3.12/site-packages/airflow/example_dags/tutorial_taskflow_api_virtualenv.py
[2026-05-10T18:12:59.901+0000] {processor.py:830} INFO - Processing file /home/airflow/.local/lib/python3.12/site-packages/airflow/example_dags/tutorial_taskflow_api_virtualenv.py for tasks to queue
[2026-05-10T18:12:59.903+0000] {logging_mixin.py:188} INFO - [2026-05-10T18:12:59.903+0000] {dagbag.py:545} INFO - Filling up the DagBag from /home/airflow/.local/lib/python3.12/site-packages/airflow/example_dags/tutorial_taskflow_api_virtualenv.py
[2026-05-10T18:12:59.913+0000] {processor.py:840} INFO - DAG(s) 'tutorial_taskflow_api_virtualenv' retrieved from /home/airflow/.local/lib/python3.12/site-packages/airflow/example_dags/tutorial_taskflow_api_virtualenv.py
[2026-05-10T18:12:59.930+0000] {logging_mixin.py:188} INFO - [2026-05-10T18:12:59.930+0000] {dag.py:3089} INFO - Sync 1 DAGs
[2026-05-10T18:12:59.940+0000] {logging_mixin.py:188} INFO - [2026-05-10T18:12:59.940+0000] {dag.py:3947} INFO - Setting next_dagrun for tutorial_taskflow_api_virtualenv to None, run_after=None
[2026-05-10T18:12:59.953+0000] {processor.py:183} INFO - Processing /home/airflow/.local/lib/python3.12/site-packages/airflow/example_dags/tutorial_taskflow_api_virtualenv.py took 0.060 seconds
[2026-05-10T18:13:30.913+0000] {processor.py:161} INFO - Started process (PID=332) to work on /home/airflow/.local/lib/python3.12/site-packages/airflow/example_dags/tutorial_taskflow_api_virtualenv.py
[2026-05-10T18:13:30.914+0000] {processor.py:830} INFO - Processing file /home/airflow/.local/lib/python3.12/site-packages/airflow/example_dags/tutorial_taskflow_api_virtualenv.py for tasks to queue
[2026-05-10T18:13:30.915+0000] {logging_mixin.py:188} INFO - [2026-05-10T18:13:30.915+0000] {dagbag.py:545} INFO - Filling up the DagBag from /home/airflow/.local/lib/python3.12/site-packages/airflow/example_dags/tutorial_taskflow_api_virtualenv.py
[2026-05-10T18:13:30.926+0000] {processor.py:840} INFO - DAG(s) 'tutorial_taskflow_api_virtualenv' retrieved from /home/airflow/.local/lib/python3.12/site-packages/airflow/example_dags/tutorial_taskflow_api_virtualenv.py
[2026-05-10T18:13:30.946+0000] {logging_mixin.py:188} INFO - [2026-05-10T18:13:30.946+0000] {dag.py:3089} INFO - Sync 1 DAGs
[2026-05-10T18:13:30.958+0000] {logging_mixin.py:188} INFO - [2026-05-10T18:13:30.957+0000] {dag.py:3947} INFO - Setting next_dagrun for tutorial_taskflow_api_virtualenv to None, run_after=None
[2026-05-10T18:13:30.975+0000] {processor.py:183} INFO - Processing /home/airflow/.local/lib/python3.12/site-packages/airflow/example_dags/tutorial_taskflow_api_virtualenv.py took 0.069 seconds
[2026-05-10T18:14:01.967+0000] {processor.py:161} INFO - Started process (PID=392) to work on /home/airflow/.local/lib/python3.12/site-packages/airflow/example_dags/tutorial_taskflow_api_virtualenv.py
[2026-05-10T18:14:01.968+0000] {processor.py:830} INFO - Processing file /home/airflow/.local/lib/python3.12/site-packages/airflow/example_dags/tutorial_taskflow_api_virtualenv.py for tasks to queue
[2026-05-10T18:14:01.970+0000] {logging_mixin.py:188} INFO - [2026-05-10T18:14:01.969+0000] {dagbag.py:545} INFO - Filling up the DagBag from /home/airflow/.local/lib/python3.12/site-packages/airflow/example_dags/tutorial_taskflow_api_virtualenv.py
[2026-05-10T18:14:01.981+0000] {processor.py:840} INFO - DAG(s) 'tutorial_taskflow_api_virtualenv' retrieved from /home/airflow/.local/lib/python3.12/site-packages/airflow/example_dags/tutorial_taskflow_api_virtualenv.py
[2026-05-10T18:14:02.001+0000] {logging_mixin.py:188} INFO - [2026-05-10T18:14:02.000+0000] {dag.py:3089} INFO - Sync 1 DAGs
[2026-05-10T18:14:02.014+0000] {logging_mixin.py:188} INFO - [2026-05-10T18:14:02.013+0000] {dag.py:3947} INFO - Setting next_dagrun for tutorial_taskflow_api_virtualenv to None, run_after=None
[2026-05-10T18:14:02.031+0000] {processor.py:183} INFO - Processing /home/airflow/.local/lib/python3.12/site-packages/airflow/example_dags/tutorial_taskflow_api_virtualenv.py took 0.071 seconds
[2026-05-10T18:14:32.300+0000] {processor.py:161} INFO - Started process (PID=452) to work on /home/airflow/.local/lib/python3.12/site-packages/airflow/example_dags/tutorial_taskflow_api_virtualenv.py
[2026-05-10T18:14:32.301+0000] {processor.py:830} INFO - Processing file /home/airflow/.local/lib/python3.12/site-packages/airflow/example_dags/tutorial_taskflow_api_virtualenv.py for tasks to queue
[2026-05-10T18:14:32.303+0000] {logging_mixin.py:188} INFO - [2026-05-10T18:14:32.303+0000] {dagbag.py:545} INFO - Filling up the DagBag from /home/airflow/.local/lib/python3.12/site-packages/airflow/example_dags/tutorial_taskflow_api_virtualenv.py
[2026-05-10T18:14:32.314+0000] {processor.py:840} INFO - DAG(s) 'tutorial_taskflow_api_virtualenv' retrieved from /home/airflow/.local/lib/python3.12/site-packages/airflow/example_dags/tutorial_taskflow_api_virtualenv.py
[2026-05-10T18:14:32.335+0000] {logging_mixin.py:188} INFO - [2026-05-10T18:14:32.334+0000] {dag.py:3089} INFO - Sync 1 DAGs
[2026-05-10T18:14:32.345+0000] {logging_mixin.py:188} INFO - [2026-05-10T18:14:32.345+0000] {dag.py:3947} INFO - Setting next_dagrun for tutorial_taskflow_api_virtualenv to None, run_after=None
[2026-05-10T18:14:32.359+0000] {processor.py:183} INFO - Processing /home/airflow/.local/lib/python3.12/site-packages/airflow/example_dags/tutorial_taskflow_api_virtualenv.py took 0.069 seconds
[2026-05-10T18:15:03.218+0000] {processor.py:161} INFO - Started process (PID=512) to work on /home/airflow/.local/lib/python3.12/site-packages/airflow/example_dags/tutorial_taskflow_api_virtualenv.py
[2026-05-10T18:15:03.219+0000] {processor.py:830} INFO - Processing file /home/airflow/.local/lib/python3.12/site-packages/airflow/example_dags/tutorial_taskflow_api_virtualenv.py for tasks to queue
[2026-05-10T18:15:03.221+0000] {logging_mixin.py:188} INFO - [2026-05-10T18:15:03.220+0000] {dagbag.py:545} INFO - Filling up the DagBag from /home/airflow/.local/lib/python3.12/site-packages/airflow/example_dags/tutorial_taskflow_api_virtualenv.py
[2026-05-10T18:15:03.232+0000] {processor.py:840} INFO - DAG(s) 'tutorial_taskflow_api_virtualenv' retrieved from /home/airflow/.local/lib/python3.12/site-packages/airflow/example_dags/tutorial_taskflow_api_virtualenv.py
[2026-05-10T18:15:03.250+0000] {logging_mixin.py:188} INFO - [2026-05-10T18:15:03.250+0000] {dag.py:3089} INFO - Sync 1 DAGs
[2026-05-10T18:15:03.263+0000] {logging_mixin.py:188} INFO - [2026-05-10T18:15:03.263+0000] {dag.py:3947} INFO - Setting next_dagrun for tutorial_taskflow_api_virtualenv to None, run_after=None
[2026-05-10T18:15:03.278+0000] {processor.py:183} INFO - Processing /home/airflow/.local/lib/python3.12/site-packages/airflow/example_dags/tutorial_taskflow_api_virtualenv.py took 0.068 seconds
[2026-05-10T18:15:33.494+0000] {processor.py:161} INFO - Started process (PID=572) to work on /home/airflow/.local/lib/python3.12/site-packages/airflow/example_dags/tutorial_taskflow_api_virtualenv.py
[2026-05-10T18:15:33.495+0000] {processor.py:830} INFO - Processing file /home/airflow/.local/lib/python3.12/site-packages/airflow/example_dags/tutorial_taskflow_api_virtualenv.py for tasks to queue
[2026-05-10T18:15:33.497+0000] {logging_mixin.py:188} INFO - [2026-05-10T18:15:33.496+0000] {dagbag.py:545} INFO - Filling up the DagBag from /home/airflow/.local/lib/python3.12/site-packages/airflow/example_dags/tutorial_taskflow_api_virtualenv.py
[2026-05-10T18:15:33.505+0000] {processor.py:840} INFO - DAG(s) 'tutorial_taskflow_api_virtualenv' retrieved from /home/airflow/.local/lib/python3.12/site-packages/airflow/example_dags/tutorial_taskflow_api_virtualenv.py
[2026-05-10T18:15:33.524+0000] {logging_mixin.py:188} INFO - [2026-05-10T18:15:33.524+0000] {dag.py:3089} INFO - Sync 1 DAGs
[2026-05-10T18:15:33.534+0000] {logging_mixin.py:188} INFO - [2026-05-10T18:15:33.534+0000] {dag.py:3947} INFO - Setting next_dagrun for tutorial_taskflow_api_virtualenv to None, run_after=None
[2026-05-10T18:15:33.548+0000] {processor.py:183} INFO - Processing /home/airflow/.local/lib/python3.12/site-packages/airflow/example_dags/tutorial_taskflow_api_virtualenv.py took 0.060 seconds
[2026-05-10T18:16:03.867+0000] {processor.py:161} INFO - Started process (PID=632) to work on /home/airflow/.local/lib/python3.12/site-packages/airflow/example_dags/tutorial_taskflow_api_virtualenv.py
[2026-05-10T18:16:03.868+0000] {processor.py:830} INFO - Processing file /home/airflow/.local/lib/python3.12/site-packages/airflow/example_dags/tutorial_taskflow_api_virtualenv.py for tasks to queue
[2026-05-10T18:16:03.870+0000] {logging_mixin.py:188} INFO - [2026-05-10T18:16:03.869+0000] {dagbag.py:545} INFO - Filling up the DagBag from /home/airflow/.local/lib/python3.12/site-packages/airflow/example_dags/tutorial_taskflow_api_virtualenv.py
[2026-05-10T18:16:03.881+0000] {processor.py:840} INFO - DAG(s) 'tutorial_taskflow_api_virtualenv' retrieved from /home/airflow/.local/lib/python3.12/site-packages/airflow/example_dags/tutorial_taskflow_api_virtualenv.py
[2026-05-10T18:16:03.898+0000] {logging_mixin.py:188} INFO - [2026-05-10T18:16:03.898+0000] {dag.py:3089} INFO - Sync 1 DAGs
[2026-05-10T18:16:03.910+0000] {logging_mixin.py:188} INFO - [2026-05-10T18:16:03.910+0000] {dag.py:3947} INFO - Setting next_dagrun for tutorial_taskflow_api_virtualenv to None, run_after=None
[2026-05-10T18:16:03.925+0000] {processor.py:183} INFO - Processing /home/airflow/.local/lib/python3.12/site-packages/airflow/example_dags/tutorial_taskflow_api_virtualenv.py took 0.065 seconds
[2026-05-10T18:16:34.068+0000] {processor.py:161} INFO - Started process (PID=692) to work on /home/airflow/.local/lib/python3.12/site-packages/airflow/example_dags/tutorial_taskflow_api_virtualenv.py
[2026-05-10T18:16:34.069+0000] {processor.py:830} INFO - Processing file /home/airflow/.local/lib/python3.12/site-packages/airflow/example_dags/tutorial_taskflow_api_virtualenv.py for tasks to queue
[2026-05-10T18:16:34.071+0000] {logging_mixin.py:188} INFO - [2026-05-10T18:16:34.070+0000] {dagbag.py:545} INFO - Filling up the DagBag from /home/airflow/.local/lib/python3.12/site-packages/airflow/example_dags/tutorial_taskflow_api_virtualenv.py
[2026-05-10T18:16:34.079+0000] {processor.py:840} INFO - DAG(s) 'tutorial_taskflow_api_virtualenv' retrieved from /home/airflow/.local/lib/python3.12/site-packages/airflow/example_dags/tutorial_taskflow_api_virtualenv.py
[2026-05-10T18:16:34.099+0000] {logging_mixin.py:188} INFO - [2026-05-10T18:16:34.099+0000] {dag.py:3089} INFO - Sync 1 DAGs
[2026-05-10T18:16:34.109+0000] {logging_mixin.py:188} INFO - [2026-05-10T18:16:34.109+0000] {dag.py:3947} INFO - Setting next_dagrun for tutorial_taskflow_api_virtualenv to None, run_after=None
[2026-05-10T18:16:34.123+0000] {processor.py:183} INFO - Processing /home/airflow/.local/lib/python3.12/site-packages/airflow/example_dags/tutorial_taskflow_api_virtualenv.py took 0.061 seconds
[2026-05-10T18:17:04.185+0000] {processor.py:161} INFO - Started process (PID=751) to work on /home/airflow/.local/lib/python3.12/site-packages/airflow/example_dags/tutorial_taskflow_api_virtualenv.py
[2026-05-10T18:17:04.186+0000] {processor.py:830} INFO - Processing file /home/airflow/.local/lib/python3.12/site-packages/airflow/example_dags/tutorial_taskflow_api_virtualenv.py for tasks to queue
[2026-05-10T18:17:04.188+0000] {logging_mixin.py:188} INFO - [2026-05-10T18:17:04.188+0000] {dagbag.py:545} INFO - Filling up the DagBag from /home/airflow/.local/lib/python3.12/site-packages/airflow/example_dags/tutorial_taskflow_api_virtualenv.py
[2026-05-10T18:17:04.196+0000] {processor.py:840} INFO - DAG(s) 'tutorial_taskflow_api_virtualenv' retrieved from /home/airflow/.local/lib/python3.12/site-packages/airflow/example_dags/tutorial_taskflow_api_virtualenv.py
[2026-05-10T18:17:04.215+0000] {logging_mixin.py:188} INFO - [2026-05-10T18:17:04.215+0000] {dag.py:3089} INFO - Sync 1 DAGs
[2026-05-10T18:17:04.225+0000] {logging_mixin.py:188} INFO - [2026-05-10T18:17:04.224+0000] {dag.py:3947} INFO - Setting next_dagrun for tutorial_taskflow_api_virtualenv to None, run_after=None
[2026-05-10T18:17:04.238+0000] {processor.py:183} INFO - Processing /home/airflow/.local/lib/python3.12/site-packages/airflow/example_dags/tutorial_taskflow_api_virtualenv.py took 0.059 seconds
[2026-05-10T18:17:34.358+0000] {processor.py:161} INFO - Started process (PID=811) to work on /home/airflow/.local/lib/python3.12/site-packages/airflow/example_dags/tutorial_taskflow_api_virtualenv.py
[2026-05-10T18:17:34.359+0000] {processor.py:830} INFO - Processing file /home/airflow/.local/lib/python3.12/site-packages/airflow/example_dags/tutorial_taskflow_api_virtualenv.py for tasks to queue
[2026-05-10T18:17:34.361+0000] {logging_mixin.py:188} INFO - [2026-05-10T18:17:34.360+0000] {dagbag.py:545} INFO - Filling up the DagBag from /home/airflow/.local/lib/python3.12/site-packages/airflow/example_dags/tutorial_taskflow_api_virtualenv.py
[2026-05-10T18:17:34.371+0000] {processor.py:840} INFO - DAG(s) 'tutorial_taskflow_api_virtualenv' retrieved from /home/airflow/.local/lib/python3.12/site-packages/airflow/example_dags/tutorial_taskflow_api_virtualenv.py
[2026-05-10T18:17:34.389+0000] {logging_mixin.py:188} INFO - [2026-05-10T18:17:34.389+0000] {dag.py:3089} INFO - Sync 1 DAGs
[2026-05-10T18:17:34.401+0000] {logging_mixin.py:188} INFO - [2026-05-10T18:17:34.401+0000] {dag.py:3947} INFO - Setting next_dagrun for tutorial_taskflow_api_virtualenv to None, run_after=None
[2026-05-10T18:17:34.416+0000] {processor.py:183} INFO - Processing /home/airflow/.local/lib/python3.12/site-packages/airflow/example_dags/tutorial_taskflow_api_virtualenv.py took 0.063 seconds
[2026-05-10T18:18:05.040+0000] {processor.py:161} INFO - Started process (PID=871) to work on /home/airflow/.local/lib/python3.12/site-packages/airflow/example_dags/tutorial_taskflow_api_virtualenv.py
[2026-05-10T18:18:05.041+0000] {processor.py:830} INFO - Processing file /home/airflow/.local/lib/python3.12/site-packages/airflow/example_dags/tutorial_taskflow_api_virtualenv.py for tasks to queue
[2026-05-10T18:18:05.042+0000] {logging_mixin.py:188} INFO - [2026-05-10T18:18:05.042+0000] {dagbag.py:545} INFO - Filling up the DagBag from /home/airflow/.local/lib/python3.12/site-packages/airflow/example_dags/tutorial_taskflow_api_virtualenv.py
[2026-05-10T18:18:05.052+0000] {processor.py:840} INFO - DAG(s) 'tutorial_taskflow_api_virtualenv' retrieved from /home/airflow/.local/lib/python3.12/site-packages/airflow/example_dags/tutorial_taskflow_api_virtualenv.py
[2026-05-10T18:18:05.069+0000] {logging_mixin.py:188} INFO - [2026-05-10T18:18:05.069+0000] {dag.py:3089} INFO - Sync 1 DAGs
[2026-05-10T18:18:05.079+0000] {logging_mixin.py:188} INFO - [2026-05-10T18:18:05.079+0000] {dag.py:3947} INFO - Setting next_dagrun for tutorial_taskflow_api_virtualenv to None, run_after=None
[2026-05-10T18:18:05.094+0000] {processor.py:183} INFO - Processing /home/airflow/.local/lib/python3.12/site-packages/airflow/example_dags/tutorial_taskflow_api_virtualenv.py took 0.062 seconds
[2026-05-10T18:18:35.488+0000] {processor.py:161} INFO - Started process (PID=931) to work on /home/airflow/.local/lib/python3.12/site-packages/airflow/example_dags/tutorial_taskflow_api_virtualenv.py
[2026-05-10T18:18:35.489+0000] {processor.py:830} INFO - Processing file /home/airflow/.local/lib/python3.12/site-packages/airflow/example_dags/tutorial_taskflow_api_virtualenv.py for tasks to queue
[2026-05-10T18:18:35.491+0000] {logging_mixin.py:188} INFO - [2026-05-10T18:18:35.491+0000] {dagbag.py:545} INFO - Filling up the DagBag from /home/airflow/.local/lib/python3.12/site-packages/airflow/example_dags/tutorial_taskflow_api_virtualenv.py
[2026-05-10T18:18:35.501+0000] {processor.py:840} INFO - DAG(s) 'tutorial_taskflow_api_virtualenv' retrieved from /home/airflow/.local/lib/python3.12/site-packages/airflow/example_dags/tutorial_taskflow_api_virtualenv.py
[2026-05-10T18:18:35.519+0000] {logging_mixin.py:188} INFO - [2026-05-10T18:18:35.519+0000] {dag.py:3089} INFO - Sync 1 DAGs
[2026-05-10T18:18:35.529+0000] {logging_mixin.py:188} INFO - [2026-05-10T18:18:35.529+0000] {dag.py:3947} INFO - Setting next_dagrun for tutorial_taskflow_api_virtualenv to None, run_after=None
[2026-05-10T18:18:35.543+0000] {processor.py:183} INFO - Processing /home/airflow/.local/lib/python3.12/site-packages/airflow/example_dags/tutorial_taskflow_api_virtualenv.py took 0.061 seconds
[2026-05-10T18:19:59.869+0000] {processor.py:161} INFO - Started process (PID=91) to work on /home/airflow/.local/lib/python3.12/site-packages/airflow/example_dags/tutorial_taskflow_api_virtualenv.py
[2026-05-10T18:19:59.870+0000] {processor.py:830} INFO - Processing file /home/airflow/.local/lib/python3.12/site-packages/airflow/example_dags/tutorial_taskflow_api_virtualenv.py for tasks to queue
[2026-05-10T18:19:59.872+0000] {logging_mixin.py:188} INFO - [2026-05-10T18:19:59.872+0000] {dagbag.py:545} INFO - Filling up the DagBag from /home/airflow/.local/lib/python3.12/site-packages/airflow/example_dags/tutorial_taskflow_api_virtualenv.py
[2026-05-10T18:19:59.885+0000] {processor.py:840} INFO - DAG(s) 'tutorial_taskflow_api_virtualenv' retrieved from /home/airflow/.local/lib/python3.12/site-packages/airflow/example_dags/tutorial_taskflow_api_virtualenv.py
[2026-05-10T18:19:59.998+0000] {logging_mixin.py:188} INFO - [2026-05-10T18:19:59.997+0000] {override.py:1858} INFO - Created Permission View: can edit on DAG:tutorial_taskflow_api_virtualenv
[2026-05-10T18:20:00.007+0000] {logging_mixin.py:188} INFO - [2026-05-10T18:20:00.007+0000] {override.py:1858} INFO - Created Permission View: can delete on DAG:tutorial_taskflow_api_virtualenv
[2026-05-10T18:20:00.013+0000] {logging_mixin.py:188} INFO - [2026-05-10T18:20:00.013+0000] {override.py:1858} INFO - Created Permission View: can read on DAG:tutorial_taskflow_api_virtualenv
[2026-05-10T18:20:00.014+0000] {logging_mixin.py:188} INFO - [2026-05-10T18:20:00.014+0000] {dag.py:3089} INFO - Sync 1 DAGs
[2026-05-10T18:20:00.028+0000] {logging_mixin.py:188} INFO - [2026-05-10T18:20:00.028+0000] {dag.py:3111} INFO - Creating ORM DAG for tutorial_taskflow_api_virtualenv
[2026-05-10T18:20:00.029+0000] {logging_mixin.py:188} INFO - [2026-05-10T18:20:00.029+0000] {dag.py:3947} INFO - Setting next_dagrun for tutorial_taskflow_api_virtualenv to None, run_after=None
[2026-05-10T18:20:00.045+0000] {processor.py:183} INFO - Processing /home/airflow/.local/lib/python3.12/site-packages/airflow/example_dags/tutorial_taskflow_api_virtualenv.py took 0.185 seconds
[2026-05-10T18:20:30.611+0000] {processor.py:161} INFO - Started process (PID=151) to work on /home/airflow/.local/lib/python3.12/site-packages/airflow/example_dags/tutorial_taskflow_api_virtualenv.py
[2026-05-10T18:20:30.612+0000] {processor.py:830} INFO - Processing file /home/airflow/.local/lib/python3.12/site-packages/airflow/example_dags/tutorial_taskflow_api_virtualenv.py for tasks to queue
[2026-05-10T18:20:30.614+0000] {logging_mixin.py:188} INFO - [2026-05-10T18:20:30.614+0000] {dagbag.py:545} INFO - Filling up the DagBag from /home/airflow/.local/lib/python3.12/site-packages/airflow/example_dags/tutorial_taskflow_api_virtualenv.py
[2026-05-10T18:20:30.623+0000] {processor.py:840} INFO - DAG(s) 'tutorial_taskflow_api_virtualenv' retrieved from /home/airflow/.local/lib/python3.12/site-packages/airflow/example_dags/tutorial_taskflow_api_virtualenv.py
[2026-05-10T18:20:30.644+0000] {logging_mixin.py:188} INFO - [2026-05-10T18:20:30.644+0000] {dag.py:3089} INFO - Sync 1 DAGs
[2026-05-10T18:20:30.655+0000] {logging_mixin.py:188} INFO - [2026-05-10T18:20:30.655+0000] {dag.py:3947} INFO - Setting next_dagrun for tutorial_taskflow_api_virtualenv to None, run_after=None
[2026-05-10T18:20:30.671+0000] {processor.py:183} INFO - Processing /home/airflow/.local/lib/python3.12/site-packages/airflow/example_dags/tutorial_taskflow_api_virtualenv.py took 0.068 seconds
[2026-05-10T18:21:01.524+0000] {processor.py:161} INFO - Started process (PID=211) to work on /home/airflow/.local/lib/python3.12/site-packages/airflow/example_dags/tutorial_taskflow_api_virtualenv.py
[2026-05-10T18:21:01.524+0000] {processor.py:830} INFO - Processing file /home/airflow/.local/lib/python3.12/site-packages/airflow/example_dags/tutorial_taskflow_api_virtualenv.py for tasks to queue
[2026-05-10T18:21:01.526+0000] {logging_mixin.py:188} INFO - [2026-05-10T18:21:01.526+0000] {dagbag.py:545} INFO - Filling up the DagBag from /home/airflow/.local/lib/python3.12/site-packages/airflow/example_dags/tutorial_taskflow_api_virtualenv.py
[2026-05-10T18:21:01.537+0000] {processor.py:840} INFO - DAG(s) 'tutorial_taskflow_api_virtualenv' retrieved from /home/airflow/.local/lib/python3.12/site-packages/airflow/example_dags/tutorial_taskflow_api_virtualenv.py
[2026-05-10T18:21:01.554+0000] {logging_mixin.py:188} INFO - [2026-05-10T18:21:01.554+0000] {dag.py:3089} INFO - Sync 1 DAGs
[2026-05-10T18:21:01.563+0000] {logging_mixin.py:188} INFO - [2026-05-10T18:21:01.563+0000] {dag.py:3947} INFO - Setting next_dagrun for tutorial_taskflow_api_virtualenv to None, run_after=None
[2026-05-10T18:21:01.577+0000] {processor.py:183} INFO - Processing /home/airflow/.local/lib/python3.12/site-packages/airflow/example_dags/tutorial_taskflow_api_virtualenv.py took 0.060 seconds
[2026-05-10T18:21:31.735+0000] {processor.py:161} INFO - Started process (PID=271) to work on /home/airflow/.local/lib/python3.12/site-packages/airflow/example_dags/tutorial_taskflow_api_virtualenv.py
[2026-05-10T18:21:31.736+0000] {processor.py:830} INFO - Processing file /home/airflow/.local/lib/python3.12/site-packages/airflow/example_dags/tutorial_taskflow_api_virtualenv.py for tasks to queue
[2026-05-10T18:21:31.738+0000] {logging_mixin.py:188} INFO - [2026-05-10T18:21:31.738+0000] {dagbag.py:545} INFO - Filling up the DagBag from /home/airflow/.local/lib/python3.12/site-packages/airflow/example_dags/tutorial_taskflow_api_virtualenv.py
[2026-05-10T18:21:31.747+0000] {processor.py:840} INFO - DAG(s) 'tutorial_taskflow_api_virtualenv' retrieved from /home/airflow/.local/lib/python3.12/site-packages/airflow/example_dags/tutorial_taskflow_api_virtualenv.py
[2026-05-10T18:21:31.768+0000] {logging_mixin.py:188} INFO - [2026-05-10T18:21:31.768+0000] {dag.py:3089} INFO - Sync 1 DAGs
[2026-05-10T18:21:31.780+0000] {logging_mixin.py:188} INFO - [2026-05-10T18:21:31.780+0000] {dag.py:3947} INFO - Setting next_dagrun for tutorial_taskflow_api_virtualenv to None, run_after=None
[2026-05-10T18:21:31.796+0000] {processor.py:183} INFO - Processing /home/airflow/.local/lib/python3.12/site-packages/airflow/example_dags/tutorial_taskflow_api_virtualenv.py took 0.067 seconds
[2026-05-10T18:22:02.145+0000] {processor.py:161} INFO - Started process (PID=331) to work on /home/airflow/.local/lib/python3.12/site-packages/airflow/example_dags/tutorial_taskflow_api_virtualenv.py
[2026-05-10T18:22:02.146+0000] {processor.py:830} INFO - Processing file /home/airflow/.local/lib/python3.12/site-packages/airflow/example_dags/tutorial_taskflow_api_virtualenv.py for tasks to queue
[2026-05-10T18:22:02.147+0000] {logging_mixin.py:188} INFO - [2026-05-10T18:22:02.147+0000] {dagbag.py:545} INFO - Filling up the DagBag from /home/airflow/.local/lib/python3.12/site-packages/airflow/example_dags/tutorial_taskflow_api_virtualenv.py
[2026-05-10T18:22:02.156+0000] {processor.py:840} INFO - DAG(s) 'tutorial_taskflow_api_virtualenv' retrieved from /home/airflow/.local/lib/python3.12/site-packages/airflow/example_dags/tutorial_taskflow_api_virtualenv.py
[2026-05-10T18:22:02.174+0000] {logging_mixin.py:188} INFO - [2026-05-10T18:22:02.173+0000] {dag.py:3089} INFO - Sync 1 DAGs
[2026-05-10T18:22:02.185+0000] {logging_mixin.py:188} INFO - [2026-05-10T18:22:02.184+0000] {dag.py:3947} INFO - Setting next_dagrun for tutorial_taskflow_api_virtualenv to None, run_after=None
[2026-05-10T18:22:02.199+0000] {processor.py:183} INFO - Processing /home/airflow/.local/lib/python3.12/site-packages/airflow/example_dags/tutorial_taskflow_api_virtualenv.py took 0.061 seconds
[2026-05-10T18:22:32.540+0000] {processor.py:161} INFO - Started process (PID=391) to work on /home/airflow/.local/lib/python3.12/site-packages/airflow/example_dags/tutorial_taskflow_api_virtualenv.py
[2026-05-10T18:22:32.541+0000] {processor.py:830} INFO - Processing file /home/airflow/.local/lib/python3.12/site-packages/airflow/example_dags/tutorial_taskflow_api_virtualenv.py for tasks to queue
[2026-05-10T18:22:32.543+0000] {logging_mixin.py:188} INFO - [2026-05-10T18:22:32.543+0000] {dagbag.py:545} INFO - Filling up the DagBag from /home/airflow/.local/lib/python3.12/site-packages/airflow/example_dags/tutorial_taskflow_api_virtualenv.py
[2026-05-10T18:22:32.553+0000] {processor.py:840} INFO - DAG(s) 'tutorial_taskflow_api_virtualenv' retrieved from /home/airflow/.local/lib/python3.12/site-packages/airflow/example_dags/tutorial_taskflow_api_virtualenv.py
[2026-05-10T18:22:32.572+0000] {logging_mixin.py:188} INFO - [2026-05-10T18:22:32.571+0000] {dag.py:3089} INFO - Sync 1 DAGs
[2026-05-10T18:22:32.585+0000] {logging_mixin.py:188} INFO - [2026-05-10T18:22:32.585+0000] {dag.py:3947} INFO - Setting next_dagrun for tutorial_taskflow_api_virtualenv to None, run_after=None
[2026-05-10T18:22:32.602+0000] {processor.py:183} INFO - Processing /home/airflow/.local/lib/python3.12/site-packages/airflow/example_dags/tutorial_taskflow_api_virtualenv.py took 0.068 seconds
[2026-05-10T18:23:03.761+0000] {processor.py:161} INFO - Started process (PID=451) to work on /home/airflow/.local/lib/python3.12/site-packages/airflow/example_dags/tutorial_taskflow_api_virtualenv.py
[2026-05-10T18:23:03.762+0000] {processor.py:830} INFO - Processing file /home/airflow/.local/lib/python3.12/site-packages/airflow/example_dags/tutorial_taskflow_api_virtualenv.py for tasks to queue
[2026-05-10T18:23:03.764+0000] {logging_mixin.py:188} INFO - [2026-05-10T18:23:03.764+0000] {dagbag.py:545} INFO - Filling up the DagBag from /home/airflow/.local/lib/python3.12/site-packages/airflow/example_dags/tutorial_taskflow_api_virtualenv.py
[2026-05-10T18:23:03.776+0000] {processor.py:840} INFO - DAG(s) 'tutorial_taskflow_api_virtualenv' retrieved from /home/airflow/.local/lib/python3.12/site-packages/airflow/example_dags/tutorial_taskflow_api_virtualenv.py
[2026-05-10T18:23:03.799+0000] {logging_mixin.py:188} INFO - [2026-05-10T18:23:03.799+0000] {dag.py:3089} INFO - Sync 1 DAGs
[2026-05-10T18:23:03.822+0000] {logging_mixin.py:188} INFO - [2026-05-10T18:23:03.822+0000] {dag.py:3947} INFO - Setting next_dagrun for tutorial_taskflow_api_virtualenv to None, run_after=None
[2026-05-10T18:23:03.842+0000] {processor.py:183} INFO - Processing /home/airflow/.local/lib/python3.12/site-packages/airflow/example_dags/tutorial_taskflow_api_virtualenv.py took 0.088 seconds
[2026-05-10T18:23:34.553+0000] {processor.py:161} INFO - Started process (PID=511) to work on /home/airflow/.local/lib/python3.12/site-packages/airflow/example_dags/tutorial_taskflow_api_virtualenv.py
[2026-05-10T18:23:34.553+0000] {processor.py:830} INFO - Processing file /home/airflow/.local/lib/python3.12/site-packages/airflow/example_dags/tutorial_taskflow_api_virtualenv.py for tasks to queue
[2026-05-10T18:23:34.555+0000] {logging_mixin.py:188} INFO - [2026-05-10T18:23:34.555+0000] {dagbag.py:545} INFO - Filling up the DagBag from /home/airflow/.local/lib/python3.12/site-packages/airflow/example_dags/tutorial_taskflow_api_virtualenv.py
[2026-05-10T18:23:34.564+0000] {processor.py:840} INFO - DAG(s) 'tutorial_taskflow_api_virtualenv' retrieved from /home/airflow/.local/lib/python3.12/site-packages/airflow/example_dags/tutorial_taskflow_api_virtualenv.py
[2026-05-10T18:23:34.582+0000] {logging_mixin.py:188} INFO - [2026-05-10T18:23:34.582+0000] {dag.py:3089} INFO - Sync 1 DAGs
[2026-05-10T18:23:34.597+0000] {logging_mixin.py:188} INFO - [2026-05-10T18:23:34.596+0000] {dag.py:3947} INFO - Setting next_dagrun for tutorial_taskflow_api_virtualenv to None, run_after=None
[2026-05-10T18:23:34.613+0000] {processor.py:183} INFO - Processing /home/airflow/.local/lib/python3.12/site-packages/airflow/example_dags/tutorial_taskflow_api_virtualenv.py took 0.066 seconds
[2026-05-10T18:24:05.530+0000] {processor.py:161} INFO - Started process (PID=571) to work on /home/airflow/.local/lib/python3.12/site-packages/airflow/example_dags/tutorial_taskflow_api_virtualenv.py
[2026-05-10T18:24:05.531+0000] {processor.py:830} INFO - Processing file /home/airflow/.local/lib/python3.12/site-packages/airflow/example_dags/tutorial_taskflow_api_virtualenv.py for tasks to queue
[2026-05-10T18:24:05.533+0000] {logging_mixin.py:188} INFO - [2026-05-10T18:24:05.533+0000] {dagbag.py:545} INFO - Filling up the DagBag from /home/airflow/.local/lib/python3.12/site-packages/airflow/example_dags/tutorial_taskflow_api_virtualenv.py
[2026-05-10T18:24:05.543+0000] {processor.py:840} INFO - DAG(s) 'tutorial_taskflow_api_virtualenv' retrieved from /home/airflow/.local/lib/python3.12/site-packages/airflow/example_dags/tutorial_taskflow_api_virtualenv.py
[2026-05-10T18:24:05.561+0000] {logging_mixin.py:188} INFO - [2026-05-10T18:24:05.561+0000] {dag.py:3089} INFO - Sync 1 DAGs
[2026-05-10T18:24:05.572+0000] {logging_mixin.py:188} INFO - [2026-05-10T18:24:05.572+0000] {dag.py:3947} INFO - Setting next_dagrun for tutorial_taskflow_api_virtualenv to None, run_after=None
[2026-05-10T18:24:05.586+0000] {processor.py:183} INFO - Processing /home/airflow/.local/lib/python3.12/site-packages/airflow/example_dags/tutorial_taskflow_api_virtualenv.py took 0.062 seconds
[2026-05-10T18:24:35.768+0000] {processor.py:161} INFO - Started process (PID=631) to work on /home/airflow/.local/lib/python3.12/site-packages/airflow/example_dags/tutorial_taskflow_api_virtualenv.py
[2026-05-10T18:24:35.769+0000] {processor.py:830} INFO - Processing file /home/airflow/.local/lib/python3.12/site-packages/airflow/example_dags/tutorial_taskflow_api_virtualenv.py for tasks to queue
[2026-05-10T18:24:35.771+0000] {logging_mixin.py:188} INFO - [2026-05-10T18:24:35.771+0000] {dagbag.py:545} INFO - Filling up the DagBag from /home/airflow/.local/lib/python3.12/site-packages/airflow/example_dags/tutorial_taskflow_api_virtualenv.py
[2026-05-10T18:24:35.780+0000] {processor.py:840} INFO - DAG(s) 'tutorial_taskflow_api_virtualenv' retrieved from /home/airflow/.local/lib/python3.12/site-packages/airflow/example_dags/tutorial_taskflow_api_virtualenv.py
[2026-05-10T18:24:35.797+0000] {logging_mixin.py:188} INFO - [2026-05-10T18:24:35.797+0000] {dag.py:3089} INFO - Sync 1 DAGs
[2026-05-10T18:24:35.807+0000] {logging_mixin.py:188} INFO - [2026-05-10T18:24:35.807+0000] {dag.py:3947} INFO - Setting next_dagrun for tutorial_taskflow_api_virtualenv to None, run_after=None
[2026-05-10T18:24:35.821+0000] {processor.py:183} INFO - Processing /home/airflow/.local/lib/python3.12/site-packages/airflow/example_dags/tutorial_taskflow_api_virtualenv.py took 0.059 seconds
[2026-05-10T18:25:05.928+0000] {processor.py:161} INFO - Started process (PID=690) to work on /home/airflow/.local/lib/python3.12/site-packages/airflow/example_dags/tutorial_taskflow_api_virtualenv.py
[2026-05-10T18:25:05.929+0000] {processor.py:830} INFO - Processing file /home/airflow/.local/lib/python3.12/site-packages/airflow/example_dags/tutorial_taskflow_api_virtualenv.py for tasks to queue
[2026-05-10T18:25:05.930+0000] {logging_mixin.py:188} INFO - [2026-05-10T18:25:05.930+0000] {dagbag.py:545} INFO - Filling up the DagBag from /home/airflow/.local/lib/python3.12/site-packages/airflow/example_dags/tutorial_taskflow_api_virtualenv.py
[2026-05-10T18:25:05.941+0000] {processor.py:840} INFO - DAG(s) 'tutorial_taskflow_api_virtualenv' retrieved from /home/airflow/.local/lib/python3.12/site-packages/airflow/example_dags/tutorial_taskflow_api_virtualenv.py
[2026-05-10T18:25:05.959+0000] {logging_mixin.py:188} INFO - [2026-05-10T18:25:05.958+0000] {dag.py:3089} INFO - Sync 1 DAGs
[2026-05-10T18:25:05.972+0000] {logging_mixin.py:188} INFO - [2026-05-10T18:25:05.972+0000] {dag.py:3947} INFO - Setting next_dagrun for tutorial_taskflow_api_virtualenv to None, run_after=None
[2026-05-10T18:25:05.986+0000] {processor.py:183} INFO - Processing /home/airflow/.local/lib/python3.12/site-packages/airflow/example_dags/tutorial_taskflow_api_virtualenv.py took 0.065 seconds
[2026-05-10T18:25:36.284+0000] {processor.py:161} INFO - Started process (PID=750) to work on /home/airflow/.local/lib/python3.12/site-packages/airflow/example_dags/tutorial_taskflow_api_virtualenv.py
[2026-05-10T18:25:36.285+0000] {processor.py:830} INFO - Processing file /home/airflow/.local/lib/python3.12/site-packages/airflow/example_dags/tutorial_taskflow_api_virtualenv.py for tasks to queue
[2026-05-10T18:25:36.286+0000] {logging_mixin.py:188} INFO - [2026-05-10T18:25:36.286+0000] {dagbag.py:545} INFO - Filling up the DagBag from /home/airflow/.local/lib/python3.12/site-packages/airflow/example_dags/tutorial_taskflow_api_virtualenv.py
[2026-05-10T18:25:36.296+0000] {processor.py:840} INFO - DAG(s) 'tutorial_taskflow_api_virtualenv' retrieved from /home/airflow/.local/lib/python3.12/site-packages/airflow/example_dags/tutorial_taskflow_api_virtualenv.py
[2026-05-10T18:25:36.318+0000] {logging_mixin.py:188} INFO - [2026-05-10T18:25:36.317+0000] {dag.py:3089} INFO - Sync 1 DAGs
[2026-05-10T18:25:36.329+0000] {logging_mixin.py:188} INFO - [2026-05-10T18:25:36.329+0000] {dag.py:3947} INFO - Setting next_dagrun for tutorial_taskflow_api_virtualenv to None, run_after=None
[2026-05-10T18:25:36.344+0000] {processor.py:183} INFO - Processing /home/airflow/.local/lib/python3.12/site-packages/airflow/example_dags/tutorial_taskflow_api_virtualenv.py took 0.067 seconds
[2026-05-10T18:26:06.546+0000] {processor.py:161} INFO - Started process (PID=810) to work on /home/airflow/.local/lib/python3.12/site-packages/airflow/example_dags/tutorial_taskflow_api_virtualenv.py
[2026-05-10T18:26:06.547+0000] {processor.py:830} INFO - Processing file /home/airflow/.local/lib/python3.12/site-packages/airflow/example_dags/tutorial_taskflow_api_virtualenv.py for tasks to queue
[2026-05-10T18:26:06.549+0000] {logging_mixin.py:188} INFO - [2026-05-10T18:26:06.548+0000] {dagbag.py:545} INFO - Filling up the DagBag from /home/airflow/.local/lib/python3.12/site-packages/airflow/example_dags/tutorial_taskflow_api_virtualenv.py
[2026-05-10T18:26:06.558+0000] {processor.py:840} INFO - DAG(s) 'tutorial_taskflow_api_virtualenv' retrieved from /home/airflow/.local/lib/python3.12/site-packages/airflow/example_dags/tutorial_taskflow_api_virtualenv.py
[2026-05-10T18:26:06.575+0000] {logging_mixin.py:188} INFO - [2026-05-10T18:26:06.575+0000] {dag.py:3089} INFO - Sync 1 DAGs
[2026-05-10T18:26:06.585+0000] {logging_mixin.py:188} INFO - [2026-05-10T18:26:06.585+0000] {dag.py:3947} INFO - Setting next_dagrun for tutorial_taskflow_api_virtualenv to None, run_after=None
[2026-05-10T18:26:06.600+0000] {processor.py:183} INFO - Processing /home/airflow/.local/lib/python3.12/site-packages/airflow/example_dags/tutorial_taskflow_api_virtualenv.py took 0.061 seconds
[2026-05-10T18:26:36.809+0000] {processor.py:161} INFO - Started process (PID=870) to work on /home/airflow/.local/lib/python3.12/site-packages/airflow/example_dags/tutorial_taskflow_api_virtualenv.py
[2026-05-10T18:26:36.810+0000] {processor.py:830} INFO - Processing file /home/airflow/.local/lib/python3.12/site-packages/airflow/example_dags/tutorial_taskflow_api_virtualenv.py for tasks to queue
[2026-05-10T18:26:36.811+0000] {logging_mixin.py:188} INFO - [2026-05-10T18:26:36.811+0000] {dagbag.py:545} INFO - Filling up the DagBag from /home/airflow/.local/lib/python3.12/site-packages/airflow/example_dags/tutorial_taskflow_api_virtualenv.py
[2026-05-10T18:26:36.820+0000] {processor.py:840} INFO - DAG(s) 'tutorial_taskflow_api_virtualenv' retrieved from /home/airflow/.local/lib/python3.12/site-packages/airflow/example_dags/tutorial_taskflow_api_virtualenv.py
[2026-05-10T18:26:36.839+0000] {logging_mixin.py:188} INFO - [2026-05-10T18:26:36.839+0000] {dag.py:3089} INFO - Sync 1 DAGs
[2026-05-10T18:26:36.850+0000] {logging_mixin.py:188} INFO - [2026-05-10T18:26:36.850+0000] {dag.py:3947} INFO - Setting next_dagrun for tutorial_taskflow_api_virtualenv to None, run_after=None
[2026-05-10T18:26:36.864+0000] {processor.py:183} INFO - Processing /home/airflow/.local/lib/python3.12/site-packages/airflow/example_dags/tutorial_taskflow_api_virtualenv.py took 0.061 seconds
[2026-05-10T18:27:07.069+0000] {processor.py:161} INFO - Started process (PID=930) to work on /home/airflow/.local/lib/python3.12/site-packages/airflow/example_dags/tutorial_taskflow_api_virtualenv.py
[2026-05-10T18:27:07.070+0000] {processor.py:830} INFO - Processing file /home/airflow/.local/lib/python3.12/site-packages/airflow/example_dags/tutorial_taskflow_api_virtualenv.py for tasks to queue
[2026-05-10T18:27:07.071+0000] {logging_mixin.py:188} INFO - [2026-05-10T18:27:07.071+0000] {dagbag.py:545} INFO - Filling up the DagBag from /home/airflow/.local/lib/python3.12/site-packages/airflow/example_dags/tutorial_taskflow_api_virtualenv.py
[2026-05-10T18:27:07.082+0000] {processor.py:840} INFO - DAG(s) 'tutorial_taskflow_api_virtualenv' retrieved from /home/airflow/.local/lib/python3.12/site-packages/airflow/example_dags/tutorial_taskflow_api_virtualenv.py
[2026-05-10T18:27:07.101+0000] {logging_mixin.py:188} INFO - [2026-05-10T18:27:07.101+0000] {dag.py:3089} INFO - Sync 1 DAGs
[2026-05-10T18:27:07.113+0000] {logging_mixin.py:188} INFO - [2026-05-10T18:27:07.113+0000] {dag.py:3947} INFO - Setting next_dagrun for tutorial_taskflow_api_virtualenv to None, run_after=None
[2026-05-10T18:27:07.130+0000] {processor.py:183} INFO - Processing /home/airflow/.local/lib/python3.12/site-packages/airflow/example_dags/tutorial_taskflow_api_virtualenv.py took 0.068 seconds
[2026-05-10T18:27:37.319+0000] {processor.py:161} INFO - Started process (PID=990) to work on /home/airflow/.local/lib/python3.12/site-packages/airflow/example_dags/tutorial_taskflow_api_virtualenv.py
[2026-05-10T18:27:37.319+0000] {processor.py:830} INFO - Processing file /home/airflow/.local/lib/python3.12/site-packages/airflow/example_dags/tutorial_taskflow_api_virtualenv.py for tasks to queue
[2026-05-10T18:27:37.321+0000] {logging_mixin.py:188} INFO - [2026-05-10T18:27:37.321+0000] {dagbag.py:545} INFO - Filling up the DagBag from /home/airflow/.local/lib/python3.12/site-packages/airflow/example_dags/tutorial_taskflow_api_virtualenv.py
[2026-05-10T18:27:37.332+0000] {processor.py:840} INFO - DAG(s) 'tutorial_taskflow_api_virtualenv' retrieved from /home/airflow/.local/lib/python3.12/site-packages/airflow/example_dags/tutorial_taskflow_api_virtualenv.py
[2026-05-10T18:27:37.349+0000] {logging_mixin.py:188} INFO - [2026-05-10T18:27:37.349+0000] {dag.py:3089} INFO - Sync 1 DAGs
[2026-05-10T18:27:37.362+0000] {logging_mixin.py:188} INFO - [2026-05-10T18:27:37.362+0000] {dag.py:3947} INFO - Setting next_dagrun for tutorial_taskflow_api_virtualenv to None, run_after=None
[2026-05-10T18:27:37.378+0000] {processor.py:183} INFO - Processing /home/airflow/.local/lib/python3.12/site-packages/airflow/example_dags/tutorial_taskflow_api_virtualenv.py took 0.065 seconds
[2026-05-10T18:28:07.585+0000] {processor.py:161} INFO - Started process (PID=1050) to work on /home/airflow/.local/lib/python3.12/site-packages/airflow/example_dags/tutorial_taskflow_api_virtualenv.py
[2026-05-10T18:28:07.586+0000] {processor.py:830} INFO - Processing file /home/airflow/.local/lib/python3.12/site-packages/airflow/example_dags/tutorial_taskflow_api_virtualenv.py for tasks to queue
[2026-05-10T18:28:07.588+0000] {logging_mixin.py:188} INFO - [2026-05-10T18:28:07.587+0000] {dagbag.py:545} INFO - Filling up the DagBag from /home/airflow/.local/lib/python3.12/site-packages/airflow/example_dags/tutorial_taskflow_api_virtualenv.py
[2026-05-10T18:28:07.597+0000] {processor.py:840} INFO - DAG(s) 'tutorial_taskflow_api_virtualenv' retrieved from /home/airflow/.local/lib/python3.12/site-packages/airflow/example_dags/tutorial_taskflow_api_virtualenv.py
[2026-05-10T18:28:07.615+0000] {logging_mixin.py:188} INFO - [2026-05-10T18:28:07.615+0000] {dag.py:3089} INFO - Sync 1 DAGs
[2026-05-10T18:28:07.626+0000] {logging_mixin.py:188} INFO - [2026-05-10T18:28:07.626+0000] {dag.py:3947} INFO - Setting next_dagrun for tutorial_taskflow_api_virtualenv to None, run_after=None
[2026-05-10T18:28:07.641+0000] {processor.py:183} INFO - Processing /home/airflow/.local/lib/python3.12/site-packages/airflow/example_dags/tutorial_taskflow_api_virtualenv.py took 0.062 seconds
[2026-05-10T18:28:37.845+0000] {processor.py:161} INFO - Started process (PID=1110) to work on /home/airflow/.local/lib/python3.12/site-packages/airflow/example_dags/tutorial_taskflow_api_virtualenv.py
[2026-05-10T18:28:37.846+0000] {processor.py:830} INFO - Processing file /home/airflow/.local/lib/python3.12/site-packages/airflow/example_dags/tutorial_taskflow_api_virtualenv.py for tasks to queue
[2026-05-10T18:28:37.848+0000] {logging_mixin.py:188} INFO - [2026-05-10T18:28:37.848+0000] {dagbag.py:545} INFO - Filling up the DagBag from /home/airflow/.local/lib/python3.12/site-packages/airflow/example_dags/tutorial_taskflow_api_virtualenv.py
[2026-05-10T18:28:37.857+0000] {processor.py:840} INFO - DAG(s) 'tutorial_taskflow_api_virtualenv' retrieved from /home/airflow/.local/lib/python3.12/site-packages/airflow/example_dags/tutorial_taskflow_api_virtualenv.py
[2026-05-10T18:28:37.875+0000] {logging_mixin.py:188} INFO - [2026-05-10T18:28:37.875+0000] {dag.py:3089} INFO - Sync 1 DAGs
[2026-05-10T18:28:37.886+0000] {logging_mixin.py:188} INFO - [2026-05-10T18:28:37.886+0000] {dag.py:3947} INFO - Setting next_dagrun for tutorial_taskflow_api_virtualenv to None, run_after=None
[2026-05-10T18:28:37.900+0000] {processor.py:183} INFO - Processing /home/airflow/.local/lib/python3.12/site-packages/airflow/example_dags/tutorial_taskflow_api_virtualenv.py took 0.061 seconds
[2026-05-10T18:29:08.197+0000] {processor.py:161} INFO - Started process (PID=1170) to work on /home/airflow/.local/lib/python3.12/site-packages/airflow/example_dags/tutorial_taskflow_api_virtualenv.py
[2026-05-10T18:29:08.198+0000] {processor.py:830} INFO - Processing file /home/airflow/.local/lib/python3.12/site-packages/airflow/example_dags/tutorial_taskflow_api_virtualenv.py for tasks to queue
[2026-05-10T18:29:08.200+0000] {logging_mixin.py:188} INFO - [2026-05-10T18:29:08.199+0000] {dagbag.py:545} INFO - Filling up the DagBag from /home/airflow/.local/lib/python3.12/site-packages/airflow/example_dags/tutorial_taskflow_api_virtualenv.py
[2026-05-10T18:29:08.209+0000] {processor.py:840} INFO - DAG(s) 'tutorial_taskflow_api_virtualenv' retrieved from /home/airflow/.local/lib/python3.12/site-packages/airflow/example_dags/tutorial_taskflow_api_virtualenv.py
[2026-05-10T18:29:08.227+0000] {logging_mixin.py:188} INFO - [2026-05-10T18:29:08.226+0000] {dag.py:3089} INFO - Sync 1 DAGs
[2026-05-10T18:29:08.237+0000] {logging_mixin.py:188} INFO - [2026-05-10T18:29:08.237+0000] {dag.py:3947} INFO - Setting next_dagrun for tutorial_taskflow_api_virtualenv to None, run_after=None
[2026-05-10T18:29:08.252+0000] {processor.py:183} INFO - Processing /home/airflow/.local/lib/python3.12/site-packages/airflow/example_dags/tutorial_taskflow_api_virtualenv.py took 0.061 seconds
[2026-05-10T18:29:38.597+0000] {processor.py:161} INFO - Started process (PID=1230) to work on /home/airflow/.local/lib/python3.12/site-packages/airflow/example_dags/tutorial_taskflow_api_virtualenv.py
[2026-05-10T18:29:38.598+0000] {processor.py:830} INFO - Processing file /home/airflow/.local/lib/python3.12/site-packages/airflow/example_dags/tutorial_taskflow_api_virtualenv.py for tasks to queue
[2026-05-10T18:29:38.600+0000] {logging_mixin.py:188} INFO - [2026-05-10T18:29:38.600+0000] {dagbag.py:545} INFO - Filling up the DagBag from /home/airflow/.local/lib/python3.12/site-packages/airflow/example_dags/tutorial_taskflow_api_virtualenv.py
[2026-05-10T18:29:38.614+0000] {processor.py:840} INFO - DAG(s) 'tutorial_taskflow_api_virtualenv' retrieved from /home/airflow/.local/lib/python3.12/site-packages/airflow/example_dags/tutorial_taskflow_api_virtualenv.py
[2026-05-10T18:29:38.655+0000] {logging_mixin.py:188} INFO - [2026-05-10T18:29:38.654+0000] {dag.py:3089} INFO - Sync 1 DAGs
[2026-05-10T18:29:38.680+0000] {logging_mixin.py:188} INFO - [2026-05-10T18:29:38.679+0000] {dag.py:3947} INFO - Setting next_dagrun for tutorial_taskflow_api_virtualenv to None, run_after=None
[2026-05-10T18:29:38.711+0000] {processor.py:183} INFO - Processing /home/airflow/.local/lib/python3.12/site-packages/airflow/example_dags/tutorial_taskflow_api_virtualenv.py took 0.125 seconds
[2026-05-10T18:30:09.049+0000] {processor.py:161} INFO - Started process (PID=1291) to work on /home/airflow/.local/lib/python3.12/site-packages/airflow/example_dags/tutorial_taskflow_api_virtualenv.py
[2026-05-10T18:30:09.050+0000] {processor.py:830} INFO - Processing file /home/airflow/.local/lib/python3.12/site-packages/airflow/example_dags/tutorial_taskflow_api_virtualenv.py for tasks to queue
[2026-05-10T18:30:09.052+0000] {logging_mixin.py:188} INFO - [2026-05-10T18:30:09.051+0000] {dagbag.py:545} INFO - Filling up the DagBag from /home/airflow/.local/lib/python3.12/site-packages/airflow/example_dags/tutorial_taskflow_api_virtualenv.py
[2026-05-10T18:30:09.062+0000] {processor.py:840} INFO - DAG(s) 'tutorial_taskflow_api_virtualenv' retrieved from /home/airflow/.local/lib/python3.12/site-packages/airflow/example_dags/tutorial_taskflow_api_virtualenv.py
[2026-05-10T18:30:09.082+0000] {logging_mixin.py:188} INFO - [2026-05-10T18:30:09.082+0000] {dag.py:3089} INFO - Sync 1 DAGs
[2026-05-10T18:30:09.092+0000] {logging_mixin.py:188} INFO - [2026-05-10T18:30:09.092+0000] {dag.py:3947} INFO - Setting next_dagrun for tutorial_taskflow_api_virtualenv to None, run_after=None
[2026-05-10T18:30:09.107+0000] {processor.py:183} INFO - Processing /home/airflow/.local/lib/python3.12/site-packages/airflow/example_dags/tutorial_taskflow_api_virtualenv.py took 0.065 seconds
[2026-05-10T18:30:39.535+0000] {processor.py:161} INFO - Started process (PID=1351) to work on /home/airflow/.local/lib/python3.12/site-packages/airflow/example_dags/tutorial_taskflow_api_virtualenv.py
[2026-05-10T18:30:39.535+0000] {processor.py:830} INFO - Processing file /home/airflow/.local/lib/python3.12/site-packages/airflow/example_dags/tutorial_taskflow_api_virtualenv.py for tasks to queue
[2026-05-10T18:30:39.537+0000] {logging_mixin.py:188} INFO - [2026-05-10T18:30:39.537+0000] {dagbag.py:545} INFO - Filling up the DagBag from /home/airflow/.local/lib/python3.12/site-packages/airflow/example_dags/tutorial_taskflow_api_virtualenv.py
[2026-05-10T18:30:39.546+0000] {processor.py:840} INFO - DAG(s) 'tutorial_taskflow_api_virtualenv' retrieved from /home/airflow/.local/lib/python3.12/site-packages/airflow/example_dags/tutorial_taskflow_api_virtualenv.py
[2026-05-10T18:30:39.565+0000] {logging_mixin.py:188} INFO - [2026-05-10T18:30:39.565+0000] {dag.py:3089} INFO - Sync 1 DAGs
[2026-05-10T18:30:39.578+0000] {logging_mixin.py:188} INFO - [2026-05-10T18:30:39.577+0000] {dag.py:3947} INFO - Setting next_dagrun for tutorial_taskflow_api_virtualenv to None, run_after=None
[2026-05-10T18:30:39.594+0000] {processor.py:183} INFO - Processing /home/airflow/.local/lib/python3.12/site-packages/airflow/example_dags/tutorial_taskflow_api_virtualenv.py took 0.065 seconds
[2026-05-10T18:31:10.309+0000] {processor.py:161} INFO - Started process (PID=1411) to work on /home/airflow/.local/lib/python3.12/site-packages/airflow/example_dags/tutorial_taskflow_api_virtualenv.py
[2026-05-10T18:31:10.310+0000] {processor.py:830} INFO - Processing file /home/airflow/.local/lib/python3.12/site-packages/airflow/example_dags/tutorial_taskflow_api_virtualenv.py for tasks to queue
[2026-05-10T18:31:10.312+0000] {logging_mixin.py:188} INFO - [2026-05-10T18:31:10.312+0000] {dagbag.py:545} INFO - Filling up the DagBag from /home/airflow/.local/lib/python3.12/site-packages/airflow/example_dags/tutorial_taskflow_api_virtualenv.py
[2026-05-10T18:31:10.322+0000] {processor.py:840} INFO - DAG(s) 'tutorial_taskflow_api_virtualenv' retrieved from /home/airflow/.local/lib/python3.12/site-packages/airflow/example_dags/tutorial_taskflow_api_virtualenv.py
[2026-05-10T18:31:10.339+0000] {logging_mixin.py:188} INFO - [2026-05-10T18:31:10.339+0000] {dag.py:3089} INFO - Sync 1 DAGs
[2026-05-10T18:31:10.349+0000] {logging_mixin.py:188} INFO - [2026-05-10T18:31:10.349+0000] {dag.py:3947} INFO - Setting next_dagrun for tutorial_taskflow_api_virtualenv to None, run_after=None
[2026-05-10T18:31:10.365+0000] {processor.py:183} INFO - Processing /home/airflow/.local/lib/python3.12/site-packages/airflow/example_dags/tutorial_taskflow_api_virtualenv.py took 0.062 seconds
[2026-05-10T18:31:40.410+0000] {processor.py:161} INFO - Started process (PID=1471) to work on /home/airflow/.local/lib/python3.12/site-packages/airflow/example_dags/tutorial_taskflow_api_virtualenv.py
[2026-05-10T18:31:40.411+0000] {processor.py:830} INFO - Processing file /home/airflow/.local/lib/python3.12/site-packages/airflow/example_dags/tutorial_taskflow_api_virtualenv.py for tasks to queue
[2026-05-10T18:31:40.413+0000] {logging_mixin.py:188} INFO - [2026-05-10T18:31:40.413+0000] {dagbag.py:545} INFO - Filling up the DagBag from /home/airflow/.local/lib/python3.12/site-packages/airflow/example_dags/tutorial_taskflow_api_virtualenv.py
[2026-05-10T18:31:40.422+0000] {processor.py:840} INFO - DAG(s) 'tutorial_taskflow_api_virtualenv' retrieved from /home/airflow/.local/lib/python3.12/site-packages/airflow/example_dags/tutorial_taskflow_api_virtualenv.py
[2026-05-10T18:31:40.439+0000] {logging_mixin.py:188} INFO - [2026-05-10T18:31:40.439+0000] {dag.py:3089} INFO - Sync 1 DAGs
[2026-05-10T18:31:40.451+0000] {logging_mixin.py:188} INFO - [2026-05-10T18:31:40.451+0000] {dag.py:3947} INFO - Setting next_dagrun for tutorial_taskflow_api_virtualenv to None, run_after=None
[2026-05-10T18:31:40.466+0000] {processor.py:183} INFO - Processing /home/airflow/.local/lib/python3.12/site-packages/airflow/example_dags/tutorial_taskflow_api_virtualenv.py took 0.062 seconds
[2026-05-10T18:32:11.073+0000] {processor.py:161} INFO - Started process (PID=1531) to work on /home/airflow/.local/lib/python3.12/site-packages/airflow/example_dags/tutorial_taskflow_api_virtualenv.py
[2026-05-10T18:32:11.074+0000] {processor.py:830} INFO - Processing file /home/airflow/.local/lib/python3.12/site-packages/airflow/example_dags/tutorial_taskflow_api_virtualenv.py for tasks to queue
[2026-05-10T18:32:11.076+0000] {logging_mixin.py:188} INFO - [2026-05-10T18:32:11.075+0000] {dagbag.py:545} INFO - Filling up the DagBag from /home/airflow/.local/lib/python3.12/site-packages/airflow/example_dags/tutorial_taskflow_api_virtualenv.py
[2026-05-10T18:32:11.084+0000] {processor.py:840} INFO - DAG(s) 'tutorial_taskflow_api_virtualenv' retrieved from /home/airflow/.local/lib/python3.12/site-packages/airflow/example_dags/tutorial_taskflow_api_virtualenv.py
[2026-05-10T18:32:11.103+0000] {logging_mixin.py:188} INFO - [2026-05-10T18:32:11.103+0000] {dag.py:3089} INFO - Sync 1 DAGs
[2026-05-10T18:32:11.114+0000] {logging_mixin.py:188} INFO - [2026-05-10T18:32:11.114+0000] {dag.py:3947} INFO - Setting next_dagrun for tutorial_taskflow_api_virtualenv to None, run_after=None
[2026-05-10T18:32:11.129+0000] {processor.py:183} INFO - Processing /home/airflow/.local/lib/python3.12/site-packages/airflow/example_dags/tutorial_taskflow_api_virtualenv.py took 0.062 seconds
[2026-05-10T18:32:41.608+0000] {processor.py:161} INFO - Started process (PID=1591) to work on /home/airflow/.local/lib/python3.12/site-packages/airflow/example_dags/tutorial_taskflow_api_virtualenv.py
[2026-05-10T18:32:41.609+0000] {processor.py:830} INFO - Processing file /home/airflow/.local/lib/python3.12/site-packages/airflow/example_dags/tutorial_taskflow_api_virtualenv.py for tasks to queue
[2026-05-10T18:32:41.611+0000] {logging_mixin.py:188} INFO - [2026-05-10T18:32:41.611+0000] {dagbag.py:545} INFO - Filling up the DagBag from /home/airflow/.local/lib/python3.12/site-packages/airflow/example_dags/tutorial_taskflow_api_virtualenv.py
[2026-05-10T18:32:41.621+0000] {processor.py:840} INFO - DAG(s) 'tutorial_taskflow_api_virtualenv' retrieved from /home/airflow/.local/lib/python3.12/site-packages/airflow/example_dags/tutorial_taskflow_api_virtualenv.py
[2026-05-10T18:32:41.640+0000] {logging_mixin.py:188} INFO - [2026-05-10T18:32:41.640+0000] {dag.py:3089} INFO - Sync 1 DAGs
[2026-05-10T18:32:41.651+0000] {logging_mixin.py:188} INFO - [2026-05-10T18:32:41.651+0000] {dag.py:3947} INFO - Setting next_dagrun for tutorial_taskflow_api_virtualenv to None, run_after=None
[2026-05-10T18:32:41.667+0000] {processor.py:183} INFO - Processing /home/airflow/.local/lib/python3.12/site-packages/airflow/example_dags/tutorial_taskflow_api_virtualenv.py took 0.065 seconds
[2026-05-10T18:33:12.495+0000] {processor.py:161} INFO - Started process (PID=1651) to work on /home/airflow/.local/lib/python3.12/site-packages/airflow/example_dags/tutorial_taskflow_api_virtualenv.py
[2026-05-10T18:33:12.495+0000] {processor.py:830} INFO - Processing file /home/airflow/.local/lib/python3.12/site-packages/airflow/example_dags/tutorial_taskflow_api_virtualenv.py for tasks to queue
[2026-05-10T18:33:12.497+0000] {logging_mixin.py:188} INFO - [2026-05-10T18:33:12.497+0000] {dagbag.py:545} INFO - Filling up the DagBag from /home/airflow/.local/lib/python3.12/site-packages/airflow/example_dags/tutorial_taskflow_api_virtualenv.py
[2026-05-10T18:33:12.506+0000] {processor.py:840} INFO - DAG(s) 'tutorial_taskflow_api_virtualenv' retrieved from /home/airflow/.local/lib/python3.12/site-packages/airflow/example_dags/tutorial_taskflow_api_virtualenv.py
[2026-05-10T18:33:12.524+0000] {logging_mixin.py:188} INFO - [2026-05-10T18:33:12.523+0000] {dag.py:3089} INFO - Sync 1 DAGs
[2026-05-10T18:33:12.535+0000] {logging_mixin.py:188} INFO - [2026-05-10T18:33:12.535+0000] {dag.py:3947} INFO - Setting next_dagrun for tutorial_taskflow_api_virtualenv to None, run_after=None
[2026-05-10T18:33:12.550+0000] {processor.py:183} INFO - Processing /home/airflow/.local/lib/python3.12/site-packages/airflow/example_dags/tutorial_taskflow_api_virtualenv.py took 0.062 seconds
[2026-05-10T18:33:42.665+0000] {processor.py:161} INFO - Started process (PID=1711) to work on /home/airflow/.local/lib/python3.12/site-packages/airflow/example_dags/tutorial_taskflow_api_virtualenv.py
[2026-05-10T18:33:42.666+0000] {processor.py:830} INFO - Processing file /home/airflow/.local/lib/python3.12/site-packages/airflow/example_dags/tutorial_taskflow_api_virtualenv.py for tasks to queue
[2026-05-10T18:33:42.668+0000] {logging_mixin.py:188} INFO - [2026-05-10T18:33:42.668+0000] {dagbag.py:545} INFO - Filling up the DagBag from /home/airflow/.local/lib/python3.12/site-packages/airflow/example_dags/tutorial_taskflow_api_virtualenv.py
[2026-05-10T18:33:42.679+0000] {processor.py:840} INFO - DAG(s) 'tutorial_taskflow_api_virtualenv' retrieved from /home/airflow/.local/lib/python3.12/site-packages/airflow/example_dags/tutorial_taskflow_api_virtualenv.py
[2026-05-10T18:33:42.698+0000] {logging_mixin.py:188} INFO - [2026-05-10T18:33:42.697+0000] {dag.py:3089} INFO - Sync 1 DAGs
[2026-05-10T18:33:42.709+0000] {logging_mixin.py:188} INFO - [2026-05-10T18:33:42.709+0000] {dag.py:3947} INFO - Setting next_dagrun for tutorial_taskflow_api_virtualenv to None, run_after=None
[2026-05-10T18:33:42.724+0000] {processor.py:183} INFO - Processing /home/airflow/.local/lib/python3.12/site-packages/airflow/example_dags/tutorial_taskflow_api_virtualenv.py took 0.065 seconds
[2026-05-10T18:34:13.216+0000] {processor.py:161} INFO - Started process (PID=1771) to work on /home/airflow/.local/lib/python3.12/site-packages/airflow/example_dags/tutorial_taskflow_api_virtualenv.py
[2026-05-10T18:34:13.217+0000] {processor.py:830} INFO - Processing file /home/airflow/.local/lib/python3.12/site-packages/airflow/example_dags/tutorial_taskflow_api_virtualenv.py for tasks to queue
[2026-05-10T18:34:13.218+0000] {logging_mixin.py:188} INFO - [2026-05-10T18:34:13.218+0000] {dagbag.py:545} INFO - Filling up the DagBag from /home/airflow/.local/lib/python3.12/site-packages/airflow/example_dags/tutorial_taskflow_api_virtualenv.py
[2026-05-10T18:34:13.229+0000] {processor.py:840} INFO - DAG(s) 'tutorial_taskflow_api_virtualenv' retrieved from /home/airflow/.local/lib/python3.12/site-packages/airflow/example_dags/tutorial_taskflow_api_virtualenv.py
[2026-05-10T18:34:13.249+0000] {logging_mixin.py:188} INFO - [2026-05-10T18:34:13.249+0000] {dag.py:3089} INFO - Sync 1 DAGs
[2026-05-10T18:34:13.261+0000] {logging_mixin.py:188} INFO - [2026-05-10T18:34:13.261+0000] {dag.py:3947} INFO - Setting next_dagrun for tutorial_taskflow_api_virtualenv to None, run_after=None
[2026-05-10T18:34:13.285+0000] {processor.py:183} INFO - Processing /home/airflow/.local/lib/python3.12/site-packages/airflow/example_dags/tutorial_taskflow_api_virtualenv.py took 0.076 seconds
[2026-05-10T18:34:43.837+0000] {processor.py:161} INFO - Started process (PID=1831) to work on /home/airflow/.local/lib/python3.12/site-packages/airflow/example_dags/tutorial_taskflow_api_virtualenv.py
[2026-05-10T18:34:43.837+0000] {processor.py:830} INFO - Processing file /home/airflow/.local/lib/python3.12/site-packages/airflow/example_dags/tutorial_taskflow_api_virtualenv.py for tasks to queue
[2026-05-10T18:34:43.840+0000] {logging_mixin.py:188} INFO - [2026-05-10T18:34:43.839+0000] {dagbag.py:545} INFO - Filling up the DagBag from /home/airflow/.local/lib/python3.12/site-packages/airflow/example_dags/tutorial_taskflow_api_virtualenv.py
[2026-05-10T18:34:43.849+0000] {processor.py:840} INFO - DAG(s) 'tutorial_taskflow_api_virtualenv' retrieved from /home/airflow/.local/lib/python3.12/site-packages/airflow/example_dags/tutorial_taskflow_api_virtualenv.py
[2026-05-10T18:34:43.867+0000] {logging_mixin.py:188} INFO - [2026-05-10T18:34:43.867+0000] {dag.py:3089} INFO - Sync 1 DAGs
[2026-05-10T18:34:43.878+0000] {logging_mixin.py:188} INFO - [2026-05-10T18:34:43.878+0000] {dag.py:3947} INFO - Setting next_dagrun for tutorial_taskflow_api_virtualenv to None, run_after=None
[2026-05-10T18:34:43.892+0000] {processor.py:183} INFO - Processing /home/airflow/.local/lib/python3.12/site-packages/airflow/example_dags/tutorial_taskflow_api_virtualenv.py took 0.062 seconds
[2026-05-10T18:35:14.337+0000] {processor.py:161} INFO - Started process (PID=1891) to work on /home/airflow/.local/lib/python3.12/site-packages/airflow/example_dags/tutorial_taskflow_api_virtualenv.py
[2026-05-10T18:35:14.338+0000] {processor.py:830} INFO - Processing file /home/airflow/.local/lib/python3.12/site-packages/airflow/example_dags/tutorial_taskflow_api_virtualenv.py for tasks to queue
[2026-05-10T18:35:14.339+0000] {logging_mixin.py:188} INFO - [2026-05-10T18:35:14.339+0000] {dagbag.py:545} INFO - Filling up the DagBag from /home/airflow/.local/lib/python3.12/site-packages/airflow/example_dags/tutorial_taskflow_api_virtualenv.py
[2026-05-10T18:35:14.348+0000] {processor.py:840} INFO - DAG(s) 'tutorial_taskflow_api_virtualenv' retrieved from /home/airflow/.local/lib/python3.12/site-packages/airflow/example_dags/tutorial_taskflow_api_virtualenv.py
[2026-05-10T18:35:14.366+0000] {logging_mixin.py:188} INFO - [2026-05-10T18:35:14.366+0000] {dag.py:3089} INFO - Sync 1 DAGs
[2026-05-10T18:35:14.377+0000] {logging_mixin.py:188} INFO - [2026-05-10T18:35:14.377+0000] {dag.py:3947} INFO - Setting next_dagrun for tutorial_taskflow_api_virtualenv to None, run_after=None
[2026-05-10T18:35:14.391+0000] {processor.py:183} INFO - Processing /home/airflow/.local/lib/python3.12/site-packages/airflow/example_dags/tutorial_taskflow_api_virtualenv.py took 0.061 seconds
[2026-05-10T18:35:44.739+0000] {processor.py:161} INFO - Started process (PID=1951) to work on /home/airflow/.local/lib/python3.12/site-packages/airflow/example_dags/tutorial_taskflow_api_virtualenv.py
[2026-05-10T18:35:44.740+0000] {processor.py:830} INFO - Processing file /home/airflow/.local/lib/python3.12/site-packages/airflow/example_dags/tutorial_taskflow_api_virtualenv.py for tasks to queue
[2026-05-10T18:35:44.741+0000] {logging_mixin.py:188} INFO - [2026-05-10T18:35:44.741+0000] {dagbag.py:545} INFO - Filling up the DagBag from /home/airflow/.local/lib/python3.12/site-packages/airflow/example_dags/tutorial_taskflow_api_virtualenv.py
[2026-05-10T18:35:44.750+0000] {processor.py:840} INFO - DAG(s) 'tutorial_taskflow_api_virtualenv' retrieved from /home/airflow/.local/lib/python3.12/site-packages/airflow/example_dags/tutorial_taskflow_api_virtualenv.py
[2026-05-10T18:35:44.768+0000] {logging_mixin.py:188} INFO - [2026-05-10T18:35:44.768+0000] {dag.py:3089} INFO - Sync 1 DAGs
[2026-05-10T18:35:44.780+0000] {logging_mixin.py:188} INFO - [2026-05-10T18:35:44.780+0000] {dag.py:3947} INFO - Setting next_dagrun for tutorial_taskflow_api_virtualenv to None, run_after=None
[2026-05-10T18:35:44.795+0000] {processor.py:183} INFO - Processing /home/airflow/.local/lib/python3.12/site-packages/airflow/example_dags/tutorial_taskflow_api_virtualenv.py took 0.062 seconds
[2026-05-10T18:36:15.465+0000] {processor.py:161} INFO - Started process (PID=2011) to work on /home/airflow/.local/lib/python3.12/site-packages/airflow/example_dags/tutorial_taskflow_api_virtualenv.py
[2026-05-10T18:36:15.466+0000] {processor.py:830} INFO - Processing file /home/airflow/.local/lib/python3.12/site-packages/airflow/example_dags/tutorial_taskflow_api_virtualenv.py for tasks to queue
[2026-05-10T18:36:15.467+0000] {logging_mixin.py:188} INFO - [2026-05-10T18:36:15.467+0000] {dagbag.py:545} INFO - Filling up the DagBag from /home/airflow/.local/lib/python3.12/site-packages/airflow/example_dags/tutorial_taskflow_api_virtualenv.py
[2026-05-10T18:36:15.480+0000] {processor.py:840} INFO - DAG(s) 'tutorial_taskflow_api_virtualenv' retrieved from /home/airflow/.local/lib/python3.12/site-packages/airflow/example_dags/tutorial_taskflow_api_virtualenv.py
[2026-05-10T18:36:15.503+0000] {logging_mixin.py:188} INFO - [2026-05-10T18:36:15.502+0000] {dag.py:3089} INFO - Sync 1 DAGs
[2026-05-10T18:36:15.519+0000] {logging_mixin.py:188} INFO - [2026-05-10T18:36:15.519+0000] {dag.py:3947} INFO - Setting next_dagrun for tutorial_taskflow_api_virtualenv to None, run_after=None
[2026-05-10T18:36:15.535+0000] {processor.py:183} INFO - Processing /home/airflow/.local/lib/python3.12/site-packages/airflow/example_dags/tutorial_taskflow_api_virtualenv.py took 0.084 seconds
[2026-05-10T18:36:46.004+0000] {processor.py:161} INFO - Started process (PID=2071) to work on /home/airflow/.local/lib/python3.12/site-packages/airflow/example_dags/tutorial_taskflow_api_virtualenv.py
[2026-05-10T18:36:46.005+0000] {processor.py:830} INFO - Processing file /home/airflow/.local/lib/python3.12/site-packages/airflow/example_dags/tutorial_taskflow_api_virtualenv.py for tasks to queue
[2026-05-10T18:36:46.007+0000] {logging_mixin.py:188} INFO - [2026-05-10T18:36:46.007+0000] {dagbag.py:545} INFO - Filling up the DagBag from /home/airflow/.local/lib/python3.12/site-packages/airflow/example_dags/tutorial_taskflow_api_virtualenv.py
[2026-05-10T18:36:46.016+0000] {processor.py:840} INFO - DAG(s) 'tutorial_taskflow_api_virtualenv' retrieved from /home/airflow/.local/lib/python3.12/site-packages/airflow/example_dags/tutorial_taskflow_api_virtualenv.py
[2026-05-10T18:36:46.035+0000] {logging_mixin.py:188} INFO - [2026-05-10T18:36:46.034+0000] {dag.py:3089} INFO - Sync 1 DAGs
[2026-05-10T18:36:46.045+0000] {logging_mixin.py:188} INFO - [2026-05-10T18:36:46.045+0000] {dag.py:3947} INFO - Setting next_dagrun for tutorial_taskflow_api_virtualenv to None, run_after=None
[2026-05-10T18:36:46.059+0000] {processor.py:183} INFO - Processing /home/airflow/.local/lib/python3.12/site-packages/airflow/example_dags/tutorial_taskflow_api_virtualenv.py took 0.062 seconds
[2026-05-10T18:37:16.482+0000] {processor.py:161} INFO - Started process (PID=2131) to work on /home/airflow/.local/lib/python3.12/site-packages/airflow/example_dags/tutorial_taskflow_api_virtualenv.py
[2026-05-10T18:37:16.483+0000] {processor.py:830} INFO - Processing file /home/airflow/.local/lib/python3.12/site-packages/airflow/example_dags/tutorial_taskflow_api_virtualenv.py for tasks to queue
[2026-05-10T18:37:16.485+0000] {logging_mixin.py:188} INFO - [2026-05-10T18:37:16.485+0000] {dagbag.py:545} INFO - Filling up the DagBag from /home/airflow/.local/lib/python3.12/site-packages/airflow/example_dags/tutorial_taskflow_api_virtualenv.py
[2026-05-10T18:37:16.494+0000] {processor.py:840} INFO - DAG(s) 'tutorial_taskflow_api_virtualenv' retrieved from /home/airflow/.local/lib/python3.12/site-packages/airflow/example_dags/tutorial_taskflow_api_virtualenv.py
[2026-05-10T18:37:16.513+0000] {logging_mixin.py:188} INFO - [2026-05-10T18:37:16.513+0000] {dag.py:3089} INFO - Sync 1 DAGs
[2026-05-10T18:37:16.524+0000] {logging_mixin.py:188} INFO - [2026-05-10T18:37:16.524+0000] {dag.py:3947} INFO - Setting next_dagrun for tutorial_taskflow_api_virtualenv to None, run_after=None
[2026-05-10T18:37:16.538+0000] {processor.py:183} INFO - Processing /home/airflow/.local/lib/python3.12/site-packages/airflow/example_dags/tutorial_taskflow_api_virtualenv.py took 0.062 seconds
[2026-05-10T18:37:46.970+0000] {processor.py:161} INFO - Started process (PID=2191) to work on /home/airflow/.local/lib/python3.12/site-packages/airflow/example_dags/tutorial_taskflow_api_virtualenv.py
[2026-05-10T18:37:46.971+0000] {processor.py:830} INFO - Processing file /home/airflow/.local/lib/python3.12/site-packages/airflow/example_dags/tutorial_taskflow_api_virtualenv.py for tasks to queue
[2026-05-10T18:37:46.972+0000] {logging_mixin.py:188} INFO - [2026-05-10T18:37:46.972+0000] {dagbag.py:545} INFO - Filling up the DagBag from /home/airflow/.local/lib/python3.12/site-packages/airflow/example_dags/tutorial_taskflow_api_virtualenv.py
[2026-05-10T18:37:46.981+0000] {processor.py:840} INFO - DAG(s) 'tutorial_taskflow_api_virtualenv' retrieved from /home/airflow/.local/lib/python3.12/site-packages/airflow/example_dags/tutorial_taskflow_api_virtualenv.py
[2026-05-10T18:37:46.998+0000] {logging_mixin.py:188} INFO - [2026-05-10T18:37:46.998+0000] {dag.py:3089} INFO - Sync 1 DAGs
[2026-05-10T18:37:47.009+0000] {logging_mixin.py:188} INFO - [2026-05-10T18:37:47.009+0000] {dag.py:3947} INFO - Setting next_dagrun for tutorial_taskflow_api_virtualenv to None, run_after=None
[2026-05-10T18:37:47.023+0000] {processor.py:183} INFO - Processing /home/airflow/.local/lib/python3.12/site-packages/airflow/example_dags/tutorial_taskflow_api_virtualenv.py took 0.060 seconds
[2026-05-10T18:38:17.458+0000] {processor.py:161} INFO - Started process (PID=2251) to work on /home/airflow/.local/lib/python3.12/site-packages/airflow/example_dags/tutorial_taskflow_api_virtualenv.py
[2026-05-10T18:38:17.459+0000] {processor.py:830} INFO - Processing file /home/airflow/.local/lib/python3.12/site-packages/airflow/example_dags/tutorial_taskflow_api_virtualenv.py for tasks to queue
[2026-05-10T18:38:17.461+0000] {logging_mixin.py:188} INFO - [2026-05-10T18:38:17.460+0000] {dagbag.py:545} INFO - Filling up the DagBag from /home/airflow/.local/lib/python3.12/site-packages/airflow/example_dags/tutorial_taskflow_api_virtualenv.py
[2026-05-10T18:38:17.471+0000] {processor.py:840} INFO - DAG(s) 'tutorial_taskflow_api_virtualenv' retrieved from /home/airflow/.local/lib/python3.12/site-packages/airflow/example_dags/tutorial_taskflow_api_virtualenv.py
[2026-05-10T18:38:17.489+0000] {logging_mixin.py:188} INFO - [2026-05-10T18:38:17.489+0000] {dag.py:3089} INFO - Sync 1 DAGs
[2026-05-10T18:38:17.501+0000] {logging_mixin.py:188} INFO - [2026-05-10T18:38:17.501+0000] {dag.py:3947} INFO - Setting next_dagrun for tutorial_taskflow_api_virtualenv to None, run_after=None
[2026-05-10T18:38:17.516+0000] {processor.py:183} INFO - Processing /home/airflow/.local/lib/python3.12/site-packages/airflow/example_dags/tutorial_taskflow_api_virtualenv.py took 0.065 seconds
[2026-05-10T18:38:47.842+0000] {processor.py:161} INFO - Started process (PID=2311) to work on /home/airflow/.local/lib/python3.12/site-packages/airflow/example_dags/tutorial_taskflow_api_virtualenv.py
[2026-05-10T18:38:47.843+0000] {processor.py:830} INFO - Processing file /home/airflow/.local/lib/python3.12/site-packages/airflow/example_dags/tutorial_taskflow_api_virtualenv.py for tasks to queue
[2026-05-10T18:38:47.845+0000] {logging_mixin.py:188} INFO - [2026-05-10T18:38:47.845+0000] {dagbag.py:545} INFO - Filling up the DagBag from /home/airflow/.local/lib/python3.12/site-packages/airflow/example_dags/tutorial_taskflow_api_virtualenv.py
[2026-05-10T18:38:47.857+0000] {processor.py:840} INFO - DAG(s) 'tutorial_taskflow_api_virtualenv' retrieved from /home/airflow/.local/lib/python3.12/site-packages/airflow/example_dags/tutorial_taskflow_api_virtualenv.py
[2026-05-10T18:38:47.880+0000] {logging_mixin.py:188} INFO - [2026-05-10T18:38:47.880+0000] {dag.py:3089} INFO - Sync 1 DAGs
[2026-05-10T18:38:47.891+0000] {logging_mixin.py:188} INFO - [2026-05-10T18:38:47.891+0000] {dag.py:3947} INFO - Setting next_dagrun for tutorial_taskflow_api_virtualenv to None, run_after=None
[2026-05-10T18:38:47.907+0000] {processor.py:183} INFO - Processing /home/airflow/.local/lib/python3.12/site-packages/airflow/example_dags/tutorial_taskflow_api_virtualenv.py took 0.072 seconds
[2026-05-10T18:39:18.268+0000] {processor.py:161} INFO - Started process (PID=2371) to work on /home/airflow/.local/lib/python3.12/site-packages/airflow/example_dags/tutorial_taskflow_api_virtualenv.py
[2026-05-10T18:39:18.269+0000] {processor.py:830} INFO - Processing file /home/airflow/.local/lib/python3.12/site-packages/airflow/example_dags/tutorial_taskflow_api_virtualenv.py for tasks to queue
[2026-05-10T18:39:18.270+0000] {logging_mixin.py:188} INFO - [2026-05-10T18:39:18.270+0000] {dagbag.py:545} INFO - Filling up the DagBag from /home/airflow/.local/lib/python3.12/site-packages/airflow/example_dags/tutorial_taskflow_api_virtualenv.py
[2026-05-10T18:39:18.280+0000] {processor.py:840} INFO - DAG(s) 'tutorial_taskflow_api_virtualenv' retrieved from /home/airflow/.local/lib/python3.12/site-packages/airflow/example_dags/tutorial_taskflow_api_virtualenv.py
[2026-05-10T18:39:18.297+0000] {logging_mixin.py:188} INFO - [2026-05-10T18:39:18.297+0000] {dag.py:3089} INFO - Sync 1 DAGs
[2026-05-10T18:39:18.309+0000] {logging_mixin.py:188} INFO - [2026-05-10T18:39:18.308+0000] {dag.py:3947} INFO - Setting next_dagrun for tutorial_taskflow_api_virtualenv to None, run_after=None
[2026-05-10T18:39:18.323+0000] {processor.py:183} INFO - Processing /home/airflow/.local/lib/python3.12/site-packages/airflow/example_dags/tutorial_taskflow_api_virtualenv.py took 0.061 seconds
[2026-05-10T18:39:48.537+0000] {processor.py:161} INFO - Started process (PID=2431) to work on /home/airflow/.local/lib/python3.12/site-packages/airflow/example_dags/tutorial_taskflow_api_virtualenv.py
[2026-05-10T18:39:48.538+0000] {processor.py:830} INFO - Processing file /home/airflow/.local/lib/python3.12/site-packages/airflow/example_dags/tutorial_taskflow_api_virtualenv.py for tasks to queue
[2026-05-10T18:39:48.540+0000] {logging_mixin.py:188} INFO - [2026-05-10T18:39:48.539+0000] {dagbag.py:545} INFO - Filling up the DagBag from /home/airflow/.local/lib/python3.12/site-packages/airflow/example_dags/tutorial_taskflow_api_virtualenv.py
[2026-05-10T18:39:48.549+0000] {processor.py:840} INFO - DAG(s) 'tutorial_taskflow_api_virtualenv' retrieved from /home/airflow/.local/lib/python3.12/site-packages/airflow/example_dags/tutorial_taskflow_api_virtualenv.py
[2026-05-10T18:39:48.568+0000] {logging_mixin.py:188} INFO - [2026-05-10T18:39:48.568+0000] {dag.py:3089} INFO - Sync 1 DAGs
[2026-05-10T18:39:48.578+0000] {logging_mixin.py:188} INFO - [2026-05-10T18:39:48.578+0000] {dag.py:3947} INFO - Setting next_dagrun for tutorial_taskflow_api_virtualenv to None, run_after=None
[2026-05-10T18:39:48.593+0000] {processor.py:183} INFO - Processing /home/airflow/.local/lib/python3.12/site-packages/airflow/example_dags/tutorial_taskflow_api_virtualenv.py took 0.063 seconds
[2026-05-10T18:40:18.787+0000] {processor.py:161} INFO - Started process (PID=2491) to work on /home/airflow/.local/lib/python3.12/site-packages/airflow/example_dags/tutorial_taskflow_api_virtualenv.py
[2026-05-10T18:40:18.788+0000] {processor.py:830} INFO - Processing file /home/airflow/.local/lib/python3.12/site-packages/airflow/example_dags/tutorial_taskflow_api_virtualenv.py for tasks to queue
[2026-05-10T18:40:18.790+0000] {logging_mixin.py:188} INFO - [2026-05-10T18:40:18.789+0000] {dagbag.py:545} INFO - Filling up the DagBag from /home/airflow/.local/lib/python3.12/site-packages/airflow/example_dags/tutorial_taskflow_api_virtualenv.py
[2026-05-10T18:40:18.800+0000] {processor.py:840} INFO - DAG(s) 'tutorial_taskflow_api_virtualenv' retrieved from /home/airflow/.local/lib/python3.12/site-packages/airflow/example_dags/tutorial_taskflow_api_virtualenv.py
[2026-05-10T18:40:18.819+0000] {logging_mixin.py:188} INFO - [2026-05-10T18:40:18.819+0000] {dag.py:3089} INFO - Sync 1 DAGs
[2026-05-10T18:40:18.831+0000] {logging_mixin.py:188} INFO - [2026-05-10T18:40:18.831+0000] {dag.py:3947} INFO - Setting next_dagrun for tutorial_taskflow_api_virtualenv to None, run_after=None
[2026-05-10T18:40:18.846+0000] {processor.py:183} INFO - Processing /home/airflow/.local/lib/python3.12/site-packages/airflow/example_dags/tutorial_taskflow_api_virtualenv.py took 0.066 seconds
[2026-05-10T18:40:49.122+0000] {processor.py:161} INFO - Started process (PID=2551) to work on /home/airflow/.local/lib/python3.12/site-packages/airflow/example_dags/tutorial_taskflow_api_virtualenv.py
[2026-05-10T18:40:49.122+0000] {processor.py:830} INFO - Processing file /home/airflow/.local/lib/python3.12/site-packages/airflow/example_dags/tutorial_taskflow_api_virtualenv.py for tasks to queue
[2026-05-10T18:40:49.124+0000] {logging_mixin.py:188} INFO - [2026-05-10T18:40:49.124+0000] {dagbag.py:545} INFO - Filling up the DagBag from /home/airflow/.local/lib/python3.12/site-packages/airflow/example_dags/tutorial_taskflow_api_virtualenv.py
[2026-05-10T18:40:49.133+0000] {processor.py:840} INFO - DAG(s) 'tutorial_taskflow_api_virtualenv' retrieved from /home/airflow/.local/lib/python3.12/site-packages/airflow/example_dags/tutorial_taskflow_api_virtualenv.py
[2026-05-10T18:40:49.152+0000] {logging_mixin.py:188} INFO - [2026-05-10T18:40:49.152+0000] {dag.py:3089} INFO - Sync 1 DAGs
[2026-05-10T18:40:49.163+0000] {logging_mixin.py:188} INFO - [2026-05-10T18:40:49.162+0000] {dag.py:3947} INFO - Setting next_dagrun for tutorial_taskflow_api_virtualenv to None, run_after=None
[2026-05-10T18:40:49.186+0000] {processor.py:183} INFO - Processing /home/airflow/.local/lib/python3.12/site-packages/airflow/example_dags/tutorial_taskflow_api_virtualenv.py took 0.072 seconds
[2026-05-10T18:41:19.286+0000] {processor.py:161} INFO - Started process (PID=2611) to work on /home/airflow/.local/lib/python3.12/site-packages/airflow/example_dags/tutorial_taskflow_api_virtualenv.py
[2026-05-10T18:41:19.287+0000] {processor.py:830} INFO - Processing file /home/airflow/.local/lib/python3.12/site-packages/airflow/example_dags/tutorial_taskflow_api_virtualenv.py for tasks to queue
[2026-05-10T18:41:19.288+0000] {logging_mixin.py:188} INFO - [2026-05-10T18:41:19.288+0000] {dagbag.py:545} INFO - Filling up the DagBag from /home/airflow/.local/lib/python3.12/site-packages/airflow/example_dags/tutorial_taskflow_api_virtualenv.py
[2026-05-10T18:41:19.297+0000] {processor.py:840} INFO - DAG(s) 'tutorial_taskflow_api_virtualenv' retrieved from /home/airflow/.local/lib/python3.12/site-packages/airflow/example_dags/tutorial_taskflow_api_virtualenv.py
[2026-05-10T18:41:19.315+0000] {logging_mixin.py:188} INFO - [2026-05-10T18:41:19.315+0000] {dag.py:3089} INFO - Sync 1 DAGs
[2026-05-10T18:41:19.324+0000] {logging_mixin.py:188} INFO - [2026-05-10T18:41:19.324+0000] {dag.py:3947} INFO - Setting next_dagrun for tutorial_taskflow_api_virtualenv to None, run_after=None
[2026-05-10T18:41:19.339+0000] {processor.py:183} INFO - Processing /home/airflow/.local/lib/python3.12/site-packages/airflow/example_dags/tutorial_taskflow_api_virtualenv.py took 0.059 seconds
[2026-05-10T18:41:49.652+0000] {processor.py:161} INFO - Started process (PID=2671) to work on /home/airflow/.local/lib/python3.12/site-packages/airflow/example_dags/tutorial_taskflow_api_virtualenv.py
[2026-05-10T18:41:49.653+0000] {processor.py:830} INFO - Processing file /home/airflow/.local/lib/python3.12/site-packages/airflow/example_dags/tutorial_taskflow_api_virtualenv.py for tasks to queue
[2026-05-10T18:41:49.655+0000] {logging_mixin.py:188} INFO - [2026-05-10T18:41:49.654+0000] {dagbag.py:545} INFO - Filling up the DagBag from /home/airflow/.local/lib/python3.12/site-packages/airflow/example_dags/tutorial_taskflow_api_virtualenv.py
[2026-05-10T18:41:49.663+0000] {processor.py:840} INFO - DAG(s) 'tutorial_taskflow_api_virtualenv' retrieved from /home/airflow/.local/lib/python3.12/site-packages/airflow/example_dags/tutorial_taskflow_api_virtualenv.py
[2026-05-10T18:41:49.682+0000] {logging_mixin.py:188} INFO - [2026-05-10T18:41:49.682+0000] {dag.py:3089} INFO - Sync 1 DAGs
[2026-05-10T18:41:49.694+0000] {logging_mixin.py:188} INFO - [2026-05-10T18:41:49.694+0000] {dag.py:3947} INFO - Setting next_dagrun for tutorial_taskflow_api_virtualenv to None, run_after=None
[2026-05-10T18:41:49.709+0000] {processor.py:183} INFO - Processing /home/airflow/.local/lib/python3.12/site-packages/airflow/example_dags/tutorial_taskflow_api_virtualenv.py took 0.063 seconds
[2026-05-10T18:42:19.909+0000] {processor.py:161} INFO - Started process (PID=2731) to work on /home/airflow/.local/lib/python3.12/site-packages/airflow/example_dags/tutorial_taskflow_api_virtualenv.py
[2026-05-10T18:42:19.910+0000] {processor.py:830} INFO - Processing file /home/airflow/.local/lib/python3.12/site-packages/airflow/example_dags/tutorial_taskflow_api_virtualenv.py for tasks to queue
[2026-05-10T18:42:19.912+0000] {logging_mixin.py:188} INFO - [2026-05-10T18:42:19.912+0000] {dagbag.py:545} INFO - Filling up the DagBag from /home/airflow/.local/lib/python3.12/site-packages/airflow/example_dags/tutorial_taskflow_api_virtualenv.py
[2026-05-10T18:42:19.921+0000] {processor.py:840} INFO - DAG(s) 'tutorial_taskflow_api_virtualenv' retrieved from /home/airflow/.local/lib/python3.12/site-packages/airflow/example_dags/tutorial_taskflow_api_virtualenv.py
[2026-05-10T18:42:19.939+0000] {logging_mixin.py:188} INFO - [2026-05-10T18:42:19.939+0000] {dag.py:3089} INFO - Sync 1 DAGs
[2026-05-10T18:42:19.950+0000] {logging_mixin.py:188} INFO - [2026-05-10T18:42:19.950+0000] {dag.py:3947} INFO - Setting next_dagrun for tutorial_taskflow_api_virtualenv to None, run_after=None
[2026-05-10T18:42:19.964+0000] {processor.py:183} INFO - Processing /home/airflow/.local/lib/python3.12/site-packages/airflow/example_dags/tutorial_taskflow_api_virtualenv.py took 0.061 seconds
[2026-05-10T18:42:50.205+0000] {processor.py:161} INFO - Started process (PID=2791) to work on /home/airflow/.local/lib/python3.12/site-packages/airflow/example_dags/tutorial_taskflow_api_virtualenv.py
[2026-05-10T18:42:50.206+0000] {processor.py:830} INFO - Processing file /home/airflow/.local/lib/python3.12/site-packages/airflow/example_dags/tutorial_taskflow_api_virtualenv.py for tasks to queue
[2026-05-10T18:42:50.208+0000] {logging_mixin.py:188} INFO - [2026-05-10T18:42:50.208+0000] {dagbag.py:545} INFO - Filling up the DagBag from /home/airflow/.local/lib/python3.12/site-packages/airflow/example_dags/tutorial_taskflow_api_virtualenv.py
[2026-05-10T18:42:50.217+0000] {processor.py:840} INFO - DAG(s) 'tutorial_taskflow_api_virtualenv' retrieved from /home/airflow/.local/lib/python3.12/site-packages/airflow/example_dags/tutorial_taskflow_api_virtualenv.py
[2026-05-10T18:42:50.234+0000] {logging_mixin.py:188} INFO - [2026-05-10T18:42:50.234+0000] {dag.py:3089} INFO - Sync 1 DAGs
[2026-05-10T18:42:50.246+0000] {logging_mixin.py:188} INFO - [2026-05-10T18:42:50.246+0000] {dag.py:3947} INFO - Setting next_dagrun for tutorial_taskflow_api_virtualenv to None, run_after=None
[2026-05-10T18:42:50.262+0000] {processor.py:183} INFO - Processing /home/airflow/.local/lib/python3.12/site-packages/airflow/example_dags/tutorial_taskflow_api_virtualenv.py took 0.062 seconds
[2026-05-10T18:43:20.619+0000] {processor.py:161} INFO - Started process (PID=2851) to work on /home/airflow/.local/lib/python3.12/site-packages/airflow/example_dags/tutorial_taskflow_api_virtualenv.py
[2026-05-10T18:43:20.620+0000] {processor.py:830} INFO - Processing file /home/airflow/.local/lib/python3.12/site-packages/airflow/example_dags/tutorial_taskflow_api_virtualenv.py for tasks to queue
[2026-05-10T18:43:20.622+0000] {logging_mixin.py:188} INFO - [2026-05-10T18:43:20.622+0000] {dagbag.py:545} INFO - Filling up the DagBag from /home/airflow/.local/lib/python3.12/site-packages/airflow/example_dags/tutorial_taskflow_api_virtualenv.py
[2026-05-10T18:43:20.631+0000] {processor.py:840} INFO - DAG(s) 'tutorial_taskflow_api_virtualenv' retrieved from /home/airflow/.local/lib/python3.12/site-packages/airflow/example_dags/tutorial_taskflow_api_virtualenv.py
[2026-05-10T18:43:20.650+0000] {logging_mixin.py:188} INFO - [2026-05-10T18:43:20.650+0000] {dag.py:3089} INFO - Sync 1 DAGs
[2026-05-10T18:43:20.662+0000] {logging_mixin.py:188} INFO - [2026-05-10T18:43:20.662+0000] {dag.py:3947} INFO - Setting next_dagrun for tutorial_taskflow_api_virtualenv to None, run_after=None
[2026-05-10T18:43:20.677+0000] {processor.py:183} INFO - Processing /home/airflow/.local/lib/python3.12/site-packages/airflow/example_dags/tutorial_taskflow_api_virtualenv.py took 0.065 seconds
[2026-05-10T18:43:51.987+0000] {processor.py:161} INFO - Started process (PID=2911) to work on /home/airflow/.local/lib/python3.12/site-packages/airflow/example_dags/tutorial_taskflow_api_virtualenv.py
[2026-05-10T18:43:51.988+0000] {processor.py:830} INFO - Processing file /home/airflow/.local/lib/python3.12/site-packages/airflow/example_dags/tutorial_taskflow_api_virtualenv.py for tasks to queue
[2026-05-10T18:43:51.990+0000] {logging_mixin.py:188} INFO - [2026-05-10T18:43:51.990+0000] {dagbag.py:545} INFO - Filling up the DagBag from /home/airflow/.local/lib/python3.12/site-packages/airflow/example_dags/tutorial_taskflow_api_virtualenv.py
[2026-05-10T18:43:51.998+0000] {processor.py:840} INFO - DAG(s) 'tutorial_taskflow_api_virtualenv' retrieved from /home/airflow/.local/lib/python3.12/site-packages/airflow/example_dags/tutorial_taskflow_api_virtualenv.py
[2026-05-10T18:43:52.016+0000] {logging_mixin.py:188} INFO - [2026-05-10T18:43:52.016+0000] {dag.py:3089} INFO - Sync 1 DAGs
[2026-05-10T18:43:52.027+0000] {logging_mixin.py:188} INFO - [2026-05-10T18:43:52.027+0000] {dag.py:3947} INFO - Setting next_dagrun for tutorial_taskflow_api_virtualenv to None, run_after=None
[2026-05-10T18:43:52.041+0000] {processor.py:183} INFO - Processing /home/airflow/.local/lib/python3.12/site-packages/airflow/example_dags/tutorial_taskflow_api_virtualenv.py took 0.060 seconds
[2026-05-10T18:44:22.519+0000] {processor.py:161} INFO - Started process (PID=2971) to work on /home/airflow/.local/lib/python3.12/site-packages/airflow/example_dags/tutorial_taskflow_api_virtualenv.py
[2026-05-10T18:44:22.520+0000] {processor.py:830} INFO - Processing file /home/airflow/.local/lib/python3.12/site-packages/airflow/example_dags/tutorial_taskflow_api_virtualenv.py for tasks to queue
[2026-05-10T18:44:22.522+0000] {logging_mixin.py:188} INFO - [2026-05-10T18:44:22.522+0000] {dagbag.py:545} INFO - Filling up the DagBag from /home/airflow/.local/lib/python3.12/site-packages/airflow/example_dags/tutorial_taskflow_api_virtualenv.py
[2026-05-10T18:44:22.531+0000] {processor.py:840} INFO - DAG(s) 'tutorial_taskflow_api_virtualenv' retrieved from /home/airflow/.local/lib/python3.12/site-packages/airflow/example_dags/tutorial_taskflow_api_virtualenv.py
[2026-05-10T18:44:22.549+0000] {logging_mixin.py:188} INFO - [2026-05-10T18:44:22.549+0000] {dag.py:3089} INFO - Sync 1 DAGs
[2026-05-10T18:44:22.560+0000] {logging_mixin.py:188} INFO - [2026-05-10T18:44:22.559+0000] {dag.py:3947} INFO - Setting next_dagrun for tutorial_taskflow_api_virtualenv to None, run_after=None
[2026-05-10T18:44:22.574+0000] {processor.py:183} INFO - Processing /home/airflow/.local/lib/python3.12/site-packages/airflow/example_dags/tutorial_taskflow_api_virtualenv.py took 0.061 seconds
[2026-05-10T18:44:52.878+0000] {processor.py:161} INFO - Started process (PID=3031) to work on /home/airflow/.local/lib/python3.12/site-packages/airflow/example_dags/tutorial_taskflow_api_virtualenv.py
[2026-05-10T18:44:52.879+0000] {processor.py:830} INFO - Processing file /home/airflow/.local/lib/python3.12/site-packages/airflow/example_dags/tutorial_taskflow_api_virtualenv.py for tasks to queue
[2026-05-10T18:44:52.880+0000] {logging_mixin.py:188} INFO - [2026-05-10T18:44:52.880+0000] {dagbag.py:545} INFO - Filling up the DagBag from /home/airflow/.local/lib/python3.12/site-packages/airflow/example_dags/tutorial_taskflow_api_virtualenv.py
[2026-05-10T18:44:52.889+0000] {processor.py:840} INFO - DAG(s) 'tutorial_taskflow_api_virtualenv' retrieved from /home/airflow/.local/lib/python3.12/site-packages/airflow/example_dags/tutorial_taskflow_api_virtualenv.py
[2026-05-10T18:44:52.907+0000] {logging_mixin.py:188} INFO - [2026-05-10T18:44:52.906+0000] {dag.py:3089} INFO - Sync 1 DAGs
[2026-05-10T18:44:52.917+0000] {logging_mixin.py:188} INFO - [2026-05-10T18:44:52.916+0000] {dag.py:3947} INFO - Setting next_dagrun for tutorial_taskflow_api_virtualenv to None, run_after=None
[2026-05-10T18:44:52.931+0000] {processor.py:183} INFO - Processing /home/airflow/.local/lib/python3.12/site-packages/airflow/example_dags/tutorial_taskflow_api_virtualenv.py took 0.059 seconds
[2026-05-10T18:45:23.048+0000] {processor.py:161} INFO - Started process (PID=3092) to work on /home/airflow/.local/lib/python3.12/site-packages/airflow/example_dags/tutorial_taskflow_api_virtualenv.py
[2026-05-10T18:45:23.049+0000] {processor.py:830} INFO - Processing file /home/airflow/.local/lib/python3.12/site-packages/airflow/example_dags/tutorial_taskflow_api_virtualenv.py for tasks to queue
[2026-05-10T18:45:23.050+0000] {logging_mixin.py:188} INFO - [2026-05-10T18:45:23.050+0000] {dagbag.py:545} INFO - Filling up the DagBag from /home/airflow/.local/lib/python3.12/site-packages/airflow/example_dags/tutorial_taskflow_api_virtualenv.py
[2026-05-10T18:45:23.059+0000] {processor.py:840} INFO - DAG(s) 'tutorial_taskflow_api_virtualenv' retrieved from /home/airflow/.local/lib/python3.12/site-packages/airflow/example_dags/tutorial_taskflow_api_virtualenv.py
[2026-05-10T18:45:23.076+0000] {logging_mixin.py:188} INFO - [2026-05-10T18:45:23.076+0000] {dag.py:3089} INFO - Sync 1 DAGs
[2026-05-10T18:45:23.086+0000] {logging_mixin.py:188} INFO - [2026-05-10T18:45:23.086+0000] {dag.py:3947} INFO - Setting next_dagrun for tutorial_taskflow_api_virtualenv to None, run_after=None
[2026-05-10T18:45:23.101+0000] {processor.py:183} INFO - Processing /home/airflow/.local/lib/python3.12/site-packages/airflow/example_dags/tutorial_taskflow_api_virtualenv.py took 0.059 seconds
[2026-05-10T18:45:53.340+0000] {processor.py:161} INFO - Started process (PID=3152) to work on /home/airflow/.local/lib/python3.12/site-packages/airflow/example_dags/tutorial_taskflow_api_virtualenv.py
[2026-05-10T18:45:53.341+0000] {processor.py:830} INFO - Processing file /home/airflow/.local/lib/python3.12/site-packages/airflow/example_dags/tutorial_taskflow_api_virtualenv.py for tasks to queue
[2026-05-10T18:45:53.343+0000] {logging_mixin.py:188} INFO - [2026-05-10T18:45:53.342+0000] {dagbag.py:545} INFO - Filling up the DagBag from /home/airflow/.local/lib/python3.12/site-packages/airflow/example_dags/tutorial_taskflow_api_virtualenv.py
[2026-05-10T18:45:53.351+0000] {processor.py:840} INFO - DAG(s) 'tutorial_taskflow_api_virtualenv' retrieved from /home/airflow/.local/lib/python3.12/site-packages/airflow/example_dags/tutorial_taskflow_api_virtualenv.py
[2026-05-10T18:45:53.369+0000] {logging_mixin.py:188} INFO - [2026-05-10T18:45:53.369+0000] {dag.py:3089} INFO - Sync 1 DAGs
[2026-05-10T18:45:53.380+0000] {logging_mixin.py:188} INFO - [2026-05-10T18:45:53.379+0000] {dag.py:3947} INFO - Setting next_dagrun for tutorial_taskflow_api_virtualenv to None, run_after=None
[2026-05-10T18:45:53.394+0000] {processor.py:183} INFO - Processing /home/airflow/.local/lib/python3.12/site-packages/airflow/example_dags/tutorial_taskflow_api_virtualenv.py took 0.060 seconds
[2026-05-10T18:46:23.790+0000] {processor.py:161} INFO - Started process (PID=3212) to work on /home/airflow/.local/lib/python3.12/site-packages/airflow/example_dags/tutorial_taskflow_api_virtualenv.py
[2026-05-10T18:46:23.791+0000] {processor.py:830} INFO - Processing file /home/airflow/.local/lib/python3.12/site-packages/airflow/example_dags/tutorial_taskflow_api_virtualenv.py for tasks to queue
[2026-05-10T18:46:23.793+0000] {logging_mixin.py:188} INFO - [2026-05-10T18:46:23.793+0000] {dagbag.py:545} INFO - Filling up the DagBag from /home/airflow/.local/lib/python3.12/site-packages/airflow/example_dags/tutorial_taskflow_api_virtualenv.py
[2026-05-10T18:46:23.802+0000] {processor.py:840} INFO - DAG(s) 'tutorial_taskflow_api_virtualenv' retrieved from /home/airflow/.local/lib/python3.12/site-packages/airflow/example_dags/tutorial_taskflow_api_virtualenv.py
[2026-05-10T18:46:23.819+0000] {logging_mixin.py:188} INFO - [2026-05-10T18:46:23.819+0000] {dag.py:3089} INFO - Sync 1 DAGs
[2026-05-10T18:46:23.830+0000] {logging_mixin.py:188} INFO - [2026-05-10T18:46:23.830+0000] {dag.py:3947} INFO - Setting next_dagrun for tutorial_taskflow_api_virtualenv to None, run_after=None
[2026-05-10T18:46:23.846+0000] {processor.py:183} INFO - Processing /home/airflow/.local/lib/python3.12/site-packages/airflow/example_dags/tutorial_taskflow_api_virtualenv.py took 0.062 seconds
[2026-05-10T18:46:54.721+0000] {processor.py:161} INFO - Started process (PID=3272) to work on /home/airflow/.local/lib/python3.12/site-packages/airflow/example_dags/tutorial_taskflow_api_virtualenv.py
[2026-05-10T18:46:54.722+0000] {processor.py:830} INFO - Processing file /home/airflow/.local/lib/python3.12/site-packages/airflow/example_dags/tutorial_taskflow_api_virtualenv.py for tasks to queue
[2026-05-10T18:46:54.724+0000] {logging_mixin.py:188} INFO - [2026-05-10T18:46:54.724+0000] {dagbag.py:545} INFO - Filling up the DagBag from /home/airflow/.local/lib/python3.12/site-packages/airflow/example_dags/tutorial_taskflow_api_virtualenv.py
[2026-05-10T18:46:54.734+0000] {processor.py:840} INFO - DAG(s) 'tutorial_taskflow_api_virtualenv' retrieved from /home/airflow/.local/lib/python3.12/site-packages/airflow/example_dags/tutorial_taskflow_api_virtualenv.py
[2026-05-10T18:46:54.755+0000] {logging_mixin.py:188} INFO - [2026-05-10T18:46:54.755+0000] {dag.py:3089} INFO - Sync 1 DAGs
[2026-05-10T18:46:54.766+0000] {logging_mixin.py:188} INFO - [2026-05-10T18:46:54.766+0000] {dag.py:3947} INFO - Setting next_dagrun for tutorial_taskflow_api_virtualenv to None, run_after=None
[2026-05-10T18:46:54.784+0000] {processor.py:183} INFO - Processing /home/airflow/.local/lib/python3.12/site-packages/airflow/example_dags/tutorial_taskflow_api_virtualenv.py took 0.071 seconds
[2026-05-10T18:47:24.895+0000] {processor.py:161} INFO - Started process (PID=3332) to work on /home/airflow/.local/lib/python3.12/site-packages/airflow/example_dags/tutorial_taskflow_api_virtualenv.py
[2026-05-10T18:47:24.895+0000] {processor.py:830} INFO - Processing file /home/airflow/.local/lib/python3.12/site-packages/airflow/example_dags/tutorial_taskflow_api_virtualenv.py for tasks to queue
[2026-05-10T18:47:24.897+0000] {logging_mixin.py:188} INFO - [2026-05-10T18:47:24.897+0000] {dagbag.py:545} INFO - Filling up the DagBag from /home/airflow/.local/lib/python3.12/site-packages/airflow/example_dags/tutorial_taskflow_api_virtualenv.py
[2026-05-10T18:47:24.908+0000] {processor.py:840} INFO - DAG(s) 'tutorial_taskflow_api_virtualenv' retrieved from /home/airflow/.local/lib/python3.12/site-packages/airflow/example_dags/tutorial_taskflow_api_virtualenv.py
[2026-05-10T18:47:24.928+0000] {logging_mixin.py:188} INFO - [2026-05-10T18:47:24.928+0000] {dag.py:3089} INFO - Sync 1 DAGs
[2026-05-10T18:47:24.939+0000] {logging_mixin.py:188} INFO - [2026-05-10T18:47:24.939+0000] {dag.py:3947} INFO - Setting next_dagrun for tutorial_taskflow_api_virtualenv to None, run_after=None
[2026-05-10T18:47:24.954+0000] {processor.py:183} INFO - Processing /home/airflow/.local/lib/python3.12/site-packages/airflow/example_dags/tutorial_taskflow_api_virtualenv.py took 0.067 seconds
[2026-05-10T18:47:55.025+0000] {processor.py:161} INFO - Started process (PID=3392) to work on /home/airflow/.local/lib/python3.12/site-packages/airflow/example_dags/tutorial_taskflow_api_virtualenv.py
[2026-05-10T18:47:55.026+0000] {processor.py:830} INFO - Processing file /home/airflow/.local/lib/python3.12/site-packages/airflow/example_dags/tutorial_taskflow_api_virtualenv.py for tasks to queue
[2026-05-10T18:47:55.028+0000] {logging_mixin.py:188} INFO - [2026-05-10T18:47:55.027+0000] {dagbag.py:545} INFO - Filling up the DagBag from /home/airflow/.local/lib/python3.12/site-packages/airflow/example_dags/tutorial_taskflow_api_virtualenv.py
[2026-05-10T18:47:55.036+0000] {processor.py:840} INFO - DAG(s) 'tutorial_taskflow_api_virtualenv' retrieved from /home/airflow/.local/lib/python3.12/site-packages/airflow/example_dags/tutorial_taskflow_api_virtualenv.py
[2026-05-10T18:47:55.054+0000] {logging_mixin.py:188} INFO - [2026-05-10T18:47:55.054+0000] {dag.py:3089} INFO - Sync 1 DAGs
[2026-05-10T18:47:55.065+0000] {logging_mixin.py:188} INFO - [2026-05-10T18:47:55.065+0000] {dag.py:3947} INFO - Setting next_dagrun for tutorial_taskflow_api_virtualenv to None, run_after=None
[2026-05-10T18:47:55.079+0000] {processor.py:183} INFO - Processing /home/airflow/.local/lib/python3.12/site-packages/airflow/example_dags/tutorial_taskflow_api_virtualenv.py took 0.060 seconds
[2026-05-10T18:48:25.208+0000] {processor.py:161} INFO - Started process (PID=3451) to work on /home/airflow/.local/lib/python3.12/site-packages/airflow/example_dags/tutorial_taskflow_api_virtualenv.py
[2026-05-10T18:48:25.209+0000] {processor.py:830} INFO - Processing file /home/airflow/.local/lib/python3.12/site-packages/airflow/example_dags/tutorial_taskflow_api_virtualenv.py for tasks to queue
[2026-05-10T18:48:25.211+0000] {logging_mixin.py:188} INFO - [2026-05-10T18:48:25.210+0000] {dagbag.py:545} INFO - Filling up the DagBag from /home/airflow/.local/lib/python3.12/site-packages/airflow/example_dags/tutorial_taskflow_api_virtualenv.py
[2026-05-10T18:48:25.220+0000] {processor.py:840} INFO - DAG(s) 'tutorial_taskflow_api_virtualenv' retrieved from /home/airflow/.local/lib/python3.12/site-packages/airflow/example_dags/tutorial_taskflow_api_virtualenv.py
[2026-05-10T18:48:25.238+0000] {logging_mixin.py:188} INFO - [2026-05-10T18:48:25.238+0000] {dag.py:3089} INFO - Sync 1 DAGs
[2026-05-10T18:48:25.249+0000] {logging_mixin.py:188} INFO - [2026-05-10T18:48:25.249+0000] {dag.py:3947} INFO - Setting next_dagrun for tutorial_taskflow_api_virtualenv to None, run_after=None
[2026-05-10T18:48:25.263+0000] {processor.py:183} INFO - Processing /home/airflow/.local/lib/python3.12/site-packages/airflow/example_dags/tutorial_taskflow_api_virtualenv.py took 0.062 seconds
[2026-05-10T18:48:55.919+0000] {processor.py:161} INFO - Started process (PID=3512) to work on /home/airflow/.local/lib/python3.12/site-packages/airflow/example_dags/tutorial_taskflow_api_virtualenv.py
[2026-05-10T18:48:55.920+0000] {processor.py:830} INFO - Processing file /home/airflow/.local/lib/python3.12/site-packages/airflow/example_dags/tutorial_taskflow_api_virtualenv.py for tasks to queue
[2026-05-10T18:48:55.923+0000] {logging_mixin.py:188} INFO - [2026-05-10T18:48:55.922+0000] {dagbag.py:545} INFO - Filling up the DagBag from /home/airflow/.local/lib/python3.12/site-packages/airflow/example_dags/tutorial_taskflow_api_virtualenv.py
[2026-05-10T18:48:55.934+0000] {processor.py:840} INFO - DAG(s) 'tutorial_taskflow_api_virtualenv' retrieved from /home/airflow/.local/lib/python3.12/site-packages/airflow/example_dags/tutorial_taskflow_api_virtualenv.py
[2026-05-10T18:48:55.952+0000] {logging_mixin.py:188} INFO - [2026-05-10T18:48:55.952+0000] {dag.py:3089} INFO - Sync 1 DAGs
[2026-05-10T18:48:55.963+0000] {logging_mixin.py:188} INFO - [2026-05-10T18:48:55.963+0000] {dag.py:3947} INFO - Setting next_dagrun for tutorial_taskflow_api_virtualenv to None, run_after=None
[2026-05-10T18:48:55.978+0000] {processor.py:183} INFO - Processing /home/airflow/.local/lib/python3.12/site-packages/airflow/example_dags/tutorial_taskflow_api_virtualenv.py took 0.065 seconds
[2026-05-10T18:49:26.090+0000] {processor.py:161} INFO - Started process (PID=3572) to work on /home/airflow/.local/lib/python3.12/site-packages/airflow/example_dags/tutorial_taskflow_api_virtualenv.py
[2026-05-10T18:49:26.091+0000] {processor.py:830} INFO - Processing file /home/airflow/.local/lib/python3.12/site-packages/airflow/example_dags/tutorial_taskflow_api_virtualenv.py for tasks to queue
[2026-05-10T18:49:26.092+0000] {logging_mixin.py:188} INFO - [2026-05-10T18:49:26.092+0000] {dagbag.py:545} INFO - Filling up the DagBag from /home/airflow/.local/lib/python3.12/site-packages/airflow/example_dags/tutorial_taskflow_api_virtualenv.py
[2026-05-10T18:49:26.101+0000] {processor.py:840} INFO - DAG(s) 'tutorial_taskflow_api_virtualenv' retrieved from /home/airflow/.local/lib/python3.12/site-packages/airflow/example_dags/tutorial_taskflow_api_virtualenv.py
[2026-05-10T18:49:26.120+0000] {logging_mixin.py:188} INFO - [2026-05-10T18:49:26.120+0000] {dag.py:3089} INFO - Sync 1 DAGs
[2026-05-10T18:49:26.132+0000] {logging_mixin.py:188} INFO - [2026-05-10T18:49:26.131+0000] {dag.py:3947} INFO - Setting next_dagrun for tutorial_taskflow_api_virtualenv to None, run_after=None
[2026-05-10T18:49:26.157+0000] {processor.py:183} INFO - Processing /home/airflow/.local/lib/python3.12/site-packages/airflow/example_dags/tutorial_taskflow_api_virtualenv.py took 0.074 seconds
[2026-05-10T18:49:56.563+0000] {processor.py:161} INFO - Started process (PID=3632) to work on /home/airflow/.local/lib/python3.12/site-packages/airflow/example_dags/tutorial_taskflow_api_virtualenv.py
[2026-05-10T18:49:56.564+0000] {processor.py:830} INFO - Processing file /home/airflow/.local/lib/python3.12/site-packages/airflow/example_dags/tutorial_taskflow_api_virtualenv.py for tasks to queue
[2026-05-10T18:49:56.566+0000] {logging_mixin.py:188} INFO - [2026-05-10T18:49:56.565+0000] {dagbag.py:545} INFO - Filling up the DagBag from /home/airflow/.local/lib/python3.12/site-packages/airflow/example_dags/tutorial_taskflow_api_virtualenv.py
[2026-05-10T18:49:56.579+0000] {processor.py:840} INFO - DAG(s) 'tutorial_taskflow_api_virtualenv' retrieved from /home/airflow/.local/lib/python3.12/site-packages/airflow/example_dags/tutorial_taskflow_api_virtualenv.py
[2026-05-10T18:49:56.600+0000] {logging_mixin.py:188} INFO - [2026-05-10T18:49:56.600+0000] {dag.py:3089} INFO - Sync 1 DAGs
[2026-05-10T18:49:56.611+0000] {logging_mixin.py:188} INFO - [2026-05-10T18:49:56.611+0000] {dag.py:3947} INFO - Setting next_dagrun for tutorial_taskflow_api_virtualenv to None, run_after=None
[2026-05-10T18:49:56.626+0000] {processor.py:183} INFO - Processing /home/airflow/.local/lib/python3.12/site-packages/airflow/example_dags/tutorial_taskflow_api_virtualenv.py took 0.072 seconds
[2026-05-10T18:50:27.019+0000] {processor.py:161} INFO - Started process (PID=3692) to work on /home/airflow/.local/lib/python3.12/site-packages/airflow/example_dags/tutorial_taskflow_api_virtualenv.py
[2026-05-10T18:50:27.020+0000] {processor.py:830} INFO - Processing file /home/airflow/.local/lib/python3.12/site-packages/airflow/example_dags/tutorial_taskflow_api_virtualenv.py for tasks to queue
[2026-05-10T18:50:27.021+0000] {logging_mixin.py:188} INFO - [2026-05-10T18:50:27.021+0000] {dagbag.py:545} INFO - Filling up the DagBag from /home/airflow/.local/lib/python3.12/site-packages/airflow/example_dags/tutorial_taskflow_api_virtualenv.py
[2026-05-10T18:50:27.032+0000] {processor.py:840} INFO - DAG(s) 'tutorial_taskflow_api_virtualenv' retrieved from /home/airflow/.local/lib/python3.12/site-packages/airflow/example_dags/tutorial_taskflow_api_virtualenv.py
[2026-05-10T18:50:27.053+0000] {logging_mixin.py:188} INFO - [2026-05-10T18:50:27.053+0000] {dag.py:3089} INFO - Sync 1 DAGs
[2026-05-10T18:50:27.064+0000] {logging_mixin.py:188} INFO - [2026-05-10T18:50:27.064+0000] {dag.py:3947} INFO - Setting next_dagrun for tutorial_taskflow_api_virtualenv to None, run_after=None
[2026-05-10T18:50:27.080+0000] {processor.py:183} INFO - Processing /home/airflow/.local/lib/python3.12/site-packages/airflow/example_dags/tutorial_taskflow_api_virtualenv.py took 0.069 seconds
[2026-05-10T18:50:57.354+0000] {processor.py:161} INFO - Started process (PID=3752) to work on /home/airflow/.local/lib/python3.12/site-packages/airflow/example_dags/tutorial_taskflow_api_virtualenv.py
[2026-05-10T18:50:57.355+0000] {processor.py:830} INFO - Processing file /home/airflow/.local/lib/python3.12/site-packages/airflow/example_dags/tutorial_taskflow_api_virtualenv.py for tasks to queue
[2026-05-10T18:50:57.357+0000] {logging_mixin.py:188} INFO - [2026-05-10T18:50:57.356+0000] {dagbag.py:545} INFO - Filling up the DagBag from /home/airflow/.local/lib/python3.12/site-packages/airflow/example_dags/tutorial_taskflow_api_virtualenv.py
[2026-05-10T18:50:57.366+0000] {processor.py:840} INFO - DAG(s) 'tutorial_taskflow_api_virtualenv' retrieved from /home/airflow/.local/lib/python3.12/site-packages/airflow/example_dags/tutorial_taskflow_api_virtualenv.py
[2026-05-10T18:50:57.384+0000] {logging_mixin.py:188} INFO - [2026-05-10T18:50:57.383+0000] {dag.py:3089} INFO - Sync 1 DAGs
[2026-05-10T18:50:57.397+0000] {logging_mixin.py:188} INFO - [2026-05-10T18:50:57.397+0000] {dag.py:3947} INFO - Setting next_dagrun for tutorial_taskflow_api_virtualenv to None, run_after=None
[2026-05-10T18:50:57.414+0000] {processor.py:183} INFO - Processing /home/airflow/.local/lib/python3.12/site-packages/airflow/example_dags/tutorial_taskflow_api_virtualenv.py took 0.067 seconds
[2026-05-10T18:51:27.752+0000] {processor.py:161} INFO - Started process (PID=3812) to work on /home/airflow/.local/lib/python3.12/site-packages/airflow/example_dags/tutorial_taskflow_api_virtualenv.py
[2026-05-10T18:51:27.753+0000] {processor.py:830} INFO - Processing file /home/airflow/.local/lib/python3.12/site-packages/airflow/example_dags/tutorial_taskflow_api_virtualenv.py for tasks to queue
[2026-05-10T18:51:27.755+0000] {logging_mixin.py:188} INFO - [2026-05-10T18:51:27.754+0000] {dagbag.py:545} INFO - Filling up the DagBag from /home/airflow/.local/lib/python3.12/site-packages/airflow/example_dags/tutorial_taskflow_api_virtualenv.py
[2026-05-10T18:51:27.763+0000] {processor.py:840} INFO - DAG(s) 'tutorial_taskflow_api_virtualenv' retrieved from /home/airflow/.local/lib/python3.12/site-packages/airflow/example_dags/tutorial_taskflow_api_virtualenv.py
[2026-05-10T18:51:27.784+0000] {logging_mixin.py:188} INFO - [2026-05-10T18:51:27.783+0000] {dag.py:3089} INFO - Sync 1 DAGs
[2026-05-10T18:51:27.797+0000] {logging_mixin.py:188} INFO - [2026-05-10T18:51:27.797+0000] {dag.py:3947} INFO - Setting next_dagrun for tutorial_taskflow_api_virtualenv to None, run_after=None
[2026-05-10T18:51:27.812+0000] {processor.py:183} INFO - Processing /home/airflow/.local/lib/python3.12/site-packages/airflow/example_dags/tutorial_taskflow_api_virtualenv.py took 0.068 seconds
[2026-05-10T18:51:58.016+0000] {processor.py:161} INFO - Started process (PID=3872) to work on /home/airflow/.local/lib/python3.12/site-packages/airflow/example_dags/tutorial_taskflow_api_virtualenv.py
[2026-05-10T18:51:58.017+0000] {processor.py:830} INFO - Processing file /home/airflow/.local/lib/python3.12/site-packages/airflow/example_dags/tutorial_taskflow_api_virtualenv.py for tasks to queue
[2026-05-10T18:51:58.019+0000] {logging_mixin.py:188} INFO - [2026-05-10T18:51:58.019+0000] {dagbag.py:545} INFO - Filling up the DagBag from /home/airflow/.local/lib/python3.12/site-packages/airflow/example_dags/tutorial_taskflow_api_virtualenv.py
[2026-05-10T18:51:58.033+0000] {processor.py:840} INFO - DAG(s) 'tutorial_taskflow_api_virtualenv' retrieved from /home/airflow/.local/lib/python3.12/site-packages/airflow/example_dags/tutorial_taskflow_api_virtualenv.py
[2026-05-10T18:51:58.052+0000] {logging_mixin.py:188} INFO - [2026-05-10T18:51:58.051+0000] {dag.py:3089} INFO - Sync 1 DAGs
[2026-05-10T18:51:58.062+0000] {logging_mixin.py:188} INFO - [2026-05-10T18:51:58.062+0000] {dag.py:3947} INFO - Setting next_dagrun for tutorial_taskflow_api_virtualenv to None, run_after=None
[2026-05-10T18:51:58.077+0000] {processor.py:183} INFO - Processing /home/airflow/.local/lib/python3.12/site-packages/airflow/example_dags/tutorial_taskflow_api_virtualenv.py took 0.068 seconds
[2026-05-10T18:52:28.688+0000] {processor.py:161} INFO - Started process (PID=3932) to work on /home/airflow/.local/lib/python3.12/site-packages/airflow/example_dags/tutorial_taskflow_api_virtualenv.py
[2026-05-10T18:52:28.689+0000] {processor.py:830} INFO - Processing file /home/airflow/.local/lib/python3.12/site-packages/airflow/example_dags/tutorial_taskflow_api_virtualenv.py for tasks to queue
[2026-05-10T18:52:28.691+0000] {logging_mixin.py:188} INFO - [2026-05-10T18:52:28.690+0000] {dagbag.py:545} INFO - Filling up the DagBag from /home/airflow/.local/lib/python3.12/site-packages/airflow/example_dags/tutorial_taskflow_api_virtualenv.py
[2026-05-10T18:52:28.701+0000] {processor.py:840} INFO - DAG(s) 'tutorial_taskflow_api_virtualenv' retrieved from /home/airflow/.local/lib/python3.12/site-packages/airflow/example_dags/tutorial_taskflow_api_virtualenv.py
[2026-05-10T18:52:28.721+0000] {logging_mixin.py:188} INFO - [2026-05-10T18:52:28.721+0000] {dag.py:3089} INFO - Sync 1 DAGs
[2026-05-10T18:52:28.736+0000] {logging_mixin.py:188} INFO - [2026-05-10T18:52:28.736+0000] {dag.py:3947} INFO - Setting next_dagrun for tutorial_taskflow_api_virtualenv to None, run_after=None
[2026-05-10T18:52:28.750+0000] {processor.py:183} INFO - Processing /home/airflow/.local/lib/python3.12/site-packages/airflow/example_dags/tutorial_taskflow_api_virtualenv.py took 0.069 seconds
[2026-05-10T18:52:59.480+0000] {processor.py:161} INFO - Started process (PID=3992) to work on /home/airflow/.local/lib/python3.12/site-packages/airflow/example_dags/tutorial_taskflow_api_virtualenv.py
[2026-05-10T18:52:59.481+0000] {processor.py:830} INFO - Processing file /home/airflow/.local/lib/python3.12/site-packages/airflow/example_dags/tutorial_taskflow_api_virtualenv.py for tasks to queue
[2026-05-10T18:52:59.483+0000] {logging_mixin.py:188} INFO - [2026-05-10T18:52:59.483+0000] {dagbag.py:545} INFO - Filling up the DagBag from /home/airflow/.local/lib/python3.12/site-packages/airflow/example_dags/tutorial_taskflow_api_virtualenv.py
[2026-05-10T18:52:59.492+0000] {processor.py:840} INFO - DAG(s) 'tutorial_taskflow_api_virtualenv' retrieved from /home/airflow/.local/lib/python3.12/site-packages/airflow/example_dags/tutorial_taskflow_api_virtualenv.py
[2026-05-10T18:52:59.510+0000] {logging_mixin.py:188} INFO - [2026-05-10T18:52:59.510+0000] {dag.py:3089} INFO - Sync 1 DAGs
[2026-05-10T18:52:59.521+0000] {logging_mixin.py:188} INFO - [2026-05-10T18:52:59.521+0000] {dag.py:3947} INFO - Setting next_dagrun for tutorial_taskflow_api_virtualenv to None, run_after=None
[2026-05-10T18:52:59.535+0000] {processor.py:183} INFO - Processing /home/airflow/.local/lib/python3.12/site-packages/airflow/example_dags/tutorial_taskflow_api_virtualenv.py took 0.063 seconds
[2026-05-10T18:53:29.613+0000] {processor.py:161} INFO - Started process (PID=4051) to work on /home/airflow/.local/lib/python3.12/site-packages/airflow/example_dags/tutorial_taskflow_api_virtualenv.py
[2026-05-10T18:53:29.613+0000] {processor.py:830} INFO - Processing file /home/airflow/.local/lib/python3.12/site-packages/airflow/example_dags/tutorial_taskflow_api_virtualenv.py for tasks to queue
[2026-05-10T18:53:29.615+0000] {logging_mixin.py:188} INFO - [2026-05-10T18:53:29.615+0000] {dagbag.py:545} INFO - Filling up the DagBag from /home/airflow/.local/lib/python3.12/site-packages/airflow/example_dags/tutorial_taskflow_api_virtualenv.py
[2026-05-10T18:53:29.625+0000] {processor.py:840} INFO - DAG(s) 'tutorial_taskflow_api_virtualenv' retrieved from /home/airflow/.local/lib/python3.12/site-packages/airflow/example_dags/tutorial_taskflow_api_virtualenv.py
[2026-05-10T18:53:29.648+0000] {logging_mixin.py:188} INFO - [2026-05-10T18:53:29.648+0000] {dag.py:3089} INFO - Sync 1 DAGs
[2026-05-10T18:53:29.659+0000] {logging_mixin.py:188} INFO - [2026-05-10T18:53:29.658+0000] {dag.py:3947} INFO - Setting next_dagrun for tutorial_taskflow_api_virtualenv to None, run_after=None
[2026-05-10T18:53:29.674+0000] {processor.py:183} INFO - Processing /home/airflow/.local/lib/python3.12/site-packages/airflow/example_dags/tutorial_taskflow_api_virtualenv.py took 0.068 seconds
[2026-05-10T18:53:59.935+0000] {processor.py:161} INFO - Started process (PID=4111) to work on /home/airflow/.local/lib/python3.12/site-packages/airflow/example_dags/tutorial_taskflow_api_virtualenv.py
[2026-05-10T18:53:59.936+0000] {processor.py:830} INFO - Processing file /home/airflow/.local/lib/python3.12/site-packages/airflow/example_dags/tutorial_taskflow_api_virtualenv.py for tasks to queue
[2026-05-10T18:53:59.937+0000] {logging_mixin.py:188} INFO - [2026-05-10T18:53:59.937+0000] {dagbag.py:545} INFO - Filling up the DagBag from /home/airflow/.local/lib/python3.12/site-packages/airflow/example_dags/tutorial_taskflow_api_virtualenv.py
[2026-05-10T18:53:59.946+0000] {processor.py:840} INFO - DAG(s) 'tutorial_taskflow_api_virtualenv' retrieved from /home/airflow/.local/lib/python3.12/site-packages/airflow/example_dags/tutorial_taskflow_api_virtualenv.py
[2026-05-10T18:53:59.964+0000] {logging_mixin.py:188} INFO - [2026-05-10T18:53:59.964+0000] {dag.py:3089} INFO - Sync 1 DAGs
[2026-05-10T18:53:59.975+0000] {logging_mixin.py:188} INFO - [2026-05-10T18:53:59.975+0000] {dag.py:3947} INFO - Setting next_dagrun for tutorial_taskflow_api_virtualenv to None, run_after=None
[2026-05-10T18:53:59.990+0000] {processor.py:183} INFO - Processing /home/airflow/.local/lib/python3.12/site-packages/airflow/example_dags/tutorial_taskflow_api_virtualenv.py took 0.063 seconds
[2026-05-10T18:54:30.113+0000] {processor.py:161} INFO - Started process (PID=4171) to work on /home/airflow/.local/lib/python3.12/site-packages/airflow/example_dags/tutorial_taskflow_api_virtualenv.py
[2026-05-10T18:54:30.114+0000] {processor.py:830} INFO - Processing file /home/airflow/.local/lib/python3.12/site-packages/airflow/example_dags/tutorial_taskflow_api_virtualenv.py for tasks to queue
[2026-05-10T18:54:30.116+0000] {logging_mixin.py:188} INFO - [2026-05-10T18:54:30.115+0000] {dagbag.py:545} INFO - Filling up the DagBag from /home/airflow/.local/lib/python3.12/site-packages/airflow/example_dags/tutorial_taskflow_api_virtualenv.py
[2026-05-10T18:54:30.125+0000] {processor.py:840} INFO - DAG(s) 'tutorial_taskflow_api_virtualenv' retrieved from /home/airflow/.local/lib/python3.12/site-packages/airflow/example_dags/tutorial_taskflow_api_virtualenv.py
[2026-05-10T18:54:30.143+0000] {logging_mixin.py:188} INFO - [2026-05-10T18:54:30.143+0000] {dag.py:3089} INFO - Sync 1 DAGs
[2026-05-10T18:54:30.156+0000] {logging_mixin.py:188} INFO - [2026-05-10T18:54:30.156+0000] {dag.py:3947} INFO - Setting next_dagrun for tutorial_taskflow_api_virtualenv to None, run_after=None
[2026-05-10T18:54:30.173+0000] {processor.py:183} INFO - Processing /home/airflow/.local/lib/python3.12/site-packages/airflow/example_dags/tutorial_taskflow_api_virtualenv.py took 0.066 seconds
[2026-05-10T18:55:00.374+0000] {processor.py:161} INFO - Started process (PID=4231) to work on /home/airflow/.local/lib/python3.12/site-packages/airflow/example_dags/tutorial_taskflow_api_virtualenv.py
[2026-05-10T18:55:00.375+0000] {processor.py:830} INFO - Processing file /home/airflow/.local/lib/python3.12/site-packages/airflow/example_dags/tutorial_taskflow_api_virtualenv.py for tasks to queue
[2026-05-10T18:55:00.377+0000] {logging_mixin.py:188} INFO - [2026-05-10T18:55:00.377+0000] {dagbag.py:545} INFO - Filling up the DagBag from /home/airflow/.local/lib/python3.12/site-packages/airflow/example_dags/tutorial_taskflow_api_virtualenv.py
[2026-05-10T18:55:00.386+0000] {processor.py:840} INFO - DAG(s) 'tutorial_taskflow_api_virtualenv' retrieved from /home/airflow/.local/lib/python3.12/site-packages/airflow/example_dags/tutorial_taskflow_api_virtualenv.py
[2026-05-10T18:55:00.404+0000] {logging_mixin.py:188} INFO - [2026-05-10T18:55:00.404+0000] {dag.py:3089} INFO - Sync 1 DAGs
[2026-05-10T18:55:00.416+0000] {logging_mixin.py:188} INFO - [2026-05-10T18:55:00.416+0000] {dag.py:3947} INFO - Setting next_dagrun for tutorial_taskflow_api_virtualenv to None, run_after=None
[2026-05-10T18:55:00.433+0000] {processor.py:183} INFO - Processing /home/airflow/.local/lib/python3.12/site-packages/airflow/example_dags/tutorial_taskflow_api_virtualenv.py took 0.067 seconds
[2026-05-10T18:55:31.069+0000] {processor.py:161} INFO - Started process (PID=4289) to work on /home/airflow/.local/lib/python3.12/site-packages/airflow/example_dags/tutorial_taskflow_api_virtualenv.py
[2026-05-10T18:55:31.070+0000] {processor.py:830} INFO - Processing file /home/airflow/.local/lib/python3.12/site-packages/airflow/example_dags/tutorial_taskflow_api_virtualenv.py for tasks to queue
[2026-05-10T18:55:31.072+0000] {logging_mixin.py:188} INFO - [2026-05-10T18:55:31.071+0000] {dagbag.py:545} INFO - Filling up the DagBag from /home/airflow/.local/lib/python3.12/site-packages/airflow/example_dags/tutorial_taskflow_api_virtualenv.py
[2026-05-10T18:55:31.080+0000] {processor.py:840} INFO - DAG(s) 'tutorial_taskflow_api_virtualenv' retrieved from /home/airflow/.local/lib/python3.12/site-packages/airflow/example_dags/tutorial_taskflow_api_virtualenv.py
[2026-05-10T18:55:31.097+0000] {logging_mixin.py:188} INFO - [2026-05-10T18:55:31.097+0000] {dag.py:3089} INFO - Sync 1 DAGs
[2026-05-10T18:55:31.109+0000] {logging_mixin.py:188} INFO - [2026-05-10T18:55:31.108+0000] {dag.py:3947} INFO - Setting next_dagrun for tutorial_taskflow_api_virtualenv to None, run_after=None
[2026-05-10T18:55:31.124+0000] {processor.py:183} INFO - Processing /home/airflow/.local/lib/python3.12/site-packages/airflow/example_dags/tutorial_taskflow_api_virtualenv.py took 0.062 seconds
[2026-05-10T18:56:01.335+0000] {processor.py:161} INFO - Started process (PID=4349) to work on /home/airflow/.local/lib/python3.12/site-packages/airflow/example_dags/tutorial_taskflow_api_virtualenv.py
[2026-05-10T18:56:01.336+0000] {processor.py:830} INFO - Processing file /home/airflow/.local/lib/python3.12/site-packages/airflow/example_dags/tutorial_taskflow_api_virtualenv.py for tasks to queue
[2026-05-10T18:56:01.338+0000] {logging_mixin.py:188} INFO - [2026-05-10T18:56:01.338+0000] {dagbag.py:545} INFO - Filling up the DagBag from /home/airflow/.local/lib/python3.12/site-packages/airflow/example_dags/tutorial_taskflow_api_virtualenv.py
[2026-05-10T18:56:01.346+0000] {processor.py:840} INFO - DAG(s) 'tutorial_taskflow_api_virtualenv' retrieved from /home/airflow/.local/lib/python3.12/site-packages/airflow/example_dags/tutorial_taskflow_api_virtualenv.py
[2026-05-10T18:56:01.366+0000] {logging_mixin.py:188} INFO - [2026-05-10T18:56:01.366+0000] {dag.py:3089} INFO - Sync 1 DAGs
[2026-05-10T18:56:01.378+0000] {logging_mixin.py:188} INFO - [2026-05-10T18:56:01.378+0000] {dag.py:3947} INFO - Setting next_dagrun for tutorial_taskflow_api_virtualenv to None, run_after=None
[2026-05-10T18:56:01.395+0000] {processor.py:183} INFO - Processing /home/airflow/.local/lib/python3.12/site-packages/airflow/example_dags/tutorial_taskflow_api_virtualenv.py took 0.066 seconds
[2026-05-10T18:56:31.448+0000] {processor.py:161} INFO - Started process (PID=4408) to work on /home/airflow/.local/lib/python3.12/site-packages/airflow/example_dags/tutorial_taskflow_api_virtualenv.py
[2026-05-10T18:56:31.448+0000] {processor.py:830} INFO - Processing file /home/airflow/.local/lib/python3.12/site-packages/airflow/example_dags/tutorial_taskflow_api_virtualenv.py for tasks to queue
[2026-05-10T18:56:31.450+0000] {logging_mixin.py:188} INFO - [2026-05-10T18:56:31.450+0000] {dagbag.py:545} INFO - Filling up the DagBag from /home/airflow/.local/lib/python3.12/site-packages/airflow/example_dags/tutorial_taskflow_api_virtualenv.py
[2026-05-10T18:56:31.459+0000] {processor.py:840} INFO - DAG(s) 'tutorial_taskflow_api_virtualenv' retrieved from /home/airflow/.local/lib/python3.12/site-packages/airflow/example_dags/tutorial_taskflow_api_virtualenv.py
[2026-05-10T18:56:31.478+0000] {logging_mixin.py:188} INFO - [2026-05-10T18:56:31.478+0000] {dag.py:3089} INFO - Sync 1 DAGs
[2026-05-10T18:56:31.488+0000] {logging_mixin.py:188} INFO - [2026-05-10T18:56:31.488+0000] {dag.py:3947} INFO - Setting next_dagrun for tutorial_taskflow_api_virtualenv to None, run_after=None
[2026-05-10T18:56:31.502+0000] {processor.py:183} INFO - Processing /home/airflow/.local/lib/python3.12/site-packages/airflow/example_dags/tutorial_taskflow_api_virtualenv.py took 0.061 seconds
[2026-05-10T18:57:01.605+0000] {processor.py:161} INFO - Started process (PID=4468) to work on /home/airflow/.local/lib/python3.12/site-packages/airflow/example_dags/tutorial_taskflow_api_virtualenv.py
[2026-05-10T18:57:01.606+0000] {processor.py:830} INFO - Processing file /home/airflow/.local/lib/python3.12/site-packages/airflow/example_dags/tutorial_taskflow_api_virtualenv.py for tasks to queue
[2026-05-10T18:57:01.608+0000] {logging_mixin.py:188} INFO - [2026-05-10T18:57:01.608+0000] {dagbag.py:545} INFO - Filling up the DagBag from /home/airflow/.local/lib/python3.12/site-packages/airflow/example_dags/tutorial_taskflow_api_virtualenv.py
[2026-05-10T18:57:01.618+0000] {processor.py:840} INFO - DAG(s) 'tutorial_taskflow_api_virtualenv' retrieved from /home/airflow/.local/lib/python3.12/site-packages/airflow/example_dags/tutorial_taskflow_api_virtualenv.py
[2026-05-10T18:57:01.636+0000] {logging_mixin.py:188} INFO - [2026-05-10T18:57:01.636+0000] {dag.py:3089} INFO - Sync 1 DAGs
[2026-05-10T18:57:01.646+0000] {logging_mixin.py:188} INFO - [2026-05-10T18:57:01.646+0000] {dag.py:3947} INFO - Setting next_dagrun for tutorial_taskflow_api_virtualenv to None, run_after=None
[2026-05-10T18:57:01.661+0000] {processor.py:183} INFO - Processing /home/airflow/.local/lib/python3.12/site-packages/airflow/example_dags/tutorial_taskflow_api_virtualenv.py took 0.063 seconds
[2026-05-10T18:57:32.447+0000] {processor.py:161} INFO - Started process (PID=4529) to work on /home/airflow/.local/lib/python3.12/site-packages/airflow/example_dags/tutorial_taskflow_api_virtualenv.py
[2026-05-10T18:57:32.448+0000] {processor.py:830} INFO - Processing file /home/airflow/.local/lib/python3.12/site-packages/airflow/example_dags/tutorial_taskflow_api_virtualenv.py for tasks to queue
[2026-05-10T18:57:32.449+0000] {logging_mixin.py:188} INFO - [2026-05-10T18:57:32.449+0000] {dagbag.py:545} INFO - Filling up the DagBag from /home/airflow/.local/lib/python3.12/site-packages/airflow/example_dags/tutorial_taskflow_api_virtualenv.py
[2026-05-10T18:57:32.458+0000] {processor.py:840} INFO - DAG(s) 'tutorial_taskflow_api_virtualenv' retrieved from /home/airflow/.local/lib/python3.12/site-packages/airflow/example_dags/tutorial_taskflow_api_virtualenv.py
[2026-05-10T18:57:32.477+0000] {logging_mixin.py:188} INFO - [2026-05-10T18:57:32.477+0000] {dag.py:3089} INFO - Sync 1 DAGs
[2026-05-10T18:57:32.487+0000] {logging_mixin.py:188} INFO - [2026-05-10T18:57:32.487+0000] {dag.py:3947} INFO - Setting next_dagrun for tutorial_taskflow_api_virtualenv to None, run_after=None
[2026-05-10T18:57:32.502+0000] {processor.py:183} INFO - Processing /home/airflow/.local/lib/python3.12/site-packages/airflow/example_dags/tutorial_taskflow_api_virtualenv.py took 0.062 seconds
[2026-05-10T18:58:03.203+0000] {processor.py:161} INFO - Started process (PID=4589) to work on /home/airflow/.local/lib/python3.12/site-packages/airflow/example_dags/tutorial_taskflow_api_virtualenv.py
[2026-05-10T18:58:03.204+0000] {processor.py:830} INFO - Processing file /home/airflow/.local/lib/python3.12/site-packages/airflow/example_dags/tutorial_taskflow_api_virtualenv.py for tasks to queue
[2026-05-10T18:58:03.206+0000] {logging_mixin.py:188} INFO - [2026-05-10T18:58:03.205+0000] {dagbag.py:545} INFO - Filling up the DagBag from /home/airflow/.local/lib/python3.12/site-packages/airflow/example_dags/tutorial_taskflow_api_virtualenv.py
[2026-05-10T18:58:03.214+0000] {processor.py:840} INFO - DAG(s) 'tutorial_taskflow_api_virtualenv' retrieved from /home/airflow/.local/lib/python3.12/site-packages/airflow/example_dags/tutorial_taskflow_api_virtualenv.py
[2026-05-10T18:58:03.233+0000] {logging_mixin.py:188} INFO - [2026-05-10T18:58:03.233+0000] {dag.py:3089} INFO - Sync 1 DAGs
[2026-05-10T18:58:03.245+0000] {logging_mixin.py:188} INFO - [2026-05-10T18:58:03.245+0000] {dag.py:3947} INFO - Setting next_dagrun for tutorial_taskflow_api_virtualenv to None, run_after=None
[2026-05-10T18:58:03.260+0000] {processor.py:183} INFO - Processing /home/airflow/.local/lib/python3.12/site-packages/airflow/example_dags/tutorial_taskflow_api_virtualenv.py took 0.064 seconds
[2026-05-10T18:58:34.102+0000] {processor.py:161} INFO - Started process (PID=4655) to work on /home/airflow/.local/lib/python3.12/site-packages/airflow/example_dags/tutorial_taskflow_api_virtualenv.py
[2026-05-10T18:58:34.103+0000] {processor.py:830} INFO - Processing file /home/airflow/.local/lib/python3.12/site-packages/airflow/example_dags/tutorial_taskflow_api_virtualenv.py for tasks to queue
[2026-05-10T18:58:34.104+0000] {logging_mixin.py:188} INFO - [2026-05-10T18:58:34.104+0000] {dagbag.py:545} INFO - Filling up the DagBag from /home/airflow/.local/lib/python3.12/site-packages/airflow/example_dags/tutorial_taskflow_api_virtualenv.py
[2026-05-10T18:58:34.113+0000] {processor.py:840} INFO - DAG(s) 'tutorial_taskflow_api_virtualenv' retrieved from /home/airflow/.local/lib/python3.12/site-packages/airflow/example_dags/tutorial_taskflow_api_virtualenv.py
[2026-05-10T18:58:34.131+0000] {logging_mixin.py:188} INFO - [2026-05-10T18:58:34.131+0000] {dag.py:3089} INFO - Sync 1 DAGs
[2026-05-10T18:58:34.144+0000] {logging_mixin.py:188} INFO - [2026-05-10T18:58:34.143+0000] {dag.py:3947} INFO - Setting next_dagrun for tutorial_taskflow_api_virtualenv to None, run_after=None
[2026-05-10T18:58:34.159+0000] {processor.py:183} INFO - Processing /home/airflow/.local/lib/python3.12/site-packages/airflow/example_dags/tutorial_taskflow_api_virtualenv.py took 0.064 seconds
[2026-05-10T18:59:04.271+0000] {processor.py:161} INFO - Started process (PID=4715) to work on /home/airflow/.local/lib/python3.12/site-packages/airflow/example_dags/tutorial_taskflow_api_virtualenv.py
[2026-05-10T18:59:04.272+0000] {processor.py:830} INFO - Processing file /home/airflow/.local/lib/python3.12/site-packages/airflow/example_dags/tutorial_taskflow_api_virtualenv.py for tasks to queue
[2026-05-10T18:59:04.274+0000] {logging_mixin.py:188} INFO - [2026-05-10T18:59:04.273+0000] {dagbag.py:545} INFO - Filling up the DagBag from /home/airflow/.local/lib/python3.12/site-packages/airflow/example_dags/tutorial_taskflow_api_virtualenv.py
[2026-05-10T18:59:04.282+0000] {processor.py:840} INFO - DAG(s) 'tutorial_taskflow_api_virtualenv' retrieved from /home/airflow/.local/lib/python3.12/site-packages/airflow/example_dags/tutorial_taskflow_api_virtualenv.py
[2026-05-10T18:59:04.300+0000] {logging_mixin.py:188} INFO - [2026-05-10T18:59:04.299+0000] {dag.py:3089} INFO - Sync 1 DAGs
[2026-05-10T18:59:04.310+0000] {logging_mixin.py:188} INFO - [2026-05-10T18:59:04.310+0000] {dag.py:3947} INFO - Setting next_dagrun for tutorial_taskflow_api_virtualenv to None, run_after=None
[2026-05-10T18:59:04.325+0000] {processor.py:183} INFO - Processing /home/airflow/.local/lib/python3.12/site-packages/airflow/example_dags/tutorial_taskflow_api_virtualenv.py took 0.059 seconds
[2026-05-10T18:59:34.462+0000] {processor.py:161} INFO - Started process (PID=4775) to work on /home/airflow/.local/lib/python3.12/site-packages/airflow/example_dags/tutorial_taskflow_api_virtualenv.py
[2026-05-10T18:59:34.462+0000] {processor.py:830} INFO - Processing file /home/airflow/.local/lib/python3.12/site-packages/airflow/example_dags/tutorial_taskflow_api_virtualenv.py for tasks to queue
[2026-05-10T18:59:34.464+0000] {logging_mixin.py:188} INFO - [2026-05-10T18:59:34.464+0000] {dagbag.py:545} INFO - Filling up the DagBag from /home/airflow/.local/lib/python3.12/site-packages/airflow/example_dags/tutorial_taskflow_api_virtualenv.py
[2026-05-10T18:59:34.473+0000] {processor.py:840} INFO - DAG(s) 'tutorial_taskflow_api_virtualenv' retrieved from /home/airflow/.local/lib/python3.12/site-packages/airflow/example_dags/tutorial_taskflow_api_virtualenv.py
[2026-05-10T18:59:34.490+0000] {logging_mixin.py:188} INFO - [2026-05-10T18:59:34.490+0000] {dag.py:3089} INFO - Sync 1 DAGs
[2026-05-10T18:59:34.502+0000] {logging_mixin.py:188} INFO - [2026-05-10T18:59:34.502+0000] {dag.py:3947} INFO - Setting next_dagrun for tutorial_taskflow_api_virtualenv to None, run_after=None
[2026-05-10T18:59:34.518+0000] {processor.py:183} INFO - Processing /home/airflow/.local/lib/python3.12/site-packages/airflow/example_dags/tutorial_taskflow_api_virtualenv.py took 0.062 seconds
[2026-05-10T19:00:05.069+0000] {processor.py:161} INFO - Started process (PID=4835) to work on /home/airflow/.local/lib/python3.12/site-packages/airflow/example_dags/tutorial_taskflow_api_virtualenv.py
[2026-05-10T19:00:05.070+0000] {processor.py:830} INFO - Processing file /home/airflow/.local/lib/python3.12/site-packages/airflow/example_dags/tutorial_taskflow_api_virtualenv.py for tasks to queue
[2026-05-10T19:00:05.071+0000] {logging_mixin.py:188} INFO - [2026-05-10T19:00:05.071+0000] {dagbag.py:545} INFO - Filling up the DagBag from /home/airflow/.local/lib/python3.12/site-packages/airflow/example_dags/tutorial_taskflow_api_virtualenv.py
[2026-05-10T19:00:05.081+0000] {processor.py:840} INFO - DAG(s) 'tutorial_taskflow_api_virtualenv' retrieved from /home/airflow/.local/lib/python3.12/site-packages/airflow/example_dags/tutorial_taskflow_api_virtualenv.py
[2026-05-10T19:00:05.100+0000] {logging_mixin.py:188} INFO - [2026-05-10T19:00:05.100+0000] {dag.py:3089} INFO - Sync 1 DAGs
[2026-05-10T19:00:05.111+0000] {logging_mixin.py:188} INFO - [2026-05-10T19:00:05.111+0000] {dag.py:3947} INFO - Setting next_dagrun for tutorial_taskflow_api_virtualenv to None, run_after=None
[2026-05-10T19:00:05.125+0000] {processor.py:183} INFO - Processing /home/airflow/.local/lib/python3.12/site-packages/airflow/example_dags/tutorial_taskflow_api_virtualenv.py took 0.063 seconds
[2026-05-10T19:00:35.310+0000] {processor.py:161} INFO - Started process (PID=4895) to work on /home/airflow/.local/lib/python3.12/site-packages/airflow/example_dags/tutorial_taskflow_api_virtualenv.py
[2026-05-10T19:00:35.311+0000] {processor.py:830} INFO - Processing file /home/airflow/.local/lib/python3.12/site-packages/airflow/example_dags/tutorial_taskflow_api_virtualenv.py for tasks to queue
[2026-05-10T19:00:35.313+0000] {logging_mixin.py:188} INFO - [2026-05-10T19:00:35.313+0000] {dagbag.py:545} INFO - Filling up the DagBag from /home/airflow/.local/lib/python3.12/site-packages/airflow/example_dags/tutorial_taskflow_api_virtualenv.py
[2026-05-10T19:00:35.324+0000] {processor.py:840} INFO - DAG(s) 'tutorial_taskflow_api_virtualenv' retrieved from /home/airflow/.local/lib/python3.12/site-packages/airflow/example_dags/tutorial_taskflow_api_virtualenv.py
[2026-05-10T19:00:35.342+0000] {logging_mixin.py:188} INFO - [2026-05-10T19:00:35.342+0000] {dag.py:3089} INFO - Sync 1 DAGs
[2026-05-10T19:00:35.355+0000] {logging_mixin.py:188} INFO - [2026-05-10T19:00:35.354+0000] {dag.py:3947} INFO - Setting next_dagrun for tutorial_taskflow_api_virtualenv to None, run_after=None
[2026-05-10T19:00:35.369+0000] {processor.py:183} INFO - Processing /home/airflow/.local/lib/python3.12/site-packages/airflow/example_dags/tutorial_taskflow_api_virtualenv.py took 0.065 seconds
[2026-05-10T19:01:05.936+0000] {processor.py:161} INFO - Started process (PID=4955) to work on /home/airflow/.local/lib/python3.12/site-packages/airflow/example_dags/tutorial_taskflow_api_virtualenv.py
[2026-05-10T19:01:05.936+0000] {processor.py:830} INFO - Processing file /home/airflow/.local/lib/python3.12/site-packages/airflow/example_dags/tutorial_taskflow_api_virtualenv.py for tasks to queue
[2026-05-10T19:01:05.938+0000] {logging_mixin.py:188} INFO - [2026-05-10T19:01:05.938+0000] {dagbag.py:545} INFO - Filling up the DagBag from /home/airflow/.local/lib/python3.12/site-packages/airflow/example_dags/tutorial_taskflow_api_virtualenv.py
[2026-05-10T19:01:05.946+0000] {processor.py:840} INFO - DAG(s) 'tutorial_taskflow_api_virtualenv' retrieved from /home/airflow/.local/lib/python3.12/site-packages/airflow/example_dags/tutorial_taskflow_api_virtualenv.py
[2026-05-10T19:01:05.967+0000] {logging_mixin.py:188} INFO - [2026-05-10T19:01:05.966+0000] {dag.py:3089} INFO - Sync 1 DAGs
[2026-05-10T19:01:05.978+0000] {logging_mixin.py:188} INFO - [2026-05-10T19:01:05.977+0000] {dag.py:3947} INFO - Setting next_dagrun for tutorial_taskflow_api_virtualenv to None, run_after=None
[2026-05-10T19:01:05.994+0000] {processor.py:183} INFO - Processing /home/airflow/.local/lib/python3.12/site-packages/airflow/example_dags/tutorial_taskflow_api_virtualenv.py took 0.064 seconds
[2026-05-10T19:01:36.592+0000] {processor.py:161} INFO - Started process (PID=5015) to work on /home/airflow/.local/lib/python3.12/site-packages/airflow/example_dags/tutorial_taskflow_api_virtualenv.py
[2026-05-10T19:01:36.593+0000] {processor.py:830} INFO - Processing file /home/airflow/.local/lib/python3.12/site-packages/airflow/example_dags/tutorial_taskflow_api_virtualenv.py for tasks to queue
[2026-05-10T19:01:36.595+0000] {logging_mixin.py:188} INFO - [2026-05-10T19:01:36.594+0000] {dagbag.py:545} INFO - Filling up the DagBag from /home/airflow/.local/lib/python3.12/site-packages/airflow/example_dags/tutorial_taskflow_api_virtualenv.py
[2026-05-10T19:01:36.603+0000] {processor.py:840} INFO - DAG(s) 'tutorial_taskflow_api_virtualenv' retrieved from /home/airflow/.local/lib/python3.12/site-packages/airflow/example_dags/tutorial_taskflow_api_virtualenv.py
[2026-05-10T19:01:36.621+0000] {logging_mixin.py:188} INFO - [2026-05-10T19:01:36.621+0000] {dag.py:3089} INFO - Sync 1 DAGs
[2026-05-10T19:01:36.632+0000] {logging_mixin.py:188} INFO - [2026-05-10T19:01:36.632+0000] {dag.py:3947} INFO - Setting next_dagrun for tutorial_taskflow_api_virtualenv to None, run_after=None
[2026-05-10T19:01:36.647+0000] {processor.py:183} INFO - Processing /home/airflow/.local/lib/python3.12/site-packages/airflow/example_dags/tutorial_taskflow_api_virtualenv.py took 0.061 seconds
[2026-05-10T19:02:07.068+0000] {processor.py:161} INFO - Started process (PID=5075) to work on /home/airflow/.local/lib/python3.12/site-packages/airflow/example_dags/tutorial_taskflow_api_virtualenv.py
[2026-05-10T19:02:07.069+0000] {processor.py:830} INFO - Processing file /home/airflow/.local/lib/python3.12/site-packages/airflow/example_dags/tutorial_taskflow_api_virtualenv.py for tasks to queue
[2026-05-10T19:02:07.071+0000] {logging_mixin.py:188} INFO - [2026-05-10T19:02:07.070+0000] {dagbag.py:545} INFO - Filling up the DagBag from /home/airflow/.local/lib/python3.12/site-packages/airflow/example_dags/tutorial_taskflow_api_virtualenv.py
[2026-05-10T19:02:07.079+0000] {processor.py:840} INFO - DAG(s) 'tutorial_taskflow_api_virtualenv' retrieved from /home/airflow/.local/lib/python3.12/site-packages/airflow/example_dags/tutorial_taskflow_api_virtualenv.py
[2026-05-10T19:02:07.097+0000] {logging_mixin.py:188} INFO - [2026-05-10T19:02:07.097+0000] {dag.py:3089} INFO - Sync 1 DAGs
[2026-05-10T19:02:07.107+0000] {logging_mixin.py:188} INFO - [2026-05-10T19:02:07.107+0000] {dag.py:3947} INFO - Setting next_dagrun for tutorial_taskflow_api_virtualenv to None, run_after=None
[2026-05-10T19:02:07.122+0000] {processor.py:183} INFO - Processing /home/airflow/.local/lib/python3.12/site-packages/airflow/example_dags/tutorial_taskflow_api_virtualenv.py took 0.061 seconds
[2026-05-10T19:02:37.425+0000] {processor.py:161} INFO - Started process (PID=5135) to work on /home/airflow/.local/lib/python3.12/site-packages/airflow/example_dags/tutorial_taskflow_api_virtualenv.py
[2026-05-10T19:02:37.426+0000] {processor.py:830} INFO - Processing file /home/airflow/.local/lib/python3.12/site-packages/airflow/example_dags/tutorial_taskflow_api_virtualenv.py for tasks to queue
[2026-05-10T19:02:37.428+0000] {logging_mixin.py:188} INFO - [2026-05-10T19:02:37.427+0000] {dagbag.py:545} INFO - Filling up the DagBag from /home/airflow/.local/lib/python3.12/site-packages/airflow/example_dags/tutorial_taskflow_api_virtualenv.py
[2026-05-10T19:02:37.438+0000] {processor.py:840} INFO - DAG(s) 'tutorial_taskflow_api_virtualenv' retrieved from /home/airflow/.local/lib/python3.12/site-packages/airflow/example_dags/tutorial_taskflow_api_virtualenv.py
[2026-05-10T19:02:37.457+0000] {logging_mixin.py:188} INFO - [2026-05-10T19:02:37.457+0000] {dag.py:3089} INFO - Sync 1 DAGs
[2026-05-10T19:02:37.470+0000] {logging_mixin.py:188} INFO - [2026-05-10T19:02:37.469+0000] {dag.py:3947} INFO - Setting next_dagrun for tutorial_taskflow_api_virtualenv to None, run_after=None
[2026-05-10T19:02:37.485+0000] {processor.py:183} INFO - Processing /home/airflow/.local/lib/python3.12/site-packages/airflow/example_dags/tutorial_taskflow_api_virtualenv.py took 0.066 seconds
[2026-05-10T19:03:07.878+0000] {processor.py:161} INFO - Started process (PID=5195) to work on /home/airflow/.local/lib/python3.12/site-packages/airflow/example_dags/tutorial_taskflow_api_virtualenv.py
[2026-05-10T19:03:07.879+0000] {processor.py:830} INFO - Processing file /home/airflow/.local/lib/python3.12/site-packages/airflow/example_dags/tutorial_taskflow_api_virtualenv.py for tasks to queue
[2026-05-10T19:03:07.881+0000] {logging_mixin.py:188} INFO - [2026-05-10T19:03:07.881+0000] {dagbag.py:545} INFO - Filling up the DagBag from /home/airflow/.local/lib/python3.12/site-packages/airflow/example_dags/tutorial_taskflow_api_virtualenv.py
[2026-05-10T19:03:07.889+0000] {processor.py:840} INFO - DAG(s) 'tutorial_taskflow_api_virtualenv' retrieved from /home/airflow/.local/lib/python3.12/site-packages/airflow/example_dags/tutorial_taskflow_api_virtualenv.py
[2026-05-10T19:03:07.908+0000] {logging_mixin.py:188} INFO - [2026-05-10T19:03:07.908+0000] {dag.py:3089} INFO - Sync 1 DAGs
[2026-05-10T19:03:07.918+0000] {logging_mixin.py:188} INFO - [2026-05-10T19:03:07.918+0000] {dag.py:3947} INFO - Setting next_dagrun for tutorial_taskflow_api_virtualenv to None, run_after=None
[2026-05-10T19:03:07.934+0000] {processor.py:183} INFO - Processing /home/airflow/.local/lib/python3.12/site-packages/airflow/example_dags/tutorial_taskflow_api_virtualenv.py took 0.063 seconds
[2026-05-10T19:03:38.244+0000] {processor.py:161} INFO - Started process (PID=5255) to work on /home/airflow/.local/lib/python3.12/site-packages/airflow/example_dags/tutorial_taskflow_api_virtualenv.py
[2026-05-10T19:03:38.245+0000] {processor.py:830} INFO - Processing file /home/airflow/.local/lib/python3.12/site-packages/airflow/example_dags/tutorial_taskflow_api_virtualenv.py for tasks to queue
[2026-05-10T19:03:38.246+0000] {logging_mixin.py:188} INFO - [2026-05-10T19:03:38.246+0000] {dagbag.py:545} INFO - Filling up the DagBag from /home/airflow/.local/lib/python3.12/site-packages/airflow/example_dags/tutorial_taskflow_api_virtualenv.py
[2026-05-10T19:03:38.257+0000] {processor.py:840} INFO - DAG(s) 'tutorial_taskflow_api_virtualenv' retrieved from /home/airflow/.local/lib/python3.12/site-packages/airflow/example_dags/tutorial_taskflow_api_virtualenv.py
[2026-05-10T19:03:38.275+0000] {logging_mixin.py:188} INFO - [2026-05-10T19:03:38.275+0000] {dag.py:3089} INFO - Sync 1 DAGs
[2026-05-10T19:03:38.286+0000] {logging_mixin.py:188} INFO - [2026-05-10T19:03:38.286+0000] {dag.py:3947} INFO - Setting next_dagrun for tutorial_taskflow_api_virtualenv to None, run_after=None
[2026-05-10T19:03:38.302+0000] {processor.py:183} INFO - Processing /home/airflow/.local/lib/python3.12/site-packages/airflow/example_dags/tutorial_taskflow_api_virtualenv.py took 0.064 seconds
[2026-05-10T19:04:08.570+0000] {processor.py:161} INFO - Started process (PID=5315) to work on /home/airflow/.local/lib/python3.12/site-packages/airflow/example_dags/tutorial_taskflow_api_virtualenv.py
[2026-05-10T19:04:08.571+0000] {processor.py:830} INFO - Processing file /home/airflow/.local/lib/python3.12/site-packages/airflow/example_dags/tutorial_taskflow_api_virtualenv.py for tasks to queue
[2026-05-10T19:04:08.573+0000] {logging_mixin.py:188} INFO - [2026-05-10T19:04:08.572+0000] {dagbag.py:545} INFO - Filling up the DagBag from /home/airflow/.local/lib/python3.12/site-packages/airflow/example_dags/tutorial_taskflow_api_virtualenv.py
[2026-05-10T19:04:08.581+0000] {processor.py:840} INFO - DAG(s) 'tutorial_taskflow_api_virtualenv' retrieved from /home/airflow/.local/lib/python3.12/site-packages/airflow/example_dags/tutorial_taskflow_api_virtualenv.py
[2026-05-10T19:04:08.600+0000] {logging_mixin.py:188} INFO - [2026-05-10T19:04:08.600+0000] {dag.py:3089} INFO - Sync 1 DAGs
[2026-05-10T19:04:08.613+0000] {logging_mixin.py:188} INFO - [2026-05-10T19:04:08.613+0000] {dag.py:3947} INFO - Setting next_dagrun for tutorial_taskflow_api_virtualenv to None, run_after=None
[2026-05-10T19:04:08.628+0000] {processor.py:183} INFO - Processing /home/airflow/.local/lib/python3.12/site-packages/airflow/example_dags/tutorial_taskflow_api_virtualenv.py took 0.064 seconds
[2026-05-10T19:04:38.795+0000] {processor.py:161} INFO - Started process (PID=5375) to work on /home/airflow/.local/lib/python3.12/site-packages/airflow/example_dags/tutorial_taskflow_api_virtualenv.py
[2026-05-10T19:04:38.796+0000] {processor.py:830} INFO - Processing file /home/airflow/.local/lib/python3.12/site-packages/airflow/example_dags/tutorial_taskflow_api_virtualenv.py for tasks to queue
[2026-05-10T19:04:38.797+0000] {logging_mixin.py:188} INFO - [2026-05-10T19:04:38.797+0000] {dagbag.py:545} INFO - Filling up the DagBag from /home/airflow/.local/lib/python3.12/site-packages/airflow/example_dags/tutorial_taskflow_api_virtualenv.py
[2026-05-10T19:04:38.806+0000] {processor.py:840} INFO - DAG(s) 'tutorial_taskflow_api_virtualenv' retrieved from /home/airflow/.local/lib/python3.12/site-packages/airflow/example_dags/tutorial_taskflow_api_virtualenv.py
[2026-05-10T19:04:38.824+0000] {logging_mixin.py:188} INFO - [2026-05-10T19:04:38.823+0000] {dag.py:3089} INFO - Sync 1 DAGs
[2026-05-10T19:04:38.836+0000] {logging_mixin.py:188} INFO - [2026-05-10T19:04:38.836+0000] {dag.py:3947} INFO - Setting next_dagrun for tutorial_taskflow_api_virtualenv to None, run_after=None
[2026-05-10T19:04:38.858+0000] {processor.py:183} INFO - Processing /home/airflow/.local/lib/python3.12/site-packages/airflow/example_dags/tutorial_taskflow_api_virtualenv.py took 0.070 seconds
[2026-05-10T19:05:09.213+0000] {processor.py:161} INFO - Started process (PID=5435) to work on /home/airflow/.local/lib/python3.12/site-packages/airflow/example_dags/tutorial_taskflow_api_virtualenv.py
[2026-05-10T19:05:09.214+0000] {processor.py:830} INFO - Processing file /home/airflow/.local/lib/python3.12/site-packages/airflow/example_dags/tutorial_taskflow_api_virtualenv.py for tasks to queue
[2026-05-10T19:05:09.216+0000] {logging_mixin.py:188} INFO - [2026-05-10T19:05:09.216+0000] {dagbag.py:545} INFO - Filling up the DagBag from /home/airflow/.local/lib/python3.12/site-packages/airflow/example_dags/tutorial_taskflow_api_virtualenv.py
[2026-05-10T19:05:09.224+0000] {processor.py:840} INFO - DAG(s) 'tutorial_taskflow_api_virtualenv' retrieved from /home/airflow/.local/lib/python3.12/site-packages/airflow/example_dags/tutorial_taskflow_api_virtualenv.py
[2026-05-10T19:05:09.244+0000] {logging_mixin.py:188} INFO - [2026-05-10T19:05:09.244+0000] {dag.py:3089} INFO - Sync 1 DAGs
[2026-05-10T19:05:09.254+0000] {logging_mixin.py:188} INFO - [2026-05-10T19:05:09.254+0000] {dag.py:3947} INFO - Setting next_dagrun for tutorial_taskflow_api_virtualenv to None, run_after=None
[2026-05-10T19:05:09.269+0000] {processor.py:183} INFO - Processing /home/airflow/.local/lib/python3.12/site-packages/airflow/example_dags/tutorial_taskflow_api_virtualenv.py took 0.061 seconds
[2026-05-10T19:05:39.574+0000] {processor.py:161} INFO - Started process (PID=5495) to work on /home/airflow/.local/lib/python3.12/site-packages/airflow/example_dags/tutorial_taskflow_api_virtualenv.py
[2026-05-10T19:05:39.575+0000] {processor.py:830} INFO - Processing file /home/airflow/.local/lib/python3.12/site-packages/airflow/example_dags/tutorial_taskflow_api_virtualenv.py for tasks to queue
[2026-05-10T19:05:39.577+0000] {logging_mixin.py:188} INFO - [2026-05-10T19:05:39.576+0000] {dagbag.py:545} INFO - Filling up the DagBag from /home/airflow/.local/lib/python3.12/site-packages/airflow/example_dags/tutorial_taskflow_api_virtualenv.py
[2026-05-10T19:05:39.586+0000] {processor.py:840} INFO - DAG(s) 'tutorial_taskflow_api_virtualenv' retrieved from /home/airflow/.local/lib/python3.12/site-packages/airflow/example_dags/tutorial_taskflow_api_virtualenv.py
[2026-05-10T19:05:39.604+0000] {logging_mixin.py:188} INFO - [2026-05-10T19:05:39.603+0000] {dag.py:3089} INFO - Sync 1 DAGs
[2026-05-10T19:05:39.614+0000] {logging_mixin.py:188} INFO - [2026-05-10T19:05:39.614+0000] {dag.py:3947} INFO - Setting next_dagrun for tutorial_taskflow_api_virtualenv to None, run_after=None
[2026-05-10T19:05:39.629+0000] {processor.py:183} INFO - Processing /home/airflow/.local/lib/python3.12/site-packages/airflow/example_dags/tutorial_taskflow_api_virtualenv.py took 0.060 seconds
[2026-05-10T19:06:10.076+0000] {processor.py:161} INFO - Started process (PID=5555) to work on /home/airflow/.local/lib/python3.12/site-packages/airflow/example_dags/tutorial_taskflow_api_virtualenv.py
[2026-05-10T19:06:10.077+0000] {processor.py:830} INFO - Processing file /home/airflow/.local/lib/python3.12/site-packages/airflow/example_dags/tutorial_taskflow_api_virtualenv.py for tasks to queue
[2026-05-10T19:06:10.079+0000] {logging_mixin.py:188} INFO - [2026-05-10T19:06:10.078+0000] {dagbag.py:545} INFO - Filling up the DagBag from /home/airflow/.local/lib/python3.12/site-packages/airflow/example_dags/tutorial_taskflow_api_virtualenv.py
[2026-05-10T19:06:10.089+0000] {processor.py:840} INFO - DAG(s) 'tutorial_taskflow_api_virtualenv' retrieved from /home/airflow/.local/lib/python3.12/site-packages/airflow/example_dags/tutorial_taskflow_api_virtualenv.py
[2026-05-10T19:06:10.107+0000] {logging_mixin.py:188} INFO - [2026-05-10T19:06:10.107+0000] {dag.py:3089} INFO - Sync 1 DAGs
[2026-05-10T19:06:10.117+0000] {logging_mixin.py:188} INFO - [2026-05-10T19:06:10.117+0000] {dag.py:3947} INFO - Setting next_dagrun for tutorial_taskflow_api_virtualenv to None, run_after=None
[2026-05-10T19:06:10.131+0000] {processor.py:183} INFO - Processing /home/airflow/.local/lib/python3.12/site-packages/airflow/example_dags/tutorial_taskflow_api_virtualenv.py took 0.062 seconds
[2026-05-10T19:06:40.437+0000] {processor.py:161} INFO - Started process (PID=5615) to work on /home/airflow/.local/lib/python3.12/site-packages/airflow/example_dags/tutorial_taskflow_api_virtualenv.py
[2026-05-10T19:06:40.438+0000] {processor.py:830} INFO - Processing file /home/airflow/.local/lib/python3.12/site-packages/airflow/example_dags/tutorial_taskflow_api_virtualenv.py for tasks to queue
[2026-05-10T19:06:40.440+0000] {logging_mixin.py:188} INFO - [2026-05-10T19:06:40.439+0000] {dagbag.py:545} INFO - Filling up the DagBag from /home/airflow/.local/lib/python3.12/site-packages/airflow/example_dags/tutorial_taskflow_api_virtualenv.py
[2026-05-10T19:06:40.448+0000] {processor.py:840} INFO - DAG(s) 'tutorial_taskflow_api_virtualenv' retrieved from /home/airflow/.local/lib/python3.12/site-packages/airflow/example_dags/tutorial_taskflow_api_virtualenv.py
[2026-05-10T19:06:40.466+0000] {logging_mixin.py:188} INFO - [2026-05-10T19:06:40.466+0000] {dag.py:3089} INFO - Sync 1 DAGs
[2026-05-10T19:06:40.476+0000] {logging_mixin.py:188} INFO - [2026-05-10T19:06:40.476+0000] {dag.py:3947} INFO - Setting next_dagrun for tutorial_taskflow_api_virtualenv to None, run_after=None
[2026-05-10T19:06:40.489+0000] {processor.py:183} INFO - Processing /home/airflow/.local/lib/python3.12/site-packages/airflow/example_dags/tutorial_taskflow_api_virtualenv.py took 0.058 seconds
[2026-05-10T19:07:10.908+0000] {processor.py:161} INFO - Started process (PID=5675) to work on /home/airflow/.local/lib/python3.12/site-packages/airflow/example_dags/tutorial_taskflow_api_virtualenv.py
[2026-05-10T19:07:10.909+0000] {processor.py:830} INFO - Processing file /home/airflow/.local/lib/python3.12/site-packages/airflow/example_dags/tutorial_taskflow_api_virtualenv.py for tasks to queue
[2026-05-10T19:07:10.910+0000] {logging_mixin.py:188} INFO - [2026-05-10T19:07:10.910+0000] {dagbag.py:545} INFO - Filling up the DagBag from /home/airflow/.local/lib/python3.12/site-packages/airflow/example_dags/tutorial_taskflow_api_virtualenv.py
[2026-05-10T19:07:10.919+0000] {processor.py:840} INFO - DAG(s) 'tutorial_taskflow_api_virtualenv' retrieved from /home/airflow/.local/lib/python3.12/site-packages/airflow/example_dags/tutorial_taskflow_api_virtualenv.py
[2026-05-10T19:07:10.936+0000] {logging_mixin.py:188} INFO - [2026-05-10T19:07:10.936+0000] {dag.py:3089} INFO - Sync 1 DAGs
[2026-05-10T19:07:10.947+0000] {logging_mixin.py:188} INFO - [2026-05-10T19:07:10.947+0000] {dag.py:3947} INFO - Setting next_dagrun for tutorial_taskflow_api_virtualenv to None, run_after=None
[2026-05-10T19:07:10.961+0000] {processor.py:183} INFO - Processing /home/airflow/.local/lib/python3.12/site-packages/airflow/example_dags/tutorial_taskflow_api_virtualenv.py took 0.060 seconds
[2026-05-10T19:07:41.154+0000] {processor.py:161} INFO - Started process (PID=5735) to work on /home/airflow/.local/lib/python3.12/site-packages/airflow/example_dags/tutorial_taskflow_api_virtualenv.py
[2026-05-10T19:07:41.154+0000] {processor.py:830} INFO - Processing file /home/airflow/.local/lib/python3.12/site-packages/airflow/example_dags/tutorial_taskflow_api_virtualenv.py for tasks to queue
[2026-05-10T19:07:41.156+0000] {logging_mixin.py:188} INFO - [2026-05-10T19:07:41.156+0000] {dagbag.py:545} INFO - Filling up the DagBag from /home/airflow/.local/lib/python3.12/site-packages/airflow/example_dags/tutorial_taskflow_api_virtualenv.py
[2026-05-10T19:07:41.167+0000] {processor.py:840} INFO - DAG(s) 'tutorial_taskflow_api_virtualenv' retrieved from /home/airflow/.local/lib/python3.12/site-packages/airflow/example_dags/tutorial_taskflow_api_virtualenv.py
[2026-05-10T19:07:41.185+0000] {logging_mixin.py:188} INFO - [2026-05-10T19:07:41.184+0000] {dag.py:3089} INFO - Sync 1 DAGs
[2026-05-10T19:07:41.195+0000] {logging_mixin.py:188} INFO - [2026-05-10T19:07:41.195+0000] {dag.py:3947} INFO - Setting next_dagrun for tutorial_taskflow_api_virtualenv to None, run_after=None
[2026-05-10T19:07:41.210+0000] {processor.py:183} INFO - Processing /home/airflow/.local/lib/python3.12/site-packages/airflow/example_dags/tutorial_taskflow_api_virtualenv.py took 0.064 seconds
[2026-05-10T19:08:11.379+0000] {processor.py:161} INFO - Started process (PID=5795) to work on /home/airflow/.local/lib/python3.12/site-packages/airflow/example_dags/tutorial_taskflow_api_virtualenv.py
[2026-05-10T19:08:11.380+0000] {processor.py:830} INFO - Processing file /home/airflow/.local/lib/python3.12/site-packages/airflow/example_dags/tutorial_taskflow_api_virtualenv.py for tasks to queue
[2026-05-10T19:08:11.382+0000] {logging_mixin.py:188} INFO - [2026-05-10T19:08:11.382+0000] {dagbag.py:545} INFO - Filling up the DagBag from /home/airflow/.local/lib/python3.12/site-packages/airflow/example_dags/tutorial_taskflow_api_virtualenv.py
[2026-05-10T19:08:11.393+0000] {processor.py:840} INFO - DAG(s) 'tutorial_taskflow_api_virtualenv' retrieved from /home/airflow/.local/lib/python3.12/site-packages/airflow/example_dags/tutorial_taskflow_api_virtualenv.py
[2026-05-10T19:08:11.410+0000] {logging_mixin.py:188} INFO - [2026-05-10T19:08:11.410+0000] {dag.py:3089} INFO - Sync 1 DAGs
[2026-05-10T19:08:11.421+0000] {logging_mixin.py:188} INFO - [2026-05-10T19:08:11.421+0000] {dag.py:3947} INFO - Setting next_dagrun for tutorial_taskflow_api_virtualenv to None, run_after=None
[2026-05-10T19:08:11.436+0000] {processor.py:183} INFO - Processing /home/airflow/.local/lib/python3.12/site-packages/airflow/example_dags/tutorial_taskflow_api_virtualenv.py took 0.062 seconds
[2026-05-10T19:08:42.099+0000] {processor.py:161} INFO - Started process (PID=5854) to work on /home/airflow/.local/lib/python3.12/site-packages/airflow/example_dags/tutorial_taskflow_api_virtualenv.py
[2026-05-10T19:08:42.100+0000] {processor.py:830} INFO - Processing file /home/airflow/.local/lib/python3.12/site-packages/airflow/example_dags/tutorial_taskflow_api_virtualenv.py for tasks to queue
[2026-05-10T19:08:42.101+0000] {logging_mixin.py:188} INFO - [2026-05-10T19:08:42.101+0000] {dagbag.py:545} INFO - Filling up the DagBag from /home/airflow/.local/lib/python3.12/site-packages/airflow/example_dags/tutorial_taskflow_api_virtualenv.py
[2026-05-10T19:08:42.110+0000] {processor.py:840} INFO - DAG(s) 'tutorial_taskflow_api_virtualenv' retrieved from /home/airflow/.local/lib/python3.12/site-packages/airflow/example_dags/tutorial_taskflow_api_virtualenv.py
[2026-05-10T19:08:42.129+0000] {logging_mixin.py:188} INFO - [2026-05-10T19:08:42.128+0000] {dag.py:3089} INFO - Sync 1 DAGs
[2026-05-10T19:08:42.140+0000] {logging_mixin.py:188} INFO - [2026-05-10T19:08:42.139+0000] {dag.py:3947} INFO - Setting next_dagrun for tutorial_taskflow_api_virtualenv to None, run_after=None
[2026-05-10T19:08:42.154+0000] {processor.py:183} INFO - Processing /home/airflow/.local/lib/python3.12/site-packages/airflow/example_dags/tutorial_taskflow_api_virtualenv.py took 0.062 seconds
[2026-05-10T19:09:13.000+0000] {processor.py:161} INFO - Started process (PID=5914) to work on /home/airflow/.local/lib/python3.12/site-packages/airflow/example_dags/tutorial_taskflow_api_virtualenv.py
[2026-05-10T19:09:13.001+0000] {processor.py:830} INFO - Processing file /home/airflow/.local/lib/python3.12/site-packages/airflow/example_dags/tutorial_taskflow_api_virtualenv.py for tasks to queue
[2026-05-10T19:09:13.003+0000] {logging_mixin.py:188} INFO - [2026-05-10T19:09:13.003+0000] {dagbag.py:545} INFO - Filling up the DagBag from /home/airflow/.local/lib/python3.12/site-packages/airflow/example_dags/tutorial_taskflow_api_virtualenv.py
[2026-05-10T19:09:13.012+0000] {processor.py:840} INFO - DAG(s) 'tutorial_taskflow_api_virtualenv' retrieved from /home/airflow/.local/lib/python3.12/site-packages/airflow/example_dags/tutorial_taskflow_api_virtualenv.py
[2026-05-10T19:09:13.031+0000] {logging_mixin.py:188} INFO - [2026-05-10T19:09:13.031+0000] {dag.py:3089} INFO - Sync 1 DAGs
[2026-05-10T19:09:13.042+0000] {logging_mixin.py:188} INFO - [2026-05-10T19:09:13.041+0000] {dag.py:3947} INFO - Setting next_dagrun for tutorial_taskflow_api_virtualenv to None, run_after=None
[2026-05-10T19:09:13.056+0000] {processor.py:183} INFO - Processing /home/airflow/.local/lib/python3.12/site-packages/airflow/example_dags/tutorial_taskflow_api_virtualenv.py took 0.063 seconds
[2026-05-10T19:09:43.796+0000] {processor.py:161} INFO - Started process (PID=5974) to work on /home/airflow/.local/lib/python3.12/site-packages/airflow/example_dags/tutorial_taskflow_api_virtualenv.py
[2026-05-10T19:09:43.797+0000] {processor.py:830} INFO - Processing file /home/airflow/.local/lib/python3.12/site-packages/airflow/example_dags/tutorial_taskflow_api_virtualenv.py for tasks to queue
[2026-05-10T19:09:43.799+0000] {logging_mixin.py:188} INFO - [2026-05-10T19:09:43.798+0000] {dagbag.py:545} INFO - Filling up the DagBag from /home/airflow/.local/lib/python3.12/site-packages/airflow/example_dags/tutorial_taskflow_api_virtualenv.py
[2026-05-10T19:09:43.808+0000] {processor.py:840} INFO - DAG(s) 'tutorial_taskflow_api_virtualenv' retrieved from /home/airflow/.local/lib/python3.12/site-packages/airflow/example_dags/tutorial_taskflow_api_virtualenv.py
[2026-05-10T19:09:43.828+0000] {logging_mixin.py:188} INFO - [2026-05-10T19:09:43.827+0000] {dag.py:3089} INFO - Sync 1 DAGs
[2026-05-10T19:09:43.839+0000] {logging_mixin.py:188} INFO - [2026-05-10T19:09:43.839+0000] {dag.py:3947} INFO - Setting next_dagrun for tutorial_taskflow_api_virtualenv to None, run_after=None
[2026-05-10T19:09:43.854+0000] {processor.py:183} INFO - Processing /home/airflow/.local/lib/python3.12/site-packages/airflow/example_dags/tutorial_taskflow_api_virtualenv.py took 0.065 seconds
[2026-05-10T19:10:14.522+0000] {processor.py:161} INFO - Started process (PID=6034) to work on /home/airflow/.local/lib/python3.12/site-packages/airflow/example_dags/tutorial_taskflow_api_virtualenv.py
[2026-05-10T19:10:14.523+0000] {processor.py:830} INFO - Processing file /home/airflow/.local/lib/python3.12/site-packages/airflow/example_dags/tutorial_taskflow_api_virtualenv.py for tasks to queue
[2026-05-10T19:10:14.524+0000] {logging_mixin.py:188} INFO - [2026-05-10T19:10:14.524+0000] {dagbag.py:545} INFO - Filling up the DagBag from /home/airflow/.local/lib/python3.12/site-packages/airflow/example_dags/tutorial_taskflow_api_virtualenv.py
[2026-05-10T19:10:14.536+0000] {processor.py:840} INFO - DAG(s) 'tutorial_taskflow_api_virtualenv' retrieved from /home/airflow/.local/lib/python3.12/site-packages/airflow/example_dags/tutorial_taskflow_api_virtualenv.py
[2026-05-10T19:10:14.556+0000] {logging_mixin.py:188} INFO - [2026-05-10T19:10:14.556+0000] {dag.py:3089} INFO - Sync 1 DAGs
[2026-05-10T19:10:14.567+0000] {logging_mixin.py:188} INFO - [2026-05-10T19:10:14.567+0000] {dag.py:3947} INFO - Setting next_dagrun for tutorial_taskflow_api_virtualenv to None, run_after=None
[2026-05-10T19:10:14.582+0000] {processor.py:183} INFO - Processing /home/airflow/.local/lib/python3.12/site-packages/airflow/example_dags/tutorial_taskflow_api_virtualenv.py took 0.066 seconds
[2026-05-10T19:10:44.661+0000] {processor.py:161} INFO - Started process (PID=6094) to work on /home/airflow/.local/lib/python3.12/site-packages/airflow/example_dags/tutorial_taskflow_api_virtualenv.py
[2026-05-10T19:10:44.662+0000] {processor.py:830} INFO - Processing file /home/airflow/.local/lib/python3.12/site-packages/airflow/example_dags/tutorial_taskflow_api_virtualenv.py for tasks to queue
[2026-05-10T19:10:44.664+0000] {logging_mixin.py:188} INFO - [2026-05-10T19:10:44.663+0000] {dagbag.py:545} INFO - Filling up the DagBag from /home/airflow/.local/lib/python3.12/site-packages/airflow/example_dags/tutorial_taskflow_api_virtualenv.py
[2026-05-10T19:10:44.672+0000] {processor.py:840} INFO - DAG(s) 'tutorial_taskflow_api_virtualenv' retrieved from /home/airflow/.local/lib/python3.12/site-packages/airflow/example_dags/tutorial_taskflow_api_virtualenv.py
[2026-05-10T19:10:44.690+0000] {logging_mixin.py:188} INFO - [2026-05-10T19:10:44.690+0000] {dag.py:3089} INFO - Sync 1 DAGs
[2026-05-10T19:10:44.701+0000] {logging_mixin.py:188} INFO - [2026-05-10T19:10:44.700+0000] {dag.py:3947} INFO - Setting next_dagrun for tutorial_taskflow_api_virtualenv to None, run_after=None
[2026-05-10T19:10:44.715+0000] {processor.py:183} INFO - Processing /home/airflow/.local/lib/python3.12/site-packages/airflow/example_dags/tutorial_taskflow_api_virtualenv.py took 0.060 seconds
[2026-05-10T19:11:15.343+0000] {processor.py:161} INFO - Started process (PID=6154) to work on /home/airflow/.local/lib/python3.12/site-packages/airflow/example_dags/tutorial_taskflow_api_virtualenv.py
[2026-05-10T19:11:15.344+0000] {processor.py:830} INFO - Processing file /home/airflow/.local/lib/python3.12/site-packages/airflow/example_dags/tutorial_taskflow_api_virtualenv.py for tasks to queue
[2026-05-10T19:11:15.346+0000] {logging_mixin.py:188} INFO - [2026-05-10T19:11:15.346+0000] {dagbag.py:545} INFO - Filling up the DagBag from /home/airflow/.local/lib/python3.12/site-packages/airflow/example_dags/tutorial_taskflow_api_virtualenv.py
[2026-05-10T19:11:15.355+0000] {processor.py:840} INFO - DAG(s) 'tutorial_taskflow_api_virtualenv' retrieved from /home/airflow/.local/lib/python3.12/site-packages/airflow/example_dags/tutorial_taskflow_api_virtualenv.py
[2026-05-10T19:11:15.374+0000] {logging_mixin.py:188} INFO - [2026-05-10T19:11:15.374+0000] {dag.py:3089} INFO - Sync 1 DAGs
[2026-05-10T19:11:15.386+0000] {logging_mixin.py:188} INFO - [2026-05-10T19:11:15.386+0000] {dag.py:3947} INFO - Setting next_dagrun for tutorial_taskflow_api_virtualenv to None, run_after=None
[2026-05-10T19:11:15.401+0000] {processor.py:183} INFO - Processing /home/airflow/.local/lib/python3.12/site-packages/airflow/example_dags/tutorial_taskflow_api_virtualenv.py took 0.064 seconds
[2026-05-10T19:11:46.253+0000] {processor.py:161} INFO - Started process (PID=6214) to work on /home/airflow/.local/lib/python3.12/site-packages/airflow/example_dags/tutorial_taskflow_api_virtualenv.py
[2026-05-10T19:11:46.254+0000] {processor.py:830} INFO - Processing file /home/airflow/.local/lib/python3.12/site-packages/airflow/example_dags/tutorial_taskflow_api_virtualenv.py for tasks to queue
[2026-05-10T19:11:46.255+0000] {logging_mixin.py:188} INFO - [2026-05-10T19:11:46.255+0000] {dagbag.py:545} INFO - Filling up the DagBag from /home/airflow/.local/lib/python3.12/site-packages/airflow/example_dags/tutorial_taskflow_api_virtualenv.py
[2026-05-10T19:11:46.264+0000] {processor.py:840} INFO - DAG(s) 'tutorial_taskflow_api_virtualenv' retrieved from /home/airflow/.local/lib/python3.12/site-packages/airflow/example_dags/tutorial_taskflow_api_virtualenv.py
[2026-05-10T19:11:46.282+0000] {logging_mixin.py:188} INFO - [2026-05-10T19:11:46.282+0000] {dag.py:3089} INFO - Sync 1 DAGs
[2026-05-10T19:11:46.292+0000] {logging_mixin.py:188} INFO - [2026-05-10T19:11:46.292+0000] {dag.py:3947} INFO - Setting next_dagrun for tutorial_taskflow_api_virtualenv to None, run_after=None
[2026-05-10T19:11:46.306+0000] {processor.py:183} INFO - Processing /home/airflow/.local/lib/python3.12/site-packages/airflow/example_dags/tutorial_taskflow_api_virtualenv.py took 0.060 seconds
[2026-05-10T19:12:16.552+0000] {processor.py:161} INFO - Started process (PID=6274) to work on /home/airflow/.local/lib/python3.12/site-packages/airflow/example_dags/tutorial_taskflow_api_virtualenv.py
[2026-05-10T19:12:16.553+0000] {processor.py:830} INFO - Processing file /home/airflow/.local/lib/python3.12/site-packages/airflow/example_dags/tutorial_taskflow_api_virtualenv.py for tasks to queue
[2026-05-10T19:12:16.554+0000] {logging_mixin.py:188} INFO - [2026-05-10T19:12:16.554+0000] {dagbag.py:545} INFO - Filling up the DagBag from /home/airflow/.local/lib/python3.12/site-packages/airflow/example_dags/tutorial_taskflow_api_virtualenv.py
[2026-05-10T19:12:16.564+0000] {processor.py:840} INFO - DAG(s) 'tutorial_taskflow_api_virtualenv' retrieved from /home/airflow/.local/lib/python3.12/site-packages/airflow/example_dags/tutorial_taskflow_api_virtualenv.py
[2026-05-10T19:12:16.582+0000] {logging_mixin.py:188} INFO - [2026-05-10T19:12:16.582+0000] {dag.py:3089} INFO - Sync 1 DAGs
[2026-05-10T19:12:16.731+0000] {logging_mixin.py:188} INFO - [2026-05-10T19:12:16.731+0000] {dag.py:3947} INFO - Setting next_dagrun for tutorial_taskflow_api_virtualenv to None, run_after=None
[2026-05-10T19:12:16.745+0000] {processor.py:183} INFO - Processing /home/airflow/.local/lib/python3.12/site-packages/airflow/example_dags/tutorial_taskflow_api_virtualenv.py took 0.200 seconds
[2026-05-10T19:12:47.650+0000] {processor.py:161} INFO - Started process (PID=6334) to work on /home/airflow/.local/lib/python3.12/site-packages/airflow/example_dags/tutorial_taskflow_api_virtualenv.py
[2026-05-10T19:12:47.651+0000] {processor.py:830} INFO - Processing file /home/airflow/.local/lib/python3.12/site-packages/airflow/example_dags/tutorial_taskflow_api_virtualenv.py for tasks to queue
[2026-05-10T19:12:47.653+0000] {logging_mixin.py:188} INFO - [2026-05-10T19:12:47.653+0000] {dagbag.py:545} INFO - Filling up the DagBag from /home/airflow/.local/lib/python3.12/site-packages/airflow/example_dags/tutorial_taskflow_api_virtualenv.py
[2026-05-10T19:12:47.665+0000] {processor.py:840} INFO - DAG(s) 'tutorial_taskflow_api_virtualenv' retrieved from /home/airflow/.local/lib/python3.12/site-packages/airflow/example_dags/tutorial_taskflow_api_virtualenv.py
[2026-05-10T19:12:47.683+0000] {logging_mixin.py:188} INFO - [2026-05-10T19:12:47.683+0000] {dag.py:3089} INFO - Sync 1 DAGs
[2026-05-10T19:12:47.830+0000] {logging_mixin.py:188} INFO - [2026-05-10T19:12:47.830+0000] {dag.py:3947} INFO - Setting next_dagrun for tutorial_taskflow_api_virtualenv to None, run_after=None
[2026-05-10T19:12:47.844+0000] {processor.py:183} INFO - Processing /home/airflow/.local/lib/python3.12/site-packages/airflow/example_dags/tutorial_taskflow_api_virtualenv.py took 0.201 seconds
[2026-05-10T19:13:18.384+0000] {processor.py:161} INFO - Started process (PID=6394) to work on /home/airflow/.local/lib/python3.12/site-packages/airflow/example_dags/tutorial_taskflow_api_virtualenv.py
[2026-05-10T19:13:18.385+0000] {processor.py:830} INFO - Processing file /home/airflow/.local/lib/python3.12/site-packages/airflow/example_dags/tutorial_taskflow_api_virtualenv.py for tasks to queue
[2026-05-10T19:13:18.387+0000] {logging_mixin.py:188} INFO - [2026-05-10T19:13:18.387+0000] {dagbag.py:545} INFO - Filling up the DagBag from /home/airflow/.local/lib/python3.12/site-packages/airflow/example_dags/tutorial_taskflow_api_virtualenv.py
[2026-05-10T19:13:18.396+0000] {processor.py:840} INFO - DAG(s) 'tutorial_taskflow_api_virtualenv' retrieved from /home/airflow/.local/lib/python3.12/site-packages/airflow/example_dags/tutorial_taskflow_api_virtualenv.py
[2026-05-10T19:13:18.413+0000] {logging_mixin.py:188} INFO - [2026-05-10T19:13:18.413+0000] {dag.py:3089} INFO - Sync 1 DAGs
[2026-05-10T19:13:18.426+0000] {logging_mixin.py:188} INFO - [2026-05-10T19:13:18.425+0000] {dag.py:3947} INFO - Setting next_dagrun for tutorial_taskflow_api_virtualenv to None, run_after=None
[2026-05-10T19:13:18.440+0000] {processor.py:183} INFO - Processing /home/airflow/.local/lib/python3.12/site-packages/airflow/example_dags/tutorial_taskflow_api_virtualenv.py took 0.064 seconds
[2026-05-10T19:13:48.546+0000] {processor.py:161} INFO - Started process (PID=6454) to work on /home/airflow/.local/lib/python3.12/site-packages/airflow/example_dags/tutorial_taskflow_api_virtualenv.py
[2026-05-10T19:13:48.546+0000] {processor.py:830} INFO - Processing file /home/airflow/.local/lib/python3.12/site-packages/airflow/example_dags/tutorial_taskflow_api_virtualenv.py for tasks to queue
[2026-05-10T19:13:48.548+0000] {logging_mixin.py:188} INFO - [2026-05-10T19:13:48.548+0000] {dagbag.py:545} INFO - Filling up the DagBag from /home/airflow/.local/lib/python3.12/site-packages/airflow/example_dags/tutorial_taskflow_api_virtualenv.py
[2026-05-10T19:13:48.557+0000] {processor.py:840} INFO - DAG(s) 'tutorial_taskflow_api_virtualenv' retrieved from /home/airflow/.local/lib/python3.12/site-packages/airflow/example_dags/tutorial_taskflow_api_virtualenv.py
[2026-05-10T19:13:48.576+0000] {logging_mixin.py:188} INFO - [2026-05-10T19:13:48.576+0000] {dag.py:3089} INFO - Sync 1 DAGs
[2026-05-10T19:13:48.588+0000] {logging_mixin.py:188} INFO - [2026-05-10T19:13:48.588+0000] {dag.py:3947} INFO - Setting next_dagrun for tutorial_taskflow_api_virtualenv to None, run_after=None
[2026-05-10T19:13:48.602+0000] {processor.py:183} INFO - Processing /home/airflow/.local/lib/python3.12/site-packages/airflow/example_dags/tutorial_taskflow_api_virtualenv.py took 0.064 seconds
[2026-05-10T19:14:18.854+0000] {processor.py:161} INFO - Started process (PID=6514) to work on /home/airflow/.local/lib/python3.12/site-packages/airflow/example_dags/tutorial_taskflow_api_virtualenv.py
[2026-05-10T19:14:18.855+0000] {processor.py:830} INFO - Processing file /home/airflow/.local/lib/python3.12/site-packages/airflow/example_dags/tutorial_taskflow_api_virtualenv.py for tasks to queue
[2026-05-10T19:14:18.857+0000] {logging_mixin.py:188} INFO - [2026-05-10T19:14:18.857+0000] {dagbag.py:545} INFO - Filling up the DagBag from /home/airflow/.local/lib/python3.12/site-packages/airflow/example_dags/tutorial_taskflow_api_virtualenv.py
[2026-05-10T19:14:18.868+0000] {processor.py:840} INFO - DAG(s) 'tutorial_taskflow_api_virtualenv' retrieved from /home/airflow/.local/lib/python3.12/site-packages/airflow/example_dags/tutorial_taskflow_api_virtualenv.py
[2026-05-10T19:14:18.884+0000] {logging_mixin.py:188} INFO - [2026-05-10T19:14:18.884+0000] {dag.py:3089} INFO - Sync 1 DAGs
[2026-05-10T19:14:18.894+0000] {logging_mixin.py:188} INFO - [2026-05-10T19:14:18.894+0000] {dag.py:3947} INFO - Setting next_dagrun for tutorial_taskflow_api_virtualenv to None, run_after=None
[2026-05-10T19:14:18.908+0000] {processor.py:183} INFO - Processing /home/airflow/.local/lib/python3.12/site-packages/airflow/example_dags/tutorial_taskflow_api_virtualenv.py took 0.060 seconds
[2026-05-10T19:14:49.168+0000] {processor.py:161} INFO - Started process (PID=6574) to work on /home/airflow/.local/lib/python3.12/site-packages/airflow/example_dags/tutorial_taskflow_api_virtualenv.py
[2026-05-10T19:14:49.168+0000] {processor.py:830} INFO - Processing file /home/airflow/.local/lib/python3.12/site-packages/airflow/example_dags/tutorial_taskflow_api_virtualenv.py for tasks to queue
[2026-05-10T19:14:49.170+0000] {logging_mixin.py:188} INFO - [2026-05-10T19:14:49.170+0000] {dagbag.py:545} INFO - Filling up the DagBag from /home/airflow/.local/lib/python3.12/site-packages/airflow/example_dags/tutorial_taskflow_api_virtualenv.py
[2026-05-10T19:14:49.180+0000] {processor.py:840} INFO - DAG(s) 'tutorial_taskflow_api_virtualenv' retrieved from /home/airflow/.local/lib/python3.12/site-packages/airflow/example_dags/tutorial_taskflow_api_virtualenv.py
[2026-05-10T19:14:49.200+0000] {logging_mixin.py:188} INFO - [2026-05-10T19:14:49.199+0000] {dag.py:3089} INFO - Sync 1 DAGs
[2026-05-10T19:14:49.211+0000] {logging_mixin.py:188} INFO - [2026-05-10T19:14:49.211+0000] {dag.py:3947} INFO - Setting next_dagrun for tutorial_taskflow_api_virtualenv to None, run_after=None
[2026-05-10T19:14:49.229+0000] {processor.py:183} INFO - Processing /home/airflow/.local/lib/python3.12/site-packages/airflow/example_dags/tutorial_taskflow_api_virtualenv.py took 0.068 seconds
[2026-05-10T19:15:19.314+0000] {processor.py:161} INFO - Started process (PID=6634) to work on /home/airflow/.local/lib/python3.12/site-packages/airflow/example_dags/tutorial_taskflow_api_virtualenv.py
[2026-05-10T19:15:19.314+0000] {processor.py:830} INFO - Processing file /home/airflow/.local/lib/python3.12/site-packages/airflow/example_dags/tutorial_taskflow_api_virtualenv.py for tasks to queue
[2026-05-10T19:15:19.316+0000] {logging_mixin.py:188} INFO - [2026-05-10T19:15:19.316+0000] {dagbag.py:545} INFO - Filling up the DagBag from /home/airflow/.local/lib/python3.12/site-packages/airflow/example_dags/tutorial_taskflow_api_virtualenv.py
[2026-05-10T19:15:19.325+0000] {processor.py:840} INFO - DAG(s) 'tutorial_taskflow_api_virtualenv' retrieved from /home/airflow/.local/lib/python3.12/site-packages/airflow/example_dags/tutorial_taskflow_api_virtualenv.py
[2026-05-10T19:15:19.343+0000] {logging_mixin.py:188} INFO - [2026-05-10T19:15:19.343+0000] {dag.py:3089} INFO - Sync 1 DAGs
[2026-05-10T19:15:19.353+0000] {logging_mixin.py:188} INFO - [2026-05-10T19:15:19.353+0000] {dag.py:3947} INFO - Setting next_dagrun for tutorial_taskflow_api_virtualenv to None, run_after=None
[2026-05-10T19:15:19.369+0000] {processor.py:183} INFO - Processing /home/airflow/.local/lib/python3.12/site-packages/airflow/example_dags/tutorial_taskflow_api_virtualenv.py took 0.062 seconds
[2026-05-10T19:15:49.921+0000] {processor.py:161} INFO - Started process (PID=6694) to work on /home/airflow/.local/lib/python3.12/site-packages/airflow/example_dags/tutorial_taskflow_api_virtualenv.py
[2026-05-10T19:15:49.922+0000] {processor.py:830} INFO - Processing file /home/airflow/.local/lib/python3.12/site-packages/airflow/example_dags/tutorial_taskflow_api_virtualenv.py for tasks to queue
[2026-05-10T19:15:49.924+0000] {logging_mixin.py:188} INFO - [2026-05-10T19:15:49.923+0000] {dagbag.py:545} INFO - Filling up the DagBag from /home/airflow/.local/lib/python3.12/site-packages/airflow/example_dags/tutorial_taskflow_api_virtualenv.py
[2026-05-10T19:15:49.933+0000] {processor.py:840} INFO - DAG(s) 'tutorial_taskflow_api_virtualenv' retrieved from /home/airflow/.local/lib/python3.12/site-packages/airflow/example_dags/tutorial_taskflow_api_virtualenv.py
[2026-05-10T19:15:49.951+0000] {logging_mixin.py:188} INFO - [2026-05-10T19:15:49.951+0000] {dag.py:3089} INFO - Sync 1 DAGs
[2026-05-10T19:15:49.961+0000] {logging_mixin.py:188} INFO - [2026-05-10T19:15:49.960+0000] {dag.py:3947} INFO - Setting next_dagrun for tutorial_taskflow_api_virtualenv to None, run_after=None
[2026-05-10T19:15:49.975+0000] {processor.py:183} INFO - Processing /home/airflow/.local/lib/python3.12/site-packages/airflow/example_dags/tutorial_taskflow_api_virtualenv.py took 0.061 seconds
[2026-05-10T19:16:20.041+0000] {processor.py:161} INFO - Started process (PID=6754) to work on /home/airflow/.local/lib/python3.12/site-packages/airflow/example_dags/tutorial_taskflow_api_virtualenv.py
[2026-05-10T19:16:20.042+0000] {processor.py:830} INFO - Processing file /home/airflow/.local/lib/python3.12/site-packages/airflow/example_dags/tutorial_taskflow_api_virtualenv.py for tasks to queue
[2026-05-10T19:16:20.044+0000] {logging_mixin.py:188} INFO - [2026-05-10T19:16:20.044+0000] {dagbag.py:545} INFO - Filling up the DagBag from /home/airflow/.local/lib/python3.12/site-packages/airflow/example_dags/tutorial_taskflow_api_virtualenv.py
[2026-05-10T19:16:20.055+0000] {processor.py:840} INFO - DAG(s) 'tutorial_taskflow_api_virtualenv' retrieved from /home/airflow/.local/lib/python3.12/site-packages/airflow/example_dags/tutorial_taskflow_api_virtualenv.py
[2026-05-10T19:16:20.073+0000] {logging_mixin.py:188} INFO - [2026-05-10T19:16:20.073+0000] {dag.py:3089} INFO - Sync 1 DAGs
[2026-05-10T19:16:20.085+0000] {logging_mixin.py:188} INFO - [2026-05-10T19:16:20.085+0000] {dag.py:3947} INFO - Setting next_dagrun for tutorial_taskflow_api_virtualenv to None, run_after=None
[2026-05-10T19:16:20.100+0000] {processor.py:183} INFO - Processing /home/airflow/.local/lib/python3.12/site-packages/airflow/example_dags/tutorial_taskflow_api_virtualenv.py took 0.065 seconds
[2026-05-10T19:16:50.394+0000] {processor.py:161} INFO - Started process (PID=6814) to work on /home/airflow/.local/lib/python3.12/site-packages/airflow/example_dags/tutorial_taskflow_api_virtualenv.py
[2026-05-10T19:16:50.395+0000] {processor.py:830} INFO - Processing file /home/airflow/.local/lib/python3.12/site-packages/airflow/example_dags/tutorial_taskflow_api_virtualenv.py for tasks to queue
[2026-05-10T19:16:50.397+0000] {logging_mixin.py:188} INFO - [2026-05-10T19:16:50.396+0000] {dagbag.py:545} INFO - Filling up the DagBag from /home/airflow/.local/lib/python3.12/site-packages/airflow/example_dags/tutorial_taskflow_api_virtualenv.py
[2026-05-10T19:16:50.405+0000] {processor.py:840} INFO - DAG(s) 'tutorial_taskflow_api_virtualenv' retrieved from /home/airflow/.local/lib/python3.12/site-packages/airflow/example_dags/tutorial_taskflow_api_virtualenv.py
[2026-05-10T19:16:50.424+0000] {logging_mixin.py:188} INFO - [2026-05-10T19:16:50.424+0000] {dag.py:3089} INFO - Sync 1 DAGs
[2026-05-10T19:16:50.436+0000] {logging_mixin.py:188} INFO - [2026-05-10T19:16:50.436+0000] {dag.py:3947} INFO - Setting next_dagrun for tutorial_taskflow_api_virtualenv to None, run_after=None
[2026-05-10T19:16:50.451+0000] {processor.py:183} INFO - Processing /home/airflow/.local/lib/python3.12/site-packages/airflow/example_dags/tutorial_taskflow_api_virtualenv.py took 0.063 seconds
[2026-05-10T19:17:21.223+0000] {processor.py:161} INFO - Started process (PID=6875) to work on /home/airflow/.local/lib/python3.12/site-packages/airflow/example_dags/tutorial_taskflow_api_virtualenv.py
[2026-05-10T19:17:21.224+0000] {processor.py:830} INFO - Processing file /home/airflow/.local/lib/python3.12/site-packages/airflow/example_dags/tutorial_taskflow_api_virtualenv.py for tasks to queue
[2026-05-10T19:17:21.225+0000] {logging_mixin.py:188} INFO - [2026-05-10T19:17:21.225+0000] {dagbag.py:545} INFO - Filling up the DagBag from /home/airflow/.local/lib/python3.12/site-packages/airflow/example_dags/tutorial_taskflow_api_virtualenv.py
[2026-05-10T19:17:21.234+0000] {processor.py:840} INFO - DAG(s) 'tutorial_taskflow_api_virtualenv' retrieved from /home/airflow/.local/lib/python3.12/site-packages/airflow/example_dags/tutorial_taskflow_api_virtualenv.py
[2026-05-10T19:17:21.252+0000] {logging_mixin.py:188} INFO - [2026-05-10T19:17:21.252+0000] {dag.py:3089} INFO - Sync 1 DAGs
[2026-05-10T19:17:21.262+0000] {logging_mixin.py:188} INFO - [2026-05-10T19:17:21.262+0000] {dag.py:3947} INFO - Setting next_dagrun for tutorial_taskflow_api_virtualenv to None, run_after=None
[2026-05-10T19:17:21.276+0000] {processor.py:183} INFO - Processing /home/airflow/.local/lib/python3.12/site-packages/airflow/example_dags/tutorial_taskflow_api_virtualenv.py took 0.060 seconds
[2026-05-10T19:17:51.853+0000] {processor.py:161} INFO - Started process (PID=6935) to work on /home/airflow/.local/lib/python3.12/site-packages/airflow/example_dags/tutorial_taskflow_api_virtualenv.py
[2026-05-10T19:17:51.854+0000] {processor.py:830} INFO - Processing file /home/airflow/.local/lib/python3.12/site-packages/airflow/example_dags/tutorial_taskflow_api_virtualenv.py for tasks to queue
[2026-05-10T19:17:51.856+0000] {logging_mixin.py:188} INFO - [2026-05-10T19:17:51.856+0000] {dagbag.py:545} INFO - Filling up the DagBag from /home/airflow/.local/lib/python3.12/site-packages/airflow/example_dags/tutorial_taskflow_api_virtualenv.py
[2026-05-10T19:17:51.866+0000] {processor.py:840} INFO - DAG(s) 'tutorial_taskflow_api_virtualenv' retrieved from /home/airflow/.local/lib/python3.12/site-packages/airflow/example_dags/tutorial_taskflow_api_virtualenv.py
[2026-05-10T19:17:51.888+0000] {logging_mixin.py:188} INFO - [2026-05-10T19:17:51.888+0000] {dag.py:3089} INFO - Sync 1 DAGs
[2026-05-10T19:17:51.903+0000] {logging_mixin.py:188} INFO - [2026-05-10T19:17:51.903+0000] {dag.py:3947} INFO - Setting next_dagrun for tutorial_taskflow_api_virtualenv to None, run_after=None
[2026-05-10T19:17:51.920+0000] {processor.py:183} INFO - Processing /home/airflow/.local/lib/python3.12/site-packages/airflow/example_dags/tutorial_taskflow_api_virtualenv.py took 0.073 seconds
[2026-05-10T19:18:22.420+0000] {processor.py:161} INFO - Started process (PID=6995) to work on /home/airflow/.local/lib/python3.12/site-packages/airflow/example_dags/tutorial_taskflow_api_virtualenv.py
[2026-05-10T19:18:22.422+0000] {processor.py:830} INFO - Processing file /home/airflow/.local/lib/python3.12/site-packages/airflow/example_dags/tutorial_taskflow_api_virtualenv.py for tasks to queue
[2026-05-10T19:18:22.424+0000] {logging_mixin.py:188} INFO - [2026-05-10T19:18:22.424+0000] {dagbag.py:545} INFO - Filling up the DagBag from /home/airflow/.local/lib/python3.12/site-packages/airflow/example_dags/tutorial_taskflow_api_virtualenv.py
[2026-05-10T19:18:22.433+0000] {processor.py:840} INFO - DAG(s) 'tutorial_taskflow_api_virtualenv' retrieved from /home/airflow/.local/lib/python3.12/site-packages/airflow/example_dags/tutorial_taskflow_api_virtualenv.py
[2026-05-10T19:18:22.452+0000] {logging_mixin.py:188} INFO - [2026-05-10T19:18:22.452+0000] {dag.py:3089} INFO - Sync 1 DAGs
[2026-05-10T19:18:22.469+0000] {logging_mixin.py:188} INFO - [2026-05-10T19:18:22.468+0000] {dag.py:3947} INFO - Setting next_dagrun for tutorial_taskflow_api_virtualenv to None, run_after=None
[2026-05-10T19:18:22.490+0000] {processor.py:183} INFO - Processing /home/airflow/.local/lib/python3.12/site-packages/airflow/example_dags/tutorial_taskflow_api_virtualenv.py took 0.076 seconds
[2026-05-10T19:18:52.870+0000] {processor.py:161} INFO - Started process (PID=7055) to work on /home/airflow/.local/lib/python3.12/site-packages/airflow/example_dags/tutorial_taskflow_api_virtualenv.py
[2026-05-10T19:18:52.871+0000] {processor.py:830} INFO - Processing file /home/airflow/.local/lib/python3.12/site-packages/airflow/example_dags/tutorial_taskflow_api_virtualenv.py for tasks to queue
[2026-05-10T19:18:52.872+0000] {logging_mixin.py:188} INFO - [2026-05-10T19:18:52.872+0000] {dagbag.py:545} INFO - Filling up the DagBag from /home/airflow/.local/lib/python3.12/site-packages/airflow/example_dags/tutorial_taskflow_api_virtualenv.py
[2026-05-10T19:18:52.881+0000] {processor.py:840} INFO - DAG(s) 'tutorial_taskflow_api_virtualenv' retrieved from /home/airflow/.local/lib/python3.12/site-packages/airflow/example_dags/tutorial_taskflow_api_virtualenv.py
[2026-05-10T19:18:52.899+0000] {logging_mixin.py:188} INFO - [2026-05-10T19:18:52.899+0000] {dag.py:3089} INFO - Sync 1 DAGs
[2026-05-10T19:18:52.909+0000] {logging_mixin.py:188} INFO - [2026-05-10T19:18:52.909+0000] {dag.py:3947} INFO - Setting next_dagrun for tutorial_taskflow_api_virtualenv to None, run_after=None
[2026-05-10T19:18:52.923+0000] {processor.py:183} INFO - Processing /home/airflow/.local/lib/python3.12/site-packages/airflow/example_dags/tutorial_taskflow_api_virtualenv.py took 0.060 seconds
[2026-05-10T19:19:22.967+0000] {processor.py:161} INFO - Started process (PID=7116) to work on /home/airflow/.local/lib/python3.12/site-packages/airflow/example_dags/tutorial_taskflow_api_virtualenv.py
[2026-05-10T19:19:22.968+0000] {processor.py:830} INFO - Processing file /home/airflow/.local/lib/python3.12/site-packages/airflow/example_dags/tutorial_taskflow_api_virtualenv.py for tasks to queue
[2026-05-10T19:19:22.971+0000] {logging_mixin.py:188} INFO - [2026-05-10T19:19:22.970+0000] {dagbag.py:545} INFO - Filling up the DagBag from /home/airflow/.local/lib/python3.12/site-packages/airflow/example_dags/tutorial_taskflow_api_virtualenv.py
[2026-05-10T19:19:22.979+0000] {processor.py:840} INFO - DAG(s) 'tutorial_taskflow_api_virtualenv' retrieved from /home/airflow/.local/lib/python3.12/site-packages/airflow/example_dags/tutorial_taskflow_api_virtualenv.py
[2026-05-10T19:19:22.997+0000] {logging_mixin.py:188} INFO - [2026-05-10T19:19:22.997+0000] {dag.py:3089} INFO - Sync 1 DAGs
[2026-05-10T19:19:23.008+0000] {logging_mixin.py:188} INFO - [2026-05-10T19:19:23.007+0000] {dag.py:3947} INFO - Setting next_dagrun for tutorial_taskflow_api_virtualenv to None, run_after=None
[2026-05-10T19:19:23.022+0000] {processor.py:183} INFO - Processing /home/airflow/.local/lib/python3.12/site-packages/airflow/example_dags/tutorial_taskflow_api_virtualenv.py took 0.061 seconds
[2026-05-10T19:19:53.370+0000] {processor.py:161} INFO - Started process (PID=7176) to work on /home/airflow/.local/lib/python3.12/site-packages/airflow/example_dags/tutorial_taskflow_api_virtualenv.py
[2026-05-10T19:19:53.371+0000] {processor.py:830} INFO - Processing file /home/airflow/.local/lib/python3.12/site-packages/airflow/example_dags/tutorial_taskflow_api_virtualenv.py for tasks to queue
[2026-05-10T19:19:53.373+0000] {logging_mixin.py:188} INFO - [2026-05-10T19:19:53.373+0000] {dagbag.py:545} INFO - Filling up the DagBag from /home/airflow/.local/lib/python3.12/site-packages/airflow/example_dags/tutorial_taskflow_api_virtualenv.py
[2026-05-10T19:19:53.381+0000] {processor.py:840} INFO - DAG(s) 'tutorial_taskflow_api_virtualenv' retrieved from /home/airflow/.local/lib/python3.12/site-packages/airflow/example_dags/tutorial_taskflow_api_virtualenv.py
[2026-05-10T19:19:53.398+0000] {logging_mixin.py:188} INFO - [2026-05-10T19:19:53.398+0000] {dag.py:3089} INFO - Sync 1 DAGs
[2026-05-10T19:19:53.408+0000] {logging_mixin.py:188} INFO - [2026-05-10T19:19:53.408+0000] {dag.py:3947} INFO - Setting next_dagrun for tutorial_taskflow_api_virtualenv to None, run_after=None
[2026-05-10T19:19:53.423+0000] {processor.py:183} INFO - Processing /home/airflow/.local/lib/python3.12/site-packages/airflow/example_dags/tutorial_taskflow_api_virtualenv.py took 0.059 seconds
[2026-05-10T19:20:23.863+0000] {processor.py:161} INFO - Started process (PID=7236) to work on /home/airflow/.local/lib/python3.12/site-packages/airflow/example_dags/tutorial_taskflow_api_virtualenv.py
[2026-05-10T19:20:23.864+0000] {processor.py:830} INFO - Processing file /home/airflow/.local/lib/python3.12/site-packages/airflow/example_dags/tutorial_taskflow_api_virtualenv.py for tasks to queue
[2026-05-10T19:20:23.866+0000] {logging_mixin.py:188} INFO - [2026-05-10T19:20:23.865+0000] {dagbag.py:545} INFO - Filling up the DagBag from /home/airflow/.local/lib/python3.12/site-packages/airflow/example_dags/tutorial_taskflow_api_virtualenv.py
[2026-05-10T19:20:23.875+0000] {processor.py:840} INFO - DAG(s) 'tutorial_taskflow_api_virtualenv' retrieved from /home/airflow/.local/lib/python3.12/site-packages/airflow/example_dags/tutorial_taskflow_api_virtualenv.py
[2026-05-10T19:20:23.892+0000] {logging_mixin.py:188} INFO - [2026-05-10T19:20:23.891+0000] {dag.py:3089} INFO - Sync 1 DAGs
[2026-05-10T19:20:23.901+0000] {logging_mixin.py:188} INFO - [2026-05-10T19:20:23.901+0000] {dag.py:3947} INFO - Setting next_dagrun for tutorial_taskflow_api_virtualenv to None, run_after=None
[2026-05-10T19:20:23.915+0000] {processor.py:183} INFO - Processing /home/airflow/.local/lib/python3.12/site-packages/airflow/example_dags/tutorial_taskflow_api_virtualenv.py took 0.059 seconds
[2026-05-10T19:20:54.065+0000] {processor.py:161} INFO - Started process (PID=7296) to work on /home/airflow/.local/lib/python3.12/site-packages/airflow/example_dags/tutorial_taskflow_api_virtualenv.py
[2026-05-10T19:20:54.066+0000] {processor.py:830} INFO - Processing file /home/airflow/.local/lib/python3.12/site-packages/airflow/example_dags/tutorial_taskflow_api_virtualenv.py for tasks to queue
[2026-05-10T19:20:54.068+0000] {logging_mixin.py:188} INFO - [2026-05-10T19:20:54.067+0000] {dagbag.py:545} INFO - Filling up the DagBag from /home/airflow/.local/lib/python3.12/site-packages/airflow/example_dags/tutorial_taskflow_api_virtualenv.py
[2026-05-10T19:20:54.076+0000] {processor.py:840} INFO - DAG(s) 'tutorial_taskflow_api_virtualenv' retrieved from /home/airflow/.local/lib/python3.12/site-packages/airflow/example_dags/tutorial_taskflow_api_virtualenv.py
[2026-05-10T19:20:54.094+0000] {logging_mixin.py:188} INFO - [2026-05-10T19:20:54.093+0000] {dag.py:3089} INFO - Sync 1 DAGs
[2026-05-10T19:20:54.105+0000] {logging_mixin.py:188} INFO - [2026-05-10T19:20:54.105+0000] {dag.py:3947} INFO - Setting next_dagrun for tutorial_taskflow_api_virtualenv to None, run_after=None
[2026-05-10T19:20:54.120+0000] {processor.py:183} INFO - Processing /home/airflow/.local/lib/python3.12/site-packages/airflow/example_dags/tutorial_taskflow_api_virtualenv.py took 0.061 seconds
[2026-05-10T19:21:24.379+0000] {processor.py:161} INFO - Started process (PID=7356) to work on /home/airflow/.local/lib/python3.12/site-packages/airflow/example_dags/tutorial_taskflow_api_virtualenv.py
[2026-05-10T19:21:24.380+0000] {processor.py:830} INFO - Processing file /home/airflow/.local/lib/python3.12/site-packages/airflow/example_dags/tutorial_taskflow_api_virtualenv.py for tasks to queue
[2026-05-10T19:21:24.382+0000] {logging_mixin.py:188} INFO - [2026-05-10T19:21:24.381+0000] {dagbag.py:545} INFO - Filling up the DagBag from /home/airflow/.local/lib/python3.12/site-packages/airflow/example_dags/tutorial_taskflow_api_virtualenv.py
[2026-05-10T19:21:24.391+0000] {processor.py:840} INFO - DAG(s) 'tutorial_taskflow_api_virtualenv' retrieved from /home/airflow/.local/lib/python3.12/site-packages/airflow/example_dags/tutorial_taskflow_api_virtualenv.py
[2026-05-10T19:21:24.408+0000] {logging_mixin.py:188} INFO - [2026-05-10T19:21:24.408+0000] {dag.py:3089} INFO - Sync 1 DAGs
[2026-05-10T19:21:24.417+0000] {logging_mixin.py:188} INFO - [2026-05-10T19:21:24.417+0000] {dag.py:3947} INFO - Setting next_dagrun for tutorial_taskflow_api_virtualenv to None, run_after=None
[2026-05-10T19:21:24.431+0000] {processor.py:183} INFO - Processing /home/airflow/.local/lib/python3.12/site-packages/airflow/example_dags/tutorial_taskflow_api_virtualenv.py took 0.059 seconds
[2026-05-10T19:21:54.602+0000] {processor.py:161} INFO - Started process (PID=7416) to work on /home/airflow/.local/lib/python3.12/site-packages/airflow/example_dags/tutorial_taskflow_api_virtualenv.py
[2026-05-10T19:21:54.603+0000] {processor.py:830} INFO - Processing file /home/airflow/.local/lib/python3.12/site-packages/airflow/example_dags/tutorial_taskflow_api_virtualenv.py for tasks to queue
[2026-05-10T19:21:54.605+0000] {logging_mixin.py:188} INFO - [2026-05-10T19:21:54.604+0000] {dagbag.py:545} INFO - Filling up the DagBag from /home/airflow/.local/lib/python3.12/site-packages/airflow/example_dags/tutorial_taskflow_api_virtualenv.py
[2026-05-10T19:21:54.615+0000] {processor.py:840} INFO - DAG(s) 'tutorial_taskflow_api_virtualenv' retrieved from /home/airflow/.local/lib/python3.12/site-packages/airflow/example_dags/tutorial_taskflow_api_virtualenv.py
[2026-05-10T19:21:54.636+0000] {logging_mixin.py:188} INFO - [2026-05-10T19:21:54.635+0000] {dag.py:3089} INFO - Sync 1 DAGs
[2026-05-10T19:21:54.648+0000] {logging_mixin.py:188} INFO - [2026-05-10T19:21:54.648+0000] {dag.py:3947} INFO - Setting next_dagrun for tutorial_taskflow_api_virtualenv to None, run_after=None
[2026-05-10T19:21:54.666+0000] {processor.py:183} INFO - Processing /home/airflow/.local/lib/python3.12/site-packages/airflow/example_dags/tutorial_taskflow_api_virtualenv.py took 0.071 seconds
[2026-05-10T19:22:24.963+0000] {processor.py:161} INFO - Started process (PID=7476) to work on /home/airflow/.local/lib/python3.12/site-packages/airflow/example_dags/tutorial_taskflow_api_virtualenv.py
[2026-05-10T19:22:24.963+0000] {processor.py:830} INFO - Processing file /home/airflow/.local/lib/python3.12/site-packages/airflow/example_dags/tutorial_taskflow_api_virtualenv.py for tasks to queue
[2026-05-10T19:22:24.965+0000] {logging_mixin.py:188} INFO - [2026-05-10T19:22:24.965+0000] {dagbag.py:545} INFO - Filling up the DagBag from /home/airflow/.local/lib/python3.12/site-packages/airflow/example_dags/tutorial_taskflow_api_virtualenv.py
[2026-05-10T19:22:24.974+0000] {processor.py:840} INFO - DAG(s) 'tutorial_taskflow_api_virtualenv' retrieved from /home/airflow/.local/lib/python3.12/site-packages/airflow/example_dags/tutorial_taskflow_api_virtualenv.py
[2026-05-10T19:22:24.991+0000] {logging_mixin.py:188} INFO - [2026-05-10T19:22:24.991+0000] {dag.py:3089} INFO - Sync 1 DAGs
[2026-05-10T19:22:25.000+0000] {logging_mixin.py:188} INFO - [2026-05-10T19:22:25.000+0000] {dag.py:3947} INFO - Setting next_dagrun for tutorial_taskflow_api_virtualenv to None, run_after=None
[2026-05-10T19:22:25.015+0000] {processor.py:183} INFO - Processing /home/airflow/.local/lib/python3.12/site-packages/airflow/example_dags/tutorial_taskflow_api_virtualenv.py took 0.059 seconds
[2026-05-10T19:22:55.199+0000] {processor.py:161} INFO - Started process (PID=7536) to work on /home/airflow/.local/lib/python3.12/site-packages/airflow/example_dags/tutorial_taskflow_api_virtualenv.py
[2026-05-10T19:22:55.199+0000] {processor.py:830} INFO - Processing file /home/airflow/.local/lib/python3.12/site-packages/airflow/example_dags/tutorial_taskflow_api_virtualenv.py for tasks to queue
[2026-05-10T19:22:55.201+0000] {logging_mixin.py:188} INFO - [2026-05-10T19:22:55.201+0000] {dagbag.py:545} INFO - Filling up the DagBag from /home/airflow/.local/lib/python3.12/site-packages/airflow/example_dags/tutorial_taskflow_api_virtualenv.py
[2026-05-10T19:22:55.210+0000] {processor.py:840} INFO - DAG(s) 'tutorial_taskflow_api_virtualenv' retrieved from /home/airflow/.local/lib/python3.12/site-packages/airflow/example_dags/tutorial_taskflow_api_virtualenv.py
[2026-05-10T19:22:55.227+0000] {logging_mixin.py:188} INFO - [2026-05-10T19:22:55.227+0000] {dag.py:3089} INFO - Sync 1 DAGs
[2026-05-10T19:22:55.237+0000] {logging_mixin.py:188} INFO - [2026-05-10T19:22:55.237+0000] {dag.py:3947} INFO - Setting next_dagrun for tutorial_taskflow_api_virtualenv to None, run_after=None
[2026-05-10T19:22:55.250+0000] {processor.py:183} INFO - Processing /home/airflow/.local/lib/python3.12/site-packages/airflow/example_dags/tutorial_taskflow_api_virtualenv.py took 0.058 seconds
[2026-05-10T19:23:26.337+0000] {processor.py:161} INFO - Started process (PID=7594) to work on /home/airflow/.local/lib/python3.12/site-packages/airflow/example_dags/tutorial_taskflow_api_virtualenv.py
[2026-05-10T19:23:26.338+0000] {processor.py:830} INFO - Processing file /home/airflow/.local/lib/python3.12/site-packages/airflow/example_dags/tutorial_taskflow_api_virtualenv.py for tasks to queue
[2026-05-10T19:23:26.340+0000] {logging_mixin.py:188} INFO - [2026-05-10T19:23:26.340+0000] {dagbag.py:545} INFO - Filling up the DagBag from /home/airflow/.local/lib/python3.12/site-packages/airflow/example_dags/tutorial_taskflow_api_virtualenv.py
[2026-05-10T19:23:26.349+0000] {processor.py:840} INFO - DAG(s) 'tutorial_taskflow_api_virtualenv' retrieved from /home/airflow/.local/lib/python3.12/site-packages/airflow/example_dags/tutorial_taskflow_api_virtualenv.py
[2026-05-10T19:23:26.369+0000] {logging_mixin.py:188} INFO - [2026-05-10T19:23:26.369+0000] {dag.py:3089} INFO - Sync 1 DAGs
[2026-05-10T19:23:26.380+0000] {logging_mixin.py:188} INFO - [2026-05-10T19:23:26.379+0000] {dag.py:3947} INFO - Setting next_dagrun for tutorial_taskflow_api_virtualenv to None, run_after=None
[2026-05-10T19:23:26.397+0000] {processor.py:183} INFO - Processing /home/airflow/.local/lib/python3.12/site-packages/airflow/example_dags/tutorial_taskflow_api_virtualenv.py took 0.066 seconds
[2026-05-10T19:23:56.643+0000] {processor.py:161} INFO - Started process (PID=7654) to work on /home/airflow/.local/lib/python3.12/site-packages/airflow/example_dags/tutorial_taskflow_api_virtualenv.py
[2026-05-10T19:23:56.644+0000] {processor.py:830} INFO - Processing file /home/airflow/.local/lib/python3.12/site-packages/airflow/example_dags/tutorial_taskflow_api_virtualenv.py for tasks to queue
[2026-05-10T19:23:56.645+0000] {logging_mixin.py:188} INFO - [2026-05-10T19:23:56.645+0000] {dagbag.py:545} INFO - Filling up the DagBag from /home/airflow/.local/lib/python3.12/site-packages/airflow/example_dags/tutorial_taskflow_api_virtualenv.py
[2026-05-10T19:23:56.654+0000] {processor.py:840} INFO - DAG(s) 'tutorial_taskflow_api_virtualenv' retrieved from /home/airflow/.local/lib/python3.12/site-packages/airflow/example_dags/tutorial_taskflow_api_virtualenv.py
[2026-05-10T19:23:56.672+0000] {logging_mixin.py:188} INFO - [2026-05-10T19:23:56.671+0000] {dag.py:3089} INFO - Sync 1 DAGs
[2026-05-10T19:23:56.682+0000] {logging_mixin.py:188} INFO - [2026-05-10T19:23:56.682+0000] {dag.py:3947} INFO - Setting next_dagrun for tutorial_taskflow_api_virtualenv to None, run_after=None
[2026-05-10T19:23:56.695+0000] {processor.py:183} INFO - Processing /home/airflow/.local/lib/python3.12/site-packages/airflow/example_dags/tutorial_taskflow_api_virtualenv.py took 0.059 seconds
[2026-05-10T19:24:26.809+0000] {processor.py:161} INFO - Started process (PID=7713) to work on /home/airflow/.local/lib/python3.12/site-packages/airflow/example_dags/tutorial_taskflow_api_virtualenv.py
[2026-05-10T19:24:26.810+0000] {processor.py:830} INFO - Processing file /home/airflow/.local/lib/python3.12/site-packages/airflow/example_dags/tutorial_taskflow_api_virtualenv.py for tasks to queue
[2026-05-10T19:24:26.812+0000] {logging_mixin.py:188} INFO - [2026-05-10T19:24:26.811+0000] {dagbag.py:545} INFO - Filling up the DagBag from /home/airflow/.local/lib/python3.12/site-packages/airflow/example_dags/tutorial_taskflow_api_virtualenv.py
[2026-05-10T19:24:26.821+0000] {processor.py:840} INFO - DAG(s) 'tutorial_taskflow_api_virtualenv' retrieved from /home/airflow/.local/lib/python3.12/site-packages/airflow/example_dags/tutorial_taskflow_api_virtualenv.py
[2026-05-10T19:24:26.839+0000] {logging_mixin.py:188} INFO - [2026-05-10T19:24:26.838+0000] {dag.py:3089} INFO - Sync 1 DAGs
[2026-05-10T19:24:26.849+0000] {logging_mixin.py:188} INFO - [2026-05-10T19:24:26.849+0000] {dag.py:3947} INFO - Setting next_dagrun for tutorial_taskflow_api_virtualenv to None, run_after=None
[2026-05-10T19:24:26.863+0000] {processor.py:183} INFO - Processing /home/airflow/.local/lib/python3.12/site-packages/airflow/example_dags/tutorial_taskflow_api_virtualenv.py took 0.060 seconds
[2026-05-10T19:24:56.944+0000] {processor.py:161} INFO - Started process (PID=7773) to work on /home/airflow/.local/lib/python3.12/site-packages/airflow/example_dags/tutorial_taskflow_api_virtualenv.py
[2026-05-10T19:24:56.945+0000] {processor.py:830} INFO - Processing file /home/airflow/.local/lib/python3.12/site-packages/airflow/example_dags/tutorial_taskflow_api_virtualenv.py for tasks to queue
[2026-05-10T19:24:56.947+0000] {logging_mixin.py:188} INFO - [2026-05-10T19:24:56.947+0000] {dagbag.py:545} INFO - Filling up the DagBag from /home/airflow/.local/lib/python3.12/site-packages/airflow/example_dags/tutorial_taskflow_api_virtualenv.py
[2026-05-10T19:24:56.956+0000] {processor.py:840} INFO - DAG(s) 'tutorial_taskflow_api_virtualenv' retrieved from /home/airflow/.local/lib/python3.12/site-packages/airflow/example_dags/tutorial_taskflow_api_virtualenv.py
[2026-05-10T19:24:56.976+0000] {logging_mixin.py:188} INFO - [2026-05-10T19:24:56.975+0000] {dag.py:3089} INFO - Sync 1 DAGs
[2026-05-10T19:24:56.985+0000] {logging_mixin.py:188} INFO - [2026-05-10T19:24:56.985+0000] {dag.py:3947} INFO - Setting next_dagrun for tutorial_taskflow_api_virtualenv to None, run_after=None
[2026-05-10T19:24:57.001+0000] {processor.py:183} INFO - Processing /home/airflow/.local/lib/python3.12/site-packages/airflow/example_dags/tutorial_taskflow_api_virtualenv.py took 0.064 seconds
[2026-05-10T19:25:27.590+0000] {processor.py:161} INFO - Started process (PID=7833) to work on /home/airflow/.local/lib/python3.12/site-packages/airflow/example_dags/tutorial_taskflow_api_virtualenv.py
[2026-05-10T19:25:27.591+0000] {processor.py:830} INFO - Processing file /home/airflow/.local/lib/python3.12/site-packages/airflow/example_dags/tutorial_taskflow_api_virtualenv.py for tasks to queue
[2026-05-10T19:25:27.593+0000] {logging_mixin.py:188} INFO - [2026-05-10T19:25:27.592+0000] {dagbag.py:545} INFO - Filling up the DagBag from /home/airflow/.local/lib/python3.12/site-packages/airflow/example_dags/tutorial_taskflow_api_virtualenv.py
[2026-05-10T19:25:27.603+0000] {processor.py:840} INFO - DAG(s) 'tutorial_taskflow_api_virtualenv' retrieved from /home/airflow/.local/lib/python3.12/site-packages/airflow/example_dags/tutorial_taskflow_api_virtualenv.py
[2026-05-10T19:25:27.622+0000] {logging_mixin.py:188} INFO - [2026-05-10T19:25:27.622+0000] {dag.py:3089} INFO - Sync 1 DAGs
[2026-05-10T19:25:27.632+0000] {logging_mixin.py:188} INFO - [2026-05-10T19:25:27.632+0000] {dag.py:3947} INFO - Setting next_dagrun for tutorial_taskflow_api_virtualenv to None, run_after=None
[2026-05-10T19:25:27.649+0000] {processor.py:183} INFO - Processing /home/airflow/.local/lib/python3.12/site-packages/airflow/example_dags/tutorial_taskflow_api_virtualenv.py took 0.066 seconds
[2026-05-10T19:25:57.836+0000] {processor.py:161} INFO - Started process (PID=7893) to work on /home/airflow/.local/lib/python3.12/site-packages/airflow/example_dags/tutorial_taskflow_api_virtualenv.py
[2026-05-10T19:25:57.837+0000] {processor.py:830} INFO - Processing file /home/airflow/.local/lib/python3.12/site-packages/airflow/example_dags/tutorial_taskflow_api_virtualenv.py for tasks to queue
[2026-05-10T19:25:57.839+0000] {logging_mixin.py:188} INFO - [2026-05-10T19:25:57.839+0000] {dagbag.py:545} INFO - Filling up the DagBag from /home/airflow/.local/lib/python3.12/site-packages/airflow/example_dags/tutorial_taskflow_api_virtualenv.py
[2026-05-10T19:25:57.847+0000] {processor.py:840} INFO - DAG(s) 'tutorial_taskflow_api_virtualenv' retrieved from /home/airflow/.local/lib/python3.12/site-packages/airflow/example_dags/tutorial_taskflow_api_virtualenv.py
[2026-05-10T19:25:57.865+0000] {logging_mixin.py:188} INFO - [2026-05-10T19:25:57.865+0000] {dag.py:3089} INFO - Sync 1 DAGs
[2026-05-10T19:25:57.875+0000] {logging_mixin.py:188} INFO - [2026-05-10T19:25:57.875+0000] {dag.py:3947} INFO - Setting next_dagrun for tutorial_taskflow_api_virtualenv to None, run_after=None
[2026-05-10T19:25:57.888+0000] {processor.py:183} INFO - Processing /home/airflow/.local/lib/python3.12/site-packages/airflow/example_dags/tutorial_taskflow_api_virtualenv.py took 0.058 seconds
[2026-05-10T19:26:28.042+0000] {processor.py:161} INFO - Started process (PID=7953) to work on /home/airflow/.local/lib/python3.12/site-packages/airflow/example_dags/tutorial_taskflow_api_virtualenv.py
[2026-05-10T19:26:28.043+0000] {processor.py:830} INFO - Processing file /home/airflow/.local/lib/python3.12/site-packages/airflow/example_dags/tutorial_taskflow_api_virtualenv.py for tasks to queue
[2026-05-10T19:26:28.045+0000] {logging_mixin.py:188} INFO - [2026-05-10T19:26:28.044+0000] {dagbag.py:545} INFO - Filling up the DagBag from /home/airflow/.local/lib/python3.12/site-packages/airflow/example_dags/tutorial_taskflow_api_virtualenv.py
[2026-05-10T19:26:28.054+0000] {processor.py:840} INFO - DAG(s) 'tutorial_taskflow_api_virtualenv' retrieved from /home/airflow/.local/lib/python3.12/site-packages/airflow/example_dags/tutorial_taskflow_api_virtualenv.py
[2026-05-10T19:26:28.072+0000] {logging_mixin.py:188} INFO - [2026-05-10T19:26:28.072+0000] {dag.py:3089} INFO - Sync 1 DAGs
[2026-05-10T19:26:28.082+0000] {logging_mixin.py:188} INFO - [2026-05-10T19:26:28.082+0000] {dag.py:3947} INFO - Setting next_dagrun for tutorial_taskflow_api_virtualenv to None, run_after=None
[2026-05-10T19:26:28.096+0000] {processor.py:183} INFO - Processing /home/airflow/.local/lib/python3.12/site-packages/airflow/example_dags/tutorial_taskflow_api_virtualenv.py took 0.061 seconds
[2026-05-10T19:26:58.576+0000] {processor.py:161} INFO - Started process (PID=8013) to work on /home/airflow/.local/lib/python3.12/site-packages/airflow/example_dags/tutorial_taskflow_api_virtualenv.py
[2026-05-10T19:26:58.577+0000] {processor.py:830} INFO - Processing file /home/airflow/.local/lib/python3.12/site-packages/airflow/example_dags/tutorial_taskflow_api_virtualenv.py for tasks to queue
[2026-05-10T19:26:58.579+0000] {logging_mixin.py:188} INFO - [2026-05-10T19:26:58.578+0000] {dagbag.py:545} INFO - Filling up the DagBag from /home/airflow/.local/lib/python3.12/site-packages/airflow/example_dags/tutorial_taskflow_api_virtualenv.py
[2026-05-10T19:26:58.588+0000] {processor.py:840} INFO - DAG(s) 'tutorial_taskflow_api_virtualenv' retrieved from /home/airflow/.local/lib/python3.12/site-packages/airflow/example_dags/tutorial_taskflow_api_virtualenv.py
[2026-05-10T19:26:58.605+0000] {logging_mixin.py:188} INFO - [2026-05-10T19:26:58.605+0000] {dag.py:3089} INFO - Sync 1 DAGs
[2026-05-10T19:26:58.620+0000] {logging_mixin.py:188} INFO - [2026-05-10T19:26:58.620+0000] {dag.py:3947} INFO - Setting next_dagrun for tutorial_taskflow_api_virtualenv to None, run_after=None
[2026-05-10T19:26:58.636+0000] {processor.py:183} INFO - Processing /home/airflow/.local/lib/python3.12/site-packages/airflow/example_dags/tutorial_taskflow_api_virtualenv.py took 0.067 seconds
[2026-05-10T19:27:28.895+0000] {processor.py:161} INFO - Started process (PID=8073) to work on /home/airflow/.local/lib/python3.12/site-packages/airflow/example_dags/tutorial_taskflow_api_virtualenv.py
[2026-05-10T19:27:28.895+0000] {processor.py:830} INFO - Processing file /home/airflow/.local/lib/python3.12/site-packages/airflow/example_dags/tutorial_taskflow_api_virtualenv.py for tasks to queue
[2026-05-10T19:27:28.897+0000] {logging_mixin.py:188} INFO - [2026-05-10T19:27:28.897+0000] {dagbag.py:545} INFO - Filling up the DagBag from /home/airflow/.local/lib/python3.12/site-packages/airflow/example_dags/tutorial_taskflow_api_virtualenv.py
[2026-05-10T19:27:28.906+0000] {processor.py:840} INFO - DAG(s) 'tutorial_taskflow_api_virtualenv' retrieved from /home/airflow/.local/lib/python3.12/site-packages/airflow/example_dags/tutorial_taskflow_api_virtualenv.py
[2026-05-10T19:27:28.922+0000] {logging_mixin.py:188} INFO - [2026-05-10T19:27:28.922+0000] {dag.py:3089} INFO - Sync 1 DAGs
[2026-05-10T19:27:28.934+0000] {logging_mixin.py:188} INFO - [2026-05-10T19:27:28.934+0000] {dag.py:3947} INFO - Setting next_dagrun for tutorial_taskflow_api_virtualenv to None, run_after=None
[2026-05-10T19:27:28.949+0000] {processor.py:183} INFO - Processing /home/airflow/.local/lib/python3.12/site-packages/airflow/example_dags/tutorial_taskflow_api_virtualenv.py took 0.061 seconds
[2026-05-10T19:27:59.104+0000] {processor.py:161} INFO - Started process (PID=8133) to work on /home/airflow/.local/lib/python3.12/site-packages/airflow/example_dags/tutorial_taskflow_api_virtualenv.py
[2026-05-10T19:27:59.105+0000] {processor.py:830} INFO - Processing file /home/airflow/.local/lib/python3.12/site-packages/airflow/example_dags/tutorial_taskflow_api_virtualenv.py for tasks to queue
[2026-05-10T19:27:59.107+0000] {logging_mixin.py:188} INFO - [2026-05-10T19:27:59.106+0000] {dagbag.py:545} INFO - Filling up the DagBag from /home/airflow/.local/lib/python3.12/site-packages/airflow/example_dags/tutorial_taskflow_api_virtualenv.py
[2026-05-10T19:27:59.116+0000] {processor.py:840} INFO - DAG(s) 'tutorial_taskflow_api_virtualenv' retrieved from /home/airflow/.local/lib/python3.12/site-packages/airflow/example_dags/tutorial_taskflow_api_virtualenv.py
[2026-05-10T19:27:59.135+0000] {logging_mixin.py:188} INFO - [2026-05-10T19:27:59.135+0000] {dag.py:3089} INFO - Sync 1 DAGs
[2026-05-10T19:27:59.146+0000] {logging_mixin.py:188} INFO - [2026-05-10T19:27:59.146+0000] {dag.py:3947} INFO - Setting next_dagrun for tutorial_taskflow_api_virtualenv to None, run_after=None
[2026-05-10T19:27:59.163+0000] {processor.py:183} INFO - Processing /home/airflow/.local/lib/python3.12/site-packages/airflow/example_dags/tutorial_taskflow_api_virtualenv.py took 0.065 seconds
[2026-05-10T19:28:29.378+0000] {processor.py:161} INFO - Started process (PID=8193) to work on /home/airflow/.local/lib/python3.12/site-packages/airflow/example_dags/tutorial_taskflow_api_virtualenv.py
[2026-05-10T19:28:29.379+0000] {processor.py:830} INFO - Processing file /home/airflow/.local/lib/python3.12/site-packages/airflow/example_dags/tutorial_taskflow_api_virtualenv.py for tasks to queue
[2026-05-10T19:28:29.381+0000] {logging_mixin.py:188} INFO - [2026-05-10T19:28:29.381+0000] {dagbag.py:545} INFO - Filling up the DagBag from /home/airflow/.local/lib/python3.12/site-packages/airflow/example_dags/tutorial_taskflow_api_virtualenv.py
[2026-05-10T19:28:29.390+0000] {processor.py:840} INFO - DAG(s) 'tutorial_taskflow_api_virtualenv' retrieved from /home/airflow/.local/lib/python3.12/site-packages/airflow/example_dags/tutorial_taskflow_api_virtualenv.py
[2026-05-10T19:28:29.408+0000] {logging_mixin.py:188} INFO - [2026-05-10T19:28:29.407+0000] {dag.py:3089} INFO - Sync 1 DAGs
[2026-05-10T19:28:29.419+0000] {logging_mixin.py:188} INFO - [2026-05-10T19:28:29.419+0000] {dag.py:3947} INFO - Setting next_dagrun for tutorial_taskflow_api_virtualenv to None, run_after=None
[2026-05-10T19:28:29.433+0000] {processor.py:183} INFO - Processing /home/airflow/.local/lib/python3.12/site-packages/airflow/example_dags/tutorial_taskflow_api_virtualenv.py took 0.061 seconds
[2026-05-10T19:28:59.714+0000] {processor.py:161} INFO - Started process (PID=8253) to work on /home/airflow/.local/lib/python3.12/site-packages/airflow/example_dags/tutorial_taskflow_api_virtualenv.py
[2026-05-10T19:28:59.715+0000] {processor.py:830} INFO - Processing file /home/airflow/.local/lib/python3.12/site-packages/airflow/example_dags/tutorial_taskflow_api_virtualenv.py for tasks to queue
[2026-05-10T19:28:59.716+0000] {logging_mixin.py:188} INFO - [2026-05-10T19:28:59.716+0000] {dagbag.py:545} INFO - Filling up the DagBag from /home/airflow/.local/lib/python3.12/site-packages/airflow/example_dags/tutorial_taskflow_api_virtualenv.py
[2026-05-10T19:28:59.727+0000] {processor.py:840} INFO - DAG(s) 'tutorial_taskflow_api_virtualenv' retrieved from /home/airflow/.local/lib/python3.12/site-packages/airflow/example_dags/tutorial_taskflow_api_virtualenv.py
[2026-05-10T19:28:59.744+0000] {logging_mixin.py:188} INFO - [2026-05-10T19:28:59.744+0000] {dag.py:3089} INFO - Sync 1 DAGs
[2026-05-10T19:28:59.754+0000] {logging_mixin.py:188} INFO - [2026-05-10T19:28:59.753+0000] {dag.py:3947} INFO - Setting next_dagrun for tutorial_taskflow_api_virtualenv to None, run_after=None
[2026-05-10T19:28:59.768+0000] {processor.py:183} INFO - Processing /home/airflow/.local/lib/python3.12/site-packages/airflow/example_dags/tutorial_taskflow_api_virtualenv.py took 0.062 seconds
[2026-05-10T19:29:30.085+0000] {processor.py:161} INFO - Started process (PID=8313) to work on /home/airflow/.local/lib/python3.12/site-packages/airflow/example_dags/tutorial_taskflow_api_virtualenv.py
[2026-05-10T19:29:30.086+0000] {processor.py:830} INFO - Processing file /home/airflow/.local/lib/python3.12/site-packages/airflow/example_dags/tutorial_taskflow_api_virtualenv.py for tasks to queue
[2026-05-10T19:29:30.088+0000] {logging_mixin.py:188} INFO - [2026-05-10T19:29:30.088+0000] {dagbag.py:545} INFO - Filling up the DagBag from /home/airflow/.local/lib/python3.12/site-packages/airflow/example_dags/tutorial_taskflow_api_virtualenv.py
[2026-05-10T19:29:30.098+0000] {processor.py:840} INFO - DAG(s) 'tutorial_taskflow_api_virtualenv' retrieved from /home/airflow/.local/lib/python3.12/site-packages/airflow/example_dags/tutorial_taskflow_api_virtualenv.py
[2026-05-10T19:29:30.114+0000] {logging_mixin.py:188} INFO - [2026-05-10T19:29:30.114+0000] {dag.py:3089} INFO - Sync 1 DAGs
[2026-05-10T19:29:30.124+0000] {logging_mixin.py:188} INFO - [2026-05-10T19:29:30.124+0000] {dag.py:3947} INFO - Setting next_dagrun for tutorial_taskflow_api_virtualenv to None, run_after=None
[2026-05-10T19:29:30.138+0000] {processor.py:183} INFO - Processing /home/airflow/.local/lib/python3.12/site-packages/airflow/example_dags/tutorial_taskflow_api_virtualenv.py took 0.059 seconds
[2026-05-10T19:30:00.369+0000] {processor.py:161} INFO - Started process (PID=8373) to work on /home/airflow/.local/lib/python3.12/site-packages/airflow/example_dags/tutorial_taskflow_api_virtualenv.py
[2026-05-10T19:30:00.370+0000] {processor.py:830} INFO - Processing file /home/airflow/.local/lib/python3.12/site-packages/airflow/example_dags/tutorial_taskflow_api_virtualenv.py for tasks to queue
[2026-05-10T19:30:00.371+0000] {logging_mixin.py:188} INFO - [2026-05-10T19:30:00.371+0000] {dagbag.py:545} INFO - Filling up the DagBag from /home/airflow/.local/lib/python3.12/site-packages/airflow/example_dags/tutorial_taskflow_api_virtualenv.py
[2026-05-10T19:30:00.381+0000] {processor.py:840} INFO - DAG(s) 'tutorial_taskflow_api_virtualenv' retrieved from /home/airflow/.local/lib/python3.12/site-packages/airflow/example_dags/tutorial_taskflow_api_virtualenv.py
[2026-05-10T19:30:00.398+0000] {logging_mixin.py:188} INFO - [2026-05-10T19:30:00.398+0000] {dag.py:3089} INFO - Sync 1 DAGs
[2026-05-10T19:30:00.410+0000] {logging_mixin.py:188} INFO - [2026-05-10T19:30:00.410+0000] {dag.py:3947} INFO - Setting next_dagrun for tutorial_taskflow_api_virtualenv to None, run_after=None
[2026-05-10T19:30:00.426+0000] {processor.py:183} INFO - Processing /home/airflow/.local/lib/python3.12/site-packages/airflow/example_dags/tutorial_taskflow_api_virtualenv.py took 0.064 seconds
[2026-05-10T19:30:31.364+0000] {processor.py:161} INFO - Started process (PID=8433) to work on /home/airflow/.local/lib/python3.12/site-packages/airflow/example_dags/tutorial_taskflow_api_virtualenv.py
[2026-05-10T19:30:31.365+0000] {processor.py:830} INFO - Processing file /home/airflow/.local/lib/python3.12/site-packages/airflow/example_dags/tutorial_taskflow_api_virtualenv.py for tasks to queue
[2026-05-10T19:30:31.366+0000] {logging_mixin.py:188} INFO - [2026-05-10T19:30:31.366+0000] {dagbag.py:545} INFO - Filling up the DagBag from /home/airflow/.local/lib/python3.12/site-packages/airflow/example_dags/tutorial_taskflow_api_virtualenv.py
[2026-05-10T19:30:31.375+0000] {processor.py:840} INFO - DAG(s) 'tutorial_taskflow_api_virtualenv' retrieved from /home/airflow/.local/lib/python3.12/site-packages/airflow/example_dags/tutorial_taskflow_api_virtualenv.py
[2026-05-10T19:30:31.393+0000] {logging_mixin.py:188} INFO - [2026-05-10T19:30:31.392+0000] {dag.py:3089} INFO - Sync 1 DAGs
[2026-05-10T19:30:31.402+0000] {logging_mixin.py:188} INFO - [2026-05-10T19:30:31.402+0000] {dag.py:3947} INFO - Setting next_dagrun for tutorial_taskflow_api_virtualenv to None, run_after=None
[2026-05-10T19:30:31.416+0000] {processor.py:183} INFO - Processing /home/airflow/.local/lib/python3.12/site-packages/airflow/example_dags/tutorial_taskflow_api_virtualenv.py took 0.059 seconds
[2026-05-10T19:31:01.682+0000] {processor.py:161} INFO - Started process (PID=8493) to work on /home/airflow/.local/lib/python3.12/site-packages/airflow/example_dags/tutorial_taskflow_api_virtualenv.py
[2026-05-10T19:31:01.683+0000] {processor.py:830} INFO - Processing file /home/airflow/.local/lib/python3.12/site-packages/airflow/example_dags/tutorial_taskflow_api_virtualenv.py for tasks to queue
[2026-05-10T19:31:01.684+0000] {logging_mixin.py:188} INFO - [2026-05-10T19:31:01.684+0000] {dagbag.py:545} INFO - Filling up the DagBag from /home/airflow/.local/lib/python3.12/site-packages/airflow/example_dags/tutorial_taskflow_api_virtualenv.py
[2026-05-10T19:31:01.693+0000] {processor.py:840} INFO - DAG(s) 'tutorial_taskflow_api_virtualenv' retrieved from /home/airflow/.local/lib/python3.12/site-packages/airflow/example_dags/tutorial_taskflow_api_virtualenv.py
[2026-05-10T19:31:01.711+0000] {logging_mixin.py:188} INFO - [2026-05-10T19:31:01.711+0000] {dag.py:3089} INFO - Sync 1 DAGs
[2026-05-10T19:31:01.721+0000] {logging_mixin.py:188} INFO - [2026-05-10T19:31:01.721+0000] {dag.py:3947} INFO - Setting next_dagrun for tutorial_taskflow_api_virtualenv to None, run_after=None
[2026-05-10T19:31:01.735+0000] {processor.py:183} INFO - Processing /home/airflow/.local/lib/python3.12/site-packages/airflow/example_dags/tutorial_taskflow_api_virtualenv.py took 0.059 seconds
[2026-05-10T19:31:32.011+0000] {processor.py:161} INFO - Started process (PID=8553) to work on /home/airflow/.local/lib/python3.12/site-packages/airflow/example_dags/tutorial_taskflow_api_virtualenv.py
[2026-05-10T19:31:32.012+0000] {processor.py:830} INFO - Processing file /home/airflow/.local/lib/python3.12/site-packages/airflow/example_dags/tutorial_taskflow_api_virtualenv.py for tasks to queue
[2026-05-10T19:31:32.014+0000] {logging_mixin.py:188} INFO - [2026-05-10T19:31:32.013+0000] {dagbag.py:545} INFO - Filling up the DagBag from /home/airflow/.local/lib/python3.12/site-packages/airflow/example_dags/tutorial_taskflow_api_virtualenv.py
[2026-05-10T19:31:32.022+0000] {processor.py:840} INFO - DAG(s) 'tutorial_taskflow_api_virtualenv' retrieved from /home/airflow/.local/lib/python3.12/site-packages/airflow/example_dags/tutorial_taskflow_api_virtualenv.py
[2026-05-10T19:31:32.040+0000] {logging_mixin.py:188} INFO - [2026-05-10T19:31:32.039+0000] {dag.py:3089} INFO - Sync 1 DAGs
[2026-05-10T19:31:32.049+0000] {logging_mixin.py:188} INFO - [2026-05-10T19:31:32.049+0000] {dag.py:3947} INFO - Setting next_dagrun for tutorial_taskflow_api_virtualenv to None, run_after=None
[2026-05-10T19:31:32.064+0000] {processor.py:183} INFO - Processing /home/airflow/.local/lib/python3.12/site-packages/airflow/example_dags/tutorial_taskflow_api_virtualenv.py took 0.060 seconds
[2026-05-10T19:32:02.170+0000] {processor.py:161} INFO - Started process (PID=8613) to work on /home/airflow/.local/lib/python3.12/site-packages/airflow/example_dags/tutorial_taskflow_api_virtualenv.py
[2026-05-10T19:32:02.171+0000] {processor.py:830} INFO - Processing file /home/airflow/.local/lib/python3.12/site-packages/airflow/example_dags/tutorial_taskflow_api_virtualenv.py for tasks to queue
[2026-05-10T19:32:02.173+0000] {logging_mixin.py:188} INFO - [2026-05-10T19:32:02.173+0000] {dagbag.py:545} INFO - Filling up the DagBag from /home/airflow/.local/lib/python3.12/site-packages/airflow/example_dags/tutorial_taskflow_api_virtualenv.py
[2026-05-10T19:32:02.184+0000] {processor.py:840} INFO - DAG(s) 'tutorial_taskflow_api_virtualenv' retrieved from /home/airflow/.local/lib/python3.12/site-packages/airflow/example_dags/tutorial_taskflow_api_virtualenv.py
[2026-05-10T19:32:02.203+0000] {logging_mixin.py:188} INFO - [2026-05-10T19:32:02.203+0000] {dag.py:3089} INFO - Sync 1 DAGs
[2026-05-10T19:32:02.215+0000] {logging_mixin.py:188} INFO - [2026-05-10T19:32:02.215+0000] {dag.py:3947} INFO - Setting next_dagrun for tutorial_taskflow_api_virtualenv to None, run_after=None
[2026-05-10T19:32:02.229+0000] {processor.py:183} INFO - Processing /home/airflow/.local/lib/python3.12/site-packages/airflow/example_dags/tutorial_taskflow_api_virtualenv.py took 0.066 seconds
[2026-05-10T19:32:32.404+0000] {processor.py:161} INFO - Started process (PID=8673) to work on /home/airflow/.local/lib/python3.12/site-packages/airflow/example_dags/tutorial_taskflow_api_virtualenv.py
[2026-05-10T19:32:32.405+0000] {processor.py:830} INFO - Processing file /home/airflow/.local/lib/python3.12/site-packages/airflow/example_dags/tutorial_taskflow_api_virtualenv.py for tasks to queue
[2026-05-10T19:32:32.407+0000] {logging_mixin.py:188} INFO - [2026-05-10T19:32:32.406+0000] {dagbag.py:545} INFO - Filling up the DagBag from /home/airflow/.local/lib/python3.12/site-packages/airflow/example_dags/tutorial_taskflow_api_virtualenv.py
[2026-05-10T19:32:32.417+0000] {processor.py:840} INFO - DAG(s) 'tutorial_taskflow_api_virtualenv' retrieved from /home/airflow/.local/lib/python3.12/site-packages/airflow/example_dags/tutorial_taskflow_api_virtualenv.py
[2026-05-10T19:32:32.436+0000] {logging_mixin.py:188} INFO - [2026-05-10T19:32:32.435+0000] {dag.py:3089} INFO - Sync 1 DAGs
[2026-05-10T19:32:32.445+0000] {logging_mixin.py:188} INFO - [2026-05-10T19:32:32.445+0000] {dag.py:3947} INFO - Setting next_dagrun for tutorial_taskflow_api_virtualenv to None, run_after=None
[2026-05-10T19:32:32.460+0000] {processor.py:183} INFO - Processing /home/airflow/.local/lib/python3.12/site-packages/airflow/example_dags/tutorial_taskflow_api_virtualenv.py took 0.063 seconds
[2026-05-10T19:33:02.603+0000] {processor.py:161} INFO - Started process (PID=8733) to work on /home/airflow/.local/lib/python3.12/site-packages/airflow/example_dags/tutorial_taskflow_api_virtualenv.py
[2026-05-10T19:33:02.604+0000] {processor.py:830} INFO - Processing file /home/airflow/.local/lib/python3.12/site-packages/airflow/example_dags/tutorial_taskflow_api_virtualenv.py for tasks to queue
[2026-05-10T19:33:02.606+0000] {logging_mixin.py:188} INFO - [2026-05-10T19:33:02.606+0000] {dagbag.py:545} INFO - Filling up the DagBag from /home/airflow/.local/lib/python3.12/site-packages/airflow/example_dags/tutorial_taskflow_api_virtualenv.py
[2026-05-10T19:33:02.616+0000] {processor.py:840} INFO - DAG(s) 'tutorial_taskflow_api_virtualenv' retrieved from /home/airflow/.local/lib/python3.12/site-packages/airflow/example_dags/tutorial_taskflow_api_virtualenv.py
[2026-05-10T19:33:02.634+0000] {logging_mixin.py:188} INFO - [2026-05-10T19:33:02.633+0000] {dag.py:3089} INFO - Sync 1 DAGs
[2026-05-10T19:33:02.646+0000] {logging_mixin.py:188} INFO - [2026-05-10T19:33:02.645+0000] {dag.py:3947} INFO - Setting next_dagrun for tutorial_taskflow_api_virtualenv to None, run_after=None
[2026-05-10T19:33:02.661+0000] {processor.py:183} INFO - Processing /home/airflow/.local/lib/python3.12/site-packages/airflow/example_dags/tutorial_taskflow_api_virtualenv.py took 0.065 seconds
[2026-05-10T19:33:32.943+0000] {processor.py:161} INFO - Started process (PID=8793) to work on /home/airflow/.local/lib/python3.12/site-packages/airflow/example_dags/tutorial_taskflow_api_virtualenv.py
[2026-05-10T19:33:32.944+0000] {processor.py:830} INFO - Processing file /home/airflow/.local/lib/python3.12/site-packages/airflow/example_dags/tutorial_taskflow_api_virtualenv.py for tasks to queue
[2026-05-10T19:33:32.946+0000] {logging_mixin.py:188} INFO - [2026-05-10T19:33:32.946+0000] {dagbag.py:545} INFO - Filling up the DagBag from /home/airflow/.local/lib/python3.12/site-packages/airflow/example_dags/tutorial_taskflow_api_virtualenv.py
[2026-05-10T19:33:32.955+0000] {processor.py:840} INFO - DAG(s) 'tutorial_taskflow_api_virtualenv' retrieved from /home/airflow/.local/lib/python3.12/site-packages/airflow/example_dags/tutorial_taskflow_api_virtualenv.py
[2026-05-10T19:33:32.972+0000] {logging_mixin.py:188} INFO - [2026-05-10T19:33:32.972+0000] {dag.py:3089} INFO - Sync 1 DAGs
[2026-05-10T19:33:32.982+0000] {logging_mixin.py:188} INFO - [2026-05-10T19:33:32.982+0000] {dag.py:3947} INFO - Setting next_dagrun for tutorial_taskflow_api_virtualenv to None, run_after=None
[2026-05-10T19:33:32.997+0000] {processor.py:183} INFO - Processing /home/airflow/.local/lib/python3.12/site-packages/airflow/example_dags/tutorial_taskflow_api_virtualenv.py took 0.060 seconds
[2026-05-10T19:34:03.276+0000] {processor.py:161} INFO - Started process (PID=8853) to work on /home/airflow/.local/lib/python3.12/site-packages/airflow/example_dags/tutorial_taskflow_api_virtualenv.py
[2026-05-10T19:34:03.277+0000] {processor.py:830} INFO - Processing file /home/airflow/.local/lib/python3.12/site-packages/airflow/example_dags/tutorial_taskflow_api_virtualenv.py for tasks to queue
[2026-05-10T19:34:03.278+0000] {logging_mixin.py:188} INFO - [2026-05-10T19:34:03.278+0000] {dagbag.py:545} INFO - Filling up the DagBag from /home/airflow/.local/lib/python3.12/site-packages/airflow/example_dags/tutorial_taskflow_api_virtualenv.py
[2026-05-10T19:34:03.287+0000] {processor.py:840} INFO - DAG(s) 'tutorial_taskflow_api_virtualenv' retrieved from /home/airflow/.local/lib/python3.12/site-packages/airflow/example_dags/tutorial_taskflow_api_virtualenv.py
[2026-05-10T19:34:03.305+0000] {logging_mixin.py:188} INFO - [2026-05-10T19:34:03.305+0000] {dag.py:3089} INFO - Sync 1 DAGs
[2026-05-10T19:34:03.315+0000] {logging_mixin.py:188} INFO - [2026-05-10T19:34:03.314+0000] {dag.py:3947} INFO - Setting next_dagrun for tutorial_taskflow_api_virtualenv to None, run_after=None
[2026-05-10T19:34:03.328+0000] {processor.py:183} INFO - Processing /home/airflow/.local/lib/python3.12/site-packages/airflow/example_dags/tutorial_taskflow_api_virtualenv.py took 0.059 seconds
[2026-05-10T19:34:33.501+0000] {processor.py:161} INFO - Started process (PID=8913) to work on /home/airflow/.local/lib/python3.12/site-packages/airflow/example_dags/tutorial_taskflow_api_virtualenv.py
[2026-05-10T19:34:33.502+0000] {processor.py:830} INFO - Processing file /home/airflow/.local/lib/python3.12/site-packages/airflow/example_dags/tutorial_taskflow_api_virtualenv.py for tasks to queue
[2026-05-10T19:34:33.503+0000] {logging_mixin.py:188} INFO - [2026-05-10T19:34:33.503+0000] {dagbag.py:545} INFO - Filling up the DagBag from /home/airflow/.local/lib/python3.12/site-packages/airflow/example_dags/tutorial_taskflow_api_virtualenv.py
[2026-05-10T19:34:33.512+0000] {processor.py:840} INFO - DAG(s) 'tutorial_taskflow_api_virtualenv' retrieved from /home/airflow/.local/lib/python3.12/site-packages/airflow/example_dags/tutorial_taskflow_api_virtualenv.py
[2026-05-10T19:34:33.529+0000] {logging_mixin.py:188} INFO - [2026-05-10T19:34:33.528+0000] {dag.py:3089} INFO - Sync 1 DAGs
[2026-05-10T19:34:33.539+0000] {logging_mixin.py:188} INFO - [2026-05-10T19:34:33.539+0000] {dag.py:3947} INFO - Setting next_dagrun for tutorial_taskflow_api_virtualenv to None, run_after=None
[2026-05-10T19:34:33.554+0000] {processor.py:183} INFO - Processing /home/airflow/.local/lib/python3.12/site-packages/airflow/example_dags/tutorial_taskflow_api_virtualenv.py took 0.059 seconds
[2026-05-10T19:35:04.159+0000] {processor.py:161} INFO - Started process (PID=8973) to work on /home/airflow/.local/lib/python3.12/site-packages/airflow/example_dags/tutorial_taskflow_api_virtualenv.py
[2026-05-10T19:35:04.160+0000] {processor.py:830} INFO - Processing file /home/airflow/.local/lib/python3.12/site-packages/airflow/example_dags/tutorial_taskflow_api_virtualenv.py for tasks to queue
[2026-05-10T19:35:04.162+0000] {logging_mixin.py:188} INFO - [2026-05-10T19:35:04.162+0000] {dagbag.py:545} INFO - Filling up the DagBag from /home/airflow/.local/lib/python3.12/site-packages/airflow/example_dags/tutorial_taskflow_api_virtualenv.py
[2026-05-10T19:35:04.171+0000] {processor.py:840} INFO - DAG(s) 'tutorial_taskflow_api_virtualenv' retrieved from /home/airflow/.local/lib/python3.12/site-packages/airflow/example_dags/tutorial_taskflow_api_virtualenv.py
[2026-05-10T19:35:04.188+0000] {logging_mixin.py:188} INFO - [2026-05-10T19:35:04.188+0000] {dag.py:3089} INFO - Sync 1 DAGs
[2026-05-10T19:35:04.200+0000] {logging_mixin.py:188} INFO - [2026-05-10T19:35:04.200+0000] {dag.py:3947} INFO - Setting next_dagrun for tutorial_taskflow_api_virtualenv to None, run_after=None
[2026-05-10T19:35:04.217+0000] {processor.py:183} INFO - Processing /home/airflow/.local/lib/python3.12/site-packages/airflow/example_dags/tutorial_taskflow_api_virtualenv.py took 0.064 seconds
[2026-05-10T19:35:34.925+0000] {processor.py:161} INFO - Started process (PID=9033) to work on /home/airflow/.local/lib/python3.12/site-packages/airflow/example_dags/tutorial_taskflow_api_virtualenv.py
[2026-05-10T19:35:34.926+0000] {processor.py:830} INFO - Processing file /home/airflow/.local/lib/python3.12/site-packages/airflow/example_dags/tutorial_taskflow_api_virtualenv.py for tasks to queue
[2026-05-10T19:35:34.927+0000] {logging_mixin.py:188} INFO - [2026-05-10T19:35:34.927+0000] {dagbag.py:545} INFO - Filling up the DagBag from /home/airflow/.local/lib/python3.12/site-packages/airflow/example_dags/tutorial_taskflow_api_virtualenv.py
[2026-05-10T19:35:34.936+0000] {processor.py:840} INFO - DAG(s) 'tutorial_taskflow_api_virtualenv' retrieved from /home/airflow/.local/lib/python3.12/site-packages/airflow/example_dags/tutorial_taskflow_api_virtualenv.py
[2026-05-10T19:35:34.955+0000] {logging_mixin.py:188} INFO - [2026-05-10T19:35:34.955+0000] {dag.py:3089} INFO - Sync 1 DAGs
[2026-05-10T19:35:34.966+0000] {logging_mixin.py:188} INFO - [2026-05-10T19:35:34.965+0000] {dag.py:3947} INFO - Setting next_dagrun for tutorial_taskflow_api_virtualenv to None, run_after=None
[2026-05-10T19:35:34.980+0000] {processor.py:183} INFO - Processing /home/airflow/.local/lib/python3.12/site-packages/airflow/example_dags/tutorial_taskflow_api_virtualenv.py took 0.061 seconds
[2026-05-10T19:36:05.540+0000] {processor.py:161} INFO - Started process (PID=9093) to work on /home/airflow/.local/lib/python3.12/site-packages/airflow/example_dags/tutorial_taskflow_api_virtualenv.py
[2026-05-10T19:36:05.541+0000] {processor.py:830} INFO - Processing file /home/airflow/.local/lib/python3.12/site-packages/airflow/example_dags/tutorial_taskflow_api_virtualenv.py for tasks to queue
[2026-05-10T19:36:05.542+0000] {logging_mixin.py:188} INFO - [2026-05-10T19:36:05.542+0000] {dagbag.py:545} INFO - Filling up the DagBag from /home/airflow/.local/lib/python3.12/site-packages/airflow/example_dags/tutorial_taskflow_api_virtualenv.py
[2026-05-10T19:36:05.551+0000] {processor.py:840} INFO - DAG(s) 'tutorial_taskflow_api_virtualenv' retrieved from /home/airflow/.local/lib/python3.12/site-packages/airflow/example_dags/tutorial_taskflow_api_virtualenv.py
[2026-05-10T19:36:05.570+0000] {logging_mixin.py:188} INFO - [2026-05-10T19:36:05.569+0000] {dag.py:3089} INFO - Sync 1 DAGs
[2026-05-10T19:36:05.582+0000] {logging_mixin.py:188} INFO - [2026-05-10T19:36:05.581+0000] {dag.py:3947} INFO - Setting next_dagrun for tutorial_taskflow_api_virtualenv to None, run_after=None
[2026-05-10T19:36:05.599+0000] {processor.py:183} INFO - Processing /home/airflow/.local/lib/python3.12/site-packages/airflow/example_dags/tutorial_taskflow_api_virtualenv.py took 0.066 seconds
[2026-05-10T19:36:35.768+0000] {processor.py:161} INFO - Started process (PID=9153) to work on /home/airflow/.local/lib/python3.12/site-packages/airflow/example_dags/tutorial_taskflow_api_virtualenv.py
[2026-05-10T19:36:35.769+0000] {processor.py:830} INFO - Processing file /home/airflow/.local/lib/python3.12/site-packages/airflow/example_dags/tutorial_taskflow_api_virtualenv.py for tasks to queue
[2026-05-10T19:36:35.770+0000] {logging_mixin.py:188} INFO - [2026-05-10T19:36:35.770+0000] {dagbag.py:545} INFO - Filling up the DagBag from /home/airflow/.local/lib/python3.12/site-packages/airflow/example_dags/tutorial_taskflow_api_virtualenv.py
[2026-05-10T19:36:35.779+0000] {processor.py:840} INFO - DAG(s) 'tutorial_taskflow_api_virtualenv' retrieved from /home/airflow/.local/lib/python3.12/site-packages/airflow/example_dags/tutorial_taskflow_api_virtualenv.py
[2026-05-10T19:36:35.796+0000] {logging_mixin.py:188} INFO - [2026-05-10T19:36:35.796+0000] {dag.py:3089} INFO - Sync 1 DAGs
[2026-05-10T19:36:35.806+0000] {logging_mixin.py:188} INFO - [2026-05-10T19:36:35.806+0000] {dag.py:3947} INFO - Setting next_dagrun for tutorial_taskflow_api_virtualenv to None, run_after=None
[2026-05-10T19:36:35.820+0000] {processor.py:183} INFO - Processing /home/airflow/.local/lib/python3.12/site-packages/airflow/example_dags/tutorial_taskflow_api_virtualenv.py took 0.059 seconds
[2026-05-10T19:37:06.229+0000] {processor.py:161} INFO - Started process (PID=9213) to work on /home/airflow/.local/lib/python3.12/site-packages/airflow/example_dags/tutorial_taskflow_api_virtualenv.py
[2026-05-10T19:37:06.230+0000] {processor.py:830} INFO - Processing file /home/airflow/.local/lib/python3.12/site-packages/airflow/example_dags/tutorial_taskflow_api_virtualenv.py for tasks to queue
[2026-05-10T19:37:06.232+0000] {logging_mixin.py:188} INFO - [2026-05-10T19:37:06.231+0000] {dagbag.py:545} INFO - Filling up the DagBag from /home/airflow/.local/lib/python3.12/site-packages/airflow/example_dags/tutorial_taskflow_api_virtualenv.py
[2026-05-10T19:37:06.241+0000] {processor.py:840} INFO - DAG(s) 'tutorial_taskflow_api_virtualenv' retrieved from /home/airflow/.local/lib/python3.12/site-packages/airflow/example_dags/tutorial_taskflow_api_virtualenv.py
[2026-05-10T19:37:06.257+0000] {logging_mixin.py:188} INFO - [2026-05-10T19:37:06.257+0000] {dag.py:3089} INFO - Sync 1 DAGs
[2026-05-10T19:37:06.267+0000] {logging_mixin.py:188} INFO - [2026-05-10T19:37:06.267+0000] {dag.py:3947} INFO - Setting next_dagrun for tutorial_taskflow_api_virtualenv to None, run_after=None
[2026-05-10T19:37:06.282+0000] {processor.py:183} INFO - Processing /home/airflow/.local/lib/python3.12/site-packages/airflow/example_dags/tutorial_taskflow_api_virtualenv.py took 0.059 seconds
[2026-05-10T19:37:36.373+0000] {processor.py:161} INFO - Started process (PID=9273) to work on /home/airflow/.local/lib/python3.12/site-packages/airflow/example_dags/tutorial_taskflow_api_virtualenv.py
[2026-05-10T19:37:36.373+0000] {processor.py:830} INFO - Processing file /home/airflow/.local/lib/python3.12/site-packages/airflow/example_dags/tutorial_taskflow_api_virtualenv.py for tasks to queue
[2026-05-10T19:37:36.375+0000] {logging_mixin.py:188} INFO - [2026-05-10T19:37:36.375+0000] {dagbag.py:545} INFO - Filling up the DagBag from /home/airflow/.local/lib/python3.12/site-packages/airflow/example_dags/tutorial_taskflow_api_virtualenv.py
[2026-05-10T19:37:36.384+0000] {processor.py:840} INFO - DAG(s) 'tutorial_taskflow_api_virtualenv' retrieved from /home/airflow/.local/lib/python3.12/site-packages/airflow/example_dags/tutorial_taskflow_api_virtualenv.py
[2026-05-10T19:37:36.402+0000] {logging_mixin.py:188} INFO - [2026-05-10T19:37:36.402+0000] {dag.py:3089} INFO - Sync 1 DAGs
[2026-05-10T19:37:36.414+0000] {logging_mixin.py:188} INFO - [2026-05-10T19:37:36.414+0000] {dag.py:3947} INFO - Setting next_dagrun for tutorial_taskflow_api_virtualenv to None, run_after=None
[2026-05-10T19:37:36.429+0000] {processor.py:183} INFO - Processing /home/airflow/.local/lib/python3.12/site-packages/airflow/example_dags/tutorial_taskflow_api_virtualenv.py took 0.062 seconds
[2026-05-10T19:38:06.787+0000] {processor.py:161} INFO - Started process (PID=9334) to work on /home/airflow/.local/lib/python3.12/site-packages/airflow/example_dags/tutorial_taskflow_api_virtualenv.py
[2026-05-10T19:38:06.788+0000] {processor.py:830} INFO - Processing file /home/airflow/.local/lib/python3.12/site-packages/airflow/example_dags/tutorial_taskflow_api_virtualenv.py for tasks to queue
[2026-05-10T19:38:06.790+0000] {logging_mixin.py:188} INFO - [2026-05-10T19:38:06.790+0000] {dagbag.py:545} INFO - Filling up the DagBag from /home/airflow/.local/lib/python3.12/site-packages/airflow/example_dags/tutorial_taskflow_api_virtualenv.py
[2026-05-10T19:38:06.800+0000] {processor.py:840} INFO - DAG(s) 'tutorial_taskflow_api_virtualenv' retrieved from /home/airflow/.local/lib/python3.12/site-packages/airflow/example_dags/tutorial_taskflow_api_virtualenv.py
[2026-05-10T19:38:06.817+0000] {logging_mixin.py:188} INFO - [2026-05-10T19:38:06.817+0000] {dag.py:3089} INFO - Sync 1 DAGs
[2026-05-10T19:38:06.828+0000] {logging_mixin.py:188} INFO - [2026-05-10T19:38:06.828+0000] {dag.py:3947} INFO - Setting next_dagrun for tutorial_taskflow_api_virtualenv to None, run_after=None
[2026-05-10T19:38:06.842+0000] {processor.py:183} INFO - Processing /home/airflow/.local/lib/python3.12/site-packages/airflow/example_dags/tutorial_taskflow_api_virtualenv.py took 0.061 seconds
[2026-05-10T19:38:36.973+0000] {processor.py:161} INFO - Started process (PID=9394) to work on /home/airflow/.local/lib/python3.12/site-packages/airflow/example_dags/tutorial_taskflow_api_virtualenv.py
[2026-05-10T19:38:36.974+0000] {processor.py:830} INFO - Processing file /home/airflow/.local/lib/python3.12/site-packages/airflow/example_dags/tutorial_taskflow_api_virtualenv.py for tasks to queue
[2026-05-10T19:38:36.975+0000] {logging_mixin.py:188} INFO - [2026-05-10T19:38:36.975+0000] {dagbag.py:545} INFO - Filling up the DagBag from /home/airflow/.local/lib/python3.12/site-packages/airflow/example_dags/tutorial_taskflow_api_virtualenv.py
[2026-05-10T19:38:36.986+0000] {processor.py:840} INFO - DAG(s) 'tutorial_taskflow_api_virtualenv' retrieved from /home/airflow/.local/lib/python3.12/site-packages/airflow/example_dags/tutorial_taskflow_api_virtualenv.py
[2026-05-10T19:38:37.002+0000] {logging_mixin.py:188} INFO - [2026-05-10T19:38:37.002+0000] {dag.py:3089} INFO - Sync 1 DAGs
[2026-05-10T19:38:37.013+0000] {logging_mixin.py:188} INFO - [2026-05-10T19:38:37.013+0000] {dag.py:3947} INFO - Setting next_dagrun for tutorial_taskflow_api_virtualenv to None, run_after=None
[2026-05-10T19:38:37.028+0000] {processor.py:183} INFO - Processing /home/airflow/.local/lib/python3.12/site-packages/airflow/example_dags/tutorial_taskflow_api_virtualenv.py took 0.062 seconds
[2026-05-10T19:39:07.140+0000] {processor.py:161} INFO - Started process (PID=9454) to work on /home/airflow/.local/lib/python3.12/site-packages/airflow/example_dags/tutorial_taskflow_api_virtualenv.py
[2026-05-10T19:39:07.140+0000] {processor.py:830} INFO - Processing file /home/airflow/.local/lib/python3.12/site-packages/airflow/example_dags/tutorial_taskflow_api_virtualenv.py for tasks to queue
[2026-05-10T19:39:07.142+0000] {logging_mixin.py:188} INFO - [2026-05-10T19:39:07.142+0000] {dagbag.py:545} INFO - Filling up the DagBag from /home/airflow/.local/lib/python3.12/site-packages/airflow/example_dags/tutorial_taskflow_api_virtualenv.py
[2026-05-10T19:39:07.152+0000] {processor.py:840} INFO - DAG(s) 'tutorial_taskflow_api_virtualenv' retrieved from /home/airflow/.local/lib/python3.12/site-packages/airflow/example_dags/tutorial_taskflow_api_virtualenv.py
[2026-05-10T19:39:07.169+0000] {logging_mixin.py:188} INFO - [2026-05-10T19:39:07.169+0000] {dag.py:3089} INFO - Sync 1 DAGs
[2026-05-10T19:39:07.180+0000] {logging_mixin.py:188} INFO - [2026-05-10T19:39:07.179+0000] {dag.py:3947} INFO - Setting next_dagrun for tutorial_taskflow_api_virtualenv to None, run_after=None
[2026-05-10T19:39:07.194+0000] {processor.py:183} INFO - Processing /home/airflow/.local/lib/python3.12/site-packages/airflow/example_dags/tutorial_taskflow_api_virtualenv.py took 0.061 seconds
[2026-05-10T19:39:37.438+0000] {processor.py:161} INFO - Started process (PID=9514) to work on /home/airflow/.local/lib/python3.12/site-packages/airflow/example_dags/tutorial_taskflow_api_virtualenv.py
[2026-05-10T19:39:37.439+0000] {processor.py:830} INFO - Processing file /home/airflow/.local/lib/python3.12/site-packages/airflow/example_dags/tutorial_taskflow_api_virtualenv.py for tasks to queue
[2026-05-10T19:39:37.440+0000] {logging_mixin.py:188} INFO - [2026-05-10T19:39:37.440+0000] {dagbag.py:545} INFO - Filling up the DagBag from /home/airflow/.local/lib/python3.12/site-packages/airflow/example_dags/tutorial_taskflow_api_virtualenv.py
[2026-05-10T19:39:37.450+0000] {processor.py:840} INFO - DAG(s) 'tutorial_taskflow_api_virtualenv' retrieved from /home/airflow/.local/lib/python3.12/site-packages/airflow/example_dags/tutorial_taskflow_api_virtualenv.py
[2026-05-10T19:39:37.468+0000] {logging_mixin.py:188} INFO - [2026-05-10T19:39:37.468+0000] {dag.py:3089} INFO - Sync 1 DAGs
[2026-05-10T19:39:37.480+0000] {logging_mixin.py:188} INFO - [2026-05-10T19:39:37.480+0000] {dag.py:3947} INFO - Setting next_dagrun for tutorial_taskflow_api_virtualenv to None, run_after=None
[2026-05-10T19:39:37.493+0000] {processor.py:183} INFO - Processing /home/airflow/.local/lib/python3.12/site-packages/airflow/example_dags/tutorial_taskflow_api_virtualenv.py took 0.062 seconds
[2026-05-10T19:40:07.696+0000] {processor.py:161} INFO - Started process (PID=9574) to work on /home/airflow/.local/lib/python3.12/site-packages/airflow/example_dags/tutorial_taskflow_api_virtualenv.py
[2026-05-10T19:40:07.697+0000] {processor.py:830} INFO - Processing file /home/airflow/.local/lib/python3.12/site-packages/airflow/example_dags/tutorial_taskflow_api_virtualenv.py for tasks to queue
[2026-05-10T19:40:07.699+0000] {logging_mixin.py:188} INFO - [2026-05-10T19:40:07.699+0000] {dagbag.py:545} INFO - Filling up the DagBag from /home/airflow/.local/lib/python3.12/site-packages/airflow/example_dags/tutorial_taskflow_api_virtualenv.py
[2026-05-10T19:40:07.710+0000] {processor.py:840} INFO - DAG(s) 'tutorial_taskflow_api_virtualenv' retrieved from /home/airflow/.local/lib/python3.12/site-packages/airflow/example_dags/tutorial_taskflow_api_virtualenv.py
[2026-05-10T19:40:07.728+0000] {logging_mixin.py:188} INFO - [2026-05-10T19:40:07.728+0000] {dag.py:3089} INFO - Sync 1 DAGs
[2026-05-10T19:40:07.739+0000] {logging_mixin.py:188} INFO - [2026-05-10T19:40:07.739+0000] {dag.py:3947} INFO - Setting next_dagrun for tutorial_taskflow_api_virtualenv to None, run_after=None
[2026-05-10T19:40:07.753+0000] {processor.py:183} INFO - Processing /home/airflow/.local/lib/python3.12/site-packages/airflow/example_dags/tutorial_taskflow_api_virtualenv.py took 0.064 seconds
[2026-05-10T19:40:37.812+0000] {processor.py:161} INFO - Started process (PID=9634) to work on /home/airflow/.local/lib/python3.12/site-packages/airflow/example_dags/tutorial_taskflow_api_virtualenv.py
[2026-05-10T19:40:37.813+0000] {processor.py:830} INFO - Processing file /home/airflow/.local/lib/python3.12/site-packages/airflow/example_dags/tutorial_taskflow_api_virtualenv.py for tasks to queue
[2026-05-10T19:40:37.814+0000] {logging_mixin.py:188} INFO - [2026-05-10T19:40:37.814+0000] {dagbag.py:545} INFO - Filling up the DagBag from /home/airflow/.local/lib/python3.12/site-packages/airflow/example_dags/tutorial_taskflow_api_virtualenv.py
[2026-05-10T19:40:37.823+0000] {processor.py:840} INFO - DAG(s) 'tutorial_taskflow_api_virtualenv' retrieved from /home/airflow/.local/lib/python3.12/site-packages/airflow/example_dags/tutorial_taskflow_api_virtualenv.py
[2026-05-10T19:40:37.840+0000] {logging_mixin.py:188} INFO - [2026-05-10T19:40:37.840+0000] {dag.py:3089} INFO - Sync 1 DAGs
[2026-05-10T19:40:37.851+0000] {logging_mixin.py:188} INFO - [2026-05-10T19:40:37.851+0000] {dag.py:3947} INFO - Setting next_dagrun for tutorial_taskflow_api_virtualenv to None, run_after=None
[2026-05-10T19:40:37.867+0000] {processor.py:183} INFO - Processing /home/airflow/.local/lib/python3.12/site-packages/airflow/example_dags/tutorial_taskflow_api_virtualenv.py took 0.062 seconds
[2026-05-10T19:41:08.223+0000] {processor.py:161} INFO - Started process (PID=9694) to work on /home/airflow/.local/lib/python3.12/site-packages/airflow/example_dags/tutorial_taskflow_api_virtualenv.py
[2026-05-10T19:41:08.224+0000] {processor.py:830} INFO - Processing file /home/airflow/.local/lib/python3.12/site-packages/airflow/example_dags/tutorial_taskflow_api_virtualenv.py for tasks to queue
[2026-05-10T19:41:08.226+0000] {logging_mixin.py:188} INFO - [2026-05-10T19:41:08.226+0000] {dagbag.py:545} INFO - Filling up the DagBag from /home/airflow/.local/lib/python3.12/site-packages/airflow/example_dags/tutorial_taskflow_api_virtualenv.py
[2026-05-10T19:41:08.235+0000] {processor.py:840} INFO - DAG(s) 'tutorial_taskflow_api_virtualenv' retrieved from /home/airflow/.local/lib/python3.12/site-packages/airflow/example_dags/tutorial_taskflow_api_virtualenv.py
[2026-05-10T19:41:08.253+0000] {logging_mixin.py:188} INFO - [2026-05-10T19:41:08.253+0000] {dag.py:3089} INFO - Sync 1 DAGs
[2026-05-10T19:41:08.263+0000] {logging_mixin.py:188} INFO - [2026-05-10T19:41:08.263+0000] {dag.py:3947} INFO - Setting next_dagrun for tutorial_taskflow_api_virtualenv to None, run_after=None
[2026-05-10T19:41:08.277+0000] {processor.py:183} INFO - Processing /home/airflow/.local/lib/python3.12/site-packages/airflow/example_dags/tutorial_taskflow_api_virtualenv.py took 0.060 seconds
[2026-05-10T19:41:38.392+0000] {processor.py:161} INFO - Started process (PID=9754) to work on /home/airflow/.local/lib/python3.12/site-packages/airflow/example_dags/tutorial_taskflow_api_virtualenv.py
[2026-05-10T19:41:38.393+0000] {processor.py:830} INFO - Processing file /home/airflow/.local/lib/python3.12/site-packages/airflow/example_dags/tutorial_taskflow_api_virtualenv.py for tasks to queue
[2026-05-10T19:41:38.394+0000] {logging_mixin.py:188} INFO - [2026-05-10T19:41:38.394+0000] {dagbag.py:545} INFO - Filling up the DagBag from /home/airflow/.local/lib/python3.12/site-packages/airflow/example_dags/tutorial_taskflow_api_virtualenv.py
[2026-05-10T19:41:38.403+0000] {processor.py:840} INFO - DAG(s) 'tutorial_taskflow_api_virtualenv' retrieved from /home/airflow/.local/lib/python3.12/site-packages/airflow/example_dags/tutorial_taskflow_api_virtualenv.py
[2026-05-10T19:41:38.420+0000] {logging_mixin.py:188} INFO - [2026-05-10T19:41:38.420+0000] {dag.py:3089} INFO - Sync 1 DAGs
[2026-05-10T19:41:38.431+0000] {logging_mixin.py:188} INFO - [2026-05-10T19:41:38.430+0000] {dag.py:3947} INFO - Setting next_dagrun for tutorial_taskflow_api_virtualenv to None, run_after=None
[2026-05-10T19:41:38.445+0000] {processor.py:183} INFO - Processing /home/airflow/.local/lib/python3.12/site-packages/airflow/example_dags/tutorial_taskflow_api_virtualenv.py took 0.059 seconds
[2026-05-10T19:42:08.623+0000] {processor.py:161} INFO - Started process (PID=9814) to work on /home/airflow/.local/lib/python3.12/site-packages/airflow/example_dags/tutorial_taskflow_api_virtualenv.py
[2026-05-10T19:42:08.624+0000] {processor.py:830} INFO - Processing file /home/airflow/.local/lib/python3.12/site-packages/airflow/example_dags/tutorial_taskflow_api_virtualenv.py for tasks to queue
[2026-05-10T19:42:08.626+0000] {logging_mixin.py:188} INFO - [2026-05-10T19:42:08.625+0000] {dagbag.py:545} INFO - Filling up the DagBag from /home/airflow/.local/lib/python3.12/site-packages/airflow/example_dags/tutorial_taskflow_api_virtualenv.py
[2026-05-10T19:42:08.634+0000] {processor.py:840} INFO - DAG(s) 'tutorial_taskflow_api_virtualenv' retrieved from /home/airflow/.local/lib/python3.12/site-packages/airflow/example_dags/tutorial_taskflow_api_virtualenv.py
[2026-05-10T19:42:08.652+0000] {logging_mixin.py:188} INFO - [2026-05-10T19:42:08.651+0000] {dag.py:3089} INFO - Sync 1 DAGs
[2026-05-10T19:42:08.662+0000] {logging_mixin.py:188} INFO - [2026-05-10T19:42:08.662+0000] {dag.py:3947} INFO - Setting next_dagrun for tutorial_taskflow_api_virtualenv to None, run_after=None
[2026-05-10T19:42:08.677+0000] {processor.py:183} INFO - Processing /home/airflow/.local/lib/python3.12/site-packages/airflow/example_dags/tutorial_taskflow_api_virtualenv.py took 0.061 seconds
[2026-05-10T19:42:39.545+0000] {processor.py:161} INFO - Started process (PID=9874) to work on /home/airflow/.local/lib/python3.12/site-packages/airflow/example_dags/tutorial_taskflow_api_virtualenv.py
[2026-05-10T19:42:39.546+0000] {processor.py:830} INFO - Processing file /home/airflow/.local/lib/python3.12/site-packages/airflow/example_dags/tutorial_taskflow_api_virtualenv.py for tasks to queue
[2026-05-10T19:42:39.548+0000] {logging_mixin.py:188} INFO - [2026-05-10T19:42:39.548+0000] {dagbag.py:545} INFO - Filling up the DagBag from /home/airflow/.local/lib/python3.12/site-packages/airflow/example_dags/tutorial_taskflow_api_virtualenv.py
[2026-05-10T19:42:39.559+0000] {processor.py:840} INFO - DAG(s) 'tutorial_taskflow_api_virtualenv' retrieved from /home/airflow/.local/lib/python3.12/site-packages/airflow/example_dags/tutorial_taskflow_api_virtualenv.py
[2026-05-10T19:42:39.579+0000] {logging_mixin.py:188} INFO - [2026-05-10T19:42:39.579+0000] {dag.py:3089} INFO - Sync 1 DAGs
[2026-05-10T19:42:39.593+0000] {logging_mixin.py:188} INFO - [2026-05-10T19:42:39.593+0000] {dag.py:3947} INFO - Setting next_dagrun for tutorial_taskflow_api_virtualenv to None, run_after=None
[2026-05-10T19:42:39.610+0000] {processor.py:183} INFO - Processing /home/airflow/.local/lib/python3.12/site-packages/airflow/example_dags/tutorial_taskflow_api_virtualenv.py took 0.072 seconds
[2026-05-10T19:43:10.254+0000] {processor.py:161} INFO - Started process (PID=9940) to work on /home/airflow/.local/lib/python3.12/site-packages/airflow/example_dags/tutorial_taskflow_api_virtualenv.py
[2026-05-10T19:43:10.255+0000] {processor.py:830} INFO - Processing file /home/airflow/.local/lib/python3.12/site-packages/airflow/example_dags/tutorial_taskflow_api_virtualenv.py for tasks to queue
[2026-05-10T19:43:10.257+0000] {logging_mixin.py:188} INFO - [2026-05-10T19:43:10.257+0000] {dagbag.py:545} INFO - Filling up the DagBag from /home/airflow/.local/lib/python3.12/site-packages/airflow/example_dags/tutorial_taskflow_api_virtualenv.py
[2026-05-10T19:43:10.266+0000] {processor.py:840} INFO - DAG(s) 'tutorial_taskflow_api_virtualenv' retrieved from /home/airflow/.local/lib/python3.12/site-packages/airflow/example_dags/tutorial_taskflow_api_virtualenv.py
[2026-05-10T19:43:10.284+0000] {logging_mixin.py:188} INFO - [2026-05-10T19:43:10.283+0000] {dag.py:3089} INFO - Sync 1 DAGs
[2026-05-10T19:43:10.295+0000] {logging_mixin.py:188} INFO - [2026-05-10T19:43:10.295+0000] {dag.py:3947} INFO - Setting next_dagrun for tutorial_taskflow_api_virtualenv to None, run_after=None
[2026-05-10T19:43:10.309+0000] {processor.py:183} INFO - Processing /home/airflow/.local/lib/python3.12/site-packages/airflow/example_dags/tutorial_taskflow_api_virtualenv.py took 0.062 seconds
[2026-05-10T19:43:40.559+0000] {processor.py:161} INFO - Started process (PID=10000) to work on /home/airflow/.local/lib/python3.12/site-packages/airflow/example_dags/tutorial_taskflow_api_virtualenv.py
[2026-05-10T19:43:40.560+0000] {processor.py:830} INFO - Processing file /home/airflow/.local/lib/python3.12/site-packages/airflow/example_dags/tutorial_taskflow_api_virtualenv.py for tasks to queue
[2026-05-10T19:43:40.562+0000] {logging_mixin.py:188} INFO - [2026-05-10T19:43:40.561+0000] {dagbag.py:545} INFO - Filling up the DagBag from /home/airflow/.local/lib/python3.12/site-packages/airflow/example_dags/tutorial_taskflow_api_virtualenv.py
[2026-05-10T19:43:40.570+0000] {processor.py:840} INFO - DAG(s) 'tutorial_taskflow_api_virtualenv' retrieved from /home/airflow/.local/lib/python3.12/site-packages/airflow/example_dags/tutorial_taskflow_api_virtualenv.py
[2026-05-10T19:43:40.588+0000] {logging_mixin.py:188} INFO - [2026-05-10T19:43:40.588+0000] {dag.py:3089} INFO - Sync 1 DAGs
[2026-05-10T19:43:40.599+0000] {logging_mixin.py:188} INFO - [2026-05-10T19:43:40.598+0000] {dag.py:3947} INFO - Setting next_dagrun for tutorial_taskflow_api_virtualenv to None, run_after=None
[2026-05-10T19:43:40.612+0000] {processor.py:183} INFO - Processing /home/airflow/.local/lib/python3.12/site-packages/airflow/example_dags/tutorial_taskflow_api_virtualenv.py took 0.060 seconds
[2026-05-10T19:44:10.714+0000] {processor.py:161} INFO - Started process (PID=10060) to work on /home/airflow/.local/lib/python3.12/site-packages/airflow/example_dags/tutorial_taskflow_api_virtualenv.py
[2026-05-10T19:44:10.715+0000] {processor.py:830} INFO - Processing file /home/airflow/.local/lib/python3.12/site-packages/airflow/example_dags/tutorial_taskflow_api_virtualenv.py for tasks to queue
[2026-05-10T19:44:10.717+0000] {logging_mixin.py:188} INFO - [2026-05-10T19:44:10.717+0000] {dagbag.py:545} INFO - Filling up the DagBag from /home/airflow/.local/lib/python3.12/site-packages/airflow/example_dags/tutorial_taskflow_api_virtualenv.py
[2026-05-10T19:44:10.728+0000] {processor.py:840} INFO - DAG(s) 'tutorial_taskflow_api_virtualenv' retrieved from /home/airflow/.local/lib/python3.12/site-packages/airflow/example_dags/tutorial_taskflow_api_virtualenv.py
[2026-05-10T19:44:10.745+0000] {logging_mixin.py:188} INFO - [2026-05-10T19:44:10.744+0000] {dag.py:3089} INFO - Sync 1 DAGs
[2026-05-10T19:44:10.757+0000] {logging_mixin.py:188} INFO - [2026-05-10T19:44:10.757+0000] {dag.py:3947} INFO - Setting next_dagrun for tutorial_taskflow_api_virtualenv to None, run_after=None
[2026-05-10T19:44:10.771+0000] {processor.py:183} INFO - Processing /home/airflow/.local/lib/python3.12/site-packages/airflow/example_dags/tutorial_taskflow_api_virtualenv.py took 0.064 seconds
[2026-05-10T19:44:41.133+0000] {processor.py:161} INFO - Started process (PID=10120) to work on /home/airflow/.local/lib/python3.12/site-packages/airflow/example_dags/tutorial_taskflow_api_virtualenv.py
[2026-05-10T19:44:41.134+0000] {processor.py:830} INFO - Processing file /home/airflow/.local/lib/python3.12/site-packages/airflow/example_dags/tutorial_taskflow_api_virtualenv.py for tasks to queue
[2026-05-10T19:44:41.136+0000] {logging_mixin.py:188} INFO - [2026-05-10T19:44:41.136+0000] {dagbag.py:545} INFO - Filling up the DagBag from /home/airflow/.local/lib/python3.12/site-packages/airflow/example_dags/tutorial_taskflow_api_virtualenv.py
[2026-05-10T19:44:41.146+0000] {processor.py:840} INFO - DAG(s) 'tutorial_taskflow_api_virtualenv' retrieved from /home/airflow/.local/lib/python3.12/site-packages/airflow/example_dags/tutorial_taskflow_api_virtualenv.py
[2026-05-10T19:44:41.165+0000] {logging_mixin.py:188} INFO - [2026-05-10T19:44:41.165+0000] {dag.py:3089} INFO - Sync 1 DAGs
[2026-05-10T19:44:41.177+0000] {logging_mixin.py:188} INFO - [2026-05-10T19:44:41.176+0000] {dag.py:3947} INFO - Setting next_dagrun for tutorial_taskflow_api_virtualenv to None, run_after=None
[2026-05-10T19:44:41.191+0000] {processor.py:183} INFO - Processing /home/airflow/.local/lib/python3.12/site-packages/airflow/example_dags/tutorial_taskflow_api_virtualenv.py took 0.064 seconds
[2026-05-10T19:45:11.541+0000] {processor.py:161} INFO - Started process (PID=10180) to work on /home/airflow/.local/lib/python3.12/site-packages/airflow/example_dags/tutorial_taskflow_api_virtualenv.py
[2026-05-10T19:45:11.542+0000] {processor.py:830} INFO - Processing file /home/airflow/.local/lib/python3.12/site-packages/airflow/example_dags/tutorial_taskflow_api_virtualenv.py for tasks to queue
[2026-05-10T19:45:11.544+0000] {logging_mixin.py:188} INFO - [2026-05-10T19:45:11.543+0000] {dagbag.py:545} INFO - Filling up the DagBag from /home/airflow/.local/lib/python3.12/site-packages/airflow/example_dags/tutorial_taskflow_api_virtualenv.py
[2026-05-10T19:45:11.553+0000] {processor.py:840} INFO - DAG(s) 'tutorial_taskflow_api_virtualenv' retrieved from /home/airflow/.local/lib/python3.12/site-packages/airflow/example_dags/tutorial_taskflow_api_virtualenv.py
[2026-05-10T19:45:11.571+0000] {logging_mixin.py:188} INFO - [2026-05-10T19:45:11.571+0000] {dag.py:3089} INFO - Sync 1 DAGs
[2026-05-10T19:45:11.580+0000] {logging_mixin.py:188} INFO - [2026-05-10T19:45:11.580+0000] {dag.py:3947} INFO - Setting next_dagrun for tutorial_taskflow_api_virtualenv to None, run_after=None
[2026-05-10T19:45:11.594+0000] {processor.py:183} INFO - Processing /home/airflow/.local/lib/python3.12/site-packages/airflow/example_dags/tutorial_taskflow_api_virtualenv.py took 0.060 seconds
[2026-05-10T19:45:41.894+0000] {processor.py:161} INFO - Started process (PID=10240) to work on /home/airflow/.local/lib/python3.12/site-packages/airflow/example_dags/tutorial_taskflow_api_virtualenv.py
[2026-05-10T19:45:41.894+0000] {processor.py:830} INFO - Processing file /home/airflow/.local/lib/python3.12/site-packages/airflow/example_dags/tutorial_taskflow_api_virtualenv.py for tasks to queue
[2026-05-10T19:45:41.896+0000] {logging_mixin.py:188} INFO - [2026-05-10T19:45:41.896+0000] {dagbag.py:545} INFO - Filling up the DagBag from /home/airflow/.local/lib/python3.12/site-packages/airflow/example_dags/tutorial_taskflow_api_virtualenv.py
[2026-05-10T19:45:41.905+0000] {processor.py:840} INFO - DAG(s) 'tutorial_taskflow_api_virtualenv' retrieved from /home/airflow/.local/lib/python3.12/site-packages/airflow/example_dags/tutorial_taskflow_api_virtualenv.py
[2026-05-10T19:45:41.922+0000] {logging_mixin.py:188} INFO - [2026-05-10T19:45:41.922+0000] {dag.py:3089} INFO - Sync 1 DAGs
[2026-05-10T19:45:41.933+0000] {logging_mixin.py:188} INFO - [2026-05-10T19:45:41.933+0000] {dag.py:3947} INFO - Setting next_dagrun for tutorial_taskflow_api_virtualenv to None, run_after=None
[2026-05-10T19:45:41.948+0000] {processor.py:183} INFO - Processing /home/airflow/.local/lib/python3.12/site-packages/airflow/example_dags/tutorial_taskflow_api_virtualenv.py took 0.061 seconds
[2026-05-10T19:46:12.608+0000] {processor.py:161} INFO - Started process (PID=10300) to work on /home/airflow/.local/lib/python3.12/site-packages/airflow/example_dags/tutorial_taskflow_api_virtualenv.py
[2026-05-10T19:46:12.609+0000] {processor.py:830} INFO - Processing file /home/airflow/.local/lib/python3.12/site-packages/airflow/example_dags/tutorial_taskflow_api_virtualenv.py for tasks to queue
[2026-05-10T19:46:12.611+0000] {logging_mixin.py:188} INFO - [2026-05-10T19:46:12.610+0000] {dagbag.py:545} INFO - Filling up the DagBag from /home/airflow/.local/lib/python3.12/site-packages/airflow/example_dags/tutorial_taskflow_api_virtualenv.py
[2026-05-10T19:46:12.620+0000] {processor.py:840} INFO - DAG(s) 'tutorial_taskflow_api_virtualenv' retrieved from /home/airflow/.local/lib/python3.12/site-packages/airflow/example_dags/tutorial_taskflow_api_virtualenv.py
[2026-05-10T19:46:12.637+0000] {logging_mixin.py:188} INFO - [2026-05-10T19:46:12.637+0000] {dag.py:3089} INFO - Sync 1 DAGs
[2026-05-10T19:46:12.648+0000] {logging_mixin.py:188} INFO - [2026-05-10T19:46:12.648+0000] {dag.py:3947} INFO - Setting next_dagrun for tutorial_taskflow_api_virtualenv to None, run_after=None
[2026-05-10T19:46:12.662+0000] {processor.py:183} INFO - Processing /home/airflow/.local/lib/python3.12/site-packages/airflow/example_dags/tutorial_taskflow_api_virtualenv.py took 0.061 seconds
[2026-05-10T19:46:42.858+0000] {processor.py:161} INFO - Started process (PID=10360) to work on /home/airflow/.local/lib/python3.12/site-packages/airflow/example_dags/tutorial_taskflow_api_virtualenv.py
[2026-05-10T19:46:42.859+0000] {processor.py:830} INFO - Processing file /home/airflow/.local/lib/python3.12/site-packages/airflow/example_dags/tutorial_taskflow_api_virtualenv.py for tasks to queue
[2026-05-10T19:46:42.860+0000] {logging_mixin.py:188} INFO - [2026-05-10T19:46:42.860+0000] {dagbag.py:545} INFO - Filling up the DagBag from /home/airflow/.local/lib/python3.12/site-packages/airflow/example_dags/tutorial_taskflow_api_virtualenv.py
[2026-05-10T19:46:42.870+0000] {processor.py:840} INFO - DAG(s) 'tutorial_taskflow_api_virtualenv' retrieved from /home/airflow/.local/lib/python3.12/site-packages/airflow/example_dags/tutorial_taskflow_api_virtualenv.py
[2026-05-10T19:46:42.888+0000] {logging_mixin.py:188} INFO - [2026-05-10T19:46:42.888+0000] {dag.py:3089} INFO - Sync 1 DAGs
[2026-05-10T19:46:42.899+0000] {logging_mixin.py:188} INFO - [2026-05-10T19:46:42.898+0000] {dag.py:3947} INFO - Setting next_dagrun for tutorial_taskflow_api_virtualenv to None, run_after=None
[2026-05-10T19:46:42.915+0000] {processor.py:183} INFO - Processing /home/airflow/.local/lib/python3.12/site-packages/airflow/example_dags/tutorial_taskflow_api_virtualenv.py took 0.063 seconds
[2026-05-10T19:47:13.099+0000] {processor.py:161} INFO - Started process (PID=10420) to work on /home/airflow/.local/lib/python3.12/site-packages/airflow/example_dags/tutorial_taskflow_api_virtualenv.py
[2026-05-10T19:47:13.100+0000] {processor.py:830} INFO - Processing file /home/airflow/.local/lib/python3.12/site-packages/airflow/example_dags/tutorial_taskflow_api_virtualenv.py for tasks to queue
[2026-05-10T19:47:13.102+0000] {logging_mixin.py:188} INFO - [2026-05-10T19:47:13.101+0000] {dagbag.py:545} INFO - Filling up the DagBag from /home/airflow/.local/lib/python3.12/site-packages/airflow/example_dags/tutorial_taskflow_api_virtualenv.py
[2026-05-10T19:47:13.113+0000] {processor.py:840} INFO - DAG(s) 'tutorial_taskflow_api_virtualenv' retrieved from /home/airflow/.local/lib/python3.12/site-packages/airflow/example_dags/tutorial_taskflow_api_virtualenv.py
[2026-05-10T19:47:13.132+0000] {logging_mixin.py:188} INFO - [2026-05-10T19:47:13.131+0000] {dag.py:3089} INFO - Sync 1 DAGs
[2026-05-10T19:47:13.142+0000] {logging_mixin.py:188} INFO - [2026-05-10T19:47:13.142+0000] {dag.py:3947} INFO - Setting next_dagrun for tutorial_taskflow_api_virtualenv to None, run_after=None
[2026-05-10T19:47:13.158+0000] {processor.py:183} INFO - Processing /home/airflow/.local/lib/python3.12/site-packages/airflow/example_dags/tutorial_taskflow_api_virtualenv.py took 0.065 seconds
[2026-05-10T19:47:43.505+0000] {processor.py:161} INFO - Started process (PID=10480) to work on /home/airflow/.local/lib/python3.12/site-packages/airflow/example_dags/tutorial_taskflow_api_virtualenv.py
[2026-05-10T19:47:43.506+0000] {processor.py:830} INFO - Processing file /home/airflow/.local/lib/python3.12/site-packages/airflow/example_dags/tutorial_taskflow_api_virtualenv.py for tasks to queue
[2026-05-10T19:47:43.507+0000] {logging_mixin.py:188} INFO - [2026-05-10T19:47:43.507+0000] {dagbag.py:545} INFO - Filling up the DagBag from /home/airflow/.local/lib/python3.12/site-packages/airflow/example_dags/tutorial_taskflow_api_virtualenv.py
[2026-05-10T19:47:43.516+0000] {processor.py:840} INFO - DAG(s) 'tutorial_taskflow_api_virtualenv' retrieved from /home/airflow/.local/lib/python3.12/site-packages/airflow/example_dags/tutorial_taskflow_api_virtualenv.py
[2026-05-10T19:47:43.534+0000] {logging_mixin.py:188} INFO - [2026-05-10T19:47:43.534+0000] {dag.py:3089} INFO - Sync 1 DAGs
[2026-05-10T19:47:43.544+0000] {logging_mixin.py:188} INFO - [2026-05-10T19:47:43.544+0000] {dag.py:3947} INFO - Setting next_dagrun for tutorial_taskflow_api_virtualenv to None, run_after=None
[2026-05-10T19:47:43.560+0000] {processor.py:183} INFO - Processing /home/airflow/.local/lib/python3.12/site-packages/airflow/example_dags/tutorial_taskflow_api_virtualenv.py took 0.061 seconds
[2026-05-10T19:48:14.481+0000] {processor.py:161} INFO - Started process (PID=10540) to work on /home/airflow/.local/lib/python3.12/site-packages/airflow/example_dags/tutorial_taskflow_api_virtualenv.py
[2026-05-10T19:48:14.482+0000] {processor.py:830} INFO - Processing file /home/airflow/.local/lib/python3.12/site-packages/airflow/example_dags/tutorial_taskflow_api_virtualenv.py for tasks to queue
[2026-05-10T19:48:14.484+0000] {logging_mixin.py:188} INFO - [2026-05-10T19:48:14.484+0000] {dagbag.py:545} INFO - Filling up the DagBag from /home/airflow/.local/lib/python3.12/site-packages/airflow/example_dags/tutorial_taskflow_api_virtualenv.py
[2026-05-10T19:48:14.493+0000] {processor.py:840} INFO - DAG(s) 'tutorial_taskflow_api_virtualenv' retrieved from /home/airflow/.local/lib/python3.12/site-packages/airflow/example_dags/tutorial_taskflow_api_virtualenv.py
[2026-05-10T19:48:14.511+0000] {logging_mixin.py:188} INFO - [2026-05-10T19:48:14.511+0000] {dag.py:3089} INFO - Sync 1 DAGs
[2026-05-10T19:48:14.521+0000] {logging_mixin.py:188} INFO - [2026-05-10T19:48:14.521+0000] {dag.py:3947} INFO - Setting next_dagrun for tutorial_taskflow_api_virtualenv to None, run_after=None
[2026-05-10T19:48:14.592+0000] {processor.py:183} INFO - Processing /home/airflow/.local/lib/python3.12/site-packages/airflow/example_dags/tutorial_taskflow_api_virtualenv.py took 0.117 seconds
[2026-05-10T19:48:44.931+0000] {processor.py:161} INFO - Started process (PID=10600) to work on /home/airflow/.local/lib/python3.12/site-packages/airflow/example_dags/tutorial_taskflow_api_virtualenv.py
[2026-05-10T19:48:44.932+0000] {processor.py:830} INFO - Processing file /home/airflow/.local/lib/python3.12/site-packages/airflow/example_dags/tutorial_taskflow_api_virtualenv.py for tasks to queue
[2026-05-10T19:48:44.933+0000] {logging_mixin.py:188} INFO - [2026-05-10T19:48:44.933+0000] {dagbag.py:545} INFO - Filling up the DagBag from /home/airflow/.local/lib/python3.12/site-packages/airflow/example_dags/tutorial_taskflow_api_virtualenv.py
[2026-05-10T19:48:44.942+0000] {processor.py:840} INFO - DAG(s) 'tutorial_taskflow_api_virtualenv' retrieved from /home/airflow/.local/lib/python3.12/site-packages/airflow/example_dags/tutorial_taskflow_api_virtualenv.py
[2026-05-10T19:48:44.960+0000] {logging_mixin.py:188} INFO - [2026-05-10T19:48:44.959+0000] {dag.py:3089} INFO - Sync 1 DAGs
[2026-05-10T19:48:44.969+0000] {logging_mixin.py:188} INFO - [2026-05-10T19:48:44.969+0000] {dag.py:3947} INFO - Setting next_dagrun for tutorial_taskflow_api_virtualenv to None, run_after=None
[2026-05-10T19:48:44.983+0000] {processor.py:183} INFO - Processing /home/airflow/.local/lib/python3.12/site-packages/airflow/example_dags/tutorial_taskflow_api_virtualenv.py took 0.059 seconds
[2026-05-10T19:49:15.483+0000] {processor.py:161} INFO - Started process (PID=10660) to work on /home/airflow/.local/lib/python3.12/site-packages/airflow/example_dags/tutorial_taskflow_api_virtualenv.py
[2026-05-10T19:49:15.484+0000] {processor.py:830} INFO - Processing file /home/airflow/.local/lib/python3.12/site-packages/airflow/example_dags/tutorial_taskflow_api_virtualenv.py for tasks to queue
[2026-05-10T19:49:15.486+0000] {logging_mixin.py:188} INFO - [2026-05-10T19:49:15.485+0000] {dagbag.py:545} INFO - Filling up the DagBag from /home/airflow/.local/lib/python3.12/site-packages/airflow/example_dags/tutorial_taskflow_api_virtualenv.py
[2026-05-10T19:49:15.496+0000] {processor.py:840} INFO - DAG(s) 'tutorial_taskflow_api_virtualenv' retrieved from /home/airflow/.local/lib/python3.12/site-packages/airflow/example_dags/tutorial_taskflow_api_virtualenv.py
[2026-05-10T19:49:15.513+0000] {logging_mixin.py:188} INFO - [2026-05-10T19:49:15.513+0000] {dag.py:3089} INFO - Sync 1 DAGs
[2026-05-10T19:49:15.524+0000] {logging_mixin.py:188} INFO - [2026-05-10T19:49:15.524+0000] {dag.py:3947} INFO - Setting next_dagrun for tutorial_taskflow_api_virtualenv to None, run_after=None
[2026-05-10T19:49:15.539+0000] {processor.py:183} INFO - Processing /home/airflow/.local/lib/python3.12/site-packages/airflow/example_dags/tutorial_taskflow_api_virtualenv.py took 0.062 seconds
[2026-05-10T19:49:45.619+0000] {processor.py:161} INFO - Started process (PID=10720) to work on /home/airflow/.local/lib/python3.12/site-packages/airflow/example_dags/tutorial_taskflow_api_virtualenv.py
[2026-05-10T19:49:45.620+0000] {processor.py:830} INFO - Processing file /home/airflow/.local/lib/python3.12/site-packages/airflow/example_dags/tutorial_taskflow_api_virtualenv.py for tasks to queue
[2026-05-10T19:49:45.622+0000] {logging_mixin.py:188} INFO - [2026-05-10T19:49:45.621+0000] {dagbag.py:545} INFO - Filling up the DagBag from /home/airflow/.local/lib/python3.12/site-packages/airflow/example_dags/tutorial_taskflow_api_virtualenv.py
[2026-05-10T19:49:45.634+0000] {processor.py:840} INFO - DAG(s) 'tutorial_taskflow_api_virtualenv' retrieved from /home/airflow/.local/lib/python3.12/site-packages/airflow/example_dags/tutorial_taskflow_api_virtualenv.py
[2026-05-10T19:49:45.654+0000] {logging_mixin.py:188} INFO - [2026-05-10T19:49:45.653+0000] {dag.py:3089} INFO - Sync 1 DAGs
[2026-05-10T19:49:45.667+0000] {logging_mixin.py:188} INFO - [2026-05-10T19:49:45.667+0000] {dag.py:3947} INFO - Setting next_dagrun for tutorial_taskflow_api_virtualenv to None, run_after=None
[2026-05-10T19:49:45.685+0000] {processor.py:183} INFO - Processing /home/airflow/.local/lib/python3.12/site-packages/airflow/example_dags/tutorial_taskflow_api_virtualenv.py took 0.074 seconds
[2026-05-10T19:50:16.321+0000] {processor.py:161} INFO - Started process (PID=10780) to work on /home/airflow/.local/lib/python3.12/site-packages/airflow/example_dags/tutorial_taskflow_api_virtualenv.py
[2026-05-10T19:50:16.322+0000] {processor.py:830} INFO - Processing file /home/airflow/.local/lib/python3.12/site-packages/airflow/example_dags/tutorial_taskflow_api_virtualenv.py for tasks to queue
[2026-05-10T19:50:16.324+0000] {logging_mixin.py:188} INFO - [2026-05-10T19:50:16.324+0000] {dagbag.py:545} INFO - Filling up the DagBag from /home/airflow/.local/lib/python3.12/site-packages/airflow/example_dags/tutorial_taskflow_api_virtualenv.py
[2026-05-10T19:50:16.333+0000] {processor.py:840} INFO - DAG(s) 'tutorial_taskflow_api_virtualenv' retrieved from /home/airflow/.local/lib/python3.12/site-packages/airflow/example_dags/tutorial_taskflow_api_virtualenv.py
[2026-05-10T19:50:16.353+0000] {logging_mixin.py:188} INFO - [2026-05-10T19:50:16.353+0000] {dag.py:3089} INFO - Sync 1 DAGs
[2026-05-10T19:50:16.365+0000] {logging_mixin.py:188} INFO - [2026-05-10T19:50:16.365+0000] {dag.py:3947} INFO - Setting next_dagrun for tutorial_taskflow_api_virtualenv to None, run_after=None
[2026-05-10T19:50:16.380+0000] {processor.py:183} INFO - Processing /home/airflow/.local/lib/python3.12/site-packages/airflow/example_dags/tutorial_taskflow_api_virtualenv.py took 0.066 seconds
[2026-05-10T19:50:46.479+0000] {processor.py:161} INFO - Started process (PID=10840) to work on /home/airflow/.local/lib/python3.12/site-packages/airflow/example_dags/tutorial_taskflow_api_virtualenv.py
[2026-05-10T19:50:46.480+0000] {processor.py:830} INFO - Processing file /home/airflow/.local/lib/python3.12/site-packages/airflow/example_dags/tutorial_taskflow_api_virtualenv.py for tasks to queue
[2026-05-10T19:50:46.481+0000] {logging_mixin.py:188} INFO - [2026-05-10T19:50:46.481+0000] {dagbag.py:545} INFO - Filling up the DagBag from /home/airflow/.local/lib/python3.12/site-packages/airflow/example_dags/tutorial_taskflow_api_virtualenv.py
[2026-05-10T19:50:46.490+0000] {processor.py:840} INFO - DAG(s) 'tutorial_taskflow_api_virtualenv' retrieved from /home/airflow/.local/lib/python3.12/site-packages/airflow/example_dags/tutorial_taskflow_api_virtualenv.py
[2026-05-10T19:50:46.508+0000] {logging_mixin.py:188} INFO - [2026-05-10T19:50:46.508+0000] {dag.py:3089} INFO - Sync 1 DAGs
[2026-05-10T19:50:46.518+0000] {logging_mixin.py:188} INFO - [2026-05-10T19:50:46.518+0000] {dag.py:3947} INFO - Setting next_dagrun for tutorial_taskflow_api_virtualenv to None, run_after=None
[2026-05-10T19:50:46.533+0000] {processor.py:183} INFO - Processing /home/airflow/.local/lib/python3.12/site-packages/airflow/example_dags/tutorial_taskflow_api_virtualenv.py took 0.060 seconds
[2026-05-10T19:51:16.922+0000] {processor.py:161} INFO - Started process (PID=10898) to work on /home/airflow/.local/lib/python3.12/site-packages/airflow/example_dags/tutorial_taskflow_api_virtualenv.py
[2026-05-10T19:51:16.923+0000] {processor.py:830} INFO - Processing file /home/airflow/.local/lib/python3.12/site-packages/airflow/example_dags/tutorial_taskflow_api_virtualenv.py for tasks to queue
[2026-05-10T19:51:16.925+0000] {logging_mixin.py:188} INFO - [2026-05-10T19:51:16.924+0000] {dagbag.py:545} INFO - Filling up the DagBag from /home/airflow/.local/lib/python3.12/site-packages/airflow/example_dags/tutorial_taskflow_api_virtualenv.py
[2026-05-10T19:51:16.934+0000] {processor.py:840} INFO - DAG(s) 'tutorial_taskflow_api_virtualenv' retrieved from /home/airflow/.local/lib/python3.12/site-packages/airflow/example_dags/tutorial_taskflow_api_virtualenv.py
[2026-05-10T19:51:16.952+0000] {logging_mixin.py:188} INFO - [2026-05-10T19:51:16.952+0000] {dag.py:3089} INFO - Sync 1 DAGs
[2026-05-10T19:51:16.962+0000] {logging_mixin.py:188} INFO - [2026-05-10T19:51:16.962+0000] {dag.py:3947} INFO - Setting next_dagrun for tutorial_taskflow_api_virtualenv to None, run_after=None
[2026-05-10T19:51:16.976+0000] {processor.py:183} INFO - Processing /home/airflow/.local/lib/python3.12/site-packages/airflow/example_dags/tutorial_taskflow_api_virtualenv.py took 0.061 seconds
[2026-05-10T19:51:47.691+0000] {processor.py:161} INFO - Started process (PID=10958) to work on /home/airflow/.local/lib/python3.12/site-packages/airflow/example_dags/tutorial_taskflow_api_virtualenv.py
[2026-05-10T19:51:47.692+0000] {processor.py:830} INFO - Processing file /home/airflow/.local/lib/python3.12/site-packages/airflow/example_dags/tutorial_taskflow_api_virtualenv.py for tasks to queue
[2026-05-10T19:51:47.693+0000] {logging_mixin.py:188} INFO - [2026-05-10T19:51:47.693+0000] {dagbag.py:545} INFO - Filling up the DagBag from /home/airflow/.local/lib/python3.12/site-packages/airflow/example_dags/tutorial_taskflow_api_virtualenv.py
[2026-05-10T19:51:47.704+0000] {processor.py:840} INFO - DAG(s) 'tutorial_taskflow_api_virtualenv' retrieved from /home/airflow/.local/lib/python3.12/site-packages/airflow/example_dags/tutorial_taskflow_api_virtualenv.py
[2026-05-10T19:51:47.722+0000] {logging_mixin.py:188} INFO - [2026-05-10T19:51:47.722+0000] {dag.py:3089} INFO - Sync 1 DAGs
[2026-05-10T19:51:47.732+0000] {logging_mixin.py:188} INFO - [2026-05-10T19:51:47.732+0000] {dag.py:3947} INFO - Setting next_dagrun for tutorial_taskflow_api_virtualenv to None, run_after=None
[2026-05-10T19:51:47.746+0000] {processor.py:183} INFO - Processing /home/airflow/.local/lib/python3.12/site-packages/airflow/example_dags/tutorial_taskflow_api_virtualenv.py took 0.062 seconds
[2026-05-10T19:52:19.023+0000] {processor.py:161} INFO - Started process (PID=11018) to work on /home/airflow/.local/lib/python3.12/site-packages/airflow/example_dags/tutorial_taskflow_api_virtualenv.py
[2026-05-10T19:52:19.024+0000] {processor.py:830} INFO - Processing file /home/airflow/.local/lib/python3.12/site-packages/airflow/example_dags/tutorial_taskflow_api_virtualenv.py for tasks to queue
[2026-05-10T19:52:19.025+0000] {logging_mixin.py:188} INFO - [2026-05-10T19:52:19.025+0000] {dagbag.py:545} INFO - Filling up the DagBag from /home/airflow/.local/lib/python3.12/site-packages/airflow/example_dags/tutorial_taskflow_api_virtualenv.py
[2026-05-10T19:52:19.035+0000] {processor.py:840} INFO - DAG(s) 'tutorial_taskflow_api_virtualenv' retrieved from /home/airflow/.local/lib/python3.12/site-packages/airflow/example_dags/tutorial_taskflow_api_virtualenv.py
[2026-05-10T19:52:19.055+0000] {logging_mixin.py:188} INFO - [2026-05-10T19:52:19.055+0000] {dag.py:3089} INFO - Sync 1 DAGs
[2026-05-10T19:52:19.066+0000] {logging_mixin.py:188} INFO - [2026-05-10T19:52:19.066+0000] {dag.py:3947} INFO - Setting next_dagrun for tutorial_taskflow_api_virtualenv to None, run_after=None
[2026-05-10T19:52:19.082+0000] {processor.py:183} INFO - Processing /home/airflow/.local/lib/python3.12/site-packages/airflow/example_dags/tutorial_taskflow_api_virtualenv.py took 0.065 seconds
[2026-05-10T19:52:50.064+0000] {processor.py:161} INFO - Started process (PID=11078) to work on /home/airflow/.local/lib/python3.12/site-packages/airflow/example_dags/tutorial_taskflow_api_virtualenv.py
[2026-05-10T19:52:50.065+0000] {processor.py:830} INFO - Processing file /home/airflow/.local/lib/python3.12/site-packages/airflow/example_dags/tutorial_taskflow_api_virtualenv.py for tasks to queue
[2026-05-10T19:52:50.067+0000] {logging_mixin.py:188} INFO - [2026-05-10T19:52:50.066+0000] {dagbag.py:545} INFO - Filling up the DagBag from /home/airflow/.local/lib/python3.12/site-packages/airflow/example_dags/tutorial_taskflow_api_virtualenv.py
[2026-05-10T19:52:50.076+0000] {processor.py:840} INFO - DAG(s) 'tutorial_taskflow_api_virtualenv' retrieved from /home/airflow/.local/lib/python3.12/site-packages/airflow/example_dags/tutorial_taskflow_api_virtualenv.py
[2026-05-10T19:52:50.238+0000] {logging_mixin.py:188} INFO - [2026-05-10T19:52:50.238+0000] {dag.py:3089} INFO - Sync 1 DAGs
[2026-05-10T19:52:50.247+0000] {logging_mixin.py:188} INFO - [2026-05-10T19:52:50.247+0000] {dag.py:3947} INFO - Setting next_dagrun for tutorial_taskflow_api_virtualenv to None, run_after=None
[2026-05-10T19:52:50.261+0000] {processor.py:183} INFO - Processing /home/airflow/.local/lib/python3.12/site-packages/airflow/example_dags/tutorial_taskflow_api_virtualenv.py took 0.203 seconds
[2026-05-10T19:53:21.174+0000] {processor.py:161} INFO - Started process (PID=11138) to work on /home/airflow/.local/lib/python3.12/site-packages/airflow/example_dags/tutorial_taskflow_api_virtualenv.py
[2026-05-10T19:53:21.175+0000] {processor.py:830} INFO - Processing file /home/airflow/.local/lib/python3.12/site-packages/airflow/example_dags/tutorial_taskflow_api_virtualenv.py for tasks to queue
[2026-05-10T19:53:21.176+0000] {logging_mixin.py:188} INFO - [2026-05-10T19:53:21.176+0000] {dagbag.py:545} INFO - Filling up the DagBag from /home/airflow/.local/lib/python3.12/site-packages/airflow/example_dags/tutorial_taskflow_api_virtualenv.py
[2026-05-10T19:53:21.185+0000] {processor.py:840} INFO - DAG(s) 'tutorial_taskflow_api_virtualenv' retrieved from /home/airflow/.local/lib/python3.12/site-packages/airflow/example_dags/tutorial_taskflow_api_virtualenv.py
[2026-05-10T19:53:21.206+0000] {logging_mixin.py:188} INFO - [2026-05-10T19:53:21.206+0000] {dag.py:3089} INFO - Sync 1 DAGs
[2026-05-10T19:53:21.218+0000] {logging_mixin.py:188} INFO - [2026-05-10T19:53:21.218+0000] {dag.py:3947} INFO - Setting next_dagrun for tutorial_taskflow_api_virtualenv to None, run_after=None
[2026-05-10T19:53:21.234+0000] {processor.py:183} INFO - Processing /home/airflow/.local/lib/python3.12/site-packages/airflow/example_dags/tutorial_taskflow_api_virtualenv.py took 0.068 seconds
[2026-05-10T19:53:52.141+0000] {processor.py:161} INFO - Started process (PID=11198) to work on /home/airflow/.local/lib/python3.12/site-packages/airflow/example_dags/tutorial_taskflow_api_virtualenv.py
[2026-05-10T19:53:52.141+0000] {processor.py:830} INFO - Processing file /home/airflow/.local/lib/python3.12/site-packages/airflow/example_dags/tutorial_taskflow_api_virtualenv.py for tasks to queue
[2026-05-10T19:53:52.143+0000] {logging_mixin.py:188} INFO - [2026-05-10T19:53:52.143+0000] {dagbag.py:545} INFO - Filling up the DagBag from /home/airflow/.local/lib/python3.12/site-packages/airflow/example_dags/tutorial_taskflow_api_virtualenv.py
[2026-05-10T19:53:52.152+0000] {processor.py:840} INFO - DAG(s) 'tutorial_taskflow_api_virtualenv' retrieved from /home/airflow/.local/lib/python3.12/site-packages/airflow/example_dags/tutorial_taskflow_api_virtualenv.py
[2026-05-10T19:53:52.172+0000] {logging_mixin.py:188} INFO - [2026-05-10T19:53:52.172+0000] {dag.py:3089} INFO - Sync 1 DAGs
[2026-05-10T19:53:52.183+0000] {logging_mixin.py:188} INFO - [2026-05-10T19:53:52.183+0000] {dag.py:3947} INFO - Setting next_dagrun for tutorial_taskflow_api_virtualenv to None, run_after=None
[2026-05-10T19:53:52.199+0000] {processor.py:183} INFO - Processing /home/airflow/.local/lib/python3.12/site-packages/airflow/example_dags/tutorial_taskflow_api_virtualenv.py took 0.065 seconds
[2026-05-10T19:54:22.376+0000] {processor.py:161} INFO - Started process (PID=11259) to work on /home/airflow/.local/lib/python3.12/site-packages/airflow/example_dags/tutorial_taskflow_api_virtualenv.py
[2026-05-10T19:54:22.376+0000] {processor.py:830} INFO - Processing file /home/airflow/.local/lib/python3.12/site-packages/airflow/example_dags/tutorial_taskflow_api_virtualenv.py for tasks to queue
[2026-05-10T19:54:22.378+0000] {logging_mixin.py:188} INFO - [2026-05-10T19:54:22.378+0000] {dagbag.py:545} INFO - Filling up the DagBag from /home/airflow/.local/lib/python3.12/site-packages/airflow/example_dags/tutorial_taskflow_api_virtualenv.py
[2026-05-10T19:54:22.387+0000] {processor.py:840} INFO - DAG(s) 'tutorial_taskflow_api_virtualenv' retrieved from /home/airflow/.local/lib/python3.12/site-packages/airflow/example_dags/tutorial_taskflow_api_virtualenv.py
[2026-05-10T19:54:22.408+0000] {logging_mixin.py:188} INFO - [2026-05-10T19:54:22.408+0000] {dag.py:3089} INFO - Sync 1 DAGs
[2026-05-10T19:54:22.419+0000] {logging_mixin.py:188} INFO - [2026-05-10T19:54:22.419+0000] {dag.py:3947} INFO - Setting next_dagrun for tutorial_taskflow_api_virtualenv to None, run_after=None
[2026-05-10T19:54:22.434+0000] {processor.py:183} INFO - Processing /home/airflow/.local/lib/python3.12/site-packages/airflow/example_dags/tutorial_taskflow_api_virtualenv.py took 0.065 seconds
[2026-05-10T19:54:52.492+0000] {processor.py:161} INFO - Started process (PID=11318) to work on /home/airflow/.local/lib/python3.12/site-packages/airflow/example_dags/tutorial_taskflow_api_virtualenv.py
[2026-05-10T19:54:52.493+0000] {processor.py:830} INFO - Processing file /home/airflow/.local/lib/python3.12/site-packages/airflow/example_dags/tutorial_taskflow_api_virtualenv.py for tasks to queue
[2026-05-10T19:54:52.495+0000] {logging_mixin.py:188} INFO - [2026-05-10T19:54:52.494+0000] {dagbag.py:545} INFO - Filling up the DagBag from /home/airflow/.local/lib/python3.12/site-packages/airflow/example_dags/tutorial_taskflow_api_virtualenv.py
[2026-05-10T19:54:52.504+0000] {processor.py:840} INFO - DAG(s) 'tutorial_taskflow_api_virtualenv' retrieved from /home/airflow/.local/lib/python3.12/site-packages/airflow/example_dags/tutorial_taskflow_api_virtualenv.py
[2026-05-10T19:54:52.523+0000] {logging_mixin.py:188} INFO - [2026-05-10T19:54:52.523+0000] {dag.py:3089} INFO - Sync 1 DAGs
[2026-05-10T19:54:52.534+0000] {logging_mixin.py:188} INFO - [2026-05-10T19:54:52.534+0000] {dag.py:3947} INFO - Setting next_dagrun for tutorial_taskflow_api_virtualenv to None, run_after=None
[2026-05-10T19:54:52.549+0000] {processor.py:183} INFO - Processing /home/airflow/.local/lib/python3.12/site-packages/airflow/example_dags/tutorial_taskflow_api_virtualenv.py took 0.063 seconds
[2026-05-10T19:55:22.611+0000] {processor.py:161} INFO - Started process (PID=11377) to work on /home/airflow/.local/lib/python3.12/site-packages/airflow/example_dags/tutorial_taskflow_api_virtualenv.py
[2026-05-10T19:55:22.612+0000] {processor.py:830} INFO - Processing file /home/airflow/.local/lib/python3.12/site-packages/airflow/example_dags/tutorial_taskflow_api_virtualenv.py for tasks to queue
[2026-05-10T19:55:22.613+0000] {logging_mixin.py:188} INFO - [2026-05-10T19:55:22.613+0000] {dagbag.py:545} INFO - Filling up the DagBag from /home/airflow/.local/lib/python3.12/site-packages/airflow/example_dags/tutorial_taskflow_api_virtualenv.py
[2026-05-10T19:55:22.622+0000] {processor.py:840} INFO - DAG(s) 'tutorial_taskflow_api_virtualenv' retrieved from /home/airflow/.local/lib/python3.12/site-packages/airflow/example_dags/tutorial_taskflow_api_virtualenv.py
[2026-05-10T19:55:22.641+0000] {logging_mixin.py:188} INFO - [2026-05-10T19:55:22.640+0000] {dag.py:3089} INFO - Sync 1 DAGs
[2026-05-10T19:55:22.652+0000] {logging_mixin.py:188} INFO - [2026-05-10T19:55:22.651+0000] {dag.py:3947} INFO - Setting next_dagrun for tutorial_taskflow_api_virtualenv to None, run_after=None
[2026-05-10T19:55:22.665+0000] {processor.py:183} INFO - Processing /home/airflow/.local/lib/python3.12/site-packages/airflow/example_dags/tutorial_taskflow_api_virtualenv.py took 0.061 seconds
[2026-05-10T19:55:52.807+0000] {processor.py:161} INFO - Started process (PID=11437) to work on /home/airflow/.local/lib/python3.12/site-packages/airflow/example_dags/tutorial_taskflow_api_virtualenv.py
[2026-05-10T19:55:52.807+0000] {processor.py:830} INFO - Processing file /home/airflow/.local/lib/python3.12/site-packages/airflow/example_dags/tutorial_taskflow_api_virtualenv.py for tasks to queue
[2026-05-10T19:55:52.809+0000] {logging_mixin.py:188} INFO - [2026-05-10T19:55:52.809+0000] {dagbag.py:545} INFO - Filling up the DagBag from /home/airflow/.local/lib/python3.12/site-packages/airflow/example_dags/tutorial_taskflow_api_virtualenv.py
[2026-05-10T19:55:52.820+0000] {processor.py:840} INFO - DAG(s) 'tutorial_taskflow_api_virtualenv' retrieved from /home/airflow/.local/lib/python3.12/site-packages/airflow/example_dags/tutorial_taskflow_api_virtualenv.py
[2026-05-10T19:55:52.837+0000] {logging_mixin.py:188} INFO - [2026-05-10T19:55:52.836+0000] {dag.py:3089} INFO - Sync 1 DAGs
[2026-05-10T19:55:52.848+0000] {logging_mixin.py:188} INFO - [2026-05-10T19:55:52.848+0000] {dag.py:3947} INFO - Setting next_dagrun for tutorial_taskflow_api_virtualenv to None, run_after=None
[2026-05-10T19:55:52.864+0000] {processor.py:183} INFO - Processing /home/airflow/.local/lib/python3.12/site-packages/airflow/example_dags/tutorial_taskflow_api_virtualenv.py took 0.065 seconds
[2026-05-10T19:56:23.096+0000] {processor.py:161} INFO - Started process (PID=11497) to work on /home/airflow/.local/lib/python3.12/site-packages/airflow/example_dags/tutorial_taskflow_api_virtualenv.py
[2026-05-10T19:56:23.097+0000] {processor.py:830} INFO - Processing file /home/airflow/.local/lib/python3.12/site-packages/airflow/example_dags/tutorial_taskflow_api_virtualenv.py for tasks to queue
[2026-05-10T19:56:23.099+0000] {logging_mixin.py:188} INFO - [2026-05-10T19:56:23.098+0000] {dagbag.py:545} INFO - Filling up the DagBag from /home/airflow/.local/lib/python3.12/site-packages/airflow/example_dags/tutorial_taskflow_api_virtualenv.py
[2026-05-10T19:56:23.110+0000] {processor.py:840} INFO - DAG(s) 'tutorial_taskflow_api_virtualenv' retrieved from /home/airflow/.local/lib/python3.12/site-packages/airflow/example_dags/tutorial_taskflow_api_virtualenv.py
[2026-05-10T19:56:23.128+0000] {logging_mixin.py:188} INFO - [2026-05-10T19:56:23.127+0000] {dag.py:3089} INFO - Sync 1 DAGs
[2026-05-10T19:56:23.138+0000] {logging_mixin.py:188} INFO - [2026-05-10T19:56:23.138+0000] {dag.py:3947} INFO - Setting next_dagrun for tutorial_taskflow_api_virtualenv to None, run_after=None
[2026-05-10T19:56:23.153+0000] {processor.py:183} INFO - Processing /home/airflow/.local/lib/python3.12/site-packages/airflow/example_dags/tutorial_taskflow_api_virtualenv.py took 0.064 seconds
[2026-05-10T19:56:53.949+0000] {processor.py:161} INFO - Started process (PID=11557) to work on /home/airflow/.local/lib/python3.12/site-packages/airflow/example_dags/tutorial_taskflow_api_virtualenv.py
[2026-05-10T19:56:53.950+0000] {processor.py:830} INFO - Processing file /home/airflow/.local/lib/python3.12/site-packages/airflow/example_dags/tutorial_taskflow_api_virtualenv.py for tasks to queue
[2026-05-10T19:56:53.952+0000] {logging_mixin.py:188} INFO - [2026-05-10T19:56:53.951+0000] {dagbag.py:545} INFO - Filling up the DagBag from /home/airflow/.local/lib/python3.12/site-packages/airflow/example_dags/tutorial_taskflow_api_virtualenv.py
[2026-05-10T19:56:53.961+0000] {processor.py:840} INFO - DAG(s) 'tutorial_taskflow_api_virtualenv' retrieved from /home/airflow/.local/lib/python3.12/site-packages/airflow/example_dags/tutorial_taskflow_api_virtualenv.py
[2026-05-10T19:56:53.978+0000] {logging_mixin.py:188} INFO - [2026-05-10T19:56:53.978+0000] {dag.py:3089} INFO - Sync 1 DAGs
[2026-05-10T19:56:53.988+0000] {logging_mixin.py:188} INFO - [2026-05-10T19:56:53.988+0000] {dag.py:3947} INFO - Setting next_dagrun for tutorial_taskflow_api_virtualenv to None, run_after=None
[2026-05-10T19:56:54.002+0000] {processor.py:183} INFO - Processing /home/airflow/.local/lib/python3.12/site-packages/airflow/example_dags/tutorial_taskflow_api_virtualenv.py took 0.059 seconds
[2026-05-10T19:57:24.291+0000] {processor.py:161} INFO - Started process (PID=11617) to work on /home/airflow/.local/lib/python3.12/site-packages/airflow/example_dags/tutorial_taskflow_api_virtualenv.py
[2026-05-10T19:57:24.292+0000] {processor.py:830} INFO - Processing file /home/airflow/.local/lib/python3.12/site-packages/airflow/example_dags/tutorial_taskflow_api_virtualenv.py for tasks to queue
[2026-05-10T19:57:24.295+0000] {logging_mixin.py:188} INFO - [2026-05-10T19:57:24.295+0000] {dagbag.py:545} INFO - Filling up the DagBag from /home/airflow/.local/lib/python3.12/site-packages/airflow/example_dags/tutorial_taskflow_api_virtualenv.py
[2026-05-10T19:57:24.310+0000] {processor.py:840} INFO - DAG(s) 'tutorial_taskflow_api_virtualenv' retrieved from /home/airflow/.local/lib/python3.12/site-packages/airflow/example_dags/tutorial_taskflow_api_virtualenv.py
[2026-05-10T19:57:24.330+0000] {logging_mixin.py:188} INFO - [2026-05-10T19:57:24.330+0000] {dag.py:3089} INFO - Sync 1 DAGs
[2026-05-10T19:57:24.344+0000] {logging_mixin.py:188} INFO - [2026-05-10T19:57:24.343+0000] {dag.py:3947} INFO - Setting next_dagrun for tutorial_taskflow_api_virtualenv to None, run_after=None
[2026-05-10T19:57:24.360+0000] {processor.py:183} INFO - Processing /home/airflow/.local/lib/python3.12/site-packages/airflow/example_dags/tutorial_taskflow_api_virtualenv.py took 0.078 seconds
[2026-05-10T19:57:54.659+0000] {processor.py:161} INFO - Started process (PID=11677) to work on /home/airflow/.local/lib/python3.12/site-packages/airflow/example_dags/tutorial_taskflow_api_virtualenv.py
[2026-05-10T19:57:54.661+0000] {processor.py:830} INFO - Processing file /home/airflow/.local/lib/python3.12/site-packages/airflow/example_dags/tutorial_taskflow_api_virtualenv.py for tasks to queue
[2026-05-10T19:57:54.662+0000] {logging_mixin.py:188} INFO - [2026-05-10T19:57:54.662+0000] {dagbag.py:545} INFO - Filling up the DagBag from /home/airflow/.local/lib/python3.12/site-packages/airflow/example_dags/tutorial_taskflow_api_virtualenv.py
[2026-05-10T19:57:54.675+0000] {processor.py:840} INFO - DAG(s) 'tutorial_taskflow_api_virtualenv' retrieved from /home/airflow/.local/lib/python3.12/site-packages/airflow/example_dags/tutorial_taskflow_api_virtualenv.py
[2026-05-10T19:57:54.741+0000] {logging_mixin.py:188} INFO - [2026-05-10T19:57:54.741+0000] {dag.py:3089} INFO - Sync 1 DAGs
[2026-05-10T19:57:54.762+0000] {logging_mixin.py:188} INFO - [2026-05-10T19:57:54.762+0000] {dag.py:3947} INFO - Setting next_dagrun for tutorial_taskflow_api_virtualenv to None, run_after=None
[2026-05-10T19:57:54.793+0000] {processor.py:183} INFO - Processing /home/airflow/.local/lib/python3.12/site-packages/airflow/example_dags/tutorial_taskflow_api_virtualenv.py took 0.158 seconds
[2026-05-10T19:58:25.507+0000] {processor.py:161} INFO - Started process (PID=11737) to work on /home/airflow/.local/lib/python3.12/site-packages/airflow/example_dags/tutorial_taskflow_api_virtualenv.py
[2026-05-10T19:58:25.508+0000] {processor.py:830} INFO - Processing file /home/airflow/.local/lib/python3.12/site-packages/airflow/example_dags/tutorial_taskflow_api_virtualenv.py for tasks to queue
[2026-05-10T19:58:25.509+0000] {logging_mixin.py:188} INFO - [2026-05-10T19:58:25.509+0000] {dagbag.py:545} INFO - Filling up the DagBag from /home/airflow/.local/lib/python3.12/site-packages/airflow/example_dags/tutorial_taskflow_api_virtualenv.py
[2026-05-10T19:58:25.521+0000] {processor.py:840} INFO - DAG(s) 'tutorial_taskflow_api_virtualenv' retrieved from /home/airflow/.local/lib/python3.12/site-packages/airflow/example_dags/tutorial_taskflow_api_virtualenv.py
[2026-05-10T19:58:25.539+0000] {logging_mixin.py:188} INFO - [2026-05-10T19:58:25.539+0000] {dag.py:3089} INFO - Sync 1 DAGs
[2026-05-10T19:58:25.551+0000] {logging_mixin.py:188} INFO - [2026-05-10T19:58:25.551+0000] {dag.py:3947} INFO - Setting next_dagrun for tutorial_taskflow_api_virtualenv to None, run_after=None
[2026-05-10T19:58:25.566+0000] {processor.py:183} INFO - Processing /home/airflow/.local/lib/python3.12/site-packages/airflow/example_dags/tutorial_taskflow_api_virtualenv.py took 0.067 seconds
[2026-05-10T19:58:56.285+0000] {processor.py:161} INFO - Started process (PID=11797) to work on /home/airflow/.local/lib/python3.12/site-packages/airflow/example_dags/tutorial_taskflow_api_virtualenv.py
[2026-05-10T19:58:56.286+0000] {processor.py:830} INFO - Processing file /home/airflow/.local/lib/python3.12/site-packages/airflow/example_dags/tutorial_taskflow_api_virtualenv.py for tasks to queue
[2026-05-10T19:58:56.288+0000] {logging_mixin.py:188} INFO - [2026-05-10T19:58:56.287+0000] {dagbag.py:545} INFO - Filling up the DagBag from /home/airflow/.local/lib/python3.12/site-packages/airflow/example_dags/tutorial_taskflow_api_virtualenv.py
[2026-05-10T19:58:56.297+0000] {processor.py:840} INFO - DAG(s) 'tutorial_taskflow_api_virtualenv' retrieved from /home/airflow/.local/lib/python3.12/site-packages/airflow/example_dags/tutorial_taskflow_api_virtualenv.py
[2026-05-10T19:58:56.316+0000] {logging_mixin.py:188} INFO - [2026-05-10T19:58:56.316+0000] {dag.py:3089} INFO - Sync 1 DAGs
[2026-05-10T19:58:56.327+0000] {logging_mixin.py:188} INFO - [2026-05-10T19:58:56.327+0000] {dag.py:3947} INFO - Setting next_dagrun for tutorial_taskflow_api_virtualenv to None, run_after=None
[2026-05-10T19:58:56.341+0000] {processor.py:183} INFO - Processing /home/airflow/.local/lib/python3.12/site-packages/airflow/example_dags/tutorial_taskflow_api_virtualenv.py took 0.062 seconds
[2026-05-10T19:59:27.237+0000] {processor.py:161} INFO - Started process (PID=11857) to work on /home/airflow/.local/lib/python3.12/site-packages/airflow/example_dags/tutorial_taskflow_api_virtualenv.py
[2026-05-10T19:59:27.238+0000] {processor.py:830} INFO - Processing file /home/airflow/.local/lib/python3.12/site-packages/airflow/example_dags/tutorial_taskflow_api_virtualenv.py for tasks to queue
[2026-05-10T19:59:27.239+0000] {logging_mixin.py:188} INFO - [2026-05-10T19:59:27.239+0000] {dagbag.py:545} INFO - Filling up the DagBag from /home/airflow/.local/lib/python3.12/site-packages/airflow/example_dags/tutorial_taskflow_api_virtualenv.py
[2026-05-10T19:59:27.249+0000] {processor.py:840} INFO - DAG(s) 'tutorial_taskflow_api_virtualenv' retrieved from /home/airflow/.local/lib/python3.12/site-packages/airflow/example_dags/tutorial_taskflow_api_virtualenv.py
[2026-05-10T19:59:27.267+0000] {logging_mixin.py:188} INFO - [2026-05-10T19:59:27.267+0000] {dag.py:3089} INFO - Sync 1 DAGs
[2026-05-10T19:59:27.278+0000] {logging_mixin.py:188} INFO - [2026-05-10T19:59:27.278+0000] {dag.py:3947} INFO - Setting next_dagrun for tutorial_taskflow_api_virtualenv to None, run_after=None
[2026-05-10T19:59:27.295+0000] {processor.py:183} INFO - Processing /home/airflow/.local/lib/python3.12/site-packages/airflow/example_dags/tutorial_taskflow_api_virtualenv.py took 0.064 seconds
[2026-05-10T19:59:57.841+0000] {processor.py:161} INFO - Started process (PID=11917) to work on /home/airflow/.local/lib/python3.12/site-packages/airflow/example_dags/tutorial_taskflow_api_virtualenv.py
[2026-05-10T19:59:57.842+0000] {processor.py:830} INFO - Processing file /home/airflow/.local/lib/python3.12/site-packages/airflow/example_dags/tutorial_taskflow_api_virtualenv.py for tasks to queue
[2026-05-10T19:59:57.843+0000] {logging_mixin.py:188} INFO - [2026-05-10T19:59:57.843+0000] {dagbag.py:545} INFO - Filling up the DagBag from /home/airflow/.local/lib/python3.12/site-packages/airflow/example_dags/tutorial_taskflow_api_virtualenv.py
[2026-05-10T19:59:57.853+0000] {processor.py:840} INFO - DAG(s) 'tutorial_taskflow_api_virtualenv' retrieved from /home/airflow/.local/lib/python3.12/site-packages/airflow/example_dags/tutorial_taskflow_api_virtualenv.py
[2026-05-10T19:59:57.872+0000] {logging_mixin.py:188} INFO - [2026-05-10T19:59:57.872+0000] {dag.py:3089} INFO - Sync 1 DAGs
[2026-05-10T19:59:57.883+0000] {logging_mixin.py:188} INFO - [2026-05-10T19:59:57.882+0000] {dag.py:3947} INFO - Setting next_dagrun for tutorial_taskflow_api_virtualenv to None, run_after=None
[2026-05-10T19:59:57.897+0000] {processor.py:183} INFO - Processing /home/airflow/.local/lib/python3.12/site-packages/airflow/example_dags/tutorial_taskflow_api_virtualenv.py took 0.063 seconds
[2026-05-10T20:00:28.163+0000] {processor.py:161} INFO - Started process (PID=11977) to work on /home/airflow/.local/lib/python3.12/site-packages/airflow/example_dags/tutorial_taskflow_api_virtualenv.py
[2026-05-10T20:00:28.164+0000] {processor.py:830} INFO - Processing file /home/airflow/.local/lib/python3.12/site-packages/airflow/example_dags/tutorial_taskflow_api_virtualenv.py for tasks to queue
[2026-05-10T20:00:28.167+0000] {logging_mixin.py:188} INFO - [2026-05-10T20:00:28.167+0000] {dagbag.py:545} INFO - Filling up the DagBag from /home/airflow/.local/lib/python3.12/site-packages/airflow/example_dags/tutorial_taskflow_api_virtualenv.py
[2026-05-10T20:00:28.181+0000] {processor.py:840} INFO - DAG(s) 'tutorial_taskflow_api_virtualenv' retrieved from /home/airflow/.local/lib/python3.12/site-packages/airflow/example_dags/tutorial_taskflow_api_virtualenv.py
[2026-05-10T20:00:28.202+0000] {logging_mixin.py:188} INFO - [2026-05-10T20:00:28.202+0000] {dag.py:3089} INFO - Sync 1 DAGs
[2026-05-10T20:00:28.217+0000] {logging_mixin.py:188} INFO - [2026-05-10T20:00:28.216+0000] {dag.py:3947} INFO - Setting next_dagrun for tutorial_taskflow_api_virtualenv to None, run_after=None
[2026-05-10T20:00:28.233+0000] {processor.py:183} INFO - Processing /home/airflow/.local/lib/python3.12/site-packages/airflow/example_dags/tutorial_taskflow_api_virtualenv.py took 0.079 seconds
[2026-05-10T20:00:58.597+0000] {processor.py:161} INFO - Started process (PID=12037) to work on /home/airflow/.local/lib/python3.12/site-packages/airflow/example_dags/tutorial_taskflow_api_virtualenv.py
[2026-05-10T20:00:58.598+0000] {processor.py:830} INFO - Processing file /home/airflow/.local/lib/python3.12/site-packages/airflow/example_dags/tutorial_taskflow_api_virtualenv.py for tasks to queue
[2026-05-10T20:00:58.600+0000] {logging_mixin.py:188} INFO - [2026-05-10T20:00:58.600+0000] {dagbag.py:545} INFO - Filling up the DagBag from /home/airflow/.local/lib/python3.12/site-packages/airflow/example_dags/tutorial_taskflow_api_virtualenv.py
[2026-05-10T20:00:58.613+0000] {processor.py:840} INFO - DAG(s) 'tutorial_taskflow_api_virtualenv' retrieved from /home/airflow/.local/lib/python3.12/site-packages/airflow/example_dags/tutorial_taskflow_api_virtualenv.py
[2026-05-10T20:00:58.631+0000] {logging_mixin.py:188} INFO - [2026-05-10T20:00:58.631+0000] {dag.py:3089} INFO - Sync 1 DAGs
[2026-05-10T20:00:58.645+0000] {logging_mixin.py:188} INFO - [2026-05-10T20:00:58.645+0000] {dag.py:3947} INFO - Setting next_dagrun for tutorial_taskflow_api_virtualenv to None, run_after=None
[2026-05-10T20:00:58.661+0000] {processor.py:183} INFO - Processing /home/airflow/.local/lib/python3.12/site-packages/airflow/example_dags/tutorial_taskflow_api_virtualenv.py took 0.071 seconds
[2026-05-10T20:01:29.007+0000] {processor.py:161} INFO - Started process (PID=12097) to work on /home/airflow/.local/lib/python3.12/site-packages/airflow/example_dags/tutorial_taskflow_api_virtualenv.py
[2026-05-10T20:01:29.008+0000] {processor.py:830} INFO - Processing file /home/airflow/.local/lib/python3.12/site-packages/airflow/example_dags/tutorial_taskflow_api_virtualenv.py for tasks to queue
[2026-05-10T20:01:29.010+0000] {logging_mixin.py:188} INFO - [2026-05-10T20:01:29.009+0000] {dagbag.py:545} INFO - Filling up the DagBag from /home/airflow/.local/lib/python3.12/site-packages/airflow/example_dags/tutorial_taskflow_api_virtualenv.py
[2026-05-10T20:01:29.019+0000] {processor.py:840} INFO - DAG(s) 'tutorial_taskflow_api_virtualenv' retrieved from /home/airflow/.local/lib/python3.12/site-packages/airflow/example_dags/tutorial_taskflow_api_virtualenv.py
[2026-05-10T20:01:29.037+0000] {logging_mixin.py:188} INFO - [2026-05-10T20:01:29.036+0000] {dag.py:3089} INFO - Sync 1 DAGs
[2026-05-10T20:01:29.046+0000] {logging_mixin.py:188} INFO - [2026-05-10T20:01:29.046+0000] {dag.py:3947} INFO - Setting next_dagrun for tutorial_taskflow_api_virtualenv to None, run_after=None
[2026-05-10T20:01:29.061+0000] {processor.py:183} INFO - Processing /home/airflow/.local/lib/python3.12/site-packages/airflow/example_dags/tutorial_taskflow_api_virtualenv.py took 0.061 seconds
[2026-05-10T20:01:59.355+0000] {processor.py:161} INFO - Started process (PID=12157) to work on /home/airflow/.local/lib/python3.12/site-packages/airflow/example_dags/tutorial_taskflow_api_virtualenv.py
[2026-05-10T20:01:59.356+0000] {processor.py:830} INFO - Processing file /home/airflow/.local/lib/python3.12/site-packages/airflow/example_dags/tutorial_taskflow_api_virtualenv.py for tasks to queue
[2026-05-10T20:01:59.358+0000] {logging_mixin.py:188} INFO - [2026-05-10T20:01:59.358+0000] {dagbag.py:545} INFO - Filling up the DagBag from /home/airflow/.local/lib/python3.12/site-packages/airflow/example_dags/tutorial_taskflow_api_virtualenv.py
[2026-05-10T20:01:59.369+0000] {processor.py:840} INFO - DAG(s) 'tutorial_taskflow_api_virtualenv' retrieved from /home/airflow/.local/lib/python3.12/site-packages/airflow/example_dags/tutorial_taskflow_api_virtualenv.py
[2026-05-10T20:01:59.390+0000] {logging_mixin.py:188} INFO - [2026-05-10T20:01:59.389+0000] {dag.py:3089} INFO - Sync 1 DAGs
[2026-05-10T20:01:59.402+0000] {logging_mixin.py:188} INFO - [2026-05-10T20:01:59.401+0000] {dag.py:3947} INFO - Setting next_dagrun for tutorial_taskflow_api_virtualenv to None, run_after=None
[2026-05-10T20:01:59.418+0000] {processor.py:183} INFO - Processing /home/airflow/.local/lib/python3.12/site-packages/airflow/example_dags/tutorial_taskflow_api_virtualenv.py took 0.071 seconds
[2026-05-10T20:02:29.701+0000] {processor.py:161} INFO - Started process (PID=12217) to work on /home/airflow/.local/lib/python3.12/site-packages/airflow/example_dags/tutorial_taskflow_api_virtualenv.py
[2026-05-10T20:02:29.702+0000] {processor.py:830} INFO - Processing file /home/airflow/.local/lib/python3.12/site-packages/airflow/example_dags/tutorial_taskflow_api_virtualenv.py for tasks to queue
[2026-05-10T20:02:29.704+0000] {logging_mixin.py:188} INFO - [2026-05-10T20:02:29.704+0000] {dagbag.py:545} INFO - Filling up the DagBag from /home/airflow/.local/lib/python3.12/site-packages/airflow/example_dags/tutorial_taskflow_api_virtualenv.py
[2026-05-10T20:02:29.716+0000] {processor.py:840} INFO - DAG(s) 'tutorial_taskflow_api_virtualenv' retrieved from /home/airflow/.local/lib/python3.12/site-packages/airflow/example_dags/tutorial_taskflow_api_virtualenv.py
[2026-05-10T20:02:29.735+0000] {logging_mixin.py:188} INFO - [2026-05-10T20:02:29.735+0000] {dag.py:3089} INFO - Sync 1 DAGs
[2026-05-10T20:02:29.746+0000] {logging_mixin.py:188} INFO - [2026-05-10T20:02:29.745+0000] {dag.py:3947} INFO - Setting next_dagrun for tutorial_taskflow_api_virtualenv to None, run_after=None
[2026-05-10T20:02:29.762+0000] {processor.py:183} INFO - Processing /home/airflow/.local/lib/python3.12/site-packages/airflow/example_dags/tutorial_taskflow_api_virtualenv.py took 0.068 seconds
[2026-05-10T20:02:59.980+0000] {processor.py:161} INFO - Started process (PID=12277) to work on /home/airflow/.local/lib/python3.12/site-packages/airflow/example_dags/tutorial_taskflow_api_virtualenv.py
[2026-05-10T20:02:59.980+0000] {processor.py:830} INFO - Processing file /home/airflow/.local/lib/python3.12/site-packages/airflow/example_dags/tutorial_taskflow_api_virtualenv.py for tasks to queue
[2026-05-10T20:02:59.982+0000] {logging_mixin.py:188} INFO - [2026-05-10T20:02:59.982+0000] {dagbag.py:545} INFO - Filling up the DagBag from /home/airflow/.local/lib/python3.12/site-packages/airflow/example_dags/tutorial_taskflow_api_virtualenv.py
[2026-05-10T20:02:59.993+0000] {processor.py:840} INFO - DAG(s) 'tutorial_taskflow_api_virtualenv' retrieved from /home/airflow/.local/lib/python3.12/site-packages/airflow/example_dags/tutorial_taskflow_api_virtualenv.py
[2026-05-10T20:03:00.011+0000] {logging_mixin.py:188} INFO - [2026-05-10T20:03:00.011+0000] {dag.py:3089} INFO - Sync 1 DAGs
[2026-05-10T20:03:00.023+0000] {logging_mixin.py:188} INFO - [2026-05-10T20:03:00.023+0000] {dag.py:3947} INFO - Setting next_dagrun for tutorial_taskflow_api_virtualenv to None, run_after=None
[2026-05-10T20:03:00.038+0000] {processor.py:183} INFO - Processing /home/airflow/.local/lib/python3.12/site-packages/airflow/example_dags/tutorial_taskflow_api_virtualenv.py took 0.064 seconds
[2026-05-10T20:03:30.177+0000] {processor.py:161} INFO - Started process (PID=12337) to work on /home/airflow/.local/lib/python3.12/site-packages/airflow/example_dags/tutorial_taskflow_api_virtualenv.py
[2026-05-10T20:03:30.178+0000] {processor.py:830} INFO - Processing file /home/airflow/.local/lib/python3.12/site-packages/airflow/example_dags/tutorial_taskflow_api_virtualenv.py for tasks to queue
[2026-05-10T20:03:30.180+0000] {logging_mixin.py:188} INFO - [2026-05-10T20:03:30.179+0000] {dagbag.py:545} INFO - Filling up the DagBag from /home/airflow/.local/lib/python3.12/site-packages/airflow/example_dags/tutorial_taskflow_api_virtualenv.py
[2026-05-10T20:03:30.189+0000] {processor.py:840} INFO - DAG(s) 'tutorial_taskflow_api_virtualenv' retrieved from /home/airflow/.local/lib/python3.12/site-packages/airflow/example_dags/tutorial_taskflow_api_virtualenv.py
[2026-05-10T20:03:30.206+0000] {logging_mixin.py:188} INFO - [2026-05-10T20:03:30.205+0000] {dag.py:3089} INFO - Sync 1 DAGs
[2026-05-10T20:03:30.217+0000] {logging_mixin.py:188} INFO - [2026-05-10T20:03:30.217+0000] {dag.py:3947} INFO - Setting next_dagrun for tutorial_taskflow_api_virtualenv to None, run_after=None
[2026-05-10T20:03:30.232+0000] {processor.py:183} INFO - Processing /home/airflow/.local/lib/python3.12/site-packages/airflow/example_dags/tutorial_taskflow_api_virtualenv.py took 0.062 seconds
[2026-05-10T20:04:00.500+0000] {processor.py:161} INFO - Started process (PID=12397) to work on /home/airflow/.local/lib/python3.12/site-packages/airflow/example_dags/tutorial_taskflow_api_virtualenv.py
[2026-05-10T20:04:00.501+0000] {processor.py:830} INFO - Processing file /home/airflow/.local/lib/python3.12/site-packages/airflow/example_dags/tutorial_taskflow_api_virtualenv.py for tasks to queue
[2026-05-10T20:04:00.503+0000] {logging_mixin.py:188} INFO - [2026-05-10T20:04:00.503+0000] {dagbag.py:545} INFO - Filling up the DagBag from /home/airflow/.local/lib/python3.12/site-packages/airflow/example_dags/tutorial_taskflow_api_virtualenv.py
[2026-05-10T20:04:00.512+0000] {processor.py:840} INFO - DAG(s) 'tutorial_taskflow_api_virtualenv' retrieved from /home/airflow/.local/lib/python3.12/site-packages/airflow/example_dags/tutorial_taskflow_api_virtualenv.py
[2026-05-10T20:04:00.531+0000] {logging_mixin.py:188} INFO - [2026-05-10T20:04:00.531+0000] {dag.py:3089} INFO - Sync 1 DAGs
[2026-05-10T20:04:00.542+0000] {logging_mixin.py:188} INFO - [2026-05-10T20:04:00.542+0000] {dag.py:3947} INFO - Setting next_dagrun for tutorial_taskflow_api_virtualenv to None, run_after=None
[2026-05-10T20:04:00.558+0000] {processor.py:183} INFO - Processing /home/airflow/.local/lib/python3.12/site-packages/airflow/example_dags/tutorial_taskflow_api_virtualenv.py took 0.065 seconds
[2026-05-10T20:04:30.714+0000] {processor.py:161} INFO - Started process (PID=12457) to work on /home/airflow/.local/lib/python3.12/site-packages/airflow/example_dags/tutorial_taskflow_api_virtualenv.py
[2026-05-10T20:04:30.715+0000] {processor.py:830} INFO - Processing file /home/airflow/.local/lib/python3.12/site-packages/airflow/example_dags/tutorial_taskflow_api_virtualenv.py for tasks to queue
[2026-05-10T20:04:30.717+0000] {logging_mixin.py:188} INFO - [2026-05-10T20:04:30.717+0000] {dagbag.py:545} INFO - Filling up the DagBag from /home/airflow/.local/lib/python3.12/site-packages/airflow/example_dags/tutorial_taskflow_api_virtualenv.py
[2026-05-10T20:04:30.727+0000] {processor.py:840} INFO - DAG(s) 'tutorial_taskflow_api_virtualenv' retrieved from /home/airflow/.local/lib/python3.12/site-packages/airflow/example_dags/tutorial_taskflow_api_virtualenv.py
[2026-05-10T20:04:30.747+0000] {logging_mixin.py:188} INFO - [2026-05-10T20:04:30.747+0000] {dag.py:3089} INFO - Sync 1 DAGs
[2026-05-10T20:04:30.758+0000] {logging_mixin.py:188} INFO - [2026-05-10T20:04:30.758+0000] {dag.py:3947} INFO - Setting next_dagrun for tutorial_taskflow_api_virtualenv to None, run_after=None
[2026-05-10T20:04:30.776+0000] {processor.py:183} INFO - Processing /home/airflow/.local/lib/python3.12/site-packages/airflow/example_dags/tutorial_taskflow_api_virtualenv.py took 0.069 seconds
[2026-05-10T20:05:01.139+0000] {processor.py:161} INFO - Started process (PID=12517) to work on /home/airflow/.local/lib/python3.12/site-packages/airflow/example_dags/tutorial_taskflow_api_virtualenv.py
[2026-05-10T20:05:01.140+0000] {processor.py:830} INFO - Processing file /home/airflow/.local/lib/python3.12/site-packages/airflow/example_dags/tutorial_taskflow_api_virtualenv.py for tasks to queue
[2026-05-10T20:05:01.142+0000] {logging_mixin.py:188} INFO - [2026-05-10T20:05:01.141+0000] {dagbag.py:545} INFO - Filling up the DagBag from /home/airflow/.local/lib/python3.12/site-packages/airflow/example_dags/tutorial_taskflow_api_virtualenv.py
[2026-05-10T20:05:01.151+0000] {processor.py:840} INFO - DAG(s) 'tutorial_taskflow_api_virtualenv' retrieved from /home/airflow/.local/lib/python3.12/site-packages/airflow/example_dags/tutorial_taskflow_api_virtualenv.py
[2026-05-10T20:05:01.169+0000] {logging_mixin.py:188} INFO - [2026-05-10T20:05:01.169+0000] {dag.py:3089} INFO - Sync 1 DAGs
[2026-05-10T20:05:01.180+0000] {logging_mixin.py:188} INFO - [2026-05-10T20:05:01.180+0000] {dag.py:3947} INFO - Setting next_dagrun for tutorial_taskflow_api_virtualenv to None, run_after=None
[2026-05-10T20:05:01.195+0000] {processor.py:183} INFO - Processing /home/airflow/.local/lib/python3.12/site-packages/airflow/example_dags/tutorial_taskflow_api_virtualenv.py took 0.062 seconds
[2026-05-10T20:05:31.407+0000] {processor.py:161} INFO - Started process (PID=12577) to work on /home/airflow/.local/lib/python3.12/site-packages/airflow/example_dags/tutorial_taskflow_api_virtualenv.py
[2026-05-10T20:05:31.408+0000] {processor.py:830} INFO - Processing file /home/airflow/.local/lib/python3.12/site-packages/airflow/example_dags/tutorial_taskflow_api_virtualenv.py for tasks to queue
[2026-05-10T20:05:31.410+0000] {logging_mixin.py:188} INFO - [2026-05-10T20:05:31.410+0000] {dagbag.py:545} INFO - Filling up the DagBag from /home/airflow/.local/lib/python3.12/site-packages/airflow/example_dags/tutorial_taskflow_api_virtualenv.py
[2026-05-10T20:05:31.420+0000] {processor.py:840} INFO - DAG(s) 'tutorial_taskflow_api_virtualenv' retrieved from /home/airflow/.local/lib/python3.12/site-packages/airflow/example_dags/tutorial_taskflow_api_virtualenv.py
[2026-05-10T20:05:31.440+0000] {logging_mixin.py:188} INFO - [2026-05-10T20:05:31.439+0000] {dag.py:3089} INFO - Sync 1 DAGs
[2026-05-10T20:05:31.452+0000] {logging_mixin.py:188} INFO - [2026-05-10T20:05:31.451+0000] {dag.py:3947} INFO - Setting next_dagrun for tutorial_taskflow_api_virtualenv to None, run_after=None
[2026-05-10T20:05:31.467+0000] {processor.py:183} INFO - Processing /home/airflow/.local/lib/python3.12/site-packages/airflow/example_dags/tutorial_taskflow_api_virtualenv.py took 0.066 seconds
[2026-05-10T20:06:01.640+0000] {processor.py:161} INFO - Started process (PID=12637) to work on /home/airflow/.local/lib/python3.12/site-packages/airflow/example_dags/tutorial_taskflow_api_virtualenv.py
[2026-05-10T20:06:01.641+0000] {processor.py:830} INFO - Processing file /home/airflow/.local/lib/python3.12/site-packages/airflow/example_dags/tutorial_taskflow_api_virtualenv.py for tasks to queue
[2026-05-10T20:06:01.643+0000] {logging_mixin.py:188} INFO - [2026-05-10T20:06:01.643+0000] {dagbag.py:545} INFO - Filling up the DagBag from /home/airflow/.local/lib/python3.12/site-packages/airflow/example_dags/tutorial_taskflow_api_virtualenv.py
[2026-05-10T20:06:01.652+0000] {processor.py:840} INFO - DAG(s) 'tutorial_taskflow_api_virtualenv' retrieved from /home/airflow/.local/lib/python3.12/site-packages/airflow/example_dags/tutorial_taskflow_api_virtualenv.py
[2026-05-10T20:06:01.670+0000] {logging_mixin.py:188} INFO - [2026-05-10T20:06:01.670+0000] {dag.py:3089} INFO - Sync 1 DAGs
[2026-05-10T20:06:01.681+0000] {logging_mixin.py:188} INFO - [2026-05-10T20:06:01.681+0000] {dag.py:3947} INFO - Setting next_dagrun for tutorial_taskflow_api_virtualenv to None, run_after=None
[2026-05-10T20:06:01.697+0000] {processor.py:183} INFO - Processing /home/airflow/.local/lib/python3.12/site-packages/airflow/example_dags/tutorial_taskflow_api_virtualenv.py took 0.064 seconds
[2026-05-10T20:06:31.864+0000] {processor.py:161} INFO - Started process (PID=12697) to work on /home/airflow/.local/lib/python3.12/site-packages/airflow/example_dags/tutorial_taskflow_api_virtualenv.py
[2026-05-10T20:06:31.865+0000] {processor.py:830} INFO - Processing file /home/airflow/.local/lib/python3.12/site-packages/airflow/example_dags/tutorial_taskflow_api_virtualenv.py for tasks to queue
[2026-05-10T20:06:31.866+0000] {logging_mixin.py:188} INFO - [2026-05-10T20:06:31.866+0000] {dagbag.py:545} INFO - Filling up the DagBag from /home/airflow/.local/lib/python3.12/site-packages/airflow/example_dags/tutorial_taskflow_api_virtualenv.py
[2026-05-10T20:06:31.876+0000] {processor.py:840} INFO - DAG(s) 'tutorial_taskflow_api_virtualenv' retrieved from /home/airflow/.local/lib/python3.12/site-packages/airflow/example_dags/tutorial_taskflow_api_virtualenv.py
[2026-05-10T20:06:31.893+0000] {logging_mixin.py:188} INFO - [2026-05-10T20:06:31.893+0000] {dag.py:3089} INFO - Sync 1 DAGs
[2026-05-10T20:06:31.903+0000] {logging_mixin.py:188} INFO - [2026-05-10T20:06:31.902+0000] {dag.py:3947} INFO - Setting next_dagrun for tutorial_taskflow_api_virtualenv to None, run_after=None
[2026-05-10T20:06:31.918+0000] {processor.py:183} INFO - Processing /home/airflow/.local/lib/python3.12/site-packages/airflow/example_dags/tutorial_taskflow_api_virtualenv.py took 0.060 seconds
[2026-05-10T20:07:02.333+0000] {processor.py:161} INFO - Started process (PID=12758) to work on /home/airflow/.local/lib/python3.12/site-packages/airflow/example_dags/tutorial_taskflow_api_virtualenv.py
[2026-05-10T20:07:02.334+0000] {processor.py:830} INFO - Processing file /home/airflow/.local/lib/python3.12/site-packages/airflow/example_dags/tutorial_taskflow_api_virtualenv.py for tasks to queue
[2026-05-10T20:07:02.337+0000] {logging_mixin.py:188} INFO - [2026-05-10T20:07:02.336+0000] {dagbag.py:545} INFO - Filling up the DagBag from /home/airflow/.local/lib/python3.12/site-packages/airflow/example_dags/tutorial_taskflow_api_virtualenv.py
[2026-05-10T20:07:02.351+0000] {processor.py:840} INFO - DAG(s) 'tutorial_taskflow_api_virtualenv' retrieved from /home/airflow/.local/lib/python3.12/site-packages/airflow/example_dags/tutorial_taskflow_api_virtualenv.py
[2026-05-10T20:07:02.374+0000] {logging_mixin.py:188} INFO - [2026-05-10T20:07:02.374+0000] {dag.py:3089} INFO - Sync 1 DAGs
[2026-05-10T20:07:02.388+0000] {logging_mixin.py:188} INFO - [2026-05-10T20:07:02.387+0000] {dag.py:3947} INFO - Setting next_dagrun for tutorial_taskflow_api_virtualenv to None, run_after=None
[2026-05-10T20:07:02.404+0000] {processor.py:183} INFO - Processing /home/airflow/.local/lib/python3.12/site-packages/airflow/example_dags/tutorial_taskflow_api_virtualenv.py took 0.080 seconds
[2026-05-10T20:07:32.489+0000] {processor.py:161} INFO - Started process (PID=12818) to work on /home/airflow/.local/lib/python3.12/site-packages/airflow/example_dags/tutorial_taskflow_api_virtualenv.py
[2026-05-10T20:07:32.490+0000] {processor.py:830} INFO - Processing file /home/airflow/.local/lib/python3.12/site-packages/airflow/example_dags/tutorial_taskflow_api_virtualenv.py for tasks to queue
[2026-05-10T20:07:32.492+0000] {logging_mixin.py:188} INFO - [2026-05-10T20:07:32.491+0000] {dagbag.py:545} INFO - Filling up the DagBag from /home/airflow/.local/lib/python3.12/site-packages/airflow/example_dags/tutorial_taskflow_api_virtualenv.py
[2026-05-10T20:07:32.501+0000] {processor.py:840} INFO - DAG(s) 'tutorial_taskflow_api_virtualenv' retrieved from /home/airflow/.local/lib/python3.12/site-packages/airflow/example_dags/tutorial_taskflow_api_virtualenv.py
[2026-05-10T20:07:32.521+0000] {logging_mixin.py:188} INFO - [2026-05-10T20:07:32.521+0000] {dag.py:3089} INFO - Sync 1 DAGs
[2026-05-10T20:07:32.533+0000] {logging_mixin.py:188} INFO - [2026-05-10T20:07:32.532+0000] {dag.py:3947} INFO - Setting next_dagrun for tutorial_taskflow_api_virtualenv to None, run_after=None
[2026-05-10T20:07:32.548+0000] {processor.py:183} INFO - Processing /home/airflow/.local/lib/python3.12/site-packages/airflow/example_dags/tutorial_taskflow_api_virtualenv.py took 0.065 seconds
[2026-05-10T20:08:02.852+0000] {processor.py:161} INFO - Started process (PID=12878) to work on /home/airflow/.local/lib/python3.12/site-packages/airflow/example_dags/tutorial_taskflow_api_virtualenv.py
[2026-05-10T20:08:02.853+0000] {processor.py:830} INFO - Processing file /home/airflow/.local/lib/python3.12/site-packages/airflow/example_dags/tutorial_taskflow_api_virtualenv.py for tasks to queue
[2026-05-10T20:08:02.855+0000] {logging_mixin.py:188} INFO - [2026-05-10T20:08:02.855+0000] {dagbag.py:545} INFO - Filling up the DagBag from /home/airflow/.local/lib/python3.12/site-packages/airflow/example_dags/tutorial_taskflow_api_virtualenv.py
[2026-05-10T20:08:02.865+0000] {processor.py:840} INFO - DAG(s) 'tutorial_taskflow_api_virtualenv' retrieved from /home/airflow/.local/lib/python3.12/site-packages/airflow/example_dags/tutorial_taskflow_api_virtualenv.py
[2026-05-10T20:08:02.883+0000] {logging_mixin.py:188} INFO - [2026-05-10T20:08:02.883+0000] {dag.py:3089} INFO - Sync 1 DAGs
[2026-05-10T20:08:02.895+0000] {logging_mixin.py:188} INFO - [2026-05-10T20:08:02.894+0000] {dag.py:3947} INFO - Setting next_dagrun for tutorial_taskflow_api_virtualenv to None, run_after=None
[2026-05-10T20:08:02.909+0000] {processor.py:183} INFO - Processing /home/airflow/.local/lib/python3.12/site-packages/airflow/example_dags/tutorial_taskflow_api_virtualenv.py took 0.063 seconds
[2026-05-10T20:08:33.044+0000] {processor.py:161} INFO - Started process (PID=12938) to work on /home/airflow/.local/lib/python3.12/site-packages/airflow/example_dags/tutorial_taskflow_api_virtualenv.py
[2026-05-10T20:08:33.045+0000] {processor.py:830} INFO - Processing file /home/airflow/.local/lib/python3.12/site-packages/airflow/example_dags/tutorial_taskflow_api_virtualenv.py for tasks to queue
[2026-05-10T20:08:33.047+0000] {logging_mixin.py:188} INFO - [2026-05-10T20:08:33.047+0000] {dagbag.py:545} INFO - Filling up the DagBag from /home/airflow/.local/lib/python3.12/site-packages/airflow/example_dags/tutorial_taskflow_api_virtualenv.py
[2026-05-10T20:08:33.057+0000] {processor.py:840} INFO - DAG(s) 'tutorial_taskflow_api_virtualenv' retrieved from /home/airflow/.local/lib/python3.12/site-packages/airflow/example_dags/tutorial_taskflow_api_virtualenv.py
[2026-05-10T20:08:33.075+0000] {logging_mixin.py:188} INFO - [2026-05-10T20:08:33.075+0000] {dag.py:3089} INFO - Sync 1 DAGs
[2026-05-10T20:08:33.087+0000] {logging_mixin.py:188} INFO - [2026-05-10T20:08:33.087+0000] {dag.py:3947} INFO - Setting next_dagrun for tutorial_taskflow_api_virtualenv to None, run_after=None
[2026-05-10T20:08:33.104+0000] {processor.py:183} INFO - Processing /home/airflow/.local/lib/python3.12/site-packages/airflow/example_dags/tutorial_taskflow_api_virtualenv.py took 0.067 seconds
[2026-05-10T20:09:03.280+0000] {processor.py:161} INFO - Started process (PID=12998) to work on /home/airflow/.local/lib/python3.12/site-packages/airflow/example_dags/tutorial_taskflow_api_virtualenv.py
[2026-05-10T20:09:03.281+0000] {processor.py:830} INFO - Processing file /home/airflow/.local/lib/python3.12/site-packages/airflow/example_dags/tutorial_taskflow_api_virtualenv.py for tasks to queue
[2026-05-10T20:09:03.282+0000] {logging_mixin.py:188} INFO - [2026-05-10T20:09:03.282+0000] {dagbag.py:545} INFO - Filling up the DagBag from /home/airflow/.local/lib/python3.12/site-packages/airflow/example_dags/tutorial_taskflow_api_virtualenv.py
[2026-05-10T20:09:03.292+0000] {processor.py:840} INFO - DAG(s) 'tutorial_taskflow_api_virtualenv' retrieved from /home/airflow/.local/lib/python3.12/site-packages/airflow/example_dags/tutorial_taskflow_api_virtualenv.py
[2026-05-10T20:09:03.311+0000] {logging_mixin.py:188} INFO - [2026-05-10T20:09:03.311+0000] {dag.py:3089} INFO - Sync 1 DAGs
[2026-05-10T20:09:03.322+0000] {logging_mixin.py:188} INFO - [2026-05-10T20:09:03.322+0000] {dag.py:3947} INFO - Setting next_dagrun for tutorial_taskflow_api_virtualenv to None, run_after=None
[2026-05-10T20:09:03.337+0000] {processor.py:183} INFO - Processing /home/airflow/.local/lib/python3.12/site-packages/airflow/example_dags/tutorial_taskflow_api_virtualenv.py took 0.065 seconds
[2026-05-10T20:09:33.451+0000] {processor.py:161} INFO - Started process (PID=13058) to work on /home/airflow/.local/lib/python3.12/site-packages/airflow/example_dags/tutorial_taskflow_api_virtualenv.py
[2026-05-10T20:09:33.452+0000] {processor.py:830} INFO - Processing file /home/airflow/.local/lib/python3.12/site-packages/airflow/example_dags/tutorial_taskflow_api_virtualenv.py for tasks to queue
[2026-05-10T20:09:33.453+0000] {logging_mixin.py:188} INFO - [2026-05-10T20:09:33.453+0000] {dagbag.py:545} INFO - Filling up the DagBag from /home/airflow/.local/lib/python3.12/site-packages/airflow/example_dags/tutorial_taskflow_api_virtualenv.py
[2026-05-10T20:09:33.463+0000] {processor.py:840} INFO - DAG(s) 'tutorial_taskflow_api_virtualenv' retrieved from /home/airflow/.local/lib/python3.12/site-packages/airflow/example_dags/tutorial_taskflow_api_virtualenv.py
[2026-05-10T20:09:33.482+0000] {logging_mixin.py:188} INFO - [2026-05-10T20:09:33.482+0000] {dag.py:3089} INFO - Sync 1 DAGs
[2026-05-10T20:09:33.492+0000] {logging_mixin.py:188} INFO - [2026-05-10T20:09:33.492+0000] {dag.py:3947} INFO - Setting next_dagrun for tutorial_taskflow_api_virtualenv to None, run_after=None
[2026-05-10T20:09:33.507+0000] {processor.py:183} INFO - Processing /home/airflow/.local/lib/python3.12/site-packages/airflow/example_dags/tutorial_taskflow_api_virtualenv.py took 0.062 seconds
[2026-05-10T20:10:03.689+0000] {processor.py:161} INFO - Started process (PID=13118) to work on /home/airflow/.local/lib/python3.12/site-packages/airflow/example_dags/tutorial_taskflow_api_virtualenv.py
[2026-05-10T20:10:03.690+0000] {processor.py:830} INFO - Processing file /home/airflow/.local/lib/python3.12/site-packages/airflow/example_dags/tutorial_taskflow_api_virtualenv.py for tasks to queue
[2026-05-10T20:10:03.691+0000] {logging_mixin.py:188} INFO - [2026-05-10T20:10:03.691+0000] {dagbag.py:545} INFO - Filling up the DagBag from /home/airflow/.local/lib/python3.12/site-packages/airflow/example_dags/tutorial_taskflow_api_virtualenv.py
[2026-05-10T20:10:03.700+0000] {processor.py:840} INFO - DAG(s) 'tutorial_taskflow_api_virtualenv' retrieved from /home/airflow/.local/lib/python3.12/site-packages/airflow/example_dags/tutorial_taskflow_api_virtualenv.py
[2026-05-10T20:10:03.719+0000] {logging_mixin.py:188} INFO - [2026-05-10T20:10:03.719+0000] {dag.py:3089} INFO - Sync 1 DAGs
[2026-05-10T20:10:03.729+0000] {logging_mixin.py:188} INFO - [2026-05-10T20:10:03.729+0000] {dag.py:3947} INFO - Setting next_dagrun for tutorial_taskflow_api_virtualenv to None, run_after=None
[2026-05-10T20:10:03.743+0000] {processor.py:183} INFO - Processing /home/airflow/.local/lib/python3.12/site-packages/airflow/example_dags/tutorial_taskflow_api_virtualenv.py took 0.061 seconds
[2026-05-10T20:10:33.977+0000] {processor.py:161} INFO - Started process (PID=13178) to work on /home/airflow/.local/lib/python3.12/site-packages/airflow/example_dags/tutorial_taskflow_api_virtualenv.py
[2026-05-10T20:10:33.978+0000] {processor.py:830} INFO - Processing file /home/airflow/.local/lib/python3.12/site-packages/airflow/example_dags/tutorial_taskflow_api_virtualenv.py for tasks to queue
[2026-05-10T20:10:33.980+0000] {logging_mixin.py:188} INFO - [2026-05-10T20:10:33.980+0000] {dagbag.py:545} INFO - Filling up the DagBag from /home/airflow/.local/lib/python3.12/site-packages/airflow/example_dags/tutorial_taskflow_api_virtualenv.py
[2026-05-10T20:10:33.989+0000] {processor.py:840} INFO - DAG(s) 'tutorial_taskflow_api_virtualenv' retrieved from /home/airflow/.local/lib/python3.12/site-packages/airflow/example_dags/tutorial_taskflow_api_virtualenv.py
[2026-05-10T20:10:34.009+0000] {logging_mixin.py:188} INFO - [2026-05-10T20:10:34.009+0000] {dag.py:3089} INFO - Sync 1 DAGs
[2026-05-10T20:10:34.020+0000] {logging_mixin.py:188} INFO - [2026-05-10T20:10:34.020+0000] {dag.py:3947} INFO - Setting next_dagrun for tutorial_taskflow_api_virtualenv to None, run_after=None
[2026-05-10T20:10:34.035+0000] {processor.py:183} INFO - Processing /home/airflow/.local/lib/python3.12/site-packages/airflow/example_dags/tutorial_taskflow_api_virtualenv.py took 0.065 seconds
[2026-05-10T20:11:04.358+0000] {processor.py:161} INFO - Started process (PID=13238) to work on /home/airflow/.local/lib/python3.12/site-packages/airflow/example_dags/tutorial_taskflow_api_virtualenv.py
[2026-05-10T20:11:04.359+0000] {processor.py:830} INFO - Processing file /home/airflow/.local/lib/python3.12/site-packages/airflow/example_dags/tutorial_taskflow_api_virtualenv.py for tasks to queue
[2026-05-10T20:11:04.361+0000] {logging_mixin.py:188} INFO - [2026-05-10T20:11:04.361+0000] {dagbag.py:545} INFO - Filling up the DagBag from /home/airflow/.local/lib/python3.12/site-packages/airflow/example_dags/tutorial_taskflow_api_virtualenv.py
[2026-05-10T20:11:04.371+0000] {processor.py:840} INFO - DAG(s) 'tutorial_taskflow_api_virtualenv' retrieved from /home/airflow/.local/lib/python3.12/site-packages/airflow/example_dags/tutorial_taskflow_api_virtualenv.py
[2026-05-10T20:11:04.390+0000] {logging_mixin.py:188} INFO - [2026-05-10T20:11:04.389+0000] {dag.py:3089} INFO - Sync 1 DAGs
[2026-05-10T20:11:04.401+0000] {logging_mixin.py:188} INFO - [2026-05-10T20:11:04.401+0000] {dag.py:3947} INFO - Setting next_dagrun for tutorial_taskflow_api_virtualenv to None, run_after=None
[2026-05-10T20:11:04.418+0000] {processor.py:183} INFO - Processing /home/airflow/.local/lib/python3.12/site-packages/airflow/example_dags/tutorial_taskflow_api_virtualenv.py took 0.067 seconds
[2026-05-10T20:11:34.560+0000] {processor.py:161} INFO - Started process (PID=13298) to work on /home/airflow/.local/lib/python3.12/site-packages/airflow/example_dags/tutorial_taskflow_api_virtualenv.py
[2026-05-10T20:11:34.561+0000] {processor.py:830} INFO - Processing file /home/airflow/.local/lib/python3.12/site-packages/airflow/example_dags/tutorial_taskflow_api_virtualenv.py for tasks to queue
[2026-05-10T20:11:34.562+0000] {logging_mixin.py:188} INFO - [2026-05-10T20:11:34.562+0000] {dagbag.py:545} INFO - Filling up the DagBag from /home/airflow/.local/lib/python3.12/site-packages/airflow/example_dags/tutorial_taskflow_api_virtualenv.py
[2026-05-10T20:11:34.572+0000] {processor.py:840} INFO - DAG(s) 'tutorial_taskflow_api_virtualenv' retrieved from /home/airflow/.local/lib/python3.12/site-packages/airflow/example_dags/tutorial_taskflow_api_virtualenv.py
[2026-05-10T20:11:34.590+0000] {logging_mixin.py:188} INFO - [2026-05-10T20:11:34.590+0000] {dag.py:3089} INFO - Sync 1 DAGs
[2026-05-10T20:11:34.600+0000] {logging_mixin.py:188} INFO - [2026-05-10T20:11:34.600+0000] {dag.py:3947} INFO - Setting next_dagrun for tutorial_taskflow_api_virtualenv to None, run_after=None
[2026-05-10T20:11:34.615+0000] {processor.py:183} INFO - Processing /home/airflow/.local/lib/python3.12/site-packages/airflow/example_dags/tutorial_taskflow_api_virtualenv.py took 0.062 seconds
[2026-05-10T20:12:04.757+0000] {processor.py:161} INFO - Started process (PID=13358) to work on /home/airflow/.local/lib/python3.12/site-packages/airflow/example_dags/tutorial_taskflow_api_virtualenv.py
[2026-05-10T20:12:04.758+0000] {processor.py:830} INFO - Processing file /home/airflow/.local/lib/python3.12/site-packages/airflow/example_dags/tutorial_taskflow_api_virtualenv.py for tasks to queue
[2026-05-10T20:12:04.760+0000] {logging_mixin.py:188} INFO - [2026-05-10T20:12:04.760+0000] {dagbag.py:545} INFO - Filling up the DagBag from /home/airflow/.local/lib/python3.12/site-packages/airflow/example_dags/tutorial_taskflow_api_virtualenv.py
[2026-05-10T20:12:04.769+0000] {processor.py:840} INFO - DAG(s) 'tutorial_taskflow_api_virtualenv' retrieved from /home/airflow/.local/lib/python3.12/site-packages/airflow/example_dags/tutorial_taskflow_api_virtualenv.py
[2026-05-10T20:12:04.788+0000] {logging_mixin.py:188} INFO - [2026-05-10T20:12:04.787+0000] {dag.py:3089} INFO - Sync 1 DAGs
[2026-05-10T20:12:04.799+0000] {logging_mixin.py:188} INFO - [2026-05-10T20:12:04.799+0000] {dag.py:3947} INFO - Setting next_dagrun for tutorial_taskflow_api_virtualenv to None, run_after=None
[2026-05-10T20:12:04.814+0000] {processor.py:183} INFO - Processing /home/airflow/.local/lib/python3.12/site-packages/airflow/example_dags/tutorial_taskflow_api_virtualenv.py took 0.064 seconds
[2026-05-10T20:12:35.076+0000] {processor.py:161} INFO - Started process (PID=13418) to work on /home/airflow/.local/lib/python3.12/site-packages/airflow/example_dags/tutorial_taskflow_api_virtualenv.py
[2026-05-10T20:12:35.077+0000] {processor.py:830} INFO - Processing file /home/airflow/.local/lib/python3.12/site-packages/airflow/example_dags/tutorial_taskflow_api_virtualenv.py for tasks to queue
[2026-05-10T20:12:35.079+0000] {logging_mixin.py:188} INFO - [2026-05-10T20:12:35.079+0000] {dagbag.py:545} INFO - Filling up the DagBag from /home/airflow/.local/lib/python3.12/site-packages/airflow/example_dags/tutorial_taskflow_api_virtualenv.py
[2026-05-10T20:12:35.088+0000] {processor.py:840} INFO - DAG(s) 'tutorial_taskflow_api_virtualenv' retrieved from /home/airflow/.local/lib/python3.12/site-packages/airflow/example_dags/tutorial_taskflow_api_virtualenv.py
[2026-05-10T20:12:35.106+0000] {logging_mixin.py:188} INFO - [2026-05-10T20:12:35.106+0000] {dag.py:3089} INFO - Sync 1 DAGs
[2026-05-10T20:12:35.118+0000] {logging_mixin.py:188} INFO - [2026-05-10T20:12:35.118+0000] {dag.py:3947} INFO - Setting next_dagrun for tutorial_taskflow_api_virtualenv to None, run_after=None
[2026-05-10T20:12:35.133+0000] {processor.py:183} INFO - Processing /home/airflow/.local/lib/python3.12/site-packages/airflow/example_dags/tutorial_taskflow_api_virtualenv.py took 0.066 seconds
[2026-05-10T20:13:05.213+0000] {processor.py:161} INFO - Started process (PID=13478) to work on /home/airflow/.local/lib/python3.12/site-packages/airflow/example_dags/tutorial_taskflow_api_virtualenv.py
[2026-05-10T20:13:05.214+0000] {processor.py:830} INFO - Processing file /home/airflow/.local/lib/python3.12/site-packages/airflow/example_dags/tutorial_taskflow_api_virtualenv.py for tasks to queue
[2026-05-10T20:13:05.216+0000] {logging_mixin.py:188} INFO - [2026-05-10T20:13:05.215+0000] {dagbag.py:545} INFO - Filling up the DagBag from /home/airflow/.local/lib/python3.12/site-packages/airflow/example_dags/tutorial_taskflow_api_virtualenv.py
[2026-05-10T20:13:05.225+0000] {processor.py:840} INFO - DAG(s) 'tutorial_taskflow_api_virtualenv' retrieved from /home/airflow/.local/lib/python3.12/site-packages/airflow/example_dags/tutorial_taskflow_api_virtualenv.py
[2026-05-10T20:13:05.243+0000] {logging_mixin.py:188} INFO - [2026-05-10T20:13:05.243+0000] {dag.py:3089} INFO - Sync 1 DAGs
[2026-05-10T20:13:05.254+0000] {logging_mixin.py:188} INFO - [2026-05-10T20:13:05.254+0000] {dag.py:3947} INFO - Setting next_dagrun for tutorial_taskflow_api_virtualenv to None, run_after=None
[2026-05-10T20:13:05.267+0000] {processor.py:183} INFO - Processing /home/airflow/.local/lib/python3.12/site-packages/airflow/example_dags/tutorial_taskflow_api_virtualenv.py took 0.061 seconds
[2026-05-10T20:13:35.556+0000] {processor.py:161} INFO - Started process (PID=13538) to work on /home/airflow/.local/lib/python3.12/site-packages/airflow/example_dags/tutorial_taskflow_api_virtualenv.py
[2026-05-10T20:13:35.557+0000] {processor.py:830} INFO - Processing file /home/airflow/.local/lib/python3.12/site-packages/airflow/example_dags/tutorial_taskflow_api_virtualenv.py for tasks to queue
[2026-05-10T20:13:35.559+0000] {logging_mixin.py:188} INFO - [2026-05-10T20:13:35.559+0000] {dagbag.py:545} INFO - Filling up the DagBag from /home/airflow/.local/lib/python3.12/site-packages/airflow/example_dags/tutorial_taskflow_api_virtualenv.py
[2026-05-10T20:13:35.570+0000] {processor.py:840} INFO - DAG(s) 'tutorial_taskflow_api_virtualenv' retrieved from /home/airflow/.local/lib/python3.12/site-packages/airflow/example_dags/tutorial_taskflow_api_virtualenv.py
[2026-05-10T20:13:35.587+0000] {logging_mixin.py:188} INFO - [2026-05-10T20:13:35.587+0000] {dag.py:3089} INFO - Sync 1 DAGs
[2026-05-10T20:13:35.598+0000] {logging_mixin.py:188} INFO - [2026-05-10T20:13:35.598+0000] {dag.py:3947} INFO - Setting next_dagrun for tutorial_taskflow_api_virtualenv to None, run_after=None
[2026-05-10T20:13:35.614+0000] {processor.py:183} INFO - Processing /home/airflow/.local/lib/python3.12/site-packages/airflow/example_dags/tutorial_taskflow_api_virtualenv.py took 0.064 seconds
[2026-05-10T20:14:05.894+0000] {processor.py:161} INFO - Started process (PID=13598) to work on /home/airflow/.local/lib/python3.12/site-packages/airflow/example_dags/tutorial_taskflow_api_virtualenv.py
[2026-05-10T20:14:05.895+0000] {processor.py:830} INFO - Processing file /home/airflow/.local/lib/python3.12/site-packages/airflow/example_dags/tutorial_taskflow_api_virtualenv.py for tasks to queue
[2026-05-10T20:14:05.897+0000] {logging_mixin.py:188} INFO - [2026-05-10T20:14:05.897+0000] {dagbag.py:545} INFO - Filling up the DagBag from /home/airflow/.local/lib/python3.12/site-packages/airflow/example_dags/tutorial_taskflow_api_virtualenv.py
[2026-05-10T20:14:05.914+0000] {processor.py:840} INFO - DAG(s) 'tutorial_taskflow_api_virtualenv' retrieved from /home/airflow/.local/lib/python3.12/site-packages/airflow/example_dags/tutorial_taskflow_api_virtualenv.py
[2026-05-10T20:14:05.934+0000] {logging_mixin.py:188} INFO - [2026-05-10T20:14:05.934+0000] {dag.py:3089} INFO - Sync 1 DAGs
[2026-05-10T20:14:05.946+0000] {logging_mixin.py:188} INFO - [2026-05-10T20:14:05.946+0000] {dag.py:3947} INFO - Setting next_dagrun for tutorial_taskflow_api_virtualenv to None, run_after=None
[2026-05-10T20:14:05.962+0000] {processor.py:183} INFO - Processing /home/airflow/.local/lib/python3.12/site-packages/airflow/example_dags/tutorial_taskflow_api_virtualenv.py took 0.077 seconds
[2026-05-10T20:14:36.159+0000] {processor.py:161} INFO - Started process (PID=13658) to work on /home/airflow/.local/lib/python3.12/site-packages/airflow/example_dags/tutorial_taskflow_api_virtualenv.py
[2026-05-10T20:14:36.160+0000] {processor.py:830} INFO - Processing file /home/airflow/.local/lib/python3.12/site-packages/airflow/example_dags/tutorial_taskflow_api_virtualenv.py for tasks to queue
[2026-05-10T20:14:36.163+0000] {logging_mixin.py:188} INFO - [2026-05-10T20:14:36.162+0000] {dagbag.py:545} INFO - Filling up the DagBag from /home/airflow/.local/lib/python3.12/site-packages/airflow/example_dags/tutorial_taskflow_api_virtualenv.py
[2026-05-10T20:14:36.172+0000] {processor.py:840} INFO - DAG(s) 'tutorial_taskflow_api_virtualenv' retrieved from /home/airflow/.local/lib/python3.12/site-packages/airflow/example_dags/tutorial_taskflow_api_virtualenv.py
[2026-05-10T20:14:36.191+0000] {logging_mixin.py:188} INFO - [2026-05-10T20:14:36.191+0000] {dag.py:3089} INFO - Sync 1 DAGs
[2026-05-10T20:14:36.201+0000] {logging_mixin.py:188} INFO - [2026-05-10T20:14:36.200+0000] {dag.py:3947} INFO - Setting next_dagrun for tutorial_taskflow_api_virtualenv to None, run_after=None
[2026-05-10T20:14:36.216+0000] {processor.py:183} INFO - Processing /home/airflow/.local/lib/python3.12/site-packages/airflow/example_dags/tutorial_taskflow_api_virtualenv.py took 0.063 seconds
[2026-05-10T20:15:06.476+0000] {processor.py:161} INFO - Started process (PID=13718) to work on /home/airflow/.local/lib/python3.12/site-packages/airflow/example_dags/tutorial_taskflow_api_virtualenv.py
[2026-05-10T20:15:06.477+0000] {processor.py:830} INFO - Processing file /home/airflow/.local/lib/python3.12/site-packages/airflow/example_dags/tutorial_taskflow_api_virtualenv.py for tasks to queue
[2026-05-10T20:15:06.478+0000] {logging_mixin.py:188} INFO - [2026-05-10T20:15:06.478+0000] {dagbag.py:545} INFO - Filling up the DagBag from /home/airflow/.local/lib/python3.12/site-packages/airflow/example_dags/tutorial_taskflow_api_virtualenv.py
[2026-05-10T20:15:06.489+0000] {processor.py:840} INFO - DAG(s) 'tutorial_taskflow_api_virtualenv' retrieved from /home/airflow/.local/lib/python3.12/site-packages/airflow/example_dags/tutorial_taskflow_api_virtualenv.py
[2026-05-10T20:15:06.506+0000] {logging_mixin.py:188} INFO - [2026-05-10T20:15:06.506+0000] {dag.py:3089} INFO - Sync 1 DAGs
[2026-05-10T20:15:06.518+0000] {logging_mixin.py:188} INFO - [2026-05-10T20:15:06.518+0000] {dag.py:3947} INFO - Setting next_dagrun for tutorial_taskflow_api_virtualenv to None, run_after=None
[2026-05-10T20:15:06.533+0000] {processor.py:183} INFO - Processing /home/airflow/.local/lib/python3.12/site-packages/airflow/example_dags/tutorial_taskflow_api_virtualenv.py took 0.063 seconds
[2026-05-10T20:15:36.684+0000] {processor.py:161} INFO - Started process (PID=13778) to work on /home/airflow/.local/lib/python3.12/site-packages/airflow/example_dags/tutorial_taskflow_api_virtualenv.py
[2026-05-10T20:15:36.685+0000] {processor.py:830} INFO - Processing file /home/airflow/.local/lib/python3.12/site-packages/airflow/example_dags/tutorial_taskflow_api_virtualenv.py for tasks to queue
[2026-05-10T20:15:36.687+0000] {logging_mixin.py:188} INFO - [2026-05-10T20:15:36.687+0000] {dagbag.py:545} INFO - Filling up the DagBag from /home/airflow/.local/lib/python3.12/site-packages/airflow/example_dags/tutorial_taskflow_api_virtualenv.py
[2026-05-10T20:15:36.698+0000] {processor.py:840} INFO - DAG(s) 'tutorial_taskflow_api_virtualenv' retrieved from /home/airflow/.local/lib/python3.12/site-packages/airflow/example_dags/tutorial_taskflow_api_virtualenv.py
[2026-05-10T20:15:36.716+0000] {logging_mixin.py:188} INFO - [2026-05-10T20:15:36.716+0000] {dag.py:3089} INFO - Sync 1 DAGs
[2026-05-10T20:15:36.727+0000] {logging_mixin.py:188} INFO - [2026-05-10T20:15:36.727+0000] {dag.py:3947} INFO - Setting next_dagrun for tutorial_taskflow_api_virtualenv to None, run_after=None
[2026-05-10T20:15:36.743+0000] {processor.py:183} INFO - Processing /home/airflow/.local/lib/python3.12/site-packages/airflow/example_dags/tutorial_taskflow_api_virtualenv.py took 0.065 seconds
[2026-05-10T20:16:06.933+0000] {processor.py:161} INFO - Started process (PID=13838) to work on /home/airflow/.local/lib/python3.12/site-packages/airflow/example_dags/tutorial_taskflow_api_virtualenv.py
[2026-05-10T20:16:06.934+0000] {processor.py:830} INFO - Processing file /home/airflow/.local/lib/python3.12/site-packages/airflow/example_dags/tutorial_taskflow_api_virtualenv.py for tasks to queue
[2026-05-10T20:16:06.936+0000] {logging_mixin.py:188} INFO - [2026-05-10T20:16:06.936+0000] {dagbag.py:545} INFO - Filling up the DagBag from /home/airflow/.local/lib/python3.12/site-packages/airflow/example_dags/tutorial_taskflow_api_virtualenv.py
[2026-05-10T20:16:06.945+0000] {processor.py:840} INFO - DAG(s) 'tutorial_taskflow_api_virtualenv' retrieved from /home/airflow/.local/lib/python3.12/site-packages/airflow/example_dags/tutorial_taskflow_api_virtualenv.py
[2026-05-10T20:16:06.963+0000] {logging_mixin.py:188} INFO - [2026-05-10T20:16:06.962+0000] {dag.py:3089} INFO - Sync 1 DAGs
[2026-05-10T20:16:06.974+0000] {logging_mixin.py:188} INFO - [2026-05-10T20:16:06.974+0000] {dag.py:3947} INFO - Setting next_dagrun for tutorial_taskflow_api_virtualenv to None, run_after=None
[2026-05-10T20:16:06.989+0000] {processor.py:183} INFO - Processing /home/airflow/.local/lib/python3.12/site-packages/airflow/example_dags/tutorial_taskflow_api_virtualenv.py took 0.062 seconds
[2026-05-10T20:16:37.287+0000] {processor.py:161} INFO - Started process (PID=13898) to work on /home/airflow/.local/lib/python3.12/site-packages/airflow/example_dags/tutorial_taskflow_api_virtualenv.py
[2026-05-10T20:16:37.288+0000] {processor.py:830} INFO - Processing file /home/airflow/.local/lib/python3.12/site-packages/airflow/example_dags/tutorial_taskflow_api_virtualenv.py for tasks to queue
[2026-05-10T20:16:37.290+0000] {logging_mixin.py:188} INFO - [2026-05-10T20:16:37.290+0000] {dagbag.py:545} INFO - Filling up the DagBag from /home/airflow/.local/lib/python3.12/site-packages/airflow/example_dags/tutorial_taskflow_api_virtualenv.py
[2026-05-10T20:16:37.299+0000] {processor.py:840} INFO - DAG(s) 'tutorial_taskflow_api_virtualenv' retrieved from /home/airflow/.local/lib/python3.12/site-packages/airflow/example_dags/tutorial_taskflow_api_virtualenv.py
[2026-05-10T20:16:37.316+0000] {logging_mixin.py:188} INFO - [2026-05-10T20:16:37.316+0000] {dag.py:3089} INFO - Sync 1 DAGs
[2026-05-10T20:16:37.326+0000] {logging_mixin.py:188} INFO - [2026-05-10T20:16:37.326+0000] {dag.py:3947} INFO - Setting next_dagrun for tutorial_taskflow_api_virtualenv to None, run_after=None
[2026-05-10T20:16:37.341+0000] {processor.py:183} INFO - Processing /home/airflow/.local/lib/python3.12/site-packages/airflow/example_dags/tutorial_taskflow_api_virtualenv.py took 0.060 seconds
[2026-05-10T20:17:07.539+0000] {processor.py:161} INFO - Started process (PID=13958) to work on /home/airflow/.local/lib/python3.12/site-packages/airflow/example_dags/tutorial_taskflow_api_virtualenv.py
[2026-05-10T20:17:07.540+0000] {processor.py:830} INFO - Processing file /home/airflow/.local/lib/python3.12/site-packages/airflow/example_dags/tutorial_taskflow_api_virtualenv.py for tasks to queue
[2026-05-10T20:17:07.542+0000] {logging_mixin.py:188} INFO - [2026-05-10T20:17:07.541+0000] {dagbag.py:545} INFO - Filling up the DagBag from /home/airflow/.local/lib/python3.12/site-packages/airflow/example_dags/tutorial_taskflow_api_virtualenv.py
[2026-05-10T20:17:07.551+0000] {processor.py:840} INFO - DAG(s) 'tutorial_taskflow_api_virtualenv' retrieved from /home/airflow/.local/lib/python3.12/site-packages/airflow/example_dags/tutorial_taskflow_api_virtualenv.py
[2026-05-10T20:17:07.568+0000] {logging_mixin.py:188} INFO - [2026-05-10T20:17:07.568+0000] {dag.py:3089} INFO - Sync 1 DAGs
[2026-05-10T20:17:07.579+0000] {logging_mixin.py:188} INFO - [2026-05-10T20:17:07.579+0000] {dag.py:3947} INFO - Setting next_dagrun for tutorial_taskflow_api_virtualenv to None, run_after=None
[2026-05-10T20:17:07.594+0000] {processor.py:183} INFO - Processing /home/airflow/.local/lib/python3.12/site-packages/airflow/example_dags/tutorial_taskflow_api_virtualenv.py took 0.062 seconds
[2026-05-10T20:17:37.885+0000] {processor.py:161} INFO - Started process (PID=14018) to work on /home/airflow/.local/lib/python3.12/site-packages/airflow/example_dags/tutorial_taskflow_api_virtualenv.py
[2026-05-10T20:17:37.886+0000] {processor.py:830} INFO - Processing file /home/airflow/.local/lib/python3.12/site-packages/airflow/example_dags/tutorial_taskflow_api_virtualenv.py for tasks to queue
[2026-05-10T20:17:37.888+0000] {logging_mixin.py:188} INFO - [2026-05-10T20:17:37.888+0000] {dagbag.py:545} INFO - Filling up the DagBag from /home/airflow/.local/lib/python3.12/site-packages/airflow/example_dags/tutorial_taskflow_api_virtualenv.py
[2026-05-10T20:17:37.897+0000] {processor.py:840} INFO - DAG(s) 'tutorial_taskflow_api_virtualenv' retrieved from /home/airflow/.local/lib/python3.12/site-packages/airflow/example_dags/tutorial_taskflow_api_virtualenv.py
[2026-05-10T20:17:37.916+0000] {logging_mixin.py:188} INFO - [2026-05-10T20:17:37.916+0000] {dag.py:3089} INFO - Sync 1 DAGs
[2026-05-10T20:17:37.927+0000] {logging_mixin.py:188} INFO - [2026-05-10T20:17:37.926+0000] {dag.py:3947} INFO - Setting next_dagrun for tutorial_taskflow_api_virtualenv to None, run_after=None
[2026-05-10T20:17:37.942+0000] {processor.py:183} INFO - Processing /home/airflow/.local/lib/python3.12/site-packages/airflow/example_dags/tutorial_taskflow_api_virtualenv.py took 0.063 seconds
[2026-05-10T20:18:08.430+0000] {processor.py:161} INFO - Started process (PID=14078) to work on /home/airflow/.local/lib/python3.12/site-packages/airflow/example_dags/tutorial_taskflow_api_virtualenv.py
[2026-05-10T20:18:08.430+0000] {processor.py:830} INFO - Processing file /home/airflow/.local/lib/python3.12/site-packages/airflow/example_dags/tutorial_taskflow_api_virtualenv.py for tasks to queue
[2026-05-10T20:18:08.432+0000] {logging_mixin.py:188} INFO - [2026-05-10T20:18:08.432+0000] {dagbag.py:545} INFO - Filling up the DagBag from /home/airflow/.local/lib/python3.12/site-packages/airflow/example_dags/tutorial_taskflow_api_virtualenv.py
[2026-05-10T20:18:08.444+0000] {processor.py:840} INFO - DAG(s) 'tutorial_taskflow_api_virtualenv' retrieved from /home/airflow/.local/lib/python3.12/site-packages/airflow/example_dags/tutorial_taskflow_api_virtualenv.py
[2026-05-10T20:18:08.464+0000] {logging_mixin.py:188} INFO - [2026-05-10T20:18:08.464+0000] {dag.py:3089} INFO - Sync 1 DAGs
[2026-05-10T20:18:08.477+0000] {logging_mixin.py:188} INFO - [2026-05-10T20:18:08.477+0000] {dag.py:3947} INFO - Setting next_dagrun for tutorial_taskflow_api_virtualenv to None, run_after=None
[2026-05-10T20:18:08.493+0000] {processor.py:183} INFO - Processing /home/airflow/.local/lib/python3.12/site-packages/airflow/example_dags/tutorial_taskflow_api_virtualenv.py took 0.071 seconds
[2026-05-10T20:18:39.219+0000] {processor.py:161} INFO - Started process (PID=14138) to work on /home/airflow/.local/lib/python3.12/site-packages/airflow/example_dags/tutorial_taskflow_api_virtualenv.py
[2026-05-10T20:18:39.220+0000] {processor.py:830} INFO - Processing file /home/airflow/.local/lib/python3.12/site-packages/airflow/example_dags/tutorial_taskflow_api_virtualenv.py for tasks to queue
[2026-05-10T20:18:39.222+0000] {logging_mixin.py:188} INFO - [2026-05-10T20:18:39.222+0000] {dagbag.py:545} INFO - Filling up the DagBag from /home/airflow/.local/lib/python3.12/site-packages/airflow/example_dags/tutorial_taskflow_api_virtualenv.py
[2026-05-10T20:18:39.232+0000] {processor.py:840} INFO - DAG(s) 'tutorial_taskflow_api_virtualenv' retrieved from /home/airflow/.local/lib/python3.12/site-packages/airflow/example_dags/tutorial_taskflow_api_virtualenv.py
[2026-05-10T20:18:39.251+0000] {logging_mixin.py:188} INFO - [2026-05-10T20:18:39.250+0000] {dag.py:3089} INFO - Sync 1 DAGs
[2026-05-10T20:18:39.263+0000] {logging_mixin.py:188} INFO - [2026-05-10T20:18:39.263+0000] {dag.py:3947} INFO - Setting next_dagrun for tutorial_taskflow_api_virtualenv to None, run_after=None
[2026-05-10T20:18:39.278+0000] {processor.py:183} INFO - Processing /home/airflow/.local/lib/python3.12/site-packages/airflow/example_dags/tutorial_taskflow_api_virtualenv.py took 0.065 seconds
[2026-05-10T20:19:09.781+0000] {processor.py:161} INFO - Started process (PID=14198) to work on /home/airflow/.local/lib/python3.12/site-packages/airflow/example_dags/tutorial_taskflow_api_virtualenv.py
[2026-05-10T20:19:09.782+0000] {processor.py:830} INFO - Processing file /home/airflow/.local/lib/python3.12/site-packages/airflow/example_dags/tutorial_taskflow_api_virtualenv.py for tasks to queue
[2026-05-10T20:19:09.783+0000] {logging_mixin.py:188} INFO - [2026-05-10T20:19:09.783+0000] {dagbag.py:545} INFO - Filling up the DagBag from /home/airflow/.local/lib/python3.12/site-packages/airflow/example_dags/tutorial_taskflow_api_virtualenv.py
[2026-05-10T20:19:09.792+0000] {processor.py:840} INFO - DAG(s) 'tutorial_taskflow_api_virtualenv' retrieved from /home/airflow/.local/lib/python3.12/site-packages/airflow/example_dags/tutorial_taskflow_api_virtualenv.py
[2026-05-10T20:19:09.811+0000] {logging_mixin.py:188} INFO - [2026-05-10T20:19:09.811+0000] {dag.py:3089} INFO - Sync 1 DAGs
[2026-05-10T20:19:09.822+0000] {logging_mixin.py:188} INFO - [2026-05-10T20:19:09.822+0000] {dag.py:3947} INFO - Setting next_dagrun for tutorial_taskflow_api_virtualenv to None, run_after=None
[2026-05-10T20:19:09.838+0000] {processor.py:183} INFO - Processing /home/airflow/.local/lib/python3.12/site-packages/airflow/example_dags/tutorial_taskflow_api_virtualenv.py took 0.064 seconds
[2026-05-10T20:19:40.067+0000] {processor.py:161} INFO - Started process (PID=14258) to work on /home/airflow/.local/lib/python3.12/site-packages/airflow/example_dags/tutorial_taskflow_api_virtualenv.py
[2026-05-10T20:19:40.068+0000] {processor.py:830} INFO - Processing file /home/airflow/.local/lib/python3.12/site-packages/airflow/example_dags/tutorial_taskflow_api_virtualenv.py for tasks to queue
[2026-05-10T20:19:40.070+0000] {logging_mixin.py:188} INFO - [2026-05-10T20:19:40.070+0000] {dagbag.py:545} INFO - Filling up the DagBag from /home/airflow/.local/lib/python3.12/site-packages/airflow/example_dags/tutorial_taskflow_api_virtualenv.py
[2026-05-10T20:19:40.082+0000] {processor.py:840} INFO - DAG(s) 'tutorial_taskflow_api_virtualenv' retrieved from /home/airflow/.local/lib/python3.12/site-packages/airflow/example_dags/tutorial_taskflow_api_virtualenv.py
[2026-05-10T20:19:40.101+0000] {logging_mixin.py:188} INFO - [2026-05-10T20:19:40.101+0000] {dag.py:3089} INFO - Sync 1 DAGs
[2026-05-10T20:19:40.112+0000] {logging_mixin.py:188} INFO - [2026-05-10T20:19:40.111+0000] {dag.py:3947} INFO - Setting next_dagrun for tutorial_taskflow_api_virtualenv to None, run_after=None
[2026-05-10T20:19:40.126+0000] {processor.py:183} INFO - Processing /home/airflow/.local/lib/python3.12/site-packages/airflow/example_dags/tutorial_taskflow_api_virtualenv.py took 0.067 seconds
[2026-05-10T20:20:10.474+0000] {processor.py:161} INFO - Started process (PID=14315) to work on /home/airflow/.local/lib/python3.12/site-packages/airflow/example_dags/tutorial_taskflow_api_virtualenv.py
[2026-05-10T20:20:10.475+0000] {processor.py:830} INFO - Processing file /home/airflow/.local/lib/python3.12/site-packages/airflow/example_dags/tutorial_taskflow_api_virtualenv.py for tasks to queue
[2026-05-10T20:20:10.477+0000] {logging_mixin.py:188} INFO - [2026-05-10T20:20:10.477+0000] {dagbag.py:545} INFO - Filling up the DagBag from /home/airflow/.local/lib/python3.12/site-packages/airflow/example_dags/tutorial_taskflow_api_virtualenv.py
[2026-05-10T20:20:10.486+0000] {processor.py:840} INFO - DAG(s) 'tutorial_taskflow_api_virtualenv' retrieved from /home/airflow/.local/lib/python3.12/site-packages/airflow/example_dags/tutorial_taskflow_api_virtualenv.py
[2026-05-10T20:20:10.505+0000] {logging_mixin.py:188} INFO - [2026-05-10T20:20:10.505+0000] {dag.py:3089} INFO - Sync 1 DAGs
[2026-05-10T20:20:10.516+0000] {logging_mixin.py:188} INFO - [2026-05-10T20:20:10.516+0000] {dag.py:3947} INFO - Setting next_dagrun for tutorial_taskflow_api_virtualenv to None, run_after=None
[2026-05-10T20:20:10.531+0000] {processor.py:183} INFO - Processing /home/airflow/.local/lib/python3.12/site-packages/airflow/example_dags/tutorial_taskflow_api_virtualenv.py took 0.064 seconds
[2026-05-10T20:20:41.541+0000] {processor.py:161} INFO - Started process (PID=14375) to work on /home/airflow/.local/lib/python3.12/site-packages/airflow/example_dags/tutorial_taskflow_api_virtualenv.py
[2026-05-10T20:20:41.542+0000] {processor.py:830} INFO - Processing file /home/airflow/.local/lib/python3.12/site-packages/airflow/example_dags/tutorial_taskflow_api_virtualenv.py for tasks to queue
[2026-05-10T20:20:41.544+0000] {logging_mixin.py:188} INFO - [2026-05-10T20:20:41.544+0000] {dagbag.py:545} INFO - Filling up the DagBag from /home/airflow/.local/lib/python3.12/site-packages/airflow/example_dags/tutorial_taskflow_api_virtualenv.py
[2026-05-10T20:20:41.556+0000] {processor.py:840} INFO - DAG(s) 'tutorial_taskflow_api_virtualenv' retrieved from /home/airflow/.local/lib/python3.12/site-packages/airflow/example_dags/tutorial_taskflow_api_virtualenv.py
[2026-05-10T20:20:41.580+0000] {logging_mixin.py:188} INFO - [2026-05-10T20:20:41.580+0000] {dag.py:3089} INFO - Sync 1 DAGs
[2026-05-10T20:20:41.594+0000] {logging_mixin.py:188} INFO - [2026-05-10T20:20:41.593+0000] {dag.py:3947} INFO - Setting next_dagrun for tutorial_taskflow_api_virtualenv to None, run_after=None
[2026-05-10T20:20:41.611+0000] {processor.py:183} INFO - Processing /home/airflow/.local/lib/python3.12/site-packages/airflow/example_dags/tutorial_taskflow_api_virtualenv.py took 0.079 seconds
[2026-05-10T20:21:12.420+0000] {processor.py:161} INFO - Started process (PID=14435) to work on /home/airflow/.local/lib/python3.12/site-packages/airflow/example_dags/tutorial_taskflow_api_virtualenv.py
[2026-05-10T20:21:12.421+0000] {processor.py:830} INFO - Processing file /home/airflow/.local/lib/python3.12/site-packages/airflow/example_dags/tutorial_taskflow_api_virtualenv.py for tasks to queue
[2026-05-10T20:21:12.423+0000] {logging_mixin.py:188} INFO - [2026-05-10T20:21:12.422+0000] {dagbag.py:545} INFO - Filling up the DagBag from /home/airflow/.local/lib/python3.12/site-packages/airflow/example_dags/tutorial_taskflow_api_virtualenv.py
[2026-05-10T20:21:12.432+0000] {processor.py:840} INFO - DAG(s) 'tutorial_taskflow_api_virtualenv' retrieved from /home/airflow/.local/lib/python3.12/site-packages/airflow/example_dags/tutorial_taskflow_api_virtualenv.py
[2026-05-10T20:21:12.450+0000] {logging_mixin.py:188} INFO - [2026-05-10T20:21:12.450+0000] {dag.py:3089} INFO - Sync 1 DAGs
[2026-05-10T20:21:12.460+0000] {logging_mixin.py:188} INFO - [2026-05-10T20:21:12.460+0000] {dag.py:3947} INFO - Setting next_dagrun for tutorial_taskflow_api_virtualenv to None, run_after=None
[2026-05-10T20:21:12.474+0000] {processor.py:183} INFO - Processing /home/airflow/.local/lib/python3.12/site-packages/airflow/example_dags/tutorial_taskflow_api_virtualenv.py took 0.061 seconds
[2026-05-10T20:21:43.110+0000] {processor.py:161} INFO - Started process (PID=14496) to work on /home/airflow/.local/lib/python3.12/site-packages/airflow/example_dags/tutorial_taskflow_api_virtualenv.py
[2026-05-10T20:21:43.110+0000] {processor.py:830} INFO - Processing file /home/airflow/.local/lib/python3.12/site-packages/airflow/example_dags/tutorial_taskflow_api_virtualenv.py for tasks to queue
[2026-05-10T20:21:43.112+0000] {logging_mixin.py:188} INFO - [2026-05-10T20:21:43.112+0000] {dagbag.py:545} INFO - Filling up the DagBag from /home/airflow/.local/lib/python3.12/site-packages/airflow/example_dags/tutorial_taskflow_api_virtualenv.py
[2026-05-10T20:21:43.121+0000] {processor.py:840} INFO - DAG(s) 'tutorial_taskflow_api_virtualenv' retrieved from /home/airflow/.local/lib/python3.12/site-packages/airflow/example_dags/tutorial_taskflow_api_virtualenv.py
[2026-05-10T20:21:43.139+0000] {logging_mixin.py:188} INFO - [2026-05-10T20:21:43.138+0000] {dag.py:3089} INFO - Sync 1 DAGs
[2026-05-10T20:21:43.149+0000] {logging_mixin.py:188} INFO - [2026-05-10T20:21:43.149+0000] {dag.py:3947} INFO - Setting next_dagrun for tutorial_taskflow_api_virtualenv to None, run_after=None
[2026-05-10T20:21:43.164+0000] {processor.py:183} INFO - Processing /home/airflow/.local/lib/python3.12/site-packages/airflow/example_dags/tutorial_taskflow_api_virtualenv.py took 0.060 seconds
[2026-05-10T20:22:13.955+0000] {processor.py:161} INFO - Started process (PID=14556) to work on /home/airflow/.local/lib/python3.12/site-packages/airflow/example_dags/tutorial_taskflow_api_virtualenv.py
[2026-05-10T20:22:13.956+0000] {processor.py:830} INFO - Processing file /home/airflow/.local/lib/python3.12/site-packages/airflow/example_dags/tutorial_taskflow_api_virtualenv.py for tasks to queue
[2026-05-10T20:22:13.958+0000] {logging_mixin.py:188} INFO - [2026-05-10T20:22:13.958+0000] {dagbag.py:545} INFO - Filling up the DagBag from /home/airflow/.local/lib/python3.12/site-packages/airflow/example_dags/tutorial_taskflow_api_virtualenv.py
[2026-05-10T20:22:13.968+0000] {processor.py:840} INFO - DAG(s) 'tutorial_taskflow_api_virtualenv' retrieved from /home/airflow/.local/lib/python3.12/site-packages/airflow/example_dags/tutorial_taskflow_api_virtualenv.py
[2026-05-10T20:22:13.986+0000] {logging_mixin.py:188} INFO - [2026-05-10T20:22:13.985+0000] {dag.py:3089} INFO - Sync 1 DAGs
[2026-05-10T20:22:13.996+0000] {logging_mixin.py:188} INFO - [2026-05-10T20:22:13.996+0000] {dag.py:3947} INFO - Setting next_dagrun for tutorial_taskflow_api_virtualenv to None, run_after=None
[2026-05-10T20:22:14.011+0000] {processor.py:183} INFO - Processing /home/airflow/.local/lib/python3.12/site-packages/airflow/example_dags/tutorial_taskflow_api_virtualenv.py took 0.063 seconds
[2026-05-10T20:22:44.119+0000] {processor.py:161} INFO - Started process (PID=14615) to work on /home/airflow/.local/lib/python3.12/site-packages/airflow/example_dags/tutorial_taskflow_api_virtualenv.py
[2026-05-10T20:22:44.120+0000] {processor.py:830} INFO - Processing file /home/airflow/.local/lib/python3.12/site-packages/airflow/example_dags/tutorial_taskflow_api_virtualenv.py for tasks to queue
[2026-05-10T20:22:44.123+0000] {logging_mixin.py:188} INFO - [2026-05-10T20:22:44.122+0000] {dagbag.py:545} INFO - Filling up the DagBag from /home/airflow/.local/lib/python3.12/site-packages/airflow/example_dags/tutorial_taskflow_api_virtualenv.py
[2026-05-10T20:22:44.134+0000] {processor.py:840} INFO - DAG(s) 'tutorial_taskflow_api_virtualenv' retrieved from /home/airflow/.local/lib/python3.12/site-packages/airflow/example_dags/tutorial_taskflow_api_virtualenv.py
[2026-05-10T20:22:44.156+0000] {logging_mixin.py:188} INFO - [2026-05-10T20:22:44.156+0000] {dag.py:3089} INFO - Sync 1 DAGs
[2026-05-10T20:22:44.169+0000] {logging_mixin.py:188} INFO - [2026-05-10T20:22:44.168+0000] {dag.py:3947} INFO - Setting next_dagrun for tutorial_taskflow_api_virtualenv to None, run_after=None
[2026-05-10T20:22:44.187+0000] {processor.py:183} INFO - Processing /home/airflow/.local/lib/python3.12/site-packages/airflow/example_dags/tutorial_taskflow_api_virtualenv.py took 0.076 seconds
[2026-05-10T20:23:14.458+0000] {processor.py:161} INFO - Started process (PID=14675) to work on /home/airflow/.local/lib/python3.12/site-packages/airflow/example_dags/tutorial_taskflow_api_virtualenv.py
[2026-05-10T20:23:14.459+0000] {processor.py:830} INFO - Processing file /home/airflow/.local/lib/python3.12/site-packages/airflow/example_dags/tutorial_taskflow_api_virtualenv.py for tasks to queue
[2026-05-10T20:23:14.460+0000] {logging_mixin.py:188} INFO - [2026-05-10T20:23:14.460+0000] {dagbag.py:545} INFO - Filling up the DagBag from /home/airflow/.local/lib/python3.12/site-packages/airflow/example_dags/tutorial_taskflow_api_virtualenv.py
[2026-05-10T20:23:14.470+0000] {processor.py:840} INFO - DAG(s) 'tutorial_taskflow_api_virtualenv' retrieved from /home/airflow/.local/lib/python3.12/site-packages/airflow/example_dags/tutorial_taskflow_api_virtualenv.py
[2026-05-10T20:23:14.487+0000] {logging_mixin.py:188} INFO - [2026-05-10T20:23:14.487+0000] {dag.py:3089} INFO - Sync 1 DAGs
[2026-05-10T20:23:14.500+0000] {logging_mixin.py:188} INFO - [2026-05-10T20:23:14.500+0000] {dag.py:3947} INFO - Setting next_dagrun for tutorial_taskflow_api_virtualenv to None, run_after=None
[2026-05-10T20:23:14.514+0000] {processor.py:183} INFO - Processing /home/airflow/.local/lib/python3.12/site-packages/airflow/example_dags/tutorial_taskflow_api_virtualenv.py took 0.063 seconds
[2026-05-10T20:23:44.995+0000] {processor.py:161} INFO - Started process (PID=14735) to work on /home/airflow/.local/lib/python3.12/site-packages/airflow/example_dags/tutorial_taskflow_api_virtualenv.py
[2026-05-10T20:23:44.996+0000] {processor.py:830} INFO - Processing file /home/airflow/.local/lib/python3.12/site-packages/airflow/example_dags/tutorial_taskflow_api_virtualenv.py for tasks to queue
[2026-05-10T20:23:44.997+0000] {logging_mixin.py:188} INFO - [2026-05-10T20:23:44.997+0000] {dagbag.py:545} INFO - Filling up the DagBag from /home/airflow/.local/lib/python3.12/site-packages/airflow/example_dags/tutorial_taskflow_api_virtualenv.py
[2026-05-10T20:23:45.007+0000] {processor.py:840} INFO - DAG(s) 'tutorial_taskflow_api_virtualenv' retrieved from /home/airflow/.local/lib/python3.12/site-packages/airflow/example_dags/tutorial_taskflow_api_virtualenv.py
[2026-05-10T20:23:45.029+0000] {logging_mixin.py:188} INFO - [2026-05-10T20:23:45.029+0000] {dag.py:3089} INFO - Sync 1 DAGs
[2026-05-10T20:23:45.040+0000] {logging_mixin.py:188} INFO - [2026-05-10T20:23:45.040+0000] {dag.py:3947} INFO - Setting next_dagrun for tutorial_taskflow_api_virtualenv to None, run_after=None
[2026-05-10T20:23:45.056+0000] {processor.py:183} INFO - Processing /home/airflow/.local/lib/python3.12/site-packages/airflow/example_dags/tutorial_taskflow_api_virtualenv.py took 0.069 seconds
[2026-05-10T20:24:15.233+0000] {processor.py:161} INFO - Started process (PID=14795) to work on /home/airflow/.local/lib/python3.12/site-packages/airflow/example_dags/tutorial_taskflow_api_virtualenv.py
[2026-05-10T20:24:15.234+0000] {processor.py:830} INFO - Processing file /home/airflow/.local/lib/python3.12/site-packages/airflow/example_dags/tutorial_taskflow_api_virtualenv.py for tasks to queue
[2026-05-10T20:24:15.236+0000] {logging_mixin.py:188} INFO - [2026-05-10T20:24:15.235+0000] {dagbag.py:545} INFO - Filling up the DagBag from /home/airflow/.local/lib/python3.12/site-packages/airflow/example_dags/tutorial_taskflow_api_virtualenv.py
[2026-05-10T20:24:15.245+0000] {processor.py:840} INFO - DAG(s) 'tutorial_taskflow_api_virtualenv' retrieved from /home/airflow/.local/lib/python3.12/site-packages/airflow/example_dags/tutorial_taskflow_api_virtualenv.py
[2026-05-10T20:24:15.266+0000] {logging_mixin.py:188} INFO - [2026-05-10T20:24:15.266+0000] {dag.py:3089} INFO - Sync 1 DAGs
[2026-05-10T20:24:15.277+0000] {logging_mixin.py:188} INFO - [2026-05-10T20:24:15.277+0000] {dag.py:3947} INFO - Setting next_dagrun for tutorial_taskflow_api_virtualenv to None, run_after=None
[2026-05-10T20:24:15.294+0000] {processor.py:183} INFO - Processing /home/airflow/.local/lib/python3.12/site-packages/airflow/example_dags/tutorial_taskflow_api_virtualenv.py took 0.067 seconds
[2026-05-10T20:24:45.525+0000] {processor.py:161} INFO - Started process (PID=14855) to work on /home/airflow/.local/lib/python3.12/site-packages/airflow/example_dags/tutorial_taskflow_api_virtualenv.py
[2026-05-10T20:24:45.526+0000] {processor.py:830} INFO - Processing file /home/airflow/.local/lib/python3.12/site-packages/airflow/example_dags/tutorial_taskflow_api_virtualenv.py for tasks to queue
[2026-05-10T20:24:45.527+0000] {logging_mixin.py:188} INFO - [2026-05-10T20:24:45.527+0000] {dagbag.py:545} INFO - Filling up the DagBag from /home/airflow/.local/lib/python3.12/site-packages/airflow/example_dags/tutorial_taskflow_api_virtualenv.py
[2026-05-10T20:24:45.537+0000] {processor.py:840} INFO - DAG(s) 'tutorial_taskflow_api_virtualenv' retrieved from /home/airflow/.local/lib/python3.12/site-packages/airflow/example_dags/tutorial_taskflow_api_virtualenv.py
[2026-05-10T20:24:45.556+0000] {logging_mixin.py:188} INFO - [2026-05-10T20:24:45.556+0000] {dag.py:3089} INFO - Sync 1 DAGs
[2026-05-10T20:24:45.567+0000] {logging_mixin.py:188} INFO - [2026-05-10T20:24:45.567+0000] {dag.py:3947} INFO - Setting next_dagrun for tutorial_taskflow_api_virtualenv to None, run_after=None
[2026-05-10T20:24:45.582+0000] {processor.py:183} INFO - Processing /home/airflow/.local/lib/python3.12/site-packages/airflow/example_dags/tutorial_taskflow_api_virtualenv.py took 0.063 seconds
[2026-05-10T20:25:15.782+0000] {processor.py:161} INFO - Started process (PID=14915) to work on /home/airflow/.local/lib/python3.12/site-packages/airflow/example_dags/tutorial_taskflow_api_virtualenv.py
[2026-05-10T20:25:15.783+0000] {processor.py:830} INFO - Processing file /home/airflow/.local/lib/python3.12/site-packages/airflow/example_dags/tutorial_taskflow_api_virtualenv.py for tasks to queue
[2026-05-10T20:25:15.785+0000] {logging_mixin.py:188} INFO - [2026-05-10T20:25:15.784+0000] {dagbag.py:545} INFO - Filling up the DagBag from /home/airflow/.local/lib/python3.12/site-packages/airflow/example_dags/tutorial_taskflow_api_virtualenv.py
[2026-05-10T20:25:15.794+0000] {processor.py:840} INFO - DAG(s) 'tutorial_taskflow_api_virtualenv' retrieved from /home/airflow/.local/lib/python3.12/site-packages/airflow/example_dags/tutorial_taskflow_api_virtualenv.py
[2026-05-10T20:25:15.811+0000] {logging_mixin.py:188} INFO - [2026-05-10T20:25:15.811+0000] {dag.py:3089} INFO - Sync 1 DAGs
[2026-05-10T20:25:15.824+0000] {logging_mixin.py:188} INFO - [2026-05-10T20:25:15.823+0000] {dag.py:3947} INFO - Setting next_dagrun for tutorial_taskflow_api_virtualenv to None, run_after=None
[2026-05-10T20:25:15.838+0000] {processor.py:183} INFO - Processing /home/airflow/.local/lib/python3.12/site-packages/airflow/example_dags/tutorial_taskflow_api_virtualenv.py took 0.061 seconds
[2026-05-10T20:25:45.905+0000] {processor.py:161} INFO - Started process (PID=14975) to work on /home/airflow/.local/lib/python3.12/site-packages/airflow/example_dags/tutorial_taskflow_api_virtualenv.py
[2026-05-10T20:25:45.906+0000] {processor.py:830} INFO - Processing file /home/airflow/.local/lib/python3.12/site-packages/airflow/example_dags/tutorial_taskflow_api_virtualenv.py for tasks to queue
[2026-05-10T20:25:45.908+0000] {logging_mixin.py:188} INFO - [2026-05-10T20:25:45.907+0000] {dagbag.py:545} INFO - Filling up the DagBag from /home/airflow/.local/lib/python3.12/site-packages/airflow/example_dags/tutorial_taskflow_api_virtualenv.py
[2026-05-10T20:25:45.917+0000] {processor.py:840} INFO - DAG(s) 'tutorial_taskflow_api_virtualenv' retrieved from /home/airflow/.local/lib/python3.12/site-packages/airflow/example_dags/tutorial_taskflow_api_virtualenv.py
[2026-05-10T20:25:45.935+0000] {logging_mixin.py:188} INFO - [2026-05-10T20:25:45.935+0000] {dag.py:3089} INFO - Sync 1 DAGs
[2026-05-10T20:25:45.948+0000] {logging_mixin.py:188} INFO - [2026-05-10T20:25:45.947+0000] {dag.py:3947} INFO - Setting next_dagrun for tutorial_taskflow_api_virtualenv to None, run_after=None
[2026-05-10T20:25:45.964+0000] {processor.py:183} INFO - Processing /home/airflow/.local/lib/python3.12/site-packages/airflow/example_dags/tutorial_taskflow_api_virtualenv.py took 0.065 seconds
[2026-05-10T20:26:16.236+0000] {processor.py:161} INFO - Started process (PID=15035) to work on /home/airflow/.local/lib/python3.12/site-packages/airflow/example_dags/tutorial_taskflow_api_virtualenv.py
[2026-05-10T20:26:16.236+0000] {processor.py:830} INFO - Processing file /home/airflow/.local/lib/python3.12/site-packages/airflow/example_dags/tutorial_taskflow_api_virtualenv.py for tasks to queue
[2026-05-10T20:26:16.238+0000] {logging_mixin.py:188} INFO - [2026-05-10T20:26:16.238+0000] {dagbag.py:545} INFO - Filling up the DagBag from /home/airflow/.local/lib/python3.12/site-packages/airflow/example_dags/tutorial_taskflow_api_virtualenv.py
[2026-05-10T20:26:16.247+0000] {processor.py:840} INFO - DAG(s) 'tutorial_taskflow_api_virtualenv' retrieved from /home/airflow/.local/lib/python3.12/site-packages/airflow/example_dags/tutorial_taskflow_api_virtualenv.py
[2026-05-10T20:26:16.266+0000] {logging_mixin.py:188} INFO - [2026-05-10T20:26:16.266+0000] {dag.py:3089} INFO - Sync 1 DAGs
[2026-05-10T20:26:16.279+0000] {logging_mixin.py:188} INFO - [2026-05-10T20:26:16.278+0000] {dag.py:3947} INFO - Setting next_dagrun for tutorial_taskflow_api_virtualenv to None, run_after=None
[2026-05-10T20:26:16.294+0000] {processor.py:183} INFO - Processing /home/airflow/.local/lib/python3.12/site-packages/airflow/example_dags/tutorial_taskflow_api_virtualenv.py took 0.065 seconds
[2026-05-10T20:26:46.779+0000] {processor.py:161} INFO - Started process (PID=15101) to work on /home/airflow/.local/lib/python3.12/site-packages/airflow/example_dags/tutorial_taskflow_api_virtualenv.py
[2026-05-10T20:26:46.779+0000] {processor.py:830} INFO - Processing file /home/airflow/.local/lib/python3.12/site-packages/airflow/example_dags/tutorial_taskflow_api_virtualenv.py for tasks to queue
[2026-05-10T20:26:46.781+0000] {logging_mixin.py:188} INFO - [2026-05-10T20:26:46.781+0000] {dagbag.py:545} INFO - Filling up the DagBag from /home/airflow/.local/lib/python3.12/site-packages/airflow/example_dags/tutorial_taskflow_api_virtualenv.py
[2026-05-10T20:26:46.790+0000] {processor.py:840} INFO - DAG(s) 'tutorial_taskflow_api_virtualenv' retrieved from /home/airflow/.local/lib/python3.12/site-packages/airflow/example_dags/tutorial_taskflow_api_virtualenv.py
[2026-05-10T20:26:46.811+0000] {logging_mixin.py:188} INFO - [2026-05-10T20:26:46.810+0000] {dag.py:3089} INFO - Sync 1 DAGs
[2026-05-10T20:26:46.823+0000] {logging_mixin.py:188} INFO - [2026-05-10T20:26:46.823+0000] {dag.py:3947} INFO - Setting next_dagrun for tutorial_taskflow_api_virtualenv to None, run_after=None
[2026-05-10T20:26:46.840+0000] {processor.py:183} INFO - Processing /home/airflow/.local/lib/python3.12/site-packages/airflow/example_dags/tutorial_taskflow_api_virtualenv.py took 0.068 seconds
[2026-05-10T20:27:16.906+0000] {processor.py:161} INFO - Started process (PID=15161) to work on /home/airflow/.local/lib/python3.12/site-packages/airflow/example_dags/tutorial_taskflow_api_virtualenv.py
[2026-05-10T20:27:16.907+0000] {processor.py:830} INFO - Processing file /home/airflow/.local/lib/python3.12/site-packages/airflow/example_dags/tutorial_taskflow_api_virtualenv.py for tasks to queue
[2026-05-10T20:27:16.909+0000] {logging_mixin.py:188} INFO - [2026-05-10T20:27:16.908+0000] {dagbag.py:545} INFO - Filling up the DagBag from /home/airflow/.local/lib/python3.12/site-packages/airflow/example_dags/tutorial_taskflow_api_virtualenv.py
[2026-05-10T20:27:16.918+0000] {processor.py:840} INFO - DAG(s) 'tutorial_taskflow_api_virtualenv' retrieved from /home/airflow/.local/lib/python3.12/site-packages/airflow/example_dags/tutorial_taskflow_api_virtualenv.py
[2026-05-10T20:27:16.939+0000] {logging_mixin.py:188} INFO - [2026-05-10T20:27:16.939+0000] {dag.py:3089} INFO - Sync 1 DAGs
[2026-05-10T20:27:16.950+0000] {logging_mixin.py:188} INFO - [2026-05-10T20:27:16.949+0000] {dag.py:3947} INFO - Setting next_dagrun for tutorial_taskflow_api_virtualenv to None, run_after=None
[2026-05-10T20:27:16.964+0000] {processor.py:183} INFO - Processing /home/airflow/.local/lib/python3.12/site-packages/airflow/example_dags/tutorial_taskflow_api_virtualenv.py took 0.065 seconds
[2026-05-10T20:27:47.310+0000] {processor.py:161} INFO - Started process (PID=15221) to work on /home/airflow/.local/lib/python3.12/site-packages/airflow/example_dags/tutorial_taskflow_api_virtualenv.py
[2026-05-10T20:27:47.311+0000] {processor.py:830} INFO - Processing file /home/airflow/.local/lib/python3.12/site-packages/airflow/example_dags/tutorial_taskflow_api_virtualenv.py for tasks to queue
[2026-05-10T20:27:47.312+0000] {logging_mixin.py:188} INFO - [2026-05-10T20:27:47.312+0000] {dagbag.py:545} INFO - Filling up the DagBag from /home/airflow/.local/lib/python3.12/site-packages/airflow/example_dags/tutorial_taskflow_api_virtualenv.py
[2026-05-10T20:27:47.325+0000] {processor.py:840} INFO - DAG(s) 'tutorial_taskflow_api_virtualenv' retrieved from /home/airflow/.local/lib/python3.12/site-packages/airflow/example_dags/tutorial_taskflow_api_virtualenv.py
[2026-05-10T20:27:47.345+0000] {logging_mixin.py:188} INFO - [2026-05-10T20:27:47.344+0000] {dag.py:3089} INFO - Sync 1 DAGs
[2026-05-10T20:27:47.356+0000] {logging_mixin.py:188} INFO - [2026-05-10T20:27:47.356+0000] {dag.py:3947} INFO - Setting next_dagrun for tutorial_taskflow_api_virtualenv to None, run_after=None
[2026-05-10T20:27:47.375+0000] {processor.py:183} INFO - Processing /home/airflow/.local/lib/python3.12/site-packages/airflow/example_dags/tutorial_taskflow_api_virtualenv.py took 0.072 seconds
[2026-05-10T20:28:17.558+0000] {processor.py:161} INFO - Started process (PID=15281) to work on /home/airflow/.local/lib/python3.12/site-packages/airflow/example_dags/tutorial_taskflow_api_virtualenv.py
[2026-05-10T20:28:17.559+0000] {processor.py:830} INFO - Processing file /home/airflow/.local/lib/python3.12/site-packages/airflow/example_dags/tutorial_taskflow_api_virtualenv.py for tasks to queue
[2026-05-10T20:28:17.561+0000] {logging_mixin.py:188} INFO - [2026-05-10T20:28:17.561+0000] {dagbag.py:545} INFO - Filling up the DagBag from /home/airflow/.local/lib/python3.12/site-packages/airflow/example_dags/tutorial_taskflow_api_virtualenv.py
[2026-05-10T20:28:17.570+0000] {processor.py:840} INFO - DAG(s) 'tutorial_taskflow_api_virtualenv' retrieved from /home/airflow/.local/lib/python3.12/site-packages/airflow/example_dags/tutorial_taskflow_api_virtualenv.py
[2026-05-10T20:28:17.590+0000] {logging_mixin.py:188} INFO - [2026-05-10T20:28:17.589+0000] {dag.py:3089} INFO - Sync 1 DAGs
[2026-05-10T20:28:17.602+0000] {logging_mixin.py:188} INFO - [2026-05-10T20:28:17.602+0000] {dag.py:3947} INFO - Setting next_dagrun for tutorial_taskflow_api_virtualenv to None, run_after=None
[2026-05-10T20:28:17.618+0000] {processor.py:183} INFO - Processing /home/airflow/.local/lib/python3.12/site-packages/airflow/example_dags/tutorial_taskflow_api_virtualenv.py took 0.066 seconds
[2026-05-10T20:28:47.942+0000] {processor.py:161} INFO - Started process (PID=15341) to work on /home/airflow/.local/lib/python3.12/site-packages/airflow/example_dags/tutorial_taskflow_api_virtualenv.py
[2026-05-10T20:28:47.942+0000] {processor.py:830} INFO - Processing file /home/airflow/.local/lib/python3.12/site-packages/airflow/example_dags/tutorial_taskflow_api_virtualenv.py for tasks to queue
[2026-05-10T20:28:47.944+0000] {logging_mixin.py:188} INFO - [2026-05-10T20:28:47.944+0000] {dagbag.py:545} INFO - Filling up the DagBag from /home/airflow/.local/lib/python3.12/site-packages/airflow/example_dags/tutorial_taskflow_api_virtualenv.py
[2026-05-10T20:28:47.953+0000] {processor.py:840} INFO - DAG(s) 'tutorial_taskflow_api_virtualenv' retrieved from /home/airflow/.local/lib/python3.12/site-packages/airflow/example_dags/tutorial_taskflow_api_virtualenv.py
[2026-05-10T20:28:47.975+0000] {logging_mixin.py:188} INFO - [2026-05-10T20:28:47.975+0000] {dag.py:3089} INFO - Sync 1 DAGs
[2026-05-10T20:28:47.988+0000] {logging_mixin.py:188} INFO - [2026-05-10T20:28:47.988+0000] {dag.py:3947} INFO - Setting next_dagrun for tutorial_taskflow_api_virtualenv to None, run_after=None
[2026-05-10T20:28:48.005+0000] {processor.py:183} INFO - Processing /home/airflow/.local/lib/python3.12/site-packages/airflow/example_dags/tutorial_taskflow_api_virtualenv.py took 0.069 seconds
[2026-05-10T20:29:18.389+0000] {processor.py:161} INFO - Started process (PID=15401) to work on /home/airflow/.local/lib/python3.12/site-packages/airflow/example_dags/tutorial_taskflow_api_virtualenv.py
[2026-05-10T20:29:18.390+0000] {processor.py:830} INFO - Processing file /home/airflow/.local/lib/python3.12/site-packages/airflow/example_dags/tutorial_taskflow_api_virtualenv.py for tasks to queue
[2026-05-10T20:29:18.392+0000] {logging_mixin.py:188} INFO - [2026-05-10T20:29:18.391+0000] {dagbag.py:545} INFO - Filling up the DagBag from /home/airflow/.local/lib/python3.12/site-packages/airflow/example_dags/tutorial_taskflow_api_virtualenv.py
[2026-05-10T20:29:18.402+0000] {processor.py:840} INFO - DAG(s) 'tutorial_taskflow_api_virtualenv' retrieved from /home/airflow/.local/lib/python3.12/site-packages/airflow/example_dags/tutorial_taskflow_api_virtualenv.py
[2026-05-10T20:29:18.421+0000] {logging_mixin.py:188} INFO - [2026-05-10T20:29:18.420+0000] {dag.py:3089} INFO - Sync 1 DAGs
[2026-05-10T20:29:18.432+0000] {logging_mixin.py:188} INFO - [2026-05-10T20:29:18.432+0000] {dag.py:3947} INFO - Setting next_dagrun for tutorial_taskflow_api_virtualenv to None, run_after=None
[2026-05-10T20:29:18.447+0000] {processor.py:183} INFO - Processing /home/airflow/.local/lib/python3.12/site-packages/airflow/example_dags/tutorial_taskflow_api_virtualenv.py took 0.064 seconds
[2026-05-10T20:29:48.888+0000] {processor.py:161} INFO - Started process (PID=15461) to work on /home/airflow/.local/lib/python3.12/site-packages/airflow/example_dags/tutorial_taskflow_api_virtualenv.py
[2026-05-10T20:29:48.889+0000] {processor.py:830} INFO - Processing file /home/airflow/.local/lib/python3.12/site-packages/airflow/example_dags/tutorial_taskflow_api_virtualenv.py for tasks to queue
[2026-05-10T20:29:48.891+0000] {logging_mixin.py:188} INFO - [2026-05-10T20:29:48.890+0000] {dagbag.py:545} INFO - Filling up the DagBag from /home/airflow/.local/lib/python3.12/site-packages/airflow/example_dags/tutorial_taskflow_api_virtualenv.py
[2026-05-10T20:29:48.900+0000] {processor.py:840} INFO - DAG(s) 'tutorial_taskflow_api_virtualenv' retrieved from /home/airflow/.local/lib/python3.12/site-packages/airflow/example_dags/tutorial_taskflow_api_virtualenv.py
[2026-05-10T20:29:48.919+0000] {logging_mixin.py:188} INFO - [2026-05-10T20:29:48.919+0000] {dag.py:3089} INFO - Sync 1 DAGs
[2026-05-10T20:29:48.930+0000] {logging_mixin.py:188} INFO - [2026-05-10T20:29:48.929+0000] {dag.py:3947} INFO - Setting next_dagrun for tutorial_taskflow_api_virtualenv to None, run_after=None
[2026-05-10T20:29:48.945+0000] {processor.py:183} INFO - Processing /home/airflow/.local/lib/python3.12/site-packages/airflow/example_dags/tutorial_taskflow_api_virtualenv.py took 0.063 seconds
[2026-05-10T20:30:19.811+0000] {processor.py:161} INFO - Started process (PID=15521) to work on /home/airflow/.local/lib/python3.12/site-packages/airflow/example_dags/tutorial_taskflow_api_virtualenv.py
[2026-05-10T20:30:19.812+0000] {processor.py:830} INFO - Processing file /home/airflow/.local/lib/python3.12/site-packages/airflow/example_dags/tutorial_taskflow_api_virtualenv.py for tasks to queue
[2026-05-10T20:30:19.814+0000] {logging_mixin.py:188} INFO - [2026-05-10T20:30:19.813+0000] {dagbag.py:545} INFO - Filling up the DagBag from /home/airflow/.local/lib/python3.12/site-packages/airflow/example_dags/tutorial_taskflow_api_virtualenv.py
[2026-05-10T20:30:19.825+0000] {processor.py:840} INFO - DAG(s) 'tutorial_taskflow_api_virtualenv' retrieved from /home/airflow/.local/lib/python3.12/site-packages/airflow/example_dags/tutorial_taskflow_api_virtualenv.py
[2026-05-10T20:30:19.843+0000] {logging_mixin.py:188} INFO - [2026-05-10T20:30:19.843+0000] {dag.py:3089} INFO - Sync 1 DAGs
[2026-05-10T20:30:19.856+0000] {logging_mixin.py:188} INFO - [2026-05-10T20:30:19.856+0000] {dag.py:3947} INFO - Setting next_dagrun for tutorial_taskflow_api_virtualenv to None, run_after=None
[2026-05-10T20:30:19.872+0000] {processor.py:183} INFO - Processing /home/airflow/.local/lib/python3.12/site-packages/airflow/example_dags/tutorial_taskflow_api_virtualenv.py took 0.067 seconds
[2026-05-10T20:30:50.042+0000] {processor.py:161} INFO - Started process (PID=15581) to work on /home/airflow/.local/lib/python3.12/site-packages/airflow/example_dags/tutorial_taskflow_api_virtualenv.py
[2026-05-10T20:30:50.043+0000] {processor.py:830} INFO - Processing file /home/airflow/.local/lib/python3.12/site-packages/airflow/example_dags/tutorial_taskflow_api_virtualenv.py for tasks to queue
[2026-05-10T20:30:50.044+0000] {logging_mixin.py:188} INFO - [2026-05-10T20:30:50.044+0000] {dagbag.py:545} INFO - Filling up the DagBag from /home/airflow/.local/lib/python3.12/site-packages/airflow/example_dags/tutorial_taskflow_api_virtualenv.py
[2026-05-10T20:30:50.053+0000] {processor.py:840} INFO - DAG(s) 'tutorial_taskflow_api_virtualenv' retrieved from /home/airflow/.local/lib/python3.12/site-packages/airflow/example_dags/tutorial_taskflow_api_virtualenv.py
[2026-05-10T20:30:50.071+0000] {logging_mixin.py:188} INFO - [2026-05-10T20:30:50.071+0000] {dag.py:3089} INFO - Sync 1 DAGs
[2026-05-10T20:30:50.081+0000] {logging_mixin.py:188} INFO - [2026-05-10T20:30:50.081+0000] {dag.py:3947} INFO - Setting next_dagrun for tutorial_taskflow_api_virtualenv to None, run_after=None
[2026-05-10T20:30:50.095+0000] {processor.py:183} INFO - Processing /home/airflow/.local/lib/python3.12/site-packages/airflow/example_dags/tutorial_taskflow_api_virtualenv.py took 0.060 seconds
[2026-05-10T20:31:20.949+0000] {processor.py:161} INFO - Started process (PID=15641) to work on /home/airflow/.local/lib/python3.12/site-packages/airflow/example_dags/tutorial_taskflow_api_virtualenv.py
[2026-05-10T20:31:20.950+0000] {processor.py:830} INFO - Processing file /home/airflow/.local/lib/python3.12/site-packages/airflow/example_dags/tutorial_taskflow_api_virtualenv.py for tasks to queue
[2026-05-10T20:31:20.952+0000] {logging_mixin.py:188} INFO - [2026-05-10T20:31:20.952+0000] {dagbag.py:545} INFO - Filling up the DagBag from /home/airflow/.local/lib/python3.12/site-packages/airflow/example_dags/tutorial_taskflow_api_virtualenv.py
[2026-05-10T20:31:20.961+0000] {processor.py:840} INFO - DAG(s) 'tutorial_taskflow_api_virtualenv' retrieved from /home/airflow/.local/lib/python3.12/site-packages/airflow/example_dags/tutorial_taskflow_api_virtualenv.py
[2026-05-10T20:31:20.979+0000] {logging_mixin.py:188} INFO - [2026-05-10T20:31:20.979+0000] {dag.py:3089} INFO - Sync 1 DAGs
[2026-05-10T20:31:20.989+0000] {logging_mixin.py:188} INFO - [2026-05-10T20:31:20.989+0000] {dag.py:3947} INFO - Setting next_dagrun for tutorial_taskflow_api_virtualenv to None, run_after=None
[2026-05-10T20:31:21.003+0000] {processor.py:183} INFO - Processing /home/airflow/.local/lib/python3.12/site-packages/airflow/example_dags/tutorial_taskflow_api_virtualenv.py took 0.061 seconds
[2026-05-10T20:31:51.408+0000] {processor.py:161} INFO - Started process (PID=15701) to work on /home/airflow/.local/lib/python3.12/site-packages/airflow/example_dags/tutorial_taskflow_api_virtualenv.py
[2026-05-10T20:31:51.408+0000] {processor.py:830} INFO - Processing file /home/airflow/.local/lib/python3.12/site-packages/airflow/example_dags/tutorial_taskflow_api_virtualenv.py for tasks to queue
[2026-05-10T20:31:51.410+0000] {logging_mixin.py:188} INFO - [2026-05-10T20:31:51.410+0000] {dagbag.py:545} INFO - Filling up the DagBag from /home/airflow/.local/lib/python3.12/site-packages/airflow/example_dags/tutorial_taskflow_api_virtualenv.py
[2026-05-10T20:31:51.419+0000] {processor.py:840} INFO - DAG(s) 'tutorial_taskflow_api_virtualenv' retrieved from /home/airflow/.local/lib/python3.12/site-packages/airflow/example_dags/tutorial_taskflow_api_virtualenv.py
[2026-05-10T20:31:51.437+0000] {logging_mixin.py:188} INFO - [2026-05-10T20:31:51.437+0000] {dag.py:3089} INFO - Sync 1 DAGs
[2026-05-10T20:31:51.449+0000] {logging_mixin.py:188} INFO - [2026-05-10T20:31:51.449+0000] {dag.py:3947} INFO - Setting next_dagrun for tutorial_taskflow_api_virtualenv to None, run_after=None
[2026-05-10T20:31:51.464+0000] {processor.py:183} INFO - Processing /home/airflow/.local/lib/python3.12/site-packages/airflow/example_dags/tutorial_taskflow_api_virtualenv.py took 0.062 seconds
[2026-05-10T20:32:22.197+0000] {processor.py:161} INFO - Started process (PID=15761) to work on /home/airflow/.local/lib/python3.12/site-packages/airflow/example_dags/tutorial_taskflow_api_virtualenv.py
[2026-05-10T20:32:22.198+0000] {processor.py:830} INFO - Processing file /home/airflow/.local/lib/python3.12/site-packages/airflow/example_dags/tutorial_taskflow_api_virtualenv.py for tasks to queue
[2026-05-10T20:32:22.200+0000] {logging_mixin.py:188} INFO - [2026-05-10T20:32:22.200+0000] {dagbag.py:545} INFO - Filling up the DagBag from /home/airflow/.local/lib/python3.12/site-packages/airflow/example_dags/tutorial_taskflow_api_virtualenv.py
[2026-05-10T20:32:22.209+0000] {processor.py:840} INFO - DAG(s) 'tutorial_taskflow_api_virtualenv' retrieved from /home/airflow/.local/lib/python3.12/site-packages/airflow/example_dags/tutorial_taskflow_api_virtualenv.py
[2026-05-10T20:32:22.228+0000] {logging_mixin.py:188} INFO - [2026-05-10T20:32:22.228+0000] {dag.py:3089} INFO - Sync 1 DAGs
[2026-05-10T20:32:22.239+0000] {logging_mixin.py:188} INFO - [2026-05-10T20:32:22.238+0000] {dag.py:3947} INFO - Setting next_dagrun for tutorial_taskflow_api_virtualenv to None, run_after=None
[2026-05-10T20:32:22.254+0000] {processor.py:183} INFO - Processing /home/airflow/.local/lib/python3.12/site-packages/airflow/example_dags/tutorial_taskflow_api_virtualenv.py took 0.063 seconds
[2026-05-10T20:32:53.865+0000] {processor.py:161} INFO - Started process (PID=15821) to work on /home/airflow/.local/lib/python3.12/site-packages/airflow/example_dags/tutorial_taskflow_api_virtualenv.py
[2026-05-10T20:32:53.865+0000] {processor.py:830} INFO - Processing file /home/airflow/.local/lib/python3.12/site-packages/airflow/example_dags/tutorial_taskflow_api_virtualenv.py for tasks to queue
[2026-05-10T20:32:53.867+0000] {logging_mixin.py:188} INFO - [2026-05-10T20:32:53.867+0000] {dagbag.py:545} INFO - Filling up the DagBag from /home/airflow/.local/lib/python3.12/site-packages/airflow/example_dags/tutorial_taskflow_api_virtualenv.py
[2026-05-10T20:32:53.877+0000] {processor.py:840} INFO - DAG(s) 'tutorial_taskflow_api_virtualenv' retrieved from /home/airflow/.local/lib/python3.12/site-packages/airflow/example_dags/tutorial_taskflow_api_virtualenv.py
[2026-05-10T20:32:53.895+0000] {logging_mixin.py:188} INFO - [2026-05-10T20:32:53.895+0000] {dag.py:3089} INFO - Sync 1 DAGs
[2026-05-10T20:32:53.905+0000] {logging_mixin.py:188} INFO - [2026-05-10T20:32:53.905+0000] {dag.py:3947} INFO - Setting next_dagrun for tutorial_taskflow_api_virtualenv to None, run_after=None
[2026-05-10T20:32:53.919+0000] {processor.py:183} INFO - Processing /home/airflow/.local/lib/python3.12/site-packages/airflow/example_dags/tutorial_taskflow_api_virtualenv.py took 0.061 seconds
[2026-05-10T20:33:24.148+0000] {processor.py:161} INFO - Started process (PID=15881) to work on /home/airflow/.local/lib/python3.12/site-packages/airflow/example_dags/tutorial_taskflow_api_virtualenv.py
[2026-05-10T20:33:24.149+0000] {processor.py:830} INFO - Processing file /home/airflow/.local/lib/python3.12/site-packages/airflow/example_dags/tutorial_taskflow_api_virtualenv.py for tasks to queue
[2026-05-10T20:33:24.151+0000] {logging_mixin.py:188} INFO - [2026-05-10T20:33:24.151+0000] {dagbag.py:545} INFO - Filling up the DagBag from /home/airflow/.local/lib/python3.12/site-packages/airflow/example_dags/tutorial_taskflow_api_virtualenv.py
[2026-05-10T20:33:24.159+0000] {processor.py:840} INFO - DAG(s) 'tutorial_taskflow_api_virtualenv' retrieved from /home/airflow/.local/lib/python3.12/site-packages/airflow/example_dags/tutorial_taskflow_api_virtualenv.py
[2026-05-10T20:33:24.179+0000] {logging_mixin.py:188} INFO - [2026-05-10T20:33:24.179+0000] {dag.py:3089} INFO - Sync 1 DAGs
[2026-05-10T20:33:24.190+0000] {logging_mixin.py:188} INFO - [2026-05-10T20:33:24.190+0000] {dag.py:3947} INFO - Setting next_dagrun for tutorial_taskflow_api_virtualenv to None, run_after=None
[2026-05-10T20:33:24.204+0000] {processor.py:183} INFO - Processing /home/airflow/.local/lib/python3.12/site-packages/airflow/example_dags/tutorial_taskflow_api_virtualenv.py took 0.063 seconds
[2026-05-10T20:33:54.388+0000] {processor.py:161} INFO - Started process (PID=15941) to work on /home/airflow/.local/lib/python3.12/site-packages/airflow/example_dags/tutorial_taskflow_api_virtualenv.py
[2026-05-10T20:33:54.389+0000] {processor.py:830} INFO - Processing file /home/airflow/.local/lib/python3.12/site-packages/airflow/example_dags/tutorial_taskflow_api_virtualenv.py for tasks to queue
[2026-05-10T20:33:54.391+0000] {logging_mixin.py:188} INFO - [2026-05-10T20:33:54.391+0000] {dagbag.py:545} INFO - Filling up the DagBag from /home/airflow/.local/lib/python3.12/site-packages/airflow/example_dags/tutorial_taskflow_api_virtualenv.py
[2026-05-10T20:33:54.400+0000] {processor.py:840} INFO - DAG(s) 'tutorial_taskflow_api_virtualenv' retrieved from /home/airflow/.local/lib/python3.12/site-packages/airflow/example_dags/tutorial_taskflow_api_virtualenv.py
[2026-05-10T20:33:54.419+0000] {logging_mixin.py:188} INFO - [2026-05-10T20:33:54.419+0000] {dag.py:3089} INFO - Sync 1 DAGs
[2026-05-10T20:33:54.429+0000] {logging_mixin.py:188} INFO - [2026-05-10T20:33:54.429+0000] {dag.py:3947} INFO - Setting next_dagrun for tutorial_taskflow_api_virtualenv to None, run_after=None
[2026-05-10T20:33:54.444+0000] {processor.py:183} INFO - Processing /home/airflow/.local/lib/python3.12/site-packages/airflow/example_dags/tutorial_taskflow_api_virtualenv.py took 0.061 seconds
[2026-05-10T20:34:24.568+0000] {processor.py:161} INFO - Started process (PID=16002) to work on /home/airflow/.local/lib/python3.12/site-packages/airflow/example_dags/tutorial_taskflow_api_virtualenv.py
[2026-05-10T20:34:24.569+0000] {processor.py:830} INFO - Processing file /home/airflow/.local/lib/python3.12/site-packages/airflow/example_dags/tutorial_taskflow_api_virtualenv.py for tasks to queue
[2026-05-10T20:34:24.571+0000] {logging_mixin.py:188} INFO - [2026-05-10T20:34:24.571+0000] {dagbag.py:545} INFO - Filling up the DagBag from /home/airflow/.local/lib/python3.12/site-packages/airflow/example_dags/tutorial_taskflow_api_virtualenv.py
[2026-05-10T20:34:24.582+0000] {processor.py:840} INFO - DAG(s) 'tutorial_taskflow_api_virtualenv' retrieved from /home/airflow/.local/lib/python3.12/site-packages/airflow/example_dags/tutorial_taskflow_api_virtualenv.py
[2026-05-10T20:34:24.601+0000] {logging_mixin.py:188} INFO - [2026-05-10T20:34:24.601+0000] {dag.py:3089} INFO - Sync 1 DAGs
[2026-05-10T20:34:24.612+0000] {logging_mixin.py:188} INFO - [2026-05-10T20:34:24.612+0000] {dag.py:3947} INFO - Setting next_dagrun for tutorial_taskflow_api_virtualenv to None, run_after=None
[2026-05-10T20:34:24.627+0000] {processor.py:183} INFO - Processing /home/airflow/.local/lib/python3.12/site-packages/airflow/example_dags/tutorial_taskflow_api_virtualenv.py took 0.065 seconds
[2026-05-10T20:34:55.071+0000] {processor.py:161} INFO - Started process (PID=16062) to work on /home/airflow/.local/lib/python3.12/site-packages/airflow/example_dags/tutorial_taskflow_api_virtualenv.py
[2026-05-10T20:34:55.072+0000] {processor.py:830} INFO - Processing file /home/airflow/.local/lib/python3.12/site-packages/airflow/example_dags/tutorial_taskflow_api_virtualenv.py for tasks to queue
[2026-05-10T20:34:55.074+0000] {logging_mixin.py:188} INFO - [2026-05-10T20:34:55.074+0000] {dagbag.py:545} INFO - Filling up the DagBag from /home/airflow/.local/lib/python3.12/site-packages/airflow/example_dags/tutorial_taskflow_api_virtualenv.py
[2026-05-10T20:34:55.083+0000] {processor.py:840} INFO - DAG(s) 'tutorial_taskflow_api_virtualenv' retrieved from /home/airflow/.local/lib/python3.12/site-packages/airflow/example_dags/tutorial_taskflow_api_virtualenv.py
[2026-05-10T20:34:55.102+0000] {logging_mixin.py:188} INFO - [2026-05-10T20:34:55.102+0000] {dag.py:3089} INFO - Sync 1 DAGs
[2026-05-10T20:34:55.114+0000] {logging_mixin.py:188} INFO - [2026-05-10T20:34:55.114+0000] {dag.py:3947} INFO - Setting next_dagrun for tutorial_taskflow_api_virtualenv to None, run_after=None
[2026-05-10T20:34:55.129+0000] {processor.py:183} INFO - Processing /home/airflow/.local/lib/python3.12/site-packages/airflow/example_dags/tutorial_taskflow_api_virtualenv.py took 0.064 seconds
[2026-05-10T20:35:25.594+0000] {processor.py:161} INFO - Started process (PID=16123) to work on /home/airflow/.local/lib/python3.12/site-packages/airflow/example_dags/tutorial_taskflow_api_virtualenv.py
[2026-05-10T20:35:25.595+0000] {processor.py:830} INFO - Processing file /home/airflow/.local/lib/python3.12/site-packages/airflow/example_dags/tutorial_taskflow_api_virtualenv.py for tasks to queue
[2026-05-10T20:35:25.597+0000] {logging_mixin.py:188} INFO - [2026-05-10T20:35:25.597+0000] {dagbag.py:545} INFO - Filling up the DagBag from /home/airflow/.local/lib/python3.12/site-packages/airflow/example_dags/tutorial_taskflow_api_virtualenv.py
[2026-05-10T20:35:25.607+0000] {processor.py:840} INFO - DAG(s) 'tutorial_taskflow_api_virtualenv' retrieved from /home/airflow/.local/lib/python3.12/site-packages/airflow/example_dags/tutorial_taskflow_api_virtualenv.py
[2026-05-10T20:35:25.624+0000] {logging_mixin.py:188} INFO - [2026-05-10T20:35:25.624+0000] {dag.py:3089} INFO - Sync 1 DAGs
[2026-05-10T20:35:25.634+0000] {logging_mixin.py:188} INFO - [2026-05-10T20:35:25.634+0000] {dag.py:3947} INFO - Setting next_dagrun for tutorial_taskflow_api_virtualenv to None, run_after=None
[2026-05-10T20:35:25.649+0000] {processor.py:183} INFO - Processing /home/airflow/.local/lib/python3.12/site-packages/airflow/example_dags/tutorial_taskflow_api_virtualenv.py took 0.062 seconds
[2026-05-10T20:35:55.927+0000] {processor.py:161} INFO - Started process (PID=16183) to work on /home/airflow/.local/lib/python3.12/site-packages/airflow/example_dags/tutorial_taskflow_api_virtualenv.py
[2026-05-10T20:35:55.928+0000] {processor.py:830} INFO - Processing file /home/airflow/.local/lib/python3.12/site-packages/airflow/example_dags/tutorial_taskflow_api_virtualenv.py for tasks to queue
[2026-05-10T20:35:55.930+0000] {logging_mixin.py:188} INFO - [2026-05-10T20:35:55.929+0000] {dagbag.py:545} INFO - Filling up the DagBag from /home/airflow/.local/lib/python3.12/site-packages/airflow/example_dags/tutorial_taskflow_api_virtualenv.py
[2026-05-10T20:35:55.939+0000] {processor.py:840} INFO - DAG(s) 'tutorial_taskflow_api_virtualenv' retrieved from /home/airflow/.local/lib/python3.12/site-packages/airflow/example_dags/tutorial_taskflow_api_virtualenv.py
[2026-05-10T20:35:55.958+0000] {logging_mixin.py:188} INFO - [2026-05-10T20:35:55.958+0000] {dag.py:3089} INFO - Sync 1 DAGs
[2026-05-10T20:35:55.971+0000] {logging_mixin.py:188} INFO - [2026-05-10T20:35:55.971+0000] {dag.py:3947} INFO - Setting next_dagrun for tutorial_taskflow_api_virtualenv to None, run_after=None
[2026-05-10T20:35:55.986+0000] {processor.py:183} INFO - Processing /home/airflow/.local/lib/python3.12/site-packages/airflow/example_dags/tutorial_taskflow_api_virtualenv.py took 0.066 seconds
[2026-05-10T20:36:26.108+0000] {processor.py:161} INFO - Started process (PID=16243) to work on /home/airflow/.local/lib/python3.12/site-packages/airflow/example_dags/tutorial_taskflow_api_virtualenv.py
[2026-05-10T20:36:26.109+0000] {processor.py:830} INFO - Processing file /home/airflow/.local/lib/python3.12/site-packages/airflow/example_dags/tutorial_taskflow_api_virtualenv.py for tasks to queue
[2026-05-10T20:36:26.111+0000] {logging_mixin.py:188} INFO - [2026-05-10T20:36:26.111+0000] {dagbag.py:545} INFO - Filling up the DagBag from /home/airflow/.local/lib/python3.12/site-packages/airflow/example_dags/tutorial_taskflow_api_virtualenv.py
[2026-05-10T20:36:26.120+0000] {processor.py:840} INFO - DAG(s) 'tutorial_taskflow_api_virtualenv' retrieved from /home/airflow/.local/lib/python3.12/site-packages/airflow/example_dags/tutorial_taskflow_api_virtualenv.py
[2026-05-10T20:36:26.138+0000] {logging_mixin.py:188} INFO - [2026-05-10T20:36:26.138+0000] {dag.py:3089} INFO - Sync 1 DAGs
[2026-05-10T20:36:26.148+0000] {logging_mixin.py:188} INFO - [2026-05-10T20:36:26.148+0000] {dag.py:3947} INFO - Setting next_dagrun for tutorial_taskflow_api_virtualenv to None, run_after=None
[2026-05-10T20:36:26.162+0000] {processor.py:183} INFO - Processing /home/airflow/.local/lib/python3.12/site-packages/airflow/example_dags/tutorial_taskflow_api_virtualenv.py took 0.060 seconds
[2026-05-10T20:36:56.373+0000] {processor.py:161} INFO - Started process (PID=16303) to work on /home/airflow/.local/lib/python3.12/site-packages/airflow/example_dags/tutorial_taskflow_api_virtualenv.py
[2026-05-10T20:36:56.374+0000] {processor.py:830} INFO - Processing file /home/airflow/.local/lib/python3.12/site-packages/airflow/example_dags/tutorial_taskflow_api_virtualenv.py for tasks to queue
[2026-05-10T20:36:56.376+0000] {logging_mixin.py:188} INFO - [2026-05-10T20:36:56.375+0000] {dagbag.py:545} INFO - Filling up the DagBag from /home/airflow/.local/lib/python3.12/site-packages/airflow/example_dags/tutorial_taskflow_api_virtualenv.py
[2026-05-10T20:36:56.386+0000] {processor.py:840} INFO - DAG(s) 'tutorial_taskflow_api_virtualenv' retrieved from /home/airflow/.local/lib/python3.12/site-packages/airflow/example_dags/tutorial_taskflow_api_virtualenv.py
[2026-05-10T20:36:56.407+0000] {logging_mixin.py:188} INFO - [2026-05-10T20:36:56.407+0000] {dag.py:3089} INFO - Sync 1 DAGs
[2026-05-10T20:36:56.421+0000] {logging_mixin.py:188} INFO - [2026-05-10T20:36:56.420+0000] {dag.py:3947} INFO - Setting next_dagrun for tutorial_taskflow_api_virtualenv to None, run_after=None
[2026-05-10T20:36:56.438+0000] {processor.py:183} INFO - Processing /home/airflow/.local/lib/python3.12/site-packages/airflow/example_dags/tutorial_taskflow_api_virtualenv.py took 0.072 seconds
[2026-05-10T20:37:26.612+0000] {processor.py:161} INFO - Started process (PID=16363) to work on /home/airflow/.local/lib/python3.12/site-packages/airflow/example_dags/tutorial_taskflow_api_virtualenv.py
[2026-05-10T20:37:26.613+0000] {processor.py:830} INFO - Processing file /home/airflow/.local/lib/python3.12/site-packages/airflow/example_dags/tutorial_taskflow_api_virtualenv.py for tasks to queue
[2026-05-10T20:37:26.614+0000] {logging_mixin.py:188} INFO - [2026-05-10T20:37:26.614+0000] {dagbag.py:545} INFO - Filling up the DagBag from /home/airflow/.local/lib/python3.12/site-packages/airflow/example_dags/tutorial_taskflow_api_virtualenv.py
[2026-05-10T20:37:26.623+0000] {processor.py:840} INFO - DAG(s) 'tutorial_taskflow_api_virtualenv' retrieved from /home/airflow/.local/lib/python3.12/site-packages/airflow/example_dags/tutorial_taskflow_api_virtualenv.py
[2026-05-10T20:37:26.645+0000] {logging_mixin.py:188} INFO - [2026-05-10T20:37:26.644+0000] {dag.py:3089} INFO - Sync 1 DAGs
[2026-05-10T20:37:26.656+0000] {logging_mixin.py:188} INFO - [2026-05-10T20:37:26.656+0000] {dag.py:3947} INFO - Setting next_dagrun for tutorial_taskflow_api_virtualenv to None, run_after=None
[2026-05-10T20:37:26.671+0000] {processor.py:183} INFO - Processing /home/airflow/.local/lib/python3.12/site-packages/airflow/example_dags/tutorial_taskflow_api_virtualenv.py took 0.066 seconds
[2026-05-10T20:37:57.047+0000] {processor.py:161} INFO - Started process (PID=16423) to work on /home/airflow/.local/lib/python3.12/site-packages/airflow/example_dags/tutorial_taskflow_api_virtualenv.py
[2026-05-10T20:37:57.048+0000] {processor.py:830} INFO - Processing file /home/airflow/.local/lib/python3.12/site-packages/airflow/example_dags/tutorial_taskflow_api_virtualenv.py for tasks to queue
[2026-05-10T20:37:57.050+0000] {logging_mixin.py:188} INFO - [2026-05-10T20:37:57.050+0000] {dagbag.py:545} INFO - Filling up the DagBag from /home/airflow/.local/lib/python3.12/site-packages/airflow/example_dags/tutorial_taskflow_api_virtualenv.py
[2026-05-10T20:37:57.061+0000] {processor.py:840} INFO - DAG(s) 'tutorial_taskflow_api_virtualenv' retrieved from /home/airflow/.local/lib/python3.12/site-packages/airflow/example_dags/tutorial_taskflow_api_virtualenv.py
[2026-05-10T20:37:57.085+0000] {logging_mixin.py:188} INFO - [2026-05-10T20:37:57.085+0000] {dag.py:3089} INFO - Sync 1 DAGs
[2026-05-10T20:37:57.102+0000] {logging_mixin.py:188} INFO - [2026-05-10T20:37:57.102+0000] {dag.py:3947} INFO - Setting next_dagrun for tutorial_taskflow_api_virtualenv to None, run_after=None
[2026-05-10T20:37:57.121+0000] {processor.py:183} INFO - Processing /home/airflow/.local/lib/python3.12/site-packages/airflow/example_dags/tutorial_taskflow_api_virtualenv.py took 0.083 seconds
[2026-05-10T20:38:27.177+0000] {processor.py:161} INFO - Started process (PID=16483) to work on /home/airflow/.local/lib/python3.12/site-packages/airflow/example_dags/tutorial_taskflow_api_virtualenv.py
[2026-05-10T20:38:27.178+0000] {processor.py:830} INFO - Processing file /home/airflow/.local/lib/python3.12/site-packages/airflow/example_dags/tutorial_taskflow_api_virtualenv.py for tasks to queue
[2026-05-10T20:38:27.180+0000] {logging_mixin.py:188} INFO - [2026-05-10T20:38:27.180+0000] {dagbag.py:545} INFO - Filling up the DagBag from /home/airflow/.local/lib/python3.12/site-packages/airflow/example_dags/tutorial_taskflow_api_virtualenv.py
[2026-05-10T20:38:27.193+0000] {processor.py:840} INFO - DAG(s) 'tutorial_taskflow_api_virtualenv' retrieved from /home/airflow/.local/lib/python3.12/site-packages/airflow/example_dags/tutorial_taskflow_api_virtualenv.py
[2026-05-10T20:38:27.215+0000] {logging_mixin.py:188} INFO - [2026-05-10T20:38:27.215+0000] {dag.py:3089} INFO - Sync 1 DAGs
[2026-05-10T20:38:27.230+0000] {logging_mixin.py:188} INFO - [2026-05-10T20:38:27.229+0000] {dag.py:3947} INFO - Setting next_dagrun for tutorial_taskflow_api_virtualenv to None, run_after=None
[2026-05-10T20:38:27.248+0000] {processor.py:183} INFO - Processing /home/airflow/.local/lib/python3.12/site-packages/airflow/example_dags/tutorial_taskflow_api_virtualenv.py took 0.080 seconds
[2026-05-10T20:38:57.330+0000] {processor.py:161} INFO - Started process (PID=16543) to work on /home/airflow/.local/lib/python3.12/site-packages/airflow/example_dags/tutorial_taskflow_api_virtualenv.py
[2026-05-10T20:38:57.331+0000] {processor.py:830} INFO - Processing file /home/airflow/.local/lib/python3.12/site-packages/airflow/example_dags/tutorial_taskflow_api_virtualenv.py for tasks to queue
[2026-05-10T20:38:57.332+0000] {logging_mixin.py:188} INFO - [2026-05-10T20:38:57.332+0000] {dagbag.py:545} INFO - Filling up the DagBag from /home/airflow/.local/lib/python3.12/site-packages/airflow/example_dags/tutorial_taskflow_api_virtualenv.py
[2026-05-10T20:38:57.341+0000] {processor.py:840} INFO - DAG(s) 'tutorial_taskflow_api_virtualenv' retrieved from /home/airflow/.local/lib/python3.12/site-packages/airflow/example_dags/tutorial_taskflow_api_virtualenv.py
[2026-05-10T20:38:57.364+0000] {logging_mixin.py:188} INFO - [2026-05-10T20:38:57.364+0000] {dag.py:3089} INFO - Sync 1 DAGs
[2026-05-10T20:38:57.381+0000] {logging_mixin.py:188} INFO - [2026-05-10T20:38:57.380+0000] {dag.py:3947} INFO - Setting next_dagrun for tutorial_taskflow_api_virtualenv to None, run_after=None
[2026-05-10T20:38:57.402+0000] {processor.py:183} INFO - Processing /home/airflow/.local/lib/python3.12/site-packages/airflow/example_dags/tutorial_taskflow_api_virtualenv.py took 0.080 seconds
[2026-05-10T20:39:27.441+0000] {processor.py:161} INFO - Started process (PID=16602) to work on /home/airflow/.local/lib/python3.12/site-packages/airflow/example_dags/tutorial_taskflow_api_virtualenv.py
[2026-05-10T20:39:27.441+0000] {processor.py:830} INFO - Processing file /home/airflow/.local/lib/python3.12/site-packages/airflow/example_dags/tutorial_taskflow_api_virtualenv.py for tasks to queue
[2026-05-10T20:39:27.443+0000] {logging_mixin.py:188} INFO - [2026-05-10T20:39:27.443+0000] {dagbag.py:545} INFO - Filling up the DagBag from /home/airflow/.local/lib/python3.12/site-packages/airflow/example_dags/tutorial_taskflow_api_virtualenv.py
[2026-05-10T20:39:27.452+0000] {processor.py:840} INFO - DAG(s) 'tutorial_taskflow_api_virtualenv' retrieved from /home/airflow/.local/lib/python3.12/site-packages/airflow/example_dags/tutorial_taskflow_api_virtualenv.py
[2026-05-10T20:39:27.470+0000] {logging_mixin.py:188} INFO - [2026-05-10T20:39:27.470+0000] {dag.py:3089} INFO - Sync 1 DAGs
[2026-05-10T20:39:27.481+0000] {logging_mixin.py:188} INFO - [2026-05-10T20:39:27.481+0000] {dag.py:3947} INFO - Setting next_dagrun for tutorial_taskflow_api_virtualenv to None, run_after=None
[2026-05-10T20:39:27.494+0000] {processor.py:183} INFO - Processing /home/airflow/.local/lib/python3.12/site-packages/airflow/example_dags/tutorial_taskflow_api_virtualenv.py took 0.060 seconds
[2026-05-10T20:39:57.718+0000] {processor.py:161} INFO - Started process (PID=16662) to work on /home/airflow/.local/lib/python3.12/site-packages/airflow/example_dags/tutorial_taskflow_api_virtualenv.py
[2026-05-10T20:39:57.719+0000] {processor.py:830} INFO - Processing file /home/airflow/.local/lib/python3.12/site-packages/airflow/example_dags/tutorial_taskflow_api_virtualenv.py for tasks to queue
[2026-05-10T20:39:57.721+0000] {logging_mixin.py:188} INFO - [2026-05-10T20:39:57.721+0000] {dagbag.py:545} INFO - Filling up the DagBag from /home/airflow/.local/lib/python3.12/site-packages/airflow/example_dags/tutorial_taskflow_api_virtualenv.py
[2026-05-10T20:39:57.730+0000] {processor.py:840} INFO - DAG(s) 'tutorial_taskflow_api_virtualenv' retrieved from /home/airflow/.local/lib/python3.12/site-packages/airflow/example_dags/tutorial_taskflow_api_virtualenv.py
[2026-05-10T20:39:57.747+0000] {logging_mixin.py:188} INFO - [2026-05-10T20:39:57.747+0000] {dag.py:3089} INFO - Sync 1 DAGs
[2026-05-10T20:39:57.757+0000] {logging_mixin.py:188} INFO - [2026-05-10T20:39:57.757+0000] {dag.py:3947} INFO - Setting next_dagrun for tutorial_taskflow_api_virtualenv to None, run_after=None
[2026-05-10T20:39:57.772+0000] {processor.py:183} INFO - Processing /home/airflow/.local/lib/python3.12/site-packages/airflow/example_dags/tutorial_taskflow_api_virtualenv.py took 0.061 seconds
[2026-05-10T20:40:28.264+0000] {processor.py:161} INFO - Started process (PID=16723) to work on /home/airflow/.local/lib/python3.12/site-packages/airflow/example_dags/tutorial_taskflow_api_virtualenv.py
[2026-05-10T20:40:28.265+0000] {processor.py:830} INFO - Processing file /home/airflow/.local/lib/python3.12/site-packages/airflow/example_dags/tutorial_taskflow_api_virtualenv.py for tasks to queue
[2026-05-10T20:40:28.267+0000] {logging_mixin.py:188} INFO - [2026-05-10T20:40:28.266+0000] {dagbag.py:545} INFO - Filling up the DagBag from /home/airflow/.local/lib/python3.12/site-packages/airflow/example_dags/tutorial_taskflow_api_virtualenv.py
[2026-05-10T20:40:28.276+0000] {processor.py:840} INFO - DAG(s) 'tutorial_taskflow_api_virtualenv' retrieved from /home/airflow/.local/lib/python3.12/site-packages/airflow/example_dags/tutorial_taskflow_api_virtualenv.py
[2026-05-10T20:40:28.294+0000] {logging_mixin.py:188} INFO - [2026-05-10T20:40:28.294+0000] {dag.py:3089} INFO - Sync 1 DAGs
[2026-05-10T20:40:28.305+0000] {logging_mixin.py:188} INFO - [2026-05-10T20:40:28.304+0000] {dag.py:3947} INFO - Setting next_dagrun for tutorial_taskflow_api_virtualenv to None, run_after=None
[2026-05-10T20:40:28.320+0000] {processor.py:183} INFO - Processing /home/airflow/.local/lib/python3.12/site-packages/airflow/example_dags/tutorial_taskflow_api_virtualenv.py took 0.064 seconds
[2026-05-10T20:40:58.662+0000] {processor.py:161} INFO - Started process (PID=16783) to work on /home/airflow/.local/lib/python3.12/site-packages/airflow/example_dags/tutorial_taskflow_api_virtualenv.py
[2026-05-10T20:40:58.663+0000] {processor.py:830} INFO - Processing file /home/airflow/.local/lib/python3.12/site-packages/airflow/example_dags/tutorial_taskflow_api_virtualenv.py for tasks to queue
[2026-05-10T20:40:58.665+0000] {logging_mixin.py:188} INFO - [2026-05-10T20:40:58.664+0000] {dagbag.py:545} INFO - Filling up the DagBag from /home/airflow/.local/lib/python3.12/site-packages/airflow/example_dags/tutorial_taskflow_api_virtualenv.py
[2026-05-10T20:40:58.674+0000] {processor.py:840} INFO - DAG(s) 'tutorial_taskflow_api_virtualenv' retrieved from /home/airflow/.local/lib/python3.12/site-packages/airflow/example_dags/tutorial_taskflow_api_virtualenv.py
[2026-05-10T20:40:58.694+0000] {logging_mixin.py:188} INFO - [2026-05-10T20:40:58.694+0000] {dag.py:3089} INFO - Sync 1 DAGs
[2026-05-10T20:40:58.704+0000] {logging_mixin.py:188} INFO - [2026-05-10T20:40:58.703+0000] {dag.py:3947} INFO - Setting next_dagrun for tutorial_taskflow_api_virtualenv to None, run_after=None
[2026-05-10T20:40:58.718+0000] {processor.py:183} INFO - Processing /home/airflow/.local/lib/python3.12/site-packages/airflow/example_dags/tutorial_taskflow_api_virtualenv.py took 0.063 seconds
[2026-05-10T20:41:28.910+0000] {processor.py:161} INFO - Started process (PID=16843) to work on /home/airflow/.local/lib/python3.12/site-packages/airflow/example_dags/tutorial_taskflow_api_virtualenv.py
[2026-05-10T20:41:28.911+0000] {processor.py:830} INFO - Processing file /home/airflow/.local/lib/python3.12/site-packages/airflow/example_dags/tutorial_taskflow_api_virtualenv.py for tasks to queue
[2026-05-10T20:41:28.913+0000] {logging_mixin.py:188} INFO - [2026-05-10T20:41:28.912+0000] {dagbag.py:545} INFO - Filling up the DagBag from /home/airflow/.local/lib/python3.12/site-packages/airflow/example_dags/tutorial_taskflow_api_virtualenv.py
[2026-05-10T20:41:28.924+0000] {processor.py:840} INFO - DAG(s) 'tutorial_taskflow_api_virtualenv' retrieved from /home/airflow/.local/lib/python3.12/site-packages/airflow/example_dags/tutorial_taskflow_api_virtualenv.py
[2026-05-10T20:41:28.942+0000] {logging_mixin.py:188} INFO - [2026-05-10T20:41:28.942+0000] {dag.py:3089} INFO - Sync 1 DAGs
[2026-05-10T20:41:28.953+0000] {logging_mixin.py:188} INFO - [2026-05-10T20:41:28.953+0000] {dag.py:3947} INFO - Setting next_dagrun for tutorial_taskflow_api_virtualenv to None, run_after=None
[2026-05-10T20:41:28.967+0000] {processor.py:183} INFO - Processing /home/airflow/.local/lib/python3.12/site-packages/airflow/example_dags/tutorial_taskflow_api_virtualenv.py took 0.063 seconds
[2026-05-10T20:41:59.362+0000] {processor.py:161} INFO - Started process (PID=16904) to work on /home/airflow/.local/lib/python3.12/site-packages/airflow/example_dags/tutorial_taskflow_api_virtualenv.py
[2026-05-10T20:41:59.363+0000] {processor.py:830} INFO - Processing file /home/airflow/.local/lib/python3.12/site-packages/airflow/example_dags/tutorial_taskflow_api_virtualenv.py for tasks to queue
[2026-05-10T20:41:59.365+0000] {logging_mixin.py:188} INFO - [2026-05-10T20:41:59.364+0000] {dagbag.py:545} INFO - Filling up the DagBag from /home/airflow/.local/lib/python3.12/site-packages/airflow/example_dags/tutorial_taskflow_api_virtualenv.py
[2026-05-10T20:41:59.375+0000] {processor.py:840} INFO - DAG(s) 'tutorial_taskflow_api_virtualenv' retrieved from /home/airflow/.local/lib/python3.12/site-packages/airflow/example_dags/tutorial_taskflow_api_virtualenv.py
[2026-05-10T20:41:59.392+0000] {logging_mixin.py:188} INFO - [2026-05-10T20:41:59.392+0000] {dag.py:3089} INFO - Sync 1 DAGs
[2026-05-10T20:41:59.403+0000] {logging_mixin.py:188} INFO - [2026-05-10T20:41:59.403+0000] {dag.py:3947} INFO - Setting next_dagrun for tutorial_taskflow_api_virtualenv to None, run_after=None
[2026-05-10T20:41:59.418+0000] {processor.py:183} INFO - Processing /home/airflow/.local/lib/python3.12/site-packages/airflow/example_dags/tutorial_taskflow_api_virtualenv.py took 0.062 seconds
[2026-05-10T20:42:29.610+0000] {processor.py:161} INFO - Started process (PID=16964) to work on /home/airflow/.local/lib/python3.12/site-packages/airflow/example_dags/tutorial_taskflow_api_virtualenv.py
[2026-05-10T20:42:29.611+0000] {processor.py:830} INFO - Processing file /home/airflow/.local/lib/python3.12/site-packages/airflow/example_dags/tutorial_taskflow_api_virtualenv.py for tasks to queue
[2026-05-10T20:42:29.614+0000] {logging_mixin.py:188} INFO - [2026-05-10T20:42:29.613+0000] {dagbag.py:545} INFO - Filling up the DagBag from /home/airflow/.local/lib/python3.12/site-packages/airflow/example_dags/tutorial_taskflow_api_virtualenv.py
[2026-05-10T20:42:29.627+0000] {processor.py:840} INFO - DAG(s) 'tutorial_taskflow_api_virtualenv' retrieved from /home/airflow/.local/lib/python3.12/site-packages/airflow/example_dags/tutorial_taskflow_api_virtualenv.py
[2026-05-10T20:42:29.647+0000] {logging_mixin.py:188} INFO - [2026-05-10T20:42:29.646+0000] {dag.py:3089} INFO - Sync 1 DAGs
[2026-05-10T20:42:29.661+0000] {logging_mixin.py:188} INFO - [2026-05-10T20:42:29.660+0000] {dag.py:3947} INFO - Setting next_dagrun for tutorial_taskflow_api_virtualenv to None, run_after=None
[2026-05-10T20:42:29.677+0000] {processor.py:183} INFO - Processing /home/airflow/.local/lib/python3.12/site-packages/airflow/example_dags/tutorial_taskflow_api_virtualenv.py took 0.074 seconds
[2026-05-10T20:42:59.885+0000] {processor.py:161} INFO - Started process (PID=17024) to work on /home/airflow/.local/lib/python3.12/site-packages/airflow/example_dags/tutorial_taskflow_api_virtualenv.py
[2026-05-10T20:42:59.886+0000] {processor.py:830} INFO - Processing file /home/airflow/.local/lib/python3.12/site-packages/airflow/example_dags/tutorial_taskflow_api_virtualenv.py for tasks to queue
[2026-05-10T20:42:59.887+0000] {logging_mixin.py:188} INFO - [2026-05-10T20:42:59.887+0000] {dagbag.py:545} INFO - Filling up the DagBag from /home/airflow/.local/lib/python3.12/site-packages/airflow/example_dags/tutorial_taskflow_api_virtualenv.py
[2026-05-10T20:42:59.896+0000] {processor.py:840} INFO - DAG(s) 'tutorial_taskflow_api_virtualenv' retrieved from /home/airflow/.local/lib/python3.12/site-packages/airflow/example_dags/tutorial_taskflow_api_virtualenv.py
[2026-05-10T20:42:59.916+0000] {logging_mixin.py:188} INFO - [2026-05-10T20:42:59.915+0000] {dag.py:3089} INFO - Sync 1 DAGs
[2026-05-10T20:42:59.927+0000] {logging_mixin.py:188} INFO - [2026-05-10T20:42:59.927+0000] {dag.py:3947} INFO - Setting next_dagrun for tutorial_taskflow_api_virtualenv to None, run_after=None
[2026-05-10T20:42:59.943+0000] {processor.py:183} INFO - Processing /home/airflow/.local/lib/python3.12/site-packages/airflow/example_dags/tutorial_taskflow_api_virtualenv.py took 0.064 seconds
[2026-05-10T20:43:30.637+0000] {processor.py:161} INFO - Started process (PID=17084) to work on /home/airflow/.local/lib/python3.12/site-packages/airflow/example_dags/tutorial_taskflow_api_virtualenv.py
[2026-05-10T20:43:30.638+0000] {processor.py:830} INFO - Processing file /home/airflow/.local/lib/python3.12/site-packages/airflow/example_dags/tutorial_taskflow_api_virtualenv.py for tasks to queue
[2026-05-10T20:43:30.640+0000] {logging_mixin.py:188} INFO - [2026-05-10T20:43:30.639+0000] {dagbag.py:545} INFO - Filling up the DagBag from /home/airflow/.local/lib/python3.12/site-packages/airflow/example_dags/tutorial_taskflow_api_virtualenv.py
[2026-05-10T20:43:30.650+0000] {processor.py:840} INFO - DAG(s) 'tutorial_taskflow_api_virtualenv' retrieved from /home/airflow/.local/lib/python3.12/site-packages/airflow/example_dags/tutorial_taskflow_api_virtualenv.py
[2026-05-10T20:43:30.670+0000] {logging_mixin.py:188} INFO - [2026-05-10T20:43:30.670+0000] {dag.py:3089} INFO - Sync 1 DAGs
[2026-05-10T20:43:30.684+0000] {logging_mixin.py:188} INFO - [2026-05-10T20:43:30.684+0000] {dag.py:3947} INFO - Setting next_dagrun for tutorial_taskflow_api_virtualenv to None, run_after=None
[2026-05-10T20:43:30.702+0000] {processor.py:183} INFO - Processing /home/airflow/.local/lib/python3.12/site-packages/airflow/example_dags/tutorial_taskflow_api_virtualenv.py took 0.072 seconds
[2026-05-10T20:44:01.746+0000] {processor.py:161} INFO - Started process (PID=17144) to work on /home/airflow/.local/lib/python3.12/site-packages/airflow/example_dags/tutorial_taskflow_api_virtualenv.py
[2026-05-10T20:44:01.747+0000] {processor.py:830} INFO - Processing file /home/airflow/.local/lib/python3.12/site-packages/airflow/example_dags/tutorial_taskflow_api_virtualenv.py for tasks to queue
[2026-05-10T20:44:01.749+0000] {logging_mixin.py:188} INFO - [2026-05-10T20:44:01.748+0000] {dagbag.py:545} INFO - Filling up the DagBag from /home/airflow/.local/lib/python3.12/site-packages/airflow/example_dags/tutorial_taskflow_api_virtualenv.py
[2026-05-10T20:44:01.760+0000] {processor.py:840} INFO - DAG(s) 'tutorial_taskflow_api_virtualenv' retrieved from /home/airflow/.local/lib/python3.12/site-packages/airflow/example_dags/tutorial_taskflow_api_virtualenv.py
[2026-05-10T20:44:01.781+0000] {logging_mixin.py:188} INFO - [2026-05-10T20:44:01.781+0000] {dag.py:3089} INFO - Sync 1 DAGs
[2026-05-10T20:44:01.792+0000] {logging_mixin.py:188} INFO - [2026-05-10T20:44:01.792+0000] {dag.py:3947} INFO - Setting next_dagrun for tutorial_taskflow_api_virtualenv to None, run_after=None
[2026-05-10T20:44:01.808+0000] {processor.py:183} INFO - Processing /home/airflow/.local/lib/python3.12/site-packages/airflow/example_dags/tutorial_taskflow_api_virtualenv.py took 0.071 seconds
[2026-05-10T20:44:32.241+0000] {processor.py:161} INFO - Started process (PID=17204) to work on /home/airflow/.local/lib/python3.12/site-packages/airflow/example_dags/tutorial_taskflow_api_virtualenv.py
[2026-05-10T20:44:32.242+0000] {processor.py:830} INFO - Processing file /home/airflow/.local/lib/python3.12/site-packages/airflow/example_dags/tutorial_taskflow_api_virtualenv.py for tasks to queue
[2026-05-10T20:44:32.243+0000] {logging_mixin.py:188} INFO - [2026-05-10T20:44:32.243+0000] {dagbag.py:545} INFO - Filling up the DagBag from /home/airflow/.local/lib/python3.12/site-packages/airflow/example_dags/tutorial_taskflow_api_virtualenv.py
[2026-05-10T20:44:32.253+0000] {processor.py:840} INFO - DAG(s) 'tutorial_taskflow_api_virtualenv' retrieved from /home/airflow/.local/lib/python3.12/site-packages/airflow/example_dags/tutorial_taskflow_api_virtualenv.py
[2026-05-10T20:44:32.274+0000] {logging_mixin.py:188} INFO - [2026-05-10T20:44:32.274+0000] {dag.py:3089} INFO - Sync 1 DAGs
[2026-05-10T20:44:32.287+0000] {logging_mixin.py:188} INFO - [2026-05-10T20:44:32.287+0000] {dag.py:3947} INFO - Setting next_dagrun for tutorial_taskflow_api_virtualenv to None, run_after=None
[2026-05-10T20:44:32.304+0000] {processor.py:183} INFO - Processing /home/airflow/.local/lib/python3.12/site-packages/airflow/example_dags/tutorial_taskflow_api_virtualenv.py took 0.070 seconds
[2026-05-10T20:45:02.875+0000] {processor.py:161} INFO - Started process (PID=17264) to work on /home/airflow/.local/lib/python3.12/site-packages/airflow/example_dags/tutorial_taskflow_api_virtualenv.py
[2026-05-10T20:45:02.876+0000] {processor.py:830} INFO - Processing file /home/airflow/.local/lib/python3.12/site-packages/airflow/example_dags/tutorial_taskflow_api_virtualenv.py for tasks to queue
[2026-05-10T20:45:02.878+0000] {logging_mixin.py:188} INFO - [2026-05-10T20:45:02.877+0000] {dagbag.py:545} INFO - Filling up the DagBag from /home/airflow/.local/lib/python3.12/site-packages/airflow/example_dags/tutorial_taskflow_api_virtualenv.py
[2026-05-10T20:45:02.891+0000] {processor.py:840} INFO - DAG(s) 'tutorial_taskflow_api_virtualenv' retrieved from /home/airflow/.local/lib/python3.12/site-packages/airflow/example_dags/tutorial_taskflow_api_virtualenv.py
[2026-05-10T20:45:02.913+0000] {logging_mixin.py:188} INFO - [2026-05-10T20:45:02.912+0000] {dag.py:3089} INFO - Sync 1 DAGs
[2026-05-10T20:45:02.925+0000] {logging_mixin.py:188} INFO - [2026-05-10T20:45:02.924+0000] {dag.py:3947} INFO - Setting next_dagrun for tutorial_taskflow_api_virtualenv to None, run_after=None
[2026-05-10T20:45:02.941+0000] {processor.py:183} INFO - Processing /home/airflow/.local/lib/python3.12/site-packages/airflow/example_dags/tutorial_taskflow_api_virtualenv.py took 0.074 seconds
[2026-05-10T20:45:33.218+0000] {processor.py:161} INFO - Started process (PID=17324) to work on /home/airflow/.local/lib/python3.12/site-packages/airflow/example_dags/tutorial_taskflow_api_virtualenv.py
[2026-05-10T20:45:33.219+0000] {processor.py:830} INFO - Processing file /home/airflow/.local/lib/python3.12/site-packages/airflow/example_dags/tutorial_taskflow_api_virtualenv.py for tasks to queue
[2026-05-10T20:45:33.220+0000] {logging_mixin.py:188} INFO - [2026-05-10T20:45:33.220+0000] {dagbag.py:545} INFO - Filling up the DagBag from /home/airflow/.local/lib/python3.12/site-packages/airflow/example_dags/tutorial_taskflow_api_virtualenv.py
[2026-05-10T20:45:33.233+0000] {processor.py:840} INFO - DAG(s) 'tutorial_taskflow_api_virtualenv' retrieved from /home/airflow/.local/lib/python3.12/site-packages/airflow/example_dags/tutorial_taskflow_api_virtualenv.py
[2026-05-10T20:45:33.257+0000] {logging_mixin.py:188} INFO - [2026-05-10T20:45:33.256+0000] {dag.py:3089} INFO - Sync 1 DAGs
[2026-05-10T20:45:33.270+0000] {logging_mixin.py:188} INFO - [2026-05-10T20:45:33.269+0000] {dag.py:3947} INFO - Setting next_dagrun for tutorial_taskflow_api_virtualenv to None, run_after=None
[2026-05-10T20:45:33.288+0000] {processor.py:183} INFO - Processing /home/airflow/.local/lib/python3.12/site-packages/airflow/example_dags/tutorial_taskflow_api_virtualenv.py took 0.078 seconds
[2026-05-10T20:46:03.781+0000] {processor.py:161} INFO - Started process (PID=17384) to work on /home/airflow/.local/lib/python3.12/site-packages/airflow/example_dags/tutorial_taskflow_api_virtualenv.py
[2026-05-10T20:46:03.782+0000] {processor.py:830} INFO - Processing file /home/airflow/.local/lib/python3.12/site-packages/airflow/example_dags/tutorial_taskflow_api_virtualenv.py for tasks to queue
[2026-05-10T20:46:03.784+0000] {logging_mixin.py:188} INFO - [2026-05-10T20:46:03.783+0000] {dagbag.py:545} INFO - Filling up the DagBag from /home/airflow/.local/lib/python3.12/site-packages/airflow/example_dags/tutorial_taskflow_api_virtualenv.py
[2026-05-10T20:46:03.795+0000] {processor.py:840} INFO - DAG(s) 'tutorial_taskflow_api_virtualenv' retrieved from /home/airflow/.local/lib/python3.12/site-packages/airflow/example_dags/tutorial_taskflow_api_virtualenv.py
[2026-05-10T20:46:03.816+0000] {logging_mixin.py:188} INFO - [2026-05-10T20:46:03.816+0000] {dag.py:3089} INFO - Sync 1 DAGs
[2026-05-10T20:46:03.829+0000] {logging_mixin.py:188} INFO - [2026-05-10T20:46:03.829+0000] {dag.py:3947} INFO - Setting next_dagrun for tutorial_taskflow_api_virtualenv to None, run_after=None
[2026-05-10T20:46:03.848+0000] {processor.py:183} INFO - Processing /home/airflow/.local/lib/python3.12/site-packages/airflow/example_dags/tutorial_taskflow_api_virtualenv.py took 0.075 seconds
[2026-05-10T20:46:34.302+0000] {processor.py:161} INFO - Started process (PID=17444) to work on /home/airflow/.local/lib/python3.12/site-packages/airflow/example_dags/tutorial_taskflow_api_virtualenv.py
[2026-05-10T20:46:34.303+0000] {processor.py:830} INFO - Processing file /home/airflow/.local/lib/python3.12/site-packages/airflow/example_dags/tutorial_taskflow_api_virtualenv.py for tasks to queue
[2026-05-10T20:46:34.304+0000] {logging_mixin.py:188} INFO - [2026-05-10T20:46:34.304+0000] {dagbag.py:545} INFO - Filling up the DagBag from /home/airflow/.local/lib/python3.12/site-packages/airflow/example_dags/tutorial_taskflow_api_virtualenv.py
[2026-05-10T20:46:34.315+0000] {processor.py:840} INFO - DAG(s) 'tutorial_taskflow_api_virtualenv' retrieved from /home/airflow/.local/lib/python3.12/site-packages/airflow/example_dags/tutorial_taskflow_api_virtualenv.py
[2026-05-10T20:46:34.335+0000] {logging_mixin.py:188} INFO - [2026-05-10T20:46:34.335+0000] {dag.py:3089} INFO - Sync 1 DAGs
[2026-05-10T20:46:34.347+0000] {logging_mixin.py:188} INFO - [2026-05-10T20:46:34.347+0000] {dag.py:3947} INFO - Setting next_dagrun for tutorial_taskflow_api_virtualenv to None, run_after=None
[2026-05-10T20:46:34.364+0000] {processor.py:183} INFO - Processing /home/airflow/.local/lib/python3.12/site-packages/airflow/example_dags/tutorial_taskflow_api_virtualenv.py took 0.069 seconds
[2026-05-10T20:47:04.466+0000] {processor.py:161} INFO - Started process (PID=17504) to work on /home/airflow/.local/lib/python3.12/site-packages/airflow/example_dags/tutorial_taskflow_api_virtualenv.py
[2026-05-10T20:47:04.467+0000] {processor.py:830} INFO - Processing file /home/airflow/.local/lib/python3.12/site-packages/airflow/example_dags/tutorial_taskflow_api_virtualenv.py for tasks to queue
[2026-05-10T20:47:04.469+0000] {logging_mixin.py:188} INFO - [2026-05-10T20:47:04.469+0000] {dagbag.py:545} INFO - Filling up the DagBag from /home/airflow/.local/lib/python3.12/site-packages/airflow/example_dags/tutorial_taskflow_api_virtualenv.py
[2026-05-10T20:47:04.480+0000] {processor.py:840} INFO - DAG(s) 'tutorial_taskflow_api_virtualenv' retrieved from /home/airflow/.local/lib/python3.12/site-packages/airflow/example_dags/tutorial_taskflow_api_virtualenv.py
[2026-05-10T20:47:04.500+0000] {logging_mixin.py:188} INFO - [2026-05-10T20:47:04.500+0000] {dag.py:3089} INFO - Sync 1 DAGs
[2026-05-10T20:47:04.513+0000] {logging_mixin.py:188} INFO - [2026-05-10T20:47:04.513+0000] {dag.py:3947} INFO - Setting next_dagrun for tutorial_taskflow_api_virtualenv to None, run_after=None
[2026-05-10T20:47:04.530+0000] {processor.py:183} INFO - Processing /home/airflow/.local/lib/python3.12/site-packages/airflow/example_dags/tutorial_taskflow_api_virtualenv.py took 0.071 seconds
[2026-05-10T20:47:34.640+0000] {processor.py:161} INFO - Started process (PID=17563) to work on /home/airflow/.local/lib/python3.12/site-packages/airflow/example_dags/tutorial_taskflow_api_virtualenv.py
[2026-05-10T20:47:34.641+0000] {processor.py:830} INFO - Processing file /home/airflow/.local/lib/python3.12/site-packages/airflow/example_dags/tutorial_taskflow_api_virtualenv.py for tasks to queue
[2026-05-10T20:47:34.643+0000] {logging_mixin.py:188} INFO - [2026-05-10T20:47:34.643+0000] {dagbag.py:545} INFO - Filling up the DagBag from /home/airflow/.local/lib/python3.12/site-packages/airflow/example_dags/tutorial_taskflow_api_virtualenv.py
[2026-05-10T20:47:34.653+0000] {processor.py:840} INFO - DAG(s) 'tutorial_taskflow_api_virtualenv' retrieved from /home/airflow/.local/lib/python3.12/site-packages/airflow/example_dags/tutorial_taskflow_api_virtualenv.py
[2026-05-10T20:47:34.673+0000] {logging_mixin.py:188} INFO - [2026-05-10T20:47:34.672+0000] {dag.py:3089} INFO - Sync 1 DAGs
[2026-05-10T20:47:34.684+0000] {logging_mixin.py:188} INFO - [2026-05-10T20:47:34.683+0000] {dag.py:3947} INFO - Setting next_dagrun for tutorial_taskflow_api_virtualenv to None, run_after=None
[2026-05-10T20:47:34.699+0000] {processor.py:183} INFO - Processing /home/airflow/.local/lib/python3.12/site-packages/airflow/example_dags/tutorial_taskflow_api_virtualenv.py took 0.066 seconds
[2026-05-10T20:48:04.908+0000] {processor.py:161} INFO - Started process (PID=17623) to work on /home/airflow/.local/lib/python3.12/site-packages/airflow/example_dags/tutorial_taskflow_api_virtualenv.py
[2026-05-10T20:48:04.909+0000] {processor.py:830} INFO - Processing file /home/airflow/.local/lib/python3.12/site-packages/airflow/example_dags/tutorial_taskflow_api_virtualenv.py for tasks to queue
[2026-05-10T20:48:04.911+0000] {logging_mixin.py:188} INFO - [2026-05-10T20:48:04.910+0000] {dagbag.py:545} INFO - Filling up the DagBag from /home/airflow/.local/lib/python3.12/site-packages/airflow/example_dags/tutorial_taskflow_api_virtualenv.py
[2026-05-10T20:48:04.921+0000] {processor.py:840} INFO - DAG(s) 'tutorial_taskflow_api_virtualenv' retrieved from /home/airflow/.local/lib/python3.12/site-packages/airflow/example_dags/tutorial_taskflow_api_virtualenv.py
[2026-05-10T20:48:04.940+0000] {logging_mixin.py:188} INFO - [2026-05-10T20:48:04.940+0000] {dag.py:3089} INFO - Sync 1 DAGs
[2026-05-10T20:48:04.951+0000] {logging_mixin.py:188} INFO - [2026-05-10T20:48:04.951+0000] {dag.py:3947} INFO - Setting next_dagrun for tutorial_taskflow_api_virtualenv to None, run_after=None
[2026-05-10T20:48:04.967+0000] {processor.py:183} INFO - Processing /home/airflow/.local/lib/python3.12/site-packages/airflow/example_dags/tutorial_taskflow_api_virtualenv.py took 0.067 seconds
[2026-05-10T20:48:35.291+0000] {processor.py:161} INFO - Started process (PID=17683) to work on /home/airflow/.local/lib/python3.12/site-packages/airflow/example_dags/tutorial_taskflow_api_virtualenv.py
[2026-05-10T20:48:35.292+0000] {processor.py:830} INFO - Processing file /home/airflow/.local/lib/python3.12/site-packages/airflow/example_dags/tutorial_taskflow_api_virtualenv.py for tasks to queue
[2026-05-10T20:48:35.294+0000] {logging_mixin.py:188} INFO - [2026-05-10T20:48:35.294+0000] {dagbag.py:545} INFO - Filling up the DagBag from /home/airflow/.local/lib/python3.12/site-packages/airflow/example_dags/tutorial_taskflow_api_virtualenv.py
[2026-05-10T20:48:35.305+0000] {processor.py:840} INFO - DAG(s) 'tutorial_taskflow_api_virtualenv' retrieved from /home/airflow/.local/lib/python3.12/site-packages/airflow/example_dags/tutorial_taskflow_api_virtualenv.py
[2026-05-10T20:48:35.328+0000] {logging_mixin.py:188} INFO - [2026-05-10T20:48:35.328+0000] {dag.py:3089} INFO - Sync 1 DAGs
[2026-05-10T20:48:35.342+0000] {logging_mixin.py:188} INFO - [2026-05-10T20:48:35.342+0000] {dag.py:3947} INFO - Setting next_dagrun for tutorial_taskflow_api_virtualenv to None, run_after=None
[2026-05-10T20:48:35.359+0000] {processor.py:183} INFO - Processing /home/airflow/.local/lib/python3.12/site-packages/airflow/example_dags/tutorial_taskflow_api_virtualenv.py took 0.076 seconds
[2026-05-10T20:49:05.697+0000] {processor.py:161} INFO - Started process (PID=17743) to work on /home/airflow/.local/lib/python3.12/site-packages/airflow/example_dags/tutorial_taskflow_api_virtualenv.py
[2026-05-10T20:49:05.698+0000] {processor.py:830} INFO - Processing file /home/airflow/.local/lib/python3.12/site-packages/airflow/example_dags/tutorial_taskflow_api_virtualenv.py for tasks to queue
[2026-05-10T20:49:05.700+0000] {logging_mixin.py:188} INFO - [2026-05-10T20:49:05.699+0000] {dagbag.py:545} INFO - Filling up the DagBag from /home/airflow/.local/lib/python3.12/site-packages/airflow/example_dags/tutorial_taskflow_api_virtualenv.py
[2026-05-10T20:49:05.710+0000] {processor.py:840} INFO - DAG(s) 'tutorial_taskflow_api_virtualenv' retrieved from /home/airflow/.local/lib/python3.12/site-packages/airflow/example_dags/tutorial_taskflow_api_virtualenv.py
[2026-05-10T20:49:05.732+0000] {logging_mixin.py:188} INFO - [2026-05-10T20:49:05.732+0000] {dag.py:3089} INFO - Sync 1 DAGs
[2026-05-10T20:49:05.746+0000] {logging_mixin.py:188} INFO - [2026-05-10T20:49:05.746+0000] {dag.py:3947} INFO - Setting next_dagrun for tutorial_taskflow_api_virtualenv to None, run_after=None
[2026-05-10T20:49:05.763+0000] {processor.py:183} INFO - Processing /home/airflow/.local/lib/python3.12/site-packages/airflow/example_dags/tutorial_taskflow_api_virtualenv.py took 0.073 seconds
[2026-05-10T20:49:35.993+0000] {processor.py:161} INFO - Started process (PID=17803) to work on /home/airflow/.local/lib/python3.12/site-packages/airflow/example_dags/tutorial_taskflow_api_virtualenv.py
[2026-05-10T20:49:35.995+0000] {processor.py:830} INFO - Processing file /home/airflow/.local/lib/python3.12/site-packages/airflow/example_dags/tutorial_taskflow_api_virtualenv.py for tasks to queue
[2026-05-10T20:49:35.997+0000] {logging_mixin.py:188} INFO - [2026-05-10T20:49:35.996+0000] {dagbag.py:545} INFO - Filling up the DagBag from /home/airflow/.local/lib/python3.12/site-packages/airflow/example_dags/tutorial_taskflow_api_virtualenv.py
[2026-05-10T20:49:36.012+0000] {processor.py:840} INFO - DAG(s) 'tutorial_taskflow_api_virtualenv' retrieved from /home/airflow/.local/lib/python3.12/site-packages/airflow/example_dags/tutorial_taskflow_api_virtualenv.py
[2026-05-10T20:49:36.032+0000] {logging_mixin.py:188} INFO - [2026-05-10T20:49:36.032+0000] {dag.py:3089} INFO - Sync 1 DAGs
[2026-05-10T20:49:36.044+0000] {logging_mixin.py:188} INFO - [2026-05-10T20:49:36.044+0000] {dag.py:3947} INFO - Setting next_dagrun for tutorial_taskflow_api_virtualenv to None, run_after=None
[2026-05-10T20:49:36.060+0000] {processor.py:183} INFO - Processing /home/airflow/.local/lib/python3.12/site-packages/airflow/example_dags/tutorial_taskflow_api_virtualenv.py took 0.074 seconds
[2026-05-10T20:50:06.760+0000] {processor.py:161} INFO - Started process (PID=17863) to work on /home/airflow/.local/lib/python3.12/site-packages/airflow/example_dags/tutorial_taskflow_api_virtualenv.py
[2026-05-10T20:50:06.761+0000] {processor.py:830} INFO - Processing file /home/airflow/.local/lib/python3.12/site-packages/airflow/example_dags/tutorial_taskflow_api_virtualenv.py for tasks to queue
[2026-05-10T20:50:06.763+0000] {logging_mixin.py:188} INFO - [2026-05-10T20:50:06.762+0000] {dagbag.py:545} INFO - Filling up the DagBag from /home/airflow/.local/lib/python3.12/site-packages/airflow/example_dags/tutorial_taskflow_api_virtualenv.py
[2026-05-10T20:50:06.773+0000] {processor.py:840} INFO - DAG(s) 'tutorial_taskflow_api_virtualenv' retrieved from /home/airflow/.local/lib/python3.12/site-packages/airflow/example_dags/tutorial_taskflow_api_virtualenv.py
[2026-05-10T20:50:06.795+0000] {logging_mixin.py:188} INFO - [2026-05-10T20:50:06.795+0000] {dag.py:3089} INFO - Sync 1 DAGs
[2026-05-10T20:50:06.810+0000] {logging_mixin.py:188} INFO - [2026-05-10T20:50:06.809+0000] {dag.py:3947} INFO - Setting next_dagrun for tutorial_taskflow_api_virtualenv to None, run_after=None
[2026-05-10T20:50:06.827+0000] {processor.py:183} INFO - Processing /home/airflow/.local/lib/python3.12/site-packages/airflow/example_dags/tutorial_taskflow_api_virtualenv.py took 0.074 seconds
[2026-05-10T20:50:37.161+0000] {processor.py:161} INFO - Started process (PID=17923) to work on /home/airflow/.local/lib/python3.12/site-packages/airflow/example_dags/tutorial_taskflow_api_virtualenv.py
[2026-05-10T20:50:37.162+0000] {processor.py:830} INFO - Processing file /home/airflow/.local/lib/python3.12/site-packages/airflow/example_dags/tutorial_taskflow_api_virtualenv.py for tasks to queue
[2026-05-10T20:50:37.164+0000] {logging_mixin.py:188} INFO - [2026-05-10T20:50:37.164+0000] {dagbag.py:545} INFO - Filling up the DagBag from /home/airflow/.local/lib/python3.12/site-packages/airflow/example_dags/tutorial_taskflow_api_virtualenv.py
[2026-05-10T20:50:37.173+0000] {processor.py:840} INFO - DAG(s) 'tutorial_taskflow_api_virtualenv' retrieved from /home/airflow/.local/lib/python3.12/site-packages/airflow/example_dags/tutorial_taskflow_api_virtualenv.py
[2026-05-10T20:50:37.194+0000] {logging_mixin.py:188} INFO - [2026-05-10T20:50:37.194+0000] {dag.py:3089} INFO - Sync 1 DAGs
[2026-05-10T20:50:37.204+0000] {logging_mixin.py:188} INFO - [2026-05-10T20:50:37.204+0000] {dag.py:3947} INFO - Setting next_dagrun for tutorial_taskflow_api_virtualenv to None, run_after=None
[2026-05-10T20:50:37.219+0000] {processor.py:183} INFO - Processing /home/airflow/.local/lib/python3.12/site-packages/airflow/example_dags/tutorial_taskflow_api_virtualenv.py took 0.066 seconds
[2026-05-10T20:51:07.511+0000] {processor.py:161} INFO - Started process (PID=17983) to work on /home/airflow/.local/lib/python3.12/site-packages/airflow/example_dags/tutorial_taskflow_api_virtualenv.py
[2026-05-10T20:51:07.512+0000] {processor.py:830} INFO - Processing file /home/airflow/.local/lib/python3.12/site-packages/airflow/example_dags/tutorial_taskflow_api_virtualenv.py for tasks to queue
[2026-05-10T20:51:07.514+0000] {logging_mixin.py:188} INFO - [2026-05-10T20:51:07.514+0000] {dagbag.py:545} INFO - Filling up the DagBag from /home/airflow/.local/lib/python3.12/site-packages/airflow/example_dags/tutorial_taskflow_api_virtualenv.py
[2026-05-10T20:51:07.525+0000] {processor.py:840} INFO - DAG(s) 'tutorial_taskflow_api_virtualenv' retrieved from /home/airflow/.local/lib/python3.12/site-packages/airflow/example_dags/tutorial_taskflow_api_virtualenv.py
[2026-05-10T20:51:07.544+0000] {logging_mixin.py:188} INFO - [2026-05-10T20:51:07.544+0000] {dag.py:3089} INFO - Sync 1 DAGs
[2026-05-10T20:51:07.558+0000] {logging_mixin.py:188} INFO - [2026-05-10T20:51:07.557+0000] {dag.py:3947} INFO - Setting next_dagrun for tutorial_taskflow_api_virtualenv to None, run_after=None
[2026-05-10T20:51:07.575+0000] {processor.py:183} INFO - Processing /home/airflow/.local/lib/python3.12/site-packages/airflow/example_dags/tutorial_taskflow_api_virtualenv.py took 0.072 seconds
[2026-05-10T20:51:37.775+0000] {processor.py:161} INFO - Started process (PID=18043) to work on /home/airflow/.local/lib/python3.12/site-packages/airflow/example_dags/tutorial_taskflow_api_virtualenv.py
[2026-05-10T20:51:37.776+0000] {processor.py:830} INFO - Processing file /home/airflow/.local/lib/python3.12/site-packages/airflow/example_dags/tutorial_taskflow_api_virtualenv.py for tasks to queue
[2026-05-10T20:51:37.779+0000] {logging_mixin.py:188} INFO - [2026-05-10T20:51:37.779+0000] {dagbag.py:545} INFO - Filling up the DagBag from /home/airflow/.local/lib/python3.12/site-packages/airflow/example_dags/tutorial_taskflow_api_virtualenv.py
[2026-05-10T20:51:37.792+0000] {processor.py:840} INFO - DAG(s) 'tutorial_taskflow_api_virtualenv' retrieved from /home/airflow/.local/lib/python3.12/site-packages/airflow/example_dags/tutorial_taskflow_api_virtualenv.py
[2026-05-10T20:51:37.812+0000] {logging_mixin.py:188} INFO - [2026-05-10T20:51:37.812+0000] {dag.py:3089} INFO - Sync 1 DAGs
[2026-05-10T20:51:37.824+0000] {logging_mixin.py:188} INFO - [2026-05-10T20:51:37.824+0000] {dag.py:3947} INFO - Setting next_dagrun for tutorial_taskflow_api_virtualenv to None, run_after=None
[2026-05-10T20:51:37.840+0000] {processor.py:183} INFO - Processing /home/airflow/.local/lib/python3.12/site-packages/airflow/example_dags/tutorial_taskflow_api_virtualenv.py took 0.075 seconds
[2026-05-10T20:52:08.200+0000] {processor.py:161} INFO - Started process (PID=18103) to work on /home/airflow/.local/lib/python3.12/site-packages/airflow/example_dags/tutorial_taskflow_api_virtualenv.py
[2026-05-10T20:52:08.201+0000] {processor.py:830} INFO - Processing file /home/airflow/.local/lib/python3.12/site-packages/airflow/example_dags/tutorial_taskflow_api_virtualenv.py for tasks to queue
[2026-05-10T20:52:08.202+0000] {logging_mixin.py:188} INFO - [2026-05-10T20:52:08.202+0000] {dagbag.py:545} INFO - Filling up the DagBag from /home/airflow/.local/lib/python3.12/site-packages/airflow/example_dags/tutorial_taskflow_api_virtualenv.py
[2026-05-10T20:52:08.212+0000] {processor.py:840} INFO - DAG(s) 'tutorial_taskflow_api_virtualenv' retrieved from /home/airflow/.local/lib/python3.12/site-packages/airflow/example_dags/tutorial_taskflow_api_virtualenv.py
[2026-05-10T20:52:08.231+0000] {logging_mixin.py:188} INFO - [2026-05-10T20:52:08.231+0000] {dag.py:3089} INFO - Sync 1 DAGs
[2026-05-10T20:52:08.243+0000] {logging_mixin.py:188} INFO - [2026-05-10T20:52:08.243+0000] {dag.py:3947} INFO - Setting next_dagrun for tutorial_taskflow_api_virtualenv to None, run_after=None
[2026-05-10T20:52:08.260+0000] {processor.py:183} INFO - Processing /home/airflow/.local/lib/python3.12/site-packages/airflow/example_dags/tutorial_taskflow_api_virtualenv.py took 0.068 seconds
[2026-05-10T20:52:38.503+0000] {processor.py:161} INFO - Started process (PID=18163) to work on /home/airflow/.local/lib/python3.12/site-packages/airflow/example_dags/tutorial_taskflow_api_virtualenv.py
[2026-05-10T20:52:38.504+0000] {processor.py:830} INFO - Processing file /home/airflow/.local/lib/python3.12/site-packages/airflow/example_dags/tutorial_taskflow_api_virtualenv.py for tasks to queue
[2026-05-10T20:52:38.505+0000] {logging_mixin.py:188} INFO - [2026-05-10T20:52:38.505+0000] {dagbag.py:545} INFO - Filling up the DagBag from /home/airflow/.local/lib/python3.12/site-packages/airflow/example_dags/tutorial_taskflow_api_virtualenv.py
[2026-05-10T20:52:38.515+0000] {processor.py:840} INFO - DAG(s) 'tutorial_taskflow_api_virtualenv' retrieved from /home/airflow/.local/lib/python3.12/site-packages/airflow/example_dags/tutorial_taskflow_api_virtualenv.py
[2026-05-10T20:52:38.538+0000] {logging_mixin.py:188} INFO - [2026-05-10T20:52:38.538+0000] {dag.py:3089} INFO - Sync 1 DAGs
[2026-05-10T20:52:38.552+0000] {logging_mixin.py:188} INFO - [2026-05-10T20:52:38.552+0000] {dag.py:3947} INFO - Setting next_dagrun for tutorial_taskflow_api_virtualenv to None, run_after=None
[2026-05-10T20:52:38.571+0000] {processor.py:183} INFO - Processing /home/airflow/.local/lib/python3.12/site-packages/airflow/example_dags/tutorial_taskflow_api_virtualenv.py took 0.075 seconds
[2026-05-10T20:53:09.235+0000] {processor.py:161} INFO - Started process (PID=18223) to work on /home/airflow/.local/lib/python3.12/site-packages/airflow/example_dags/tutorial_taskflow_api_virtualenv.py
[2026-05-10T20:53:09.236+0000] {processor.py:830} INFO - Processing file /home/airflow/.local/lib/python3.12/site-packages/airflow/example_dags/tutorial_taskflow_api_virtualenv.py for tasks to queue
[2026-05-10T20:53:09.237+0000] {logging_mixin.py:188} INFO - [2026-05-10T20:53:09.237+0000] {dagbag.py:545} INFO - Filling up the DagBag from /home/airflow/.local/lib/python3.12/site-packages/airflow/example_dags/tutorial_taskflow_api_virtualenv.py
[2026-05-10T20:53:09.247+0000] {processor.py:840} INFO - DAG(s) 'tutorial_taskflow_api_virtualenv' retrieved from /home/airflow/.local/lib/python3.12/site-packages/airflow/example_dags/tutorial_taskflow_api_virtualenv.py
[2026-05-10T20:53:09.266+0000] {logging_mixin.py:188} INFO - [2026-05-10T20:53:09.266+0000] {dag.py:3089} INFO - Sync 1 DAGs
[2026-05-10T20:53:09.276+0000] {logging_mixin.py:188} INFO - [2026-05-10T20:53:09.276+0000] {dag.py:3947} INFO - Setting next_dagrun for tutorial_taskflow_api_virtualenv to None, run_after=None
[2026-05-10T20:53:09.292+0000] {processor.py:183} INFO - Processing /home/airflow/.local/lib/python3.12/site-packages/airflow/example_dags/tutorial_taskflow_api_virtualenv.py took 0.066 seconds
[2026-05-10T20:53:40.216+0000] {processor.py:161} INFO - Started process (PID=18283) to work on /home/airflow/.local/lib/python3.12/site-packages/airflow/example_dags/tutorial_taskflow_api_virtualenv.py
[2026-05-10T20:53:40.217+0000] {processor.py:830} INFO - Processing file /home/airflow/.local/lib/python3.12/site-packages/airflow/example_dags/tutorial_taskflow_api_virtualenv.py for tasks to queue
[2026-05-10T20:53:40.219+0000] {logging_mixin.py:188} INFO - [2026-05-10T20:53:40.219+0000] {dagbag.py:545} INFO - Filling up the DagBag from /home/airflow/.local/lib/python3.12/site-packages/airflow/example_dags/tutorial_taskflow_api_virtualenv.py
[2026-05-10T20:53:40.230+0000] {processor.py:840} INFO - DAG(s) 'tutorial_taskflow_api_virtualenv' retrieved from /home/airflow/.local/lib/python3.12/site-packages/airflow/example_dags/tutorial_taskflow_api_virtualenv.py
[2026-05-10T20:53:40.251+0000] {logging_mixin.py:188} INFO - [2026-05-10T20:53:40.250+0000] {dag.py:3089} INFO - Sync 1 DAGs
[2026-05-10T20:53:40.263+0000] {logging_mixin.py:188} INFO - [2026-05-10T20:53:40.262+0000] {dag.py:3947} INFO - Setting next_dagrun for tutorial_taskflow_api_virtualenv to None, run_after=None
[2026-05-10T20:53:40.279+0000] {processor.py:183} INFO - Processing /home/airflow/.local/lib/python3.12/site-packages/airflow/example_dags/tutorial_taskflow_api_virtualenv.py took 0.069 seconds
[2026-05-10T20:54:10.329+0000] {processor.py:161} INFO - Started process (PID=18342) to work on /home/airflow/.local/lib/python3.12/site-packages/airflow/example_dags/tutorial_taskflow_api_virtualenv.py
[2026-05-10T20:54:10.330+0000] {processor.py:830} INFO - Processing file /home/airflow/.local/lib/python3.12/site-packages/airflow/example_dags/tutorial_taskflow_api_virtualenv.py for tasks to queue
[2026-05-10T20:54:10.332+0000] {logging_mixin.py:188} INFO - [2026-05-10T20:54:10.332+0000] {dagbag.py:545} INFO - Filling up the DagBag from /home/airflow/.local/lib/python3.12/site-packages/airflow/example_dags/tutorial_taskflow_api_virtualenv.py
[2026-05-10T20:54:10.342+0000] {processor.py:840} INFO - DAG(s) 'tutorial_taskflow_api_virtualenv' retrieved from /home/airflow/.local/lib/python3.12/site-packages/airflow/example_dags/tutorial_taskflow_api_virtualenv.py
[2026-05-10T20:54:10.361+0000] {logging_mixin.py:188} INFO - [2026-05-10T20:54:10.361+0000] {dag.py:3089} INFO - Sync 1 DAGs
[2026-05-10T20:54:10.373+0000] {logging_mixin.py:188} INFO - [2026-05-10T20:54:10.373+0000] {dag.py:3947} INFO - Setting next_dagrun for tutorial_taskflow_api_virtualenv to None, run_after=None
[2026-05-10T20:54:10.390+0000] {processor.py:183} INFO - Processing /home/airflow/.local/lib/python3.12/site-packages/airflow/example_dags/tutorial_taskflow_api_virtualenv.py took 0.068 seconds
[2026-05-10T20:54:40.809+0000] {processor.py:161} INFO - Started process (PID=18403) to work on /home/airflow/.local/lib/python3.12/site-packages/airflow/example_dags/tutorial_taskflow_api_virtualenv.py
[2026-05-10T20:54:40.810+0000] {processor.py:830} INFO - Processing file /home/airflow/.local/lib/python3.12/site-packages/airflow/example_dags/tutorial_taskflow_api_virtualenv.py for tasks to queue
[2026-05-10T20:54:40.812+0000] {logging_mixin.py:188} INFO - [2026-05-10T20:54:40.811+0000] {dagbag.py:545} INFO - Filling up the DagBag from /home/airflow/.local/lib/python3.12/site-packages/airflow/example_dags/tutorial_taskflow_api_virtualenv.py
[2026-05-10T20:54:40.821+0000] {processor.py:840} INFO - DAG(s) 'tutorial_taskflow_api_virtualenv' retrieved from /home/airflow/.local/lib/python3.12/site-packages/airflow/example_dags/tutorial_taskflow_api_virtualenv.py
[2026-05-10T20:54:40.840+0000] {logging_mixin.py:188} INFO - [2026-05-10T20:54:40.840+0000] {dag.py:3089} INFO - Sync 1 DAGs
[2026-05-10T20:54:40.851+0000] {logging_mixin.py:188} INFO - [2026-05-10T20:54:40.851+0000] {dag.py:3947} INFO - Setting next_dagrun for tutorial_taskflow_api_virtualenv to None, run_after=None
[2026-05-10T20:54:40.866+0000] {processor.py:183} INFO - Processing /home/airflow/.local/lib/python3.12/site-packages/airflow/example_dags/tutorial_taskflow_api_virtualenv.py took 0.063 seconds
[2026-05-10T20:55:10.978+0000] {processor.py:161} INFO - Started process (PID=18463) to work on /home/airflow/.local/lib/python3.12/site-packages/airflow/example_dags/tutorial_taskflow_api_virtualenv.py
[2026-05-10T20:55:10.979+0000] {processor.py:830} INFO - Processing file /home/airflow/.local/lib/python3.12/site-packages/airflow/example_dags/tutorial_taskflow_api_virtualenv.py for tasks to queue
[2026-05-10T20:55:10.981+0000] {logging_mixin.py:188} INFO - [2026-05-10T20:55:10.981+0000] {dagbag.py:545} INFO - Filling up the DagBag from /home/airflow/.local/lib/python3.12/site-packages/airflow/example_dags/tutorial_taskflow_api_virtualenv.py
[2026-05-10T20:55:10.992+0000] {processor.py:840} INFO - DAG(s) 'tutorial_taskflow_api_virtualenv' retrieved from /home/airflow/.local/lib/python3.12/site-packages/airflow/example_dags/tutorial_taskflow_api_virtualenv.py
[2026-05-10T20:55:11.016+0000] {logging_mixin.py:188} INFO - [2026-05-10T20:55:11.015+0000] {dag.py:3089} INFO - Sync 1 DAGs
[2026-05-10T20:55:11.029+0000] {logging_mixin.py:188} INFO - [2026-05-10T20:55:11.028+0000] {dag.py:3947} INFO - Setting next_dagrun for tutorial_taskflow_api_virtualenv to None, run_after=None
[2026-05-10T20:55:11.050+0000] {processor.py:183} INFO - Processing /home/airflow/.local/lib/python3.12/site-packages/airflow/example_dags/tutorial_taskflow_api_virtualenv.py took 0.082 seconds
[2026-05-10T20:55:41.177+0000] {processor.py:161} INFO - Started process (PID=18522) to work on /home/airflow/.local/lib/python3.12/site-packages/airflow/example_dags/tutorial_taskflow_api_virtualenv.py
[2026-05-10T20:55:41.177+0000] {processor.py:830} INFO - Processing file /home/airflow/.local/lib/python3.12/site-packages/airflow/example_dags/tutorial_taskflow_api_virtualenv.py for tasks to queue
[2026-05-10T20:55:41.179+0000] {logging_mixin.py:188} INFO - [2026-05-10T20:55:41.179+0000] {dagbag.py:545} INFO - Filling up the DagBag from /home/airflow/.local/lib/python3.12/site-packages/airflow/example_dags/tutorial_taskflow_api_virtualenv.py
[2026-05-10T20:55:41.193+0000] {processor.py:840} INFO - DAG(s) 'tutorial_taskflow_api_virtualenv' retrieved from /home/airflow/.local/lib/python3.12/site-packages/airflow/example_dags/tutorial_taskflow_api_virtualenv.py
[2026-05-10T20:55:41.211+0000] {logging_mixin.py:188} INFO - [2026-05-10T20:55:41.211+0000] {dag.py:3089} INFO - Sync 1 DAGs
[2026-05-10T20:55:41.224+0000] {logging_mixin.py:188} INFO - [2026-05-10T20:55:41.223+0000] {dag.py:3947} INFO - Setting next_dagrun for tutorial_taskflow_api_virtualenv to None, run_after=None
[2026-05-10T20:55:41.281+0000] {processor.py:183} INFO - Processing /home/airflow/.local/lib/python3.12/site-packages/airflow/example_dags/tutorial_taskflow_api_virtualenv.py took 0.111 seconds
[2026-05-10T20:56:11.465+0000] {processor.py:161} INFO - Started process (PID=18582) to work on /home/airflow/.local/lib/python3.12/site-packages/airflow/example_dags/tutorial_taskflow_api_virtualenv.py
[2026-05-10T20:56:11.466+0000] {processor.py:830} INFO - Processing file /home/airflow/.local/lib/python3.12/site-packages/airflow/example_dags/tutorial_taskflow_api_virtualenv.py for tasks to queue
[2026-05-10T20:56:11.468+0000] {logging_mixin.py:188} INFO - [2026-05-10T20:56:11.468+0000] {dagbag.py:545} INFO - Filling up the DagBag from /home/airflow/.local/lib/python3.12/site-packages/airflow/example_dags/tutorial_taskflow_api_virtualenv.py
[2026-05-10T20:56:11.477+0000] {processor.py:840} INFO - DAG(s) 'tutorial_taskflow_api_virtualenv' retrieved from /home/airflow/.local/lib/python3.12/site-packages/airflow/example_dags/tutorial_taskflow_api_virtualenv.py
[2026-05-10T20:56:11.494+0000] {logging_mixin.py:188} INFO - [2026-05-10T20:56:11.494+0000] {dag.py:3089} INFO - Sync 1 DAGs
[2026-05-10T20:56:11.505+0000] {logging_mixin.py:188} INFO - [2026-05-10T20:56:11.504+0000] {dag.py:3947} INFO - Setting next_dagrun for tutorial_taskflow_api_virtualenv to None, run_after=None
[2026-05-10T20:56:11.519+0000] {processor.py:183} INFO - Processing /home/airflow/.local/lib/python3.12/site-packages/airflow/example_dags/tutorial_taskflow_api_virtualenv.py took 0.060 seconds
[2026-05-10T20:56:41.591+0000] {processor.py:161} INFO - Started process (PID=18642) to work on /home/airflow/.local/lib/python3.12/site-packages/airflow/example_dags/tutorial_taskflow_api_virtualenv.py
[2026-05-10T20:56:41.592+0000] {processor.py:830} INFO - Processing file /home/airflow/.local/lib/python3.12/site-packages/airflow/example_dags/tutorial_taskflow_api_virtualenv.py for tasks to queue
[2026-05-10T20:56:41.594+0000] {logging_mixin.py:188} INFO - [2026-05-10T20:56:41.594+0000] {dagbag.py:545} INFO - Filling up the DagBag from /home/airflow/.local/lib/python3.12/site-packages/airflow/example_dags/tutorial_taskflow_api_virtualenv.py
[2026-05-10T20:56:41.604+0000] {processor.py:840} INFO - DAG(s) 'tutorial_taskflow_api_virtualenv' retrieved from /home/airflow/.local/lib/python3.12/site-packages/airflow/example_dags/tutorial_taskflow_api_virtualenv.py
[2026-05-10T20:56:41.622+0000] {logging_mixin.py:188} INFO - [2026-05-10T20:56:41.622+0000] {dag.py:3089} INFO - Sync 1 DAGs
[2026-05-10T20:56:41.634+0000] {logging_mixin.py:188} INFO - [2026-05-10T20:56:41.634+0000] {dag.py:3947} INFO - Setting next_dagrun for tutorial_taskflow_api_virtualenv to None, run_after=None
[2026-05-10T20:56:41.650+0000] {processor.py:183} INFO - Processing /home/airflow/.local/lib/python3.12/site-packages/airflow/example_dags/tutorial_taskflow_api_virtualenv.py took 0.065 seconds
[2026-05-10T20:57:12.093+0000] {processor.py:161} INFO - Started process (PID=18702) to work on /home/airflow/.local/lib/python3.12/site-packages/airflow/example_dags/tutorial_taskflow_api_virtualenv.py
[2026-05-10T20:57:12.093+0000] {processor.py:830} INFO - Processing file /home/airflow/.local/lib/python3.12/site-packages/airflow/example_dags/tutorial_taskflow_api_virtualenv.py for tasks to queue
[2026-05-10T20:57:12.095+0000] {logging_mixin.py:188} INFO - [2026-05-10T20:57:12.095+0000] {dagbag.py:545} INFO - Filling up the DagBag from /home/airflow/.local/lib/python3.12/site-packages/airflow/example_dags/tutorial_taskflow_api_virtualenv.py
[2026-05-10T20:57:12.104+0000] {processor.py:840} INFO - DAG(s) 'tutorial_taskflow_api_virtualenv' retrieved from /home/airflow/.local/lib/python3.12/site-packages/airflow/example_dags/tutorial_taskflow_api_virtualenv.py
[2026-05-10T20:57:12.121+0000] {logging_mixin.py:188} INFO - [2026-05-10T20:57:12.121+0000] {dag.py:3089} INFO - Sync 1 DAGs
[2026-05-10T20:57:12.132+0000] {logging_mixin.py:188} INFO - [2026-05-10T20:57:12.131+0000] {dag.py:3947} INFO - Setting next_dagrun for tutorial_taskflow_api_virtualenv to None, run_after=None
[2026-05-10T20:57:12.146+0000] {processor.py:183} INFO - Processing /home/airflow/.local/lib/python3.12/site-packages/airflow/example_dags/tutorial_taskflow_api_virtualenv.py took 0.060 seconds
[2026-05-10T20:57:42.681+0000] {processor.py:161} INFO - Started process (PID=18762) to work on /home/airflow/.local/lib/python3.12/site-packages/airflow/example_dags/tutorial_taskflow_api_virtualenv.py
[2026-05-10T20:57:42.682+0000] {processor.py:830} INFO - Processing file /home/airflow/.local/lib/python3.12/site-packages/airflow/example_dags/tutorial_taskflow_api_virtualenv.py for tasks to queue
[2026-05-10T20:57:42.683+0000] {logging_mixin.py:188} INFO - [2026-05-10T20:57:42.683+0000] {dagbag.py:545} INFO - Filling up the DagBag from /home/airflow/.local/lib/python3.12/site-packages/airflow/example_dags/tutorial_taskflow_api_virtualenv.py
[2026-05-10T20:57:42.692+0000] {processor.py:840} INFO - DAG(s) 'tutorial_taskflow_api_virtualenv' retrieved from /home/airflow/.local/lib/python3.12/site-packages/airflow/example_dags/tutorial_taskflow_api_virtualenv.py
[2026-05-10T20:57:42.712+0000] {logging_mixin.py:188} INFO - [2026-05-10T20:57:42.711+0000] {dag.py:3089} INFO - Sync 1 DAGs
[2026-05-10T20:57:42.722+0000] {logging_mixin.py:188} INFO - [2026-05-10T20:57:42.722+0000] {dag.py:3947} INFO - Setting next_dagrun for tutorial_taskflow_api_virtualenv to None, run_after=None
[2026-05-10T20:57:42.736+0000] {processor.py:183} INFO - Processing /home/airflow/.local/lib/python3.12/site-packages/airflow/example_dags/tutorial_taskflow_api_virtualenv.py took 0.062 seconds
[2026-05-10T20:58:13.204+0000] {processor.py:161} INFO - Started process (PID=18822) to work on /home/airflow/.local/lib/python3.12/site-packages/airflow/example_dags/tutorial_taskflow_api_virtualenv.py
[2026-05-10T20:58:13.205+0000] {processor.py:830} INFO - Processing file /home/airflow/.local/lib/python3.12/site-packages/airflow/example_dags/tutorial_taskflow_api_virtualenv.py for tasks to queue
[2026-05-10T20:58:13.207+0000] {logging_mixin.py:188} INFO - [2026-05-10T20:58:13.207+0000] {dagbag.py:545} INFO - Filling up the DagBag from /home/airflow/.local/lib/python3.12/site-packages/airflow/example_dags/tutorial_taskflow_api_virtualenv.py
[2026-05-10T20:58:13.216+0000] {processor.py:840} INFO - DAG(s) 'tutorial_taskflow_api_virtualenv' retrieved from /home/airflow/.local/lib/python3.12/site-packages/airflow/example_dags/tutorial_taskflow_api_virtualenv.py
[2026-05-10T20:58:13.233+0000] {logging_mixin.py:188} INFO - [2026-05-10T20:58:13.233+0000] {dag.py:3089} INFO - Sync 1 DAGs
[2026-05-10T20:58:13.247+0000] {logging_mixin.py:188} INFO - [2026-05-10T20:58:13.247+0000] {dag.py:3947} INFO - Setting next_dagrun for tutorial_taskflow_api_virtualenv to None, run_after=None
[2026-05-10T20:58:13.262+0000] {processor.py:183} INFO - Processing /home/airflow/.local/lib/python3.12/site-packages/airflow/example_dags/tutorial_taskflow_api_virtualenv.py took 0.064 seconds
[2026-05-10T20:58:43.369+0000] {processor.py:161} INFO - Started process (PID=18882) to work on /home/airflow/.local/lib/python3.12/site-packages/airflow/example_dags/tutorial_taskflow_api_virtualenv.py
[2026-05-10T20:58:43.370+0000] {processor.py:830} INFO - Processing file /home/airflow/.local/lib/python3.12/site-packages/airflow/example_dags/tutorial_taskflow_api_virtualenv.py for tasks to queue
[2026-05-10T20:58:43.372+0000] {logging_mixin.py:188} INFO - [2026-05-10T20:58:43.372+0000] {dagbag.py:545} INFO - Filling up the DagBag from /home/airflow/.local/lib/python3.12/site-packages/airflow/example_dags/tutorial_taskflow_api_virtualenv.py
[2026-05-10T20:58:43.381+0000] {processor.py:840} INFO - DAG(s) 'tutorial_taskflow_api_virtualenv' retrieved from /home/airflow/.local/lib/python3.12/site-packages/airflow/example_dags/tutorial_taskflow_api_virtualenv.py
[2026-05-10T20:58:43.399+0000] {logging_mixin.py:188} INFO - [2026-05-10T20:58:43.399+0000] {dag.py:3089} INFO - Sync 1 DAGs
[2026-05-10T20:58:43.409+0000] {logging_mixin.py:188} INFO - [2026-05-10T20:58:43.409+0000] {dag.py:3947} INFO - Setting next_dagrun for tutorial_taskflow_api_virtualenv to None, run_after=None
[2026-05-10T20:58:43.423+0000] {processor.py:183} INFO - Processing /home/airflow/.local/lib/python3.12/site-packages/airflow/example_dags/tutorial_taskflow_api_virtualenv.py took 0.061 seconds
[2026-05-10T20:59:13.594+0000] {processor.py:161} INFO - Started process (PID=18942) to work on /home/airflow/.local/lib/python3.12/site-packages/airflow/example_dags/tutorial_taskflow_api_virtualenv.py
[2026-05-10T20:59:13.598+0000] {processor.py:830} INFO - Processing file /home/airflow/.local/lib/python3.12/site-packages/airflow/example_dags/tutorial_taskflow_api_virtualenv.py for tasks to queue
[2026-05-10T20:59:13.600+0000] {logging_mixin.py:188} INFO - [2026-05-10T20:59:13.599+0000] {dagbag.py:545} INFO - Filling up the DagBag from /home/airflow/.local/lib/python3.12/site-packages/airflow/example_dags/tutorial_taskflow_api_virtualenv.py
[2026-05-10T20:59:13.610+0000] {processor.py:840} INFO - DAG(s) 'tutorial_taskflow_api_virtualenv' retrieved from /home/airflow/.local/lib/python3.12/site-packages/airflow/example_dags/tutorial_taskflow_api_virtualenv.py
[2026-05-10T20:59:13.626+0000] {logging_mixin.py:188} INFO - [2026-05-10T20:59:13.626+0000] {dag.py:3089} INFO - Sync 1 DAGs
[2026-05-10T20:59:13.637+0000] {logging_mixin.py:188} INFO - [2026-05-10T20:59:13.637+0000] {dag.py:3947} INFO - Setting next_dagrun for tutorial_taskflow_api_virtualenv to None, run_after=None
[2026-05-10T20:59:13.652+0000] {processor.py:183} INFO - Processing /home/airflow/.local/lib/python3.12/site-packages/airflow/example_dags/tutorial_taskflow_api_virtualenv.py took 0.065 seconds
[2026-05-10T20:59:43.881+0000] {processor.py:161} INFO - Started process (PID=19002) to work on /home/airflow/.local/lib/python3.12/site-packages/airflow/example_dags/tutorial_taskflow_api_virtualenv.py
[2026-05-10T20:59:43.882+0000] {processor.py:830} INFO - Processing file /home/airflow/.local/lib/python3.12/site-packages/airflow/example_dags/tutorial_taskflow_api_virtualenv.py for tasks to queue
[2026-05-10T20:59:43.883+0000] {logging_mixin.py:188} INFO - [2026-05-10T20:59:43.883+0000] {dagbag.py:545} INFO - Filling up the DagBag from /home/airflow/.local/lib/python3.12/site-packages/airflow/example_dags/tutorial_taskflow_api_virtualenv.py
[2026-05-10T20:59:43.893+0000] {processor.py:840} INFO - DAG(s) 'tutorial_taskflow_api_virtualenv' retrieved from /home/airflow/.local/lib/python3.12/site-packages/airflow/example_dags/tutorial_taskflow_api_virtualenv.py
[2026-05-10T20:59:43.911+0000] {logging_mixin.py:188} INFO - [2026-05-10T20:59:43.911+0000] {dag.py:3089} INFO - Sync 1 DAGs
[2026-05-10T20:59:43.924+0000] {logging_mixin.py:188} INFO - [2026-05-10T20:59:43.924+0000] {dag.py:3947} INFO - Setting next_dagrun for tutorial_taskflow_api_virtualenv to None, run_after=None
[2026-05-10T20:59:43.939+0000] {processor.py:183} INFO - Processing /home/airflow/.local/lib/python3.12/site-packages/airflow/example_dags/tutorial_taskflow_api_virtualenv.py took 0.064 seconds
[2026-05-10T21:00:14.322+0000] {processor.py:161} INFO - Started process (PID=19066) to work on /home/airflow/.local/lib/python3.12/site-packages/airflow/example_dags/tutorial_taskflow_api_virtualenv.py
[2026-05-10T21:00:14.323+0000] {processor.py:830} INFO - Processing file /home/airflow/.local/lib/python3.12/site-packages/airflow/example_dags/tutorial_taskflow_api_virtualenv.py for tasks to queue
[2026-05-10T21:00:14.325+0000] {logging_mixin.py:188} INFO - [2026-05-10T21:00:14.324+0000] {dagbag.py:545} INFO - Filling up the DagBag from /home/airflow/.local/lib/python3.12/site-packages/airflow/example_dags/tutorial_taskflow_api_virtualenv.py
[2026-05-10T21:00:14.333+0000] {processor.py:840} INFO - DAG(s) 'tutorial_taskflow_api_virtualenv' retrieved from /home/airflow/.local/lib/python3.12/site-packages/airflow/example_dags/tutorial_taskflow_api_virtualenv.py
[2026-05-10T21:00:14.351+0000] {logging_mixin.py:188} INFO - [2026-05-10T21:00:14.351+0000] {dag.py:3089} INFO - Sync 1 DAGs
[2026-05-10T21:00:14.361+0000] {logging_mixin.py:188} INFO - [2026-05-10T21:00:14.361+0000] {dag.py:3947} INFO - Setting next_dagrun for tutorial_taskflow_api_virtualenv to None, run_after=None
[2026-05-10T21:00:14.375+0000] {processor.py:183} INFO - Processing /home/airflow/.local/lib/python3.12/site-packages/airflow/example_dags/tutorial_taskflow_api_virtualenv.py took 0.059 seconds
[2026-05-10T21:00:44.831+0000] {processor.py:161} INFO - Started process (PID=19126) to work on /home/airflow/.local/lib/python3.12/site-packages/airflow/example_dags/tutorial_taskflow_api_virtualenv.py
[2026-05-10T21:00:44.831+0000] {processor.py:830} INFO - Processing file /home/airflow/.local/lib/python3.12/site-packages/airflow/example_dags/tutorial_taskflow_api_virtualenv.py for tasks to queue
[2026-05-10T21:00:44.833+0000] {logging_mixin.py:188} INFO - [2026-05-10T21:00:44.833+0000] {dagbag.py:545} INFO - Filling up the DagBag from /home/airflow/.local/lib/python3.12/site-packages/airflow/example_dags/tutorial_taskflow_api_virtualenv.py
[2026-05-10T21:00:44.842+0000] {processor.py:840} INFO - DAG(s) 'tutorial_taskflow_api_virtualenv' retrieved from /home/airflow/.local/lib/python3.12/site-packages/airflow/example_dags/tutorial_taskflow_api_virtualenv.py
[2026-05-10T21:00:44.860+0000] {logging_mixin.py:188} INFO - [2026-05-10T21:00:44.860+0000] {dag.py:3089} INFO - Sync 1 DAGs
[2026-05-10T21:00:44.871+0000] {logging_mixin.py:188} INFO - [2026-05-10T21:00:44.870+0000] {dag.py:3947} INFO - Setting next_dagrun for tutorial_taskflow_api_virtualenv to None, run_after=None
[2026-05-10T21:00:44.885+0000] {processor.py:183} INFO - Processing /home/airflow/.local/lib/python3.12/site-packages/airflow/example_dags/tutorial_taskflow_api_virtualenv.py took 0.061 seconds
[2026-05-10T21:01:15.554+0000] {processor.py:161} INFO - Started process (PID=19186) to work on /home/airflow/.local/lib/python3.12/site-packages/airflow/example_dags/tutorial_taskflow_api_virtualenv.py
[2026-05-10T21:01:15.555+0000] {processor.py:830} INFO - Processing file /home/airflow/.local/lib/python3.12/site-packages/airflow/example_dags/tutorial_taskflow_api_virtualenv.py for tasks to queue
[2026-05-10T21:01:15.557+0000] {logging_mixin.py:188} INFO - [2026-05-10T21:01:15.557+0000] {dagbag.py:545} INFO - Filling up the DagBag from /home/airflow/.local/lib/python3.12/site-packages/airflow/example_dags/tutorial_taskflow_api_virtualenv.py
[2026-05-10T21:01:15.568+0000] {processor.py:840} INFO - DAG(s) 'tutorial_taskflow_api_virtualenv' retrieved from /home/airflow/.local/lib/python3.12/site-packages/airflow/example_dags/tutorial_taskflow_api_virtualenv.py
[2026-05-10T21:01:15.586+0000] {logging_mixin.py:188} INFO - [2026-05-10T21:01:15.586+0000] {dag.py:3089} INFO - Sync 1 DAGs
[2026-05-10T21:01:15.597+0000] {logging_mixin.py:188} INFO - [2026-05-10T21:01:15.597+0000] {dag.py:3947} INFO - Setting next_dagrun for tutorial_taskflow_api_virtualenv to None, run_after=None
[2026-05-10T21:01:15.613+0000] {processor.py:183} INFO - Processing /home/airflow/.local/lib/python3.12/site-packages/airflow/example_dags/tutorial_taskflow_api_virtualenv.py took 0.065 seconds
[2026-05-10T21:01:46.438+0000] {processor.py:161} INFO - Started process (PID=19246) to work on /home/airflow/.local/lib/python3.12/site-packages/airflow/example_dags/tutorial_taskflow_api_virtualenv.py
[2026-05-10T21:01:46.439+0000] {processor.py:830} INFO - Processing file /home/airflow/.local/lib/python3.12/site-packages/airflow/example_dags/tutorial_taskflow_api_virtualenv.py for tasks to queue
[2026-05-10T21:01:46.440+0000] {logging_mixin.py:188} INFO - [2026-05-10T21:01:46.440+0000] {dagbag.py:545} INFO - Filling up the DagBag from /home/airflow/.local/lib/python3.12/site-packages/airflow/example_dags/tutorial_taskflow_api_virtualenv.py
[2026-05-10T21:01:46.450+0000] {processor.py:840} INFO - DAG(s) 'tutorial_taskflow_api_virtualenv' retrieved from /home/airflow/.local/lib/python3.12/site-packages/airflow/example_dags/tutorial_taskflow_api_virtualenv.py
[2026-05-10T21:01:46.467+0000] {logging_mixin.py:188} INFO - [2026-05-10T21:01:46.466+0000] {dag.py:3089} INFO - Sync 1 DAGs
[2026-05-10T21:01:46.477+0000] {logging_mixin.py:188} INFO - [2026-05-10T21:01:46.477+0000] {dag.py:3947} INFO - Setting next_dagrun for tutorial_taskflow_api_virtualenv to None, run_after=None
[2026-05-10T21:01:46.492+0000] {processor.py:183} INFO - Processing /home/airflow/.local/lib/python3.12/site-packages/airflow/example_dags/tutorial_taskflow_api_virtualenv.py took 0.061 seconds
[2026-05-10T21:02:16.954+0000] {processor.py:161} INFO - Started process (PID=19306) to work on /home/airflow/.local/lib/python3.12/site-packages/airflow/example_dags/tutorial_taskflow_api_virtualenv.py
[2026-05-10T21:02:16.955+0000] {processor.py:830} INFO - Processing file /home/airflow/.local/lib/python3.12/site-packages/airflow/example_dags/tutorial_taskflow_api_virtualenv.py for tasks to queue
[2026-05-10T21:02:16.957+0000] {logging_mixin.py:188} INFO - [2026-05-10T21:02:16.957+0000] {dagbag.py:545} INFO - Filling up the DagBag from /home/airflow/.local/lib/python3.12/site-packages/airflow/example_dags/tutorial_taskflow_api_virtualenv.py
[2026-05-10T21:02:16.967+0000] {processor.py:840} INFO - DAG(s) 'tutorial_taskflow_api_virtualenv' retrieved from /home/airflow/.local/lib/python3.12/site-packages/airflow/example_dags/tutorial_taskflow_api_virtualenv.py
[2026-05-10T21:02:16.989+0000] {logging_mixin.py:188} INFO - [2026-05-10T21:02:16.988+0000] {dag.py:3089} INFO - Sync 1 DAGs
[2026-05-10T21:02:17.005+0000] {logging_mixin.py:188} INFO - [2026-05-10T21:02:17.005+0000] {dag.py:3947} INFO - Setting next_dagrun for tutorial_taskflow_api_virtualenv to None, run_after=None
[2026-05-10T21:02:17.021+0000] {processor.py:183} INFO - Processing /home/airflow/.local/lib/python3.12/site-packages/airflow/example_dags/tutorial_taskflow_api_virtualenv.py took 0.075 seconds
[2026-05-10T21:02:47.632+0000] {processor.py:161} INFO - Started process (PID=19366) to work on /home/airflow/.local/lib/python3.12/site-packages/airflow/example_dags/tutorial_taskflow_api_virtualenv.py
[2026-05-10T21:02:47.633+0000] {processor.py:830} INFO - Processing file /home/airflow/.local/lib/python3.12/site-packages/airflow/example_dags/tutorial_taskflow_api_virtualenv.py for tasks to queue
[2026-05-10T21:02:47.634+0000] {logging_mixin.py:188} INFO - [2026-05-10T21:02:47.634+0000] {dagbag.py:545} INFO - Filling up the DagBag from /home/airflow/.local/lib/python3.12/site-packages/airflow/example_dags/tutorial_taskflow_api_virtualenv.py
[2026-05-10T21:02:47.644+0000] {processor.py:840} INFO - DAG(s) 'tutorial_taskflow_api_virtualenv' retrieved from /home/airflow/.local/lib/python3.12/site-packages/airflow/example_dags/tutorial_taskflow_api_virtualenv.py
[2026-05-10T21:02:47.662+0000] {logging_mixin.py:188} INFO - [2026-05-10T21:02:47.662+0000] {dag.py:3089} INFO - Sync 1 DAGs
[2026-05-10T21:02:47.675+0000] {logging_mixin.py:188} INFO - [2026-05-10T21:02:47.675+0000] {dag.py:3947} INFO - Setting next_dagrun for tutorial_taskflow_api_virtualenv to None, run_after=None
[2026-05-10T21:02:47.690+0000] {processor.py:183} INFO - Processing /home/airflow/.local/lib/python3.12/site-packages/airflow/example_dags/tutorial_taskflow_api_virtualenv.py took 0.065 seconds
[2026-05-10T21:03:17.925+0000] {processor.py:161} INFO - Started process (PID=19426) to work on /home/airflow/.local/lib/python3.12/site-packages/airflow/example_dags/tutorial_taskflow_api_virtualenv.py
[2026-05-10T21:03:17.926+0000] {processor.py:830} INFO - Processing file /home/airflow/.local/lib/python3.12/site-packages/airflow/example_dags/tutorial_taskflow_api_virtualenv.py for tasks to queue
[2026-05-10T21:03:17.928+0000] {logging_mixin.py:188} INFO - [2026-05-10T21:03:17.927+0000] {dagbag.py:545} INFO - Filling up the DagBag from /home/airflow/.local/lib/python3.12/site-packages/airflow/example_dags/tutorial_taskflow_api_virtualenv.py
[2026-05-10T21:03:17.938+0000] {processor.py:840} INFO - DAG(s) 'tutorial_taskflow_api_virtualenv' retrieved from /home/airflow/.local/lib/python3.12/site-packages/airflow/example_dags/tutorial_taskflow_api_virtualenv.py
[2026-05-10T21:03:17.954+0000] {logging_mixin.py:188} INFO - [2026-05-10T21:03:17.954+0000] {dag.py:3089} INFO - Sync 1 DAGs
[2026-05-10T21:03:17.964+0000] {logging_mixin.py:188} INFO - [2026-05-10T21:03:17.964+0000] {dag.py:3947} INFO - Setting next_dagrun for tutorial_taskflow_api_virtualenv to None, run_after=None
[2026-05-10T21:03:17.979+0000] {processor.py:183} INFO - Processing /home/airflow/.local/lib/python3.12/site-packages/airflow/example_dags/tutorial_taskflow_api_virtualenv.py took 0.060 seconds
[2026-05-10T21:03:48.161+0000] {processor.py:161} INFO - Started process (PID=19486) to work on /home/airflow/.local/lib/python3.12/site-packages/airflow/example_dags/tutorial_taskflow_api_virtualenv.py
[2026-05-10T21:03:48.162+0000] {processor.py:830} INFO - Processing file /home/airflow/.local/lib/python3.12/site-packages/airflow/example_dags/tutorial_taskflow_api_virtualenv.py for tasks to queue
[2026-05-10T21:03:48.163+0000] {logging_mixin.py:188} INFO - [2026-05-10T21:03:48.163+0000] {dagbag.py:545} INFO - Filling up the DagBag from /home/airflow/.local/lib/python3.12/site-packages/airflow/example_dags/tutorial_taskflow_api_virtualenv.py
[2026-05-10T21:03:48.173+0000] {processor.py:840} INFO - DAG(s) 'tutorial_taskflow_api_virtualenv' retrieved from /home/airflow/.local/lib/python3.12/site-packages/airflow/example_dags/tutorial_taskflow_api_virtualenv.py
[2026-05-10T21:03:48.192+0000] {logging_mixin.py:188} INFO - [2026-05-10T21:03:48.192+0000] {dag.py:3089} INFO - Sync 1 DAGs
[2026-05-10T21:03:48.205+0000] {logging_mixin.py:188} INFO - [2026-05-10T21:03:48.205+0000] {dag.py:3947} INFO - Setting next_dagrun for tutorial_taskflow_api_virtualenv to None, run_after=None
[2026-05-10T21:03:48.221+0000] {processor.py:183} INFO - Processing /home/airflow/.local/lib/python3.12/site-packages/airflow/example_dags/tutorial_taskflow_api_virtualenv.py took 0.067 seconds
[2026-05-10T21:04:18.836+0000] {processor.py:161} INFO - Started process (PID=19546) to work on /home/airflow/.local/lib/python3.12/site-packages/airflow/example_dags/tutorial_taskflow_api_virtualenv.py
[2026-05-10T21:04:18.836+0000] {processor.py:830} INFO - Processing file /home/airflow/.local/lib/python3.12/site-packages/airflow/example_dags/tutorial_taskflow_api_virtualenv.py for tasks to queue
[2026-05-10T21:04:18.838+0000] {logging_mixin.py:188} INFO - [2026-05-10T21:04:18.838+0000] {dagbag.py:545} INFO - Filling up the DagBag from /home/airflow/.local/lib/python3.12/site-packages/airflow/example_dags/tutorial_taskflow_api_virtualenv.py
[2026-05-10T21:04:18.849+0000] {processor.py:840} INFO - DAG(s) 'tutorial_taskflow_api_virtualenv' retrieved from /home/airflow/.local/lib/python3.12/site-packages/airflow/example_dags/tutorial_taskflow_api_virtualenv.py
[2026-05-10T21:04:18.867+0000] {logging_mixin.py:188} INFO - [2026-05-10T21:04:18.866+0000] {dag.py:3089} INFO - Sync 1 DAGs
[2026-05-10T21:04:18.877+0000] {logging_mixin.py:188} INFO - [2026-05-10T21:04:18.877+0000] {dag.py:3947} INFO - Setting next_dagrun for tutorial_taskflow_api_virtualenv to None, run_after=None
[2026-05-10T21:04:18.892+0000] {processor.py:183} INFO - Processing /home/airflow/.local/lib/python3.12/site-packages/airflow/example_dags/tutorial_taskflow_api_virtualenv.py took 0.063 seconds
[2026-05-10T21:04:49.218+0000] {processor.py:161} INFO - Started process (PID=19606) to work on /home/airflow/.local/lib/python3.12/site-packages/airflow/example_dags/tutorial_taskflow_api_virtualenv.py
[2026-05-10T21:04:49.219+0000] {processor.py:830} INFO - Processing file /home/airflow/.local/lib/python3.12/site-packages/airflow/example_dags/tutorial_taskflow_api_virtualenv.py for tasks to queue
[2026-05-10T21:04:49.222+0000] {logging_mixin.py:188} INFO - [2026-05-10T21:04:49.221+0000] {dagbag.py:545} INFO - Filling up the DagBag from /home/airflow/.local/lib/python3.12/site-packages/airflow/example_dags/tutorial_taskflow_api_virtualenv.py
[2026-05-10T21:04:49.235+0000] {processor.py:840} INFO - DAG(s) 'tutorial_taskflow_api_virtualenv' retrieved from /home/airflow/.local/lib/python3.12/site-packages/airflow/example_dags/tutorial_taskflow_api_virtualenv.py
[2026-05-10T21:04:49.261+0000] {logging_mixin.py:188} INFO - [2026-05-10T21:04:49.261+0000] {dag.py:3089} INFO - Sync 1 DAGs
[2026-05-10T21:04:49.279+0000] {logging_mixin.py:188} INFO - [2026-05-10T21:04:49.279+0000] {dag.py:3947} INFO - Setting next_dagrun for tutorial_taskflow_api_virtualenv to None, run_after=None
[2026-05-10T21:04:49.303+0000] {processor.py:183} INFO - Processing /home/airflow/.local/lib/python3.12/site-packages/airflow/example_dags/tutorial_taskflow_api_virtualenv.py took 0.095 seconds
[2026-05-10T21:05:19.420+0000] {processor.py:161} INFO - Started process (PID=19666) to work on /home/airflow/.local/lib/python3.12/site-packages/airflow/example_dags/tutorial_taskflow_api_virtualenv.py
[2026-05-10T21:05:19.421+0000] {processor.py:830} INFO - Processing file /home/airflow/.local/lib/python3.12/site-packages/airflow/example_dags/tutorial_taskflow_api_virtualenv.py for tasks to queue
[2026-05-10T21:05:19.423+0000] {logging_mixin.py:188} INFO - [2026-05-10T21:05:19.422+0000] {dagbag.py:545} INFO - Filling up the DagBag from /home/airflow/.local/lib/python3.12/site-packages/airflow/example_dags/tutorial_taskflow_api_virtualenv.py
[2026-05-10T21:05:19.433+0000] {processor.py:840} INFO - DAG(s) 'tutorial_taskflow_api_virtualenv' retrieved from /home/airflow/.local/lib/python3.12/site-packages/airflow/example_dags/tutorial_taskflow_api_virtualenv.py
[2026-05-10T21:05:19.452+0000] {logging_mixin.py:188} INFO - [2026-05-10T21:05:19.452+0000] {dag.py:3089} INFO - Sync 1 DAGs
[2026-05-10T21:05:19.463+0000] {logging_mixin.py:188} INFO - [2026-05-10T21:05:19.463+0000] {dag.py:3947} INFO - Setting next_dagrun for tutorial_taskflow_api_virtualenv to None, run_after=None
[2026-05-10T21:05:19.478+0000] {processor.py:183} INFO - Processing /home/airflow/.local/lib/python3.12/site-packages/airflow/example_dags/tutorial_taskflow_api_virtualenv.py took 0.065 seconds
[2026-05-10T21:05:49.723+0000] {processor.py:161} INFO - Started process (PID=19726) to work on /home/airflow/.local/lib/python3.12/site-packages/airflow/example_dags/tutorial_taskflow_api_virtualenv.py
[2026-05-10T21:05:49.724+0000] {processor.py:830} INFO - Processing file /home/airflow/.local/lib/python3.12/site-packages/airflow/example_dags/tutorial_taskflow_api_virtualenv.py for tasks to queue
[2026-05-10T21:05:49.725+0000] {logging_mixin.py:188} INFO - [2026-05-10T21:05:49.725+0000] {dagbag.py:545} INFO - Filling up the DagBag from /home/airflow/.local/lib/python3.12/site-packages/airflow/example_dags/tutorial_taskflow_api_virtualenv.py
[2026-05-10T21:05:49.735+0000] {processor.py:840} INFO - DAG(s) 'tutorial_taskflow_api_virtualenv' retrieved from /home/airflow/.local/lib/python3.12/site-packages/airflow/example_dags/tutorial_taskflow_api_virtualenv.py
[2026-05-10T21:05:49.754+0000] {logging_mixin.py:188} INFO - [2026-05-10T21:05:49.753+0000] {dag.py:3089} INFO - Sync 1 DAGs
[2026-05-10T21:05:49.765+0000] {logging_mixin.py:188} INFO - [2026-05-10T21:05:49.764+0000] {dag.py:3947} INFO - Setting next_dagrun for tutorial_taskflow_api_virtualenv to None, run_after=None
[2026-05-10T21:05:49.779+0000] {processor.py:183} INFO - Processing /home/airflow/.local/lib/python3.12/site-packages/airflow/example_dags/tutorial_taskflow_api_virtualenv.py took 0.063 seconds
[2026-05-10T21:06:19.939+0000] {processor.py:161} INFO - Started process (PID=19786) to work on /home/airflow/.local/lib/python3.12/site-packages/airflow/example_dags/tutorial_taskflow_api_virtualenv.py
[2026-05-10T21:06:19.940+0000] {processor.py:830} INFO - Processing file /home/airflow/.local/lib/python3.12/site-packages/airflow/example_dags/tutorial_taskflow_api_virtualenv.py for tasks to queue
[2026-05-10T21:06:19.942+0000] {logging_mixin.py:188} INFO - [2026-05-10T21:06:19.942+0000] {dagbag.py:545} INFO - Filling up the DagBag from /home/airflow/.local/lib/python3.12/site-packages/airflow/example_dags/tutorial_taskflow_api_virtualenv.py
[2026-05-10T21:06:19.953+0000] {processor.py:840} INFO - DAG(s) 'tutorial_taskflow_api_virtualenv' retrieved from /home/airflow/.local/lib/python3.12/site-packages/airflow/example_dags/tutorial_taskflow_api_virtualenv.py
[2026-05-10T21:06:19.973+0000] {logging_mixin.py:188} INFO - [2026-05-10T21:06:19.973+0000] {dag.py:3089} INFO - Sync 1 DAGs
[2026-05-10T21:06:19.985+0000] {logging_mixin.py:188} INFO - [2026-05-10T21:06:19.985+0000] {dag.py:3947} INFO - Setting next_dagrun for tutorial_taskflow_api_virtualenv to None, run_after=None
[2026-05-10T21:06:20.001+0000] {processor.py:183} INFO - Processing /home/airflow/.local/lib/python3.12/site-packages/airflow/example_dags/tutorial_taskflow_api_virtualenv.py took 0.069 seconds
[2026-05-10T21:06:50.592+0000] {processor.py:161} INFO - Started process (PID=19846) to work on /home/airflow/.local/lib/python3.12/site-packages/airflow/example_dags/tutorial_taskflow_api_virtualenv.py
[2026-05-10T21:06:50.593+0000] {processor.py:830} INFO - Processing file /home/airflow/.local/lib/python3.12/site-packages/airflow/example_dags/tutorial_taskflow_api_virtualenv.py for tasks to queue
[2026-05-10T21:06:50.595+0000] {logging_mixin.py:188} INFO - [2026-05-10T21:06:50.595+0000] {dagbag.py:545} INFO - Filling up the DagBag from /home/airflow/.local/lib/python3.12/site-packages/airflow/example_dags/tutorial_taskflow_api_virtualenv.py
[2026-05-10T21:06:50.607+0000] {processor.py:840} INFO - DAG(s) 'tutorial_taskflow_api_virtualenv' retrieved from /home/airflow/.local/lib/python3.12/site-packages/airflow/example_dags/tutorial_taskflow_api_virtualenv.py
[2026-05-10T21:06:50.625+0000] {logging_mixin.py:188} INFO - [2026-05-10T21:06:50.625+0000] {dag.py:3089} INFO - Sync 1 DAGs
[2026-05-10T21:06:50.636+0000] {logging_mixin.py:188} INFO - [2026-05-10T21:06:50.636+0000] {dag.py:3947} INFO - Setting next_dagrun for tutorial_taskflow_api_virtualenv to None, run_after=None
[2026-05-10T21:06:50.652+0000] {processor.py:183} INFO - Processing /home/airflow/.local/lib/python3.12/site-packages/airflow/example_dags/tutorial_taskflow_api_virtualenv.py took 0.066 seconds
[2026-05-10T21:07:22.421+0000] {processor.py:161} INFO - Started process (PID=19906) to work on /home/airflow/.local/lib/python3.12/site-packages/airflow/example_dags/tutorial_taskflow_api_virtualenv.py
[2026-05-10T21:07:22.422+0000] {processor.py:830} INFO - Processing file /home/airflow/.local/lib/python3.12/site-packages/airflow/example_dags/tutorial_taskflow_api_virtualenv.py for tasks to queue
[2026-05-10T21:07:22.424+0000] {logging_mixin.py:188} INFO - [2026-05-10T21:07:22.423+0000] {dagbag.py:545} INFO - Filling up the DagBag from /home/airflow/.local/lib/python3.12/site-packages/airflow/example_dags/tutorial_taskflow_api_virtualenv.py
[2026-05-10T21:07:22.433+0000] {processor.py:840} INFO - DAG(s) 'tutorial_taskflow_api_virtualenv' retrieved from /home/airflow/.local/lib/python3.12/site-packages/airflow/example_dags/tutorial_taskflow_api_virtualenv.py
[2026-05-10T21:07:22.451+0000] {logging_mixin.py:188} INFO - [2026-05-10T21:07:22.451+0000] {dag.py:3089} INFO - Sync 1 DAGs
[2026-05-10T21:07:22.462+0000] {logging_mixin.py:188} INFO - [2026-05-10T21:07:22.462+0000] {dag.py:3947} INFO - Setting next_dagrun for tutorial_taskflow_api_virtualenv to None, run_after=None
[2026-05-10T21:07:22.477+0000] {processor.py:183} INFO - Processing /home/airflow/.local/lib/python3.12/site-packages/airflow/example_dags/tutorial_taskflow_api_virtualenv.py took 0.062 seconds
[2026-05-10T21:07:53.408+0000] {processor.py:161} INFO - Started process (PID=19972) to work on /home/airflow/.local/lib/python3.12/site-packages/airflow/example_dags/tutorial_taskflow_api_virtualenv.py
[2026-05-10T21:07:53.409+0000] {processor.py:830} INFO - Processing file /home/airflow/.local/lib/python3.12/site-packages/airflow/example_dags/tutorial_taskflow_api_virtualenv.py for tasks to queue
[2026-05-10T21:07:53.412+0000] {logging_mixin.py:188} INFO - [2026-05-10T21:07:53.411+0000] {dagbag.py:545} INFO - Filling up the DagBag from /home/airflow/.local/lib/python3.12/site-packages/airflow/example_dags/tutorial_taskflow_api_virtualenv.py
[2026-05-10T21:07:53.422+0000] {processor.py:840} INFO - DAG(s) 'tutorial_taskflow_api_virtualenv' retrieved from /home/airflow/.local/lib/python3.12/site-packages/airflow/example_dags/tutorial_taskflow_api_virtualenv.py
[2026-05-10T21:07:53.440+0000] {logging_mixin.py:188} INFO - [2026-05-10T21:07:53.439+0000] {dag.py:3089} INFO - Sync 1 DAGs
[2026-05-10T21:07:53.592+0000] {logging_mixin.py:188} INFO - [2026-05-10T21:07:53.591+0000] {dag.py:3947} INFO - Setting next_dagrun for tutorial_taskflow_api_virtualenv to None, run_after=None
[2026-05-10T21:07:53.606+0000] {processor.py:183} INFO - Processing /home/airflow/.local/lib/python3.12/site-packages/airflow/example_dags/tutorial_taskflow_api_virtualenv.py took 0.204 seconds
[2026-05-10T21:09:32.146+0000] {processor.py:161} INFO - Started process (PID=91) to work on /home/airflow/.local/lib/python3.12/site-packages/airflow/example_dags/tutorial_taskflow_api_virtualenv.py
[2026-05-10T21:09:32.148+0000] {processor.py:830} INFO - Processing file /home/airflow/.local/lib/python3.12/site-packages/airflow/example_dags/tutorial_taskflow_api_virtualenv.py for tasks to queue
[2026-05-10T21:09:32.150+0000] {logging_mixin.py:188} INFO - [2026-05-10T21:09:32.150+0000] {dagbag.py:545} INFO - Filling up the DagBag from /home/airflow/.local/lib/python3.12/site-packages/airflow/example_dags/tutorial_taskflow_api_virtualenv.py
[2026-05-10T21:09:32.161+0000] {processor.py:840} INFO - DAG(s) 'tutorial_taskflow_api_virtualenv' retrieved from /home/airflow/.local/lib/python3.12/site-packages/airflow/example_dags/tutorial_taskflow_api_virtualenv.py
[2026-05-10T21:09:32.173+0000] {logging_mixin.py:188} INFO - [2026-05-10T21:09:32.172+0000] {dag.py:3089} INFO - Sync 1 DAGs
[2026-05-10T21:09:32.184+0000] {logging_mixin.py:188} INFO - [2026-05-10T21:09:32.183+0000] {dag.py:3947} INFO - Setting next_dagrun for tutorial_taskflow_api_virtualenv to None, run_after=None
[2026-05-10T21:09:32.201+0000] {processor.py:183} INFO - Processing /home/airflow/.local/lib/python3.12/site-packages/airflow/example_dags/tutorial_taskflow_api_virtualenv.py took 0.061 seconds
[2026-05-10T21:10:03.265+0000] {processor.py:161} INFO - Started process (PID=152) to work on /home/airflow/.local/lib/python3.12/site-packages/airflow/example_dags/tutorial_taskflow_api_virtualenv.py
[2026-05-10T21:10:03.266+0000] {processor.py:830} INFO - Processing file /home/airflow/.local/lib/python3.12/site-packages/airflow/example_dags/tutorial_taskflow_api_virtualenv.py for tasks to queue
[2026-05-10T21:10:03.267+0000] {logging_mixin.py:188} INFO - [2026-05-10T21:10:03.267+0000] {dagbag.py:545} INFO - Filling up the DagBag from /home/airflow/.local/lib/python3.12/site-packages/airflow/example_dags/tutorial_taskflow_api_virtualenv.py
[2026-05-10T21:10:03.279+0000] {processor.py:840} INFO - DAG(s) 'tutorial_taskflow_api_virtualenv' retrieved from /home/airflow/.local/lib/python3.12/site-packages/airflow/example_dags/tutorial_taskflow_api_virtualenv.py
[2026-05-10T21:10:03.370+0000] {logging_mixin.py:188} INFO - [2026-05-10T21:10:03.370+0000] {dag.py:3089} INFO - Sync 1 DAGs
[2026-05-10T21:10:03.378+0000] {logging_mixin.py:188} INFO - [2026-05-10T21:10:03.378+0000] {dag.py:3947} INFO - Setting next_dagrun for tutorial_taskflow_api_virtualenv to None, run_after=None
[2026-05-10T21:10:03.394+0000] {processor.py:183} INFO - Processing /home/airflow/.local/lib/python3.12/site-packages/airflow/example_dags/tutorial_taskflow_api_virtualenv.py took 0.136 seconds
[2026-05-10T21:10:33.433+0000] {processor.py:161} INFO - Started process (PID=212) to work on /home/airflow/.local/lib/python3.12/site-packages/airflow/example_dags/tutorial_taskflow_api_virtualenv.py
[2026-05-10T21:10:33.434+0000] {processor.py:830} INFO - Processing file /home/airflow/.local/lib/python3.12/site-packages/airflow/example_dags/tutorial_taskflow_api_virtualenv.py for tasks to queue
[2026-05-10T21:10:33.436+0000] {logging_mixin.py:188} INFO - [2026-05-10T21:10:33.436+0000] {dagbag.py:545} INFO - Filling up the DagBag from /home/airflow/.local/lib/python3.12/site-packages/airflow/example_dags/tutorial_taskflow_api_virtualenv.py
[2026-05-10T21:10:33.446+0000] {processor.py:840} INFO - DAG(s) 'tutorial_taskflow_api_virtualenv' retrieved from /home/airflow/.local/lib/python3.12/site-packages/airflow/example_dags/tutorial_taskflow_api_virtualenv.py
[2026-05-10T21:10:33.465+0000] {logging_mixin.py:188} INFO - [2026-05-10T21:10:33.465+0000] {dag.py:3089} INFO - Sync 1 DAGs
[2026-05-10T21:10:33.475+0000] {logging_mixin.py:188} INFO - [2026-05-10T21:10:33.475+0000] {dag.py:3947} INFO - Setting next_dagrun for tutorial_taskflow_api_virtualenv to None, run_after=None
[2026-05-10T21:10:33.500+0000] {processor.py:183} INFO - Processing /home/airflow/.local/lib/python3.12/site-packages/airflow/example_dags/tutorial_taskflow_api_virtualenv.py took 0.073 seconds
[2026-05-10T21:11:03.655+0000] {processor.py:161} INFO - Started process (PID=272) to work on /home/airflow/.local/lib/python3.12/site-packages/airflow/example_dags/tutorial_taskflow_api_virtualenv.py
[2026-05-10T21:11:03.656+0000] {processor.py:830} INFO - Processing file /home/airflow/.local/lib/python3.12/site-packages/airflow/example_dags/tutorial_taskflow_api_virtualenv.py for tasks to queue
[2026-05-10T21:11:03.658+0000] {logging_mixin.py:188} INFO - [2026-05-10T21:11:03.658+0000] {dagbag.py:545} INFO - Filling up the DagBag from /home/airflow/.local/lib/python3.12/site-packages/airflow/example_dags/tutorial_taskflow_api_virtualenv.py
[2026-05-10T21:11:03.667+0000] {processor.py:840} INFO - DAG(s) 'tutorial_taskflow_api_virtualenv' retrieved from /home/airflow/.local/lib/python3.12/site-packages/airflow/example_dags/tutorial_taskflow_api_virtualenv.py
[2026-05-10T21:11:03.684+0000] {logging_mixin.py:188} INFO - [2026-05-10T21:11:03.684+0000] {dag.py:3089} INFO - Sync 1 DAGs
[2026-05-10T21:11:03.694+0000] {logging_mixin.py:188} INFO - [2026-05-10T21:11:03.694+0000] {dag.py:3947} INFO - Setting next_dagrun for tutorial_taskflow_api_virtualenv to None, run_after=None
[2026-05-10T21:11:03.708+0000] {processor.py:183} INFO - Processing /home/airflow/.local/lib/python3.12/site-packages/airflow/example_dags/tutorial_taskflow_api_virtualenv.py took 0.059 seconds
[2026-05-10T21:11:34.728+0000] {processor.py:161} INFO - Started process (PID=332) to work on /home/airflow/.local/lib/python3.12/site-packages/airflow/example_dags/tutorial_taskflow_api_virtualenv.py
[2026-05-10T21:11:34.729+0000] {processor.py:830} INFO - Processing file /home/airflow/.local/lib/python3.12/site-packages/airflow/example_dags/tutorial_taskflow_api_virtualenv.py for tasks to queue
[2026-05-10T21:11:34.731+0000] {logging_mixin.py:188} INFO - [2026-05-10T21:11:34.730+0000] {dagbag.py:545} INFO - Filling up the DagBag from /home/airflow/.local/lib/python3.12/site-packages/airflow/example_dags/tutorial_taskflow_api_virtualenv.py
[2026-05-10T21:11:34.742+0000] {processor.py:840} INFO - DAG(s) 'tutorial_taskflow_api_virtualenv' retrieved from /home/airflow/.local/lib/python3.12/site-packages/airflow/example_dags/tutorial_taskflow_api_virtualenv.py
[2026-05-10T21:11:34.760+0000] {logging_mixin.py:188} INFO - [2026-05-10T21:11:34.760+0000] {dag.py:3089} INFO - Sync 1 DAGs
[2026-05-10T21:11:34.772+0000] {logging_mixin.py:188} INFO - [2026-05-10T21:11:34.772+0000] {dag.py:3947} INFO - Setting next_dagrun for tutorial_taskflow_api_virtualenv to None, run_after=None
[2026-05-10T21:11:34.788+0000] {processor.py:183} INFO - Processing /home/airflow/.local/lib/python3.12/site-packages/airflow/example_dags/tutorial_taskflow_api_virtualenv.py took 0.067 seconds
[2026-05-10T21:12:05.193+0000] {processor.py:161} INFO - Started process (PID=393) to work on /home/airflow/.local/lib/python3.12/site-packages/airflow/example_dags/tutorial_taskflow_api_virtualenv.py
[2026-05-10T21:12:05.194+0000] {processor.py:830} INFO - Processing file /home/airflow/.local/lib/python3.12/site-packages/airflow/example_dags/tutorial_taskflow_api_virtualenv.py for tasks to queue
[2026-05-10T21:12:05.196+0000] {logging_mixin.py:188} INFO - [2026-05-10T21:12:05.195+0000] {dagbag.py:545} INFO - Filling up the DagBag from /home/airflow/.local/lib/python3.12/site-packages/airflow/example_dags/tutorial_taskflow_api_virtualenv.py
[2026-05-10T21:12:05.206+0000] {processor.py:840} INFO - DAG(s) 'tutorial_taskflow_api_virtualenv' retrieved from /home/airflow/.local/lib/python3.12/site-packages/airflow/example_dags/tutorial_taskflow_api_virtualenv.py
[2026-05-10T21:12:05.225+0000] {logging_mixin.py:188} INFO - [2026-05-10T21:12:05.225+0000] {dag.py:3089} INFO - Sync 1 DAGs
[2026-05-10T21:12:05.238+0000] {logging_mixin.py:188} INFO - [2026-05-10T21:12:05.237+0000] {dag.py:3947} INFO - Setting next_dagrun for tutorial_taskflow_api_virtualenv to None, run_after=None
[2026-05-10T21:12:05.259+0000] {processor.py:183} INFO - Processing /home/airflow/.local/lib/python3.12/site-packages/airflow/example_dags/tutorial_taskflow_api_virtualenv.py took 0.073 seconds
[2026-05-10T21:12:35.591+0000] {processor.py:161} INFO - Started process (PID=453) to work on /home/airflow/.local/lib/python3.12/site-packages/airflow/example_dags/tutorial_taskflow_api_virtualenv.py
[2026-05-10T21:12:35.592+0000] {processor.py:830} INFO - Processing file /home/airflow/.local/lib/python3.12/site-packages/airflow/example_dags/tutorial_taskflow_api_virtualenv.py for tasks to queue
[2026-05-10T21:12:35.594+0000] {logging_mixin.py:188} INFO - [2026-05-10T21:12:35.593+0000] {dagbag.py:545} INFO - Filling up the DagBag from /home/airflow/.local/lib/python3.12/site-packages/airflow/example_dags/tutorial_taskflow_api_virtualenv.py
[2026-05-10T21:12:35.602+0000] {processor.py:840} INFO - DAG(s) 'tutorial_taskflow_api_virtualenv' retrieved from /home/airflow/.local/lib/python3.12/site-packages/airflow/example_dags/tutorial_taskflow_api_virtualenv.py
[2026-05-10T21:12:35.620+0000] {logging_mixin.py:188} INFO - [2026-05-10T21:12:35.620+0000] {dag.py:3089} INFO - Sync 1 DAGs
[2026-05-10T21:12:35.630+0000] {logging_mixin.py:188} INFO - [2026-05-10T21:12:35.630+0000] {dag.py:3947} INFO - Setting next_dagrun for tutorial_taskflow_api_virtualenv to None, run_after=None
[2026-05-10T21:12:35.645+0000] {processor.py:183} INFO - Processing /home/airflow/.local/lib/python3.12/site-packages/airflow/example_dags/tutorial_taskflow_api_virtualenv.py took 0.061 seconds
[2026-05-10T21:13:05.961+0000] {processor.py:161} INFO - Started process (PID=513) to work on /home/airflow/.local/lib/python3.12/site-packages/airflow/example_dags/tutorial_taskflow_api_virtualenv.py
[2026-05-10T21:13:05.962+0000] {processor.py:830} INFO - Processing file /home/airflow/.local/lib/python3.12/site-packages/airflow/example_dags/tutorial_taskflow_api_virtualenv.py for tasks to queue
[2026-05-10T21:13:05.963+0000] {logging_mixin.py:188} INFO - [2026-05-10T21:13:05.963+0000] {dagbag.py:545} INFO - Filling up the DagBag from /home/airflow/.local/lib/python3.12/site-packages/airflow/example_dags/tutorial_taskflow_api_virtualenv.py
[2026-05-10T21:13:05.973+0000] {processor.py:840} INFO - DAG(s) 'tutorial_taskflow_api_virtualenv' retrieved from /home/airflow/.local/lib/python3.12/site-packages/airflow/example_dags/tutorial_taskflow_api_virtualenv.py
[2026-05-10T21:13:05.990+0000] {logging_mixin.py:188} INFO - [2026-05-10T21:13:05.990+0000] {dag.py:3089} INFO - Sync 1 DAGs
[2026-05-10T21:13:06.001+0000] {logging_mixin.py:188} INFO - [2026-05-10T21:13:06.001+0000] {dag.py:3947} INFO - Setting next_dagrun for tutorial_taskflow_api_virtualenv to None, run_after=None
[2026-05-10T21:13:06.016+0000] {processor.py:183} INFO - Processing /home/airflow/.local/lib/python3.12/site-packages/airflow/example_dags/tutorial_taskflow_api_virtualenv.py took 0.062 seconds
[2026-05-10T21:13:36.215+0000] {processor.py:161} INFO - Started process (PID=573) to work on /home/airflow/.local/lib/python3.12/site-packages/airflow/example_dags/tutorial_taskflow_api_virtualenv.py
[2026-05-10T21:13:36.216+0000] {processor.py:830} INFO - Processing file /home/airflow/.local/lib/python3.12/site-packages/airflow/example_dags/tutorial_taskflow_api_virtualenv.py for tasks to queue
[2026-05-10T21:13:36.218+0000] {logging_mixin.py:188} INFO - [2026-05-10T21:13:36.218+0000] {dagbag.py:545} INFO - Filling up the DagBag from /home/airflow/.local/lib/python3.12/site-packages/airflow/example_dags/tutorial_taskflow_api_virtualenv.py
[2026-05-10T21:13:36.229+0000] {processor.py:840} INFO - DAG(s) 'tutorial_taskflow_api_virtualenv' retrieved from /home/airflow/.local/lib/python3.12/site-packages/airflow/example_dags/tutorial_taskflow_api_virtualenv.py
[2026-05-10T21:13:36.249+0000] {logging_mixin.py:188} INFO - [2026-05-10T21:13:36.249+0000] {dag.py:3089} INFO - Sync 1 DAGs
[2026-05-10T21:13:36.260+0000] {logging_mixin.py:188} INFO - [2026-05-10T21:13:36.260+0000] {dag.py:3947} INFO - Setting next_dagrun for tutorial_taskflow_api_virtualenv to None, run_after=None
[2026-05-10T21:13:36.276+0000] {processor.py:183} INFO - Processing /home/airflow/.local/lib/python3.12/site-packages/airflow/example_dags/tutorial_taskflow_api_virtualenv.py took 0.068 seconds
[2026-05-10T21:14:06.374+0000] {processor.py:161} INFO - Started process (PID=632) to work on /home/airflow/.local/lib/python3.12/site-packages/airflow/example_dags/tutorial_taskflow_api_virtualenv.py
[2026-05-10T21:14:06.375+0000] {processor.py:830} INFO - Processing file /home/airflow/.local/lib/python3.12/site-packages/airflow/example_dags/tutorial_taskflow_api_virtualenv.py for tasks to queue
[2026-05-10T21:14:06.377+0000] {logging_mixin.py:188} INFO - [2026-05-10T21:14:06.377+0000] {dagbag.py:545} INFO - Filling up the DagBag from /home/airflow/.local/lib/python3.12/site-packages/airflow/example_dags/tutorial_taskflow_api_virtualenv.py
[2026-05-10T21:14:06.386+0000] {processor.py:840} INFO - DAG(s) 'tutorial_taskflow_api_virtualenv' retrieved from /home/airflow/.local/lib/python3.12/site-packages/airflow/example_dags/tutorial_taskflow_api_virtualenv.py
[2026-05-10T21:14:06.404+0000] {logging_mixin.py:188} INFO - [2026-05-10T21:14:06.404+0000] {dag.py:3089} INFO - Sync 1 DAGs
[2026-05-10T21:14:06.414+0000] {logging_mixin.py:188} INFO - [2026-05-10T21:14:06.414+0000] {dag.py:3947} INFO - Setting next_dagrun for tutorial_taskflow_api_virtualenv to None, run_after=None
[2026-05-10T21:14:06.429+0000] {processor.py:183} INFO - Processing /home/airflow/.local/lib/python3.12/site-packages/airflow/example_dags/tutorial_taskflow_api_virtualenv.py took 0.062 seconds
[2026-05-10T21:14:36.910+0000] {processor.py:161} INFO - Started process (PID=692) to work on /home/airflow/.local/lib/python3.12/site-packages/airflow/example_dags/tutorial_taskflow_api_virtualenv.py
[2026-05-10T21:14:36.911+0000] {processor.py:830} INFO - Processing file /home/airflow/.local/lib/python3.12/site-packages/airflow/example_dags/tutorial_taskflow_api_virtualenv.py for tasks to queue
[2026-05-10T21:14:36.913+0000] {logging_mixin.py:188} INFO - [2026-05-10T21:14:36.912+0000] {dagbag.py:545} INFO - Filling up the DagBag from /home/airflow/.local/lib/python3.12/site-packages/airflow/example_dags/tutorial_taskflow_api_virtualenv.py
[2026-05-10T21:14:36.921+0000] {processor.py:840} INFO - DAG(s) 'tutorial_taskflow_api_virtualenv' retrieved from /home/airflow/.local/lib/python3.12/site-packages/airflow/example_dags/tutorial_taskflow_api_virtualenv.py
[2026-05-10T21:14:36.938+0000] {logging_mixin.py:188} INFO - [2026-05-10T21:14:36.938+0000] {dag.py:3089} INFO - Sync 1 DAGs
[2026-05-10T21:14:36.948+0000] {logging_mixin.py:188} INFO - [2026-05-10T21:14:36.948+0000] {dag.py:3947} INFO - Setting next_dagrun for tutorial_taskflow_api_virtualenv to None, run_after=None
[2026-05-10T21:14:36.962+0000] {processor.py:183} INFO - Processing /home/airflow/.local/lib/python3.12/site-packages/airflow/example_dags/tutorial_taskflow_api_virtualenv.py took 0.059 seconds
[2026-05-10T21:15:07.326+0000] {processor.py:161} INFO - Started process (PID=752) to work on /home/airflow/.local/lib/python3.12/site-packages/airflow/example_dags/tutorial_taskflow_api_virtualenv.py
[2026-05-10T21:15:07.327+0000] {processor.py:830} INFO - Processing file /home/airflow/.local/lib/python3.12/site-packages/airflow/example_dags/tutorial_taskflow_api_virtualenv.py for tasks to queue
[2026-05-10T21:15:07.328+0000] {logging_mixin.py:188} INFO - [2026-05-10T21:15:07.328+0000] {dagbag.py:545} INFO - Filling up the DagBag from /home/airflow/.local/lib/python3.12/site-packages/airflow/example_dags/tutorial_taskflow_api_virtualenv.py
[2026-05-10T21:15:07.339+0000] {processor.py:840} INFO - DAG(s) 'tutorial_taskflow_api_virtualenv' retrieved from /home/airflow/.local/lib/python3.12/site-packages/airflow/example_dags/tutorial_taskflow_api_virtualenv.py
[2026-05-10T21:15:07.358+0000] {logging_mixin.py:188} INFO - [2026-05-10T21:15:07.358+0000] {dag.py:3089} INFO - Sync 1 DAGs
[2026-05-10T21:15:07.368+0000] {logging_mixin.py:188} INFO - [2026-05-10T21:15:07.368+0000] {dag.py:3947} INFO - Setting next_dagrun for tutorial_taskflow_api_virtualenv to None, run_after=None
[2026-05-10T21:15:07.382+0000] {processor.py:183} INFO - Processing /home/airflow/.local/lib/python3.12/site-packages/airflow/example_dags/tutorial_taskflow_api_virtualenv.py took 0.062 seconds
[2026-05-10T21:15:37.659+0000] {processor.py:161} INFO - Started process (PID=812) to work on /home/airflow/.local/lib/python3.12/site-packages/airflow/example_dags/tutorial_taskflow_api_virtualenv.py
[2026-05-10T21:15:37.659+0000] {processor.py:830} INFO - Processing file /home/airflow/.local/lib/python3.12/site-packages/airflow/example_dags/tutorial_taskflow_api_virtualenv.py for tasks to queue
[2026-05-10T21:15:37.661+0000] {logging_mixin.py:188} INFO - [2026-05-10T21:15:37.661+0000] {dagbag.py:545} INFO - Filling up the DagBag from /home/airflow/.local/lib/python3.12/site-packages/airflow/example_dags/tutorial_taskflow_api_virtualenv.py
[2026-05-10T21:15:37.670+0000] {processor.py:840} INFO - DAG(s) 'tutorial_taskflow_api_virtualenv' retrieved from /home/airflow/.local/lib/python3.12/site-packages/airflow/example_dags/tutorial_taskflow_api_virtualenv.py
[2026-05-10T21:15:37.690+0000] {logging_mixin.py:188} INFO - [2026-05-10T21:15:37.690+0000] {dag.py:3089} INFO - Sync 1 DAGs
[2026-05-10T21:15:37.700+0000] {logging_mixin.py:188} INFO - [2026-05-10T21:15:37.700+0000] {dag.py:3947} INFO - Setting next_dagrun for tutorial_taskflow_api_virtualenv to None, run_after=None
[2026-05-10T21:15:37.715+0000] {processor.py:183} INFO - Processing /home/airflow/.local/lib/python3.12/site-packages/airflow/example_dags/tutorial_taskflow_api_virtualenv.py took 0.063 seconds
[2026-05-10T21:16:07.877+0000] {processor.py:161} INFO - Started process (PID=872) to work on /home/airflow/.local/lib/python3.12/site-packages/airflow/example_dags/tutorial_taskflow_api_virtualenv.py
[2026-05-10T21:16:07.878+0000] {processor.py:830} INFO - Processing file /home/airflow/.local/lib/python3.12/site-packages/airflow/example_dags/tutorial_taskflow_api_virtualenv.py for tasks to queue
[2026-05-10T21:16:07.879+0000] {logging_mixin.py:188} INFO - [2026-05-10T21:16:07.879+0000] {dagbag.py:545} INFO - Filling up the DagBag from /home/airflow/.local/lib/python3.12/site-packages/airflow/example_dags/tutorial_taskflow_api_virtualenv.py
[2026-05-10T21:16:07.889+0000] {processor.py:840} INFO - DAG(s) 'tutorial_taskflow_api_virtualenv' retrieved from /home/airflow/.local/lib/python3.12/site-packages/airflow/example_dags/tutorial_taskflow_api_virtualenv.py
[2026-05-10T21:16:07.912+0000] {logging_mixin.py:188} INFO - [2026-05-10T21:16:07.912+0000] {dag.py:3089} INFO - Sync 1 DAGs
[2026-05-10T21:16:07.923+0000] {logging_mixin.py:188} INFO - [2026-05-10T21:16:07.923+0000] {dag.py:3947} INFO - Setting next_dagrun for tutorial_taskflow_api_virtualenv to None, run_after=None
[2026-05-10T21:16:07.937+0000] {processor.py:183} INFO - Processing /home/airflow/.local/lib/python3.12/site-packages/airflow/example_dags/tutorial_taskflow_api_virtualenv.py took 0.067 seconds
[2026-05-10T21:16:38.428+0000] {processor.py:161} INFO - Started process (PID=932) to work on /home/airflow/.local/lib/python3.12/site-packages/airflow/example_dags/tutorial_taskflow_api_virtualenv.py
[2026-05-10T21:16:38.429+0000] {processor.py:830} INFO - Processing file /home/airflow/.local/lib/python3.12/site-packages/airflow/example_dags/tutorial_taskflow_api_virtualenv.py for tasks to queue
[2026-05-10T21:16:38.431+0000] {logging_mixin.py:188} INFO - [2026-05-10T21:16:38.430+0000] {dagbag.py:545} INFO - Filling up the DagBag from /home/airflow/.local/lib/python3.12/site-packages/airflow/example_dags/tutorial_taskflow_api_virtualenv.py
[2026-05-10T21:16:38.442+0000] {processor.py:840} INFO - DAG(s) 'tutorial_taskflow_api_virtualenv' retrieved from /home/airflow/.local/lib/python3.12/site-packages/airflow/example_dags/tutorial_taskflow_api_virtualenv.py
[2026-05-10T21:16:38.463+0000] {logging_mixin.py:188} INFO - [2026-05-10T21:16:38.462+0000] {dag.py:3089} INFO - Sync 1 DAGs
[2026-05-10T21:16:38.477+0000] {logging_mixin.py:188} INFO - [2026-05-10T21:16:38.477+0000] {dag.py:3947} INFO - Setting next_dagrun for tutorial_taskflow_api_virtualenv to None, run_after=None
[2026-05-10T21:16:38.496+0000] {processor.py:183} INFO - Processing /home/airflow/.local/lib/python3.12/site-packages/airflow/example_dags/tutorial_taskflow_api_virtualenv.py took 0.075 seconds
[2026-05-10T21:17:08.948+0000] {processor.py:161} INFO - Started process (PID=993) to work on /home/airflow/.local/lib/python3.12/site-packages/airflow/example_dags/tutorial_taskflow_api_virtualenv.py
[2026-05-10T21:17:08.949+0000] {processor.py:830} INFO - Processing file /home/airflow/.local/lib/python3.12/site-packages/airflow/example_dags/tutorial_taskflow_api_virtualenv.py for tasks to queue
[2026-05-10T21:17:08.951+0000] {logging_mixin.py:188} INFO - [2026-05-10T21:17:08.950+0000] {dagbag.py:545} INFO - Filling up the DagBag from /home/airflow/.local/lib/python3.12/site-packages/airflow/example_dags/tutorial_taskflow_api_virtualenv.py
[2026-05-10T21:17:08.962+0000] {processor.py:840} INFO - DAG(s) 'tutorial_taskflow_api_virtualenv' retrieved from /home/airflow/.local/lib/python3.12/site-packages/airflow/example_dags/tutorial_taskflow_api_virtualenv.py
[2026-05-10T21:17:08.981+0000] {logging_mixin.py:188} INFO - [2026-05-10T21:17:08.980+0000] {dag.py:3089} INFO - Sync 1 DAGs
[2026-05-10T21:17:08.990+0000] {logging_mixin.py:188} INFO - [2026-05-10T21:17:08.990+0000] {dag.py:3947} INFO - Setting next_dagrun for tutorial_taskflow_api_virtualenv to None, run_after=None
[2026-05-10T21:17:09.004+0000] {processor.py:183} INFO - Processing /home/airflow/.local/lib/python3.12/site-packages/airflow/example_dags/tutorial_taskflow_api_virtualenv.py took 0.063 seconds
[2026-05-10T21:17:39.385+0000] {processor.py:161} INFO - Started process (PID=1053) to work on /home/airflow/.local/lib/python3.12/site-packages/airflow/example_dags/tutorial_taskflow_api_virtualenv.py
[2026-05-10T21:17:39.386+0000] {processor.py:830} INFO - Processing file /home/airflow/.local/lib/python3.12/site-packages/airflow/example_dags/tutorial_taskflow_api_virtualenv.py for tasks to queue
[2026-05-10T21:17:39.388+0000] {logging_mixin.py:188} INFO - [2026-05-10T21:17:39.387+0000] {dagbag.py:545} INFO - Filling up the DagBag from /home/airflow/.local/lib/python3.12/site-packages/airflow/example_dags/tutorial_taskflow_api_virtualenv.py
[2026-05-10T21:17:39.396+0000] {processor.py:840} INFO - DAG(s) 'tutorial_taskflow_api_virtualenv' retrieved from /home/airflow/.local/lib/python3.12/site-packages/airflow/example_dags/tutorial_taskflow_api_virtualenv.py
[2026-05-10T21:17:39.414+0000] {logging_mixin.py:188} INFO - [2026-05-10T21:17:39.413+0000] {dag.py:3089} INFO - Sync 1 DAGs
[2026-05-10T21:17:39.425+0000] {logging_mixin.py:188} INFO - [2026-05-10T21:17:39.425+0000] {dag.py:3947} INFO - Setting next_dagrun for tutorial_taskflow_api_virtualenv to None, run_after=None
[2026-05-10T21:17:39.439+0000] {processor.py:183} INFO - Processing /home/airflow/.local/lib/python3.12/site-packages/airflow/example_dags/tutorial_taskflow_api_virtualenv.py took 0.061 seconds
[2026-05-10T21:18:09.790+0000] {processor.py:161} INFO - Started process (PID=1113) to work on /home/airflow/.local/lib/python3.12/site-packages/airflow/example_dags/tutorial_taskflow_api_virtualenv.py
[2026-05-10T21:18:09.791+0000] {processor.py:830} INFO - Processing file /home/airflow/.local/lib/python3.12/site-packages/airflow/example_dags/tutorial_taskflow_api_virtualenv.py for tasks to queue
[2026-05-10T21:18:09.794+0000] {logging_mixin.py:188} INFO - [2026-05-10T21:18:09.793+0000] {dagbag.py:545} INFO - Filling up the DagBag from /home/airflow/.local/lib/python3.12/site-packages/airflow/example_dags/tutorial_taskflow_api_virtualenv.py
[2026-05-10T21:18:09.804+0000] {processor.py:840} INFO - DAG(s) 'tutorial_taskflow_api_virtualenv' retrieved from /home/airflow/.local/lib/python3.12/site-packages/airflow/example_dags/tutorial_taskflow_api_virtualenv.py
[2026-05-10T21:18:09.823+0000] {logging_mixin.py:188} INFO - [2026-05-10T21:18:09.823+0000] {dag.py:3089} INFO - Sync 1 DAGs
[2026-05-10T21:18:09.838+0000] {logging_mixin.py:188} INFO - [2026-05-10T21:18:09.837+0000] {dag.py:3947} INFO - Setting next_dagrun for tutorial_taskflow_api_virtualenv to None, run_after=None
[2026-05-10T21:18:09.856+0000] {processor.py:183} INFO - Processing /home/airflow/.local/lib/python3.12/site-packages/airflow/example_dags/tutorial_taskflow_api_virtualenv.py took 0.074 seconds
[2026-05-10T21:18:40.419+0000] {processor.py:161} INFO - Started process (PID=1173) to work on /home/airflow/.local/lib/python3.12/site-packages/airflow/example_dags/tutorial_taskflow_api_virtualenv.py
[2026-05-10T21:18:40.420+0000] {processor.py:830} INFO - Processing file /home/airflow/.local/lib/python3.12/site-packages/airflow/example_dags/tutorial_taskflow_api_virtualenv.py for tasks to queue
[2026-05-10T21:18:40.422+0000] {logging_mixin.py:188} INFO - [2026-05-10T21:18:40.422+0000] {dagbag.py:545} INFO - Filling up the DagBag from /home/airflow/.local/lib/python3.12/site-packages/airflow/example_dags/tutorial_taskflow_api_virtualenv.py
[2026-05-10T21:18:40.432+0000] {processor.py:840} INFO - DAG(s) 'tutorial_taskflow_api_virtualenv' retrieved from /home/airflow/.local/lib/python3.12/site-packages/airflow/example_dags/tutorial_taskflow_api_virtualenv.py
[2026-05-10T21:18:40.451+0000] {logging_mixin.py:188} INFO - [2026-05-10T21:18:40.451+0000] {dag.py:3089} INFO - Sync 1 DAGs
[2026-05-10T21:18:40.462+0000] {logging_mixin.py:188} INFO - [2026-05-10T21:18:40.462+0000] {dag.py:3947} INFO - Setting next_dagrun for tutorial_taskflow_api_virtualenv to None, run_after=None
[2026-05-10T21:18:40.477+0000] {processor.py:183} INFO - Processing /home/airflow/.local/lib/python3.12/site-packages/airflow/example_dags/tutorial_taskflow_api_virtualenv.py took 0.065 seconds
[2026-05-10T21:19:10.578+0000] {processor.py:161} INFO - Started process (PID=1233) to work on /home/airflow/.local/lib/python3.12/site-packages/airflow/example_dags/tutorial_taskflow_api_virtualenv.py
[2026-05-10T21:19:10.579+0000] {processor.py:830} INFO - Processing file /home/airflow/.local/lib/python3.12/site-packages/airflow/example_dags/tutorial_taskflow_api_virtualenv.py for tasks to queue
[2026-05-10T21:19:10.580+0000] {logging_mixin.py:188} INFO - [2026-05-10T21:19:10.580+0000] {dagbag.py:545} INFO - Filling up the DagBag from /home/airflow/.local/lib/python3.12/site-packages/airflow/example_dags/tutorial_taskflow_api_virtualenv.py
[2026-05-10T21:19:10.590+0000] {processor.py:840} INFO - DAG(s) 'tutorial_taskflow_api_virtualenv' retrieved from /home/airflow/.local/lib/python3.12/site-packages/airflow/example_dags/tutorial_taskflow_api_virtualenv.py
[2026-05-10T21:19:10.610+0000] {logging_mixin.py:188} INFO - [2026-05-10T21:19:10.610+0000] {dag.py:3089} INFO - Sync 1 DAGs
[2026-05-10T21:19:10.621+0000] {logging_mixin.py:188} INFO - [2026-05-10T21:19:10.621+0000] {dag.py:3947} INFO - Setting next_dagrun for tutorial_taskflow_api_virtualenv to None, run_after=None
[2026-05-10T21:19:10.634+0000] {processor.py:183} INFO - Processing /home/airflow/.local/lib/python3.12/site-packages/airflow/example_dags/tutorial_taskflow_api_virtualenv.py took 0.063 seconds
[2026-05-10T21:19:41.571+0000] {processor.py:161} INFO - Started process (PID=1293) to work on /home/airflow/.local/lib/python3.12/site-packages/airflow/example_dags/tutorial_taskflow_api_virtualenv.py
[2026-05-10T21:19:41.572+0000] {processor.py:830} INFO - Processing file /home/airflow/.local/lib/python3.12/site-packages/airflow/example_dags/tutorial_taskflow_api_virtualenv.py for tasks to queue
[2026-05-10T21:19:41.574+0000] {logging_mixin.py:188} INFO - [2026-05-10T21:19:41.573+0000] {dagbag.py:545} INFO - Filling up the DagBag from /home/airflow/.local/lib/python3.12/site-packages/airflow/example_dags/tutorial_taskflow_api_virtualenv.py
[2026-05-10T21:19:41.583+0000] {processor.py:840} INFO - DAG(s) 'tutorial_taskflow_api_virtualenv' retrieved from /home/airflow/.local/lib/python3.12/site-packages/airflow/example_dags/tutorial_taskflow_api_virtualenv.py
[2026-05-10T21:19:41.602+0000] {logging_mixin.py:188} INFO - [2026-05-10T21:19:41.601+0000] {dag.py:3089} INFO - Sync 1 DAGs
[2026-05-10T21:19:41.613+0000] {logging_mixin.py:188} INFO - [2026-05-10T21:19:41.613+0000] {dag.py:3947} INFO - Setting next_dagrun for tutorial_taskflow_api_virtualenv to None, run_after=None
[2026-05-10T21:19:41.628+0000] {processor.py:183} INFO - Processing /home/airflow/.local/lib/python3.12/site-packages/airflow/example_dags/tutorial_taskflow_api_virtualenv.py took 0.063 seconds
[2026-05-10T21:20:12.010+0000] {processor.py:161} INFO - Started process (PID=1353) to work on /home/airflow/.local/lib/python3.12/site-packages/airflow/example_dags/tutorial_taskflow_api_virtualenv.py
[2026-05-10T21:20:12.011+0000] {processor.py:830} INFO - Processing file /home/airflow/.local/lib/python3.12/site-packages/airflow/example_dags/tutorial_taskflow_api_virtualenv.py for tasks to queue
[2026-05-10T21:20:12.013+0000] {logging_mixin.py:188} INFO - [2026-05-10T21:20:12.013+0000] {dagbag.py:545} INFO - Filling up the DagBag from /home/airflow/.local/lib/python3.12/site-packages/airflow/example_dags/tutorial_taskflow_api_virtualenv.py
[2026-05-10T21:20:12.024+0000] {processor.py:840} INFO - DAG(s) 'tutorial_taskflow_api_virtualenv' retrieved from /home/airflow/.local/lib/python3.12/site-packages/airflow/example_dags/tutorial_taskflow_api_virtualenv.py
[2026-05-10T21:20:12.048+0000] {logging_mixin.py:188} INFO - [2026-05-10T21:20:12.047+0000] {dag.py:3089} INFO - Sync 1 DAGs
[2026-05-10T21:20:12.059+0000] {logging_mixin.py:188} INFO - [2026-05-10T21:20:12.059+0000] {dag.py:3947} INFO - Setting next_dagrun for tutorial_taskflow_api_virtualenv to None, run_after=None
[2026-05-10T21:20:12.075+0000] {processor.py:183} INFO - Processing /home/airflow/.local/lib/python3.12/site-packages/airflow/example_dags/tutorial_taskflow_api_virtualenv.py took 0.073 seconds
[2026-05-10T21:20:42.307+0000] {processor.py:161} INFO - Started process (PID=1413) to work on /home/airflow/.local/lib/python3.12/site-packages/airflow/example_dags/tutorial_taskflow_api_virtualenv.py
[2026-05-10T21:20:42.308+0000] {processor.py:830} INFO - Processing file /home/airflow/.local/lib/python3.12/site-packages/airflow/example_dags/tutorial_taskflow_api_virtualenv.py for tasks to queue
[2026-05-10T21:20:42.311+0000] {logging_mixin.py:188} INFO - [2026-05-10T21:20:42.310+0000] {dagbag.py:545} INFO - Filling up the DagBag from /home/airflow/.local/lib/python3.12/site-packages/airflow/example_dags/tutorial_taskflow_api_virtualenv.py
[2026-05-10T21:20:42.321+0000] {processor.py:840} INFO - DAG(s) 'tutorial_taskflow_api_virtualenv' retrieved from /home/airflow/.local/lib/python3.12/site-packages/airflow/example_dags/tutorial_taskflow_api_virtualenv.py
[2026-05-10T21:20:42.339+0000] {logging_mixin.py:188} INFO - [2026-05-10T21:20:42.339+0000] {dag.py:3089} INFO - Sync 1 DAGs
[2026-05-10T21:20:42.353+0000] {logging_mixin.py:188} INFO - [2026-05-10T21:20:42.353+0000] {dag.py:3947} INFO - Setting next_dagrun for tutorial_taskflow_api_virtualenv to None, run_after=None
[2026-05-10T21:20:42.388+0000] {processor.py:183} INFO - Processing /home/airflow/.local/lib/python3.12/site-packages/airflow/example_dags/tutorial_taskflow_api_virtualenv.py took 0.087 seconds
[2026-05-10T21:21:13.263+0000] {processor.py:161} INFO - Started process (PID=1473) to work on /home/airflow/.local/lib/python3.12/site-packages/airflow/example_dags/tutorial_taskflow_api_virtualenv.py
[2026-05-10T21:21:13.263+0000] {processor.py:830} INFO - Processing file /home/airflow/.local/lib/python3.12/site-packages/airflow/example_dags/tutorial_taskflow_api_virtualenv.py for tasks to queue
[2026-05-10T21:21:13.265+0000] {logging_mixin.py:188} INFO - [2026-05-10T21:21:13.265+0000] {dagbag.py:545} INFO - Filling up the DagBag from /home/airflow/.local/lib/python3.12/site-packages/airflow/example_dags/tutorial_taskflow_api_virtualenv.py
[2026-05-10T21:21:13.275+0000] {processor.py:840} INFO - DAG(s) 'tutorial_taskflow_api_virtualenv' retrieved from /home/airflow/.local/lib/python3.12/site-packages/airflow/example_dags/tutorial_taskflow_api_virtualenv.py
[2026-05-10T21:21:13.295+0000] {logging_mixin.py:188} INFO - [2026-05-10T21:21:13.295+0000] {dag.py:3089} INFO - Sync 1 DAGs
[2026-05-10T21:21:13.307+0000] {logging_mixin.py:188} INFO - [2026-05-10T21:21:13.307+0000] {dag.py:3947} INFO - Setting next_dagrun for tutorial_taskflow_api_virtualenv to None, run_after=None
[2026-05-10T21:21:13.323+0000] {processor.py:183} INFO - Processing /home/airflow/.local/lib/python3.12/site-packages/airflow/example_dags/tutorial_taskflow_api_virtualenv.py took 0.067 seconds
[2026-05-10T21:21:45.063+0000] {processor.py:161} INFO - Started process (PID=1533) to work on /home/airflow/.local/lib/python3.12/site-packages/airflow/example_dags/tutorial_taskflow_api_virtualenv.py
[2026-05-10T21:21:45.064+0000] {processor.py:830} INFO - Processing file /home/airflow/.local/lib/python3.12/site-packages/airflow/example_dags/tutorial_taskflow_api_virtualenv.py for tasks to queue
[2026-05-10T21:21:45.065+0000] {logging_mixin.py:188} INFO - [2026-05-10T21:21:45.065+0000] {dagbag.py:545} INFO - Filling up the DagBag from /home/airflow/.local/lib/python3.12/site-packages/airflow/example_dags/tutorial_taskflow_api_virtualenv.py
[2026-05-10T21:21:45.076+0000] {processor.py:840} INFO - DAG(s) 'tutorial_taskflow_api_virtualenv' retrieved from /home/airflow/.local/lib/python3.12/site-packages/airflow/example_dags/tutorial_taskflow_api_virtualenv.py
[2026-05-10T21:21:45.094+0000] {logging_mixin.py:188} INFO - [2026-05-10T21:21:45.094+0000] {dag.py:3089} INFO - Sync 1 DAGs
[2026-05-10T21:21:45.104+0000] {logging_mixin.py:188} INFO - [2026-05-10T21:21:45.104+0000] {dag.py:3947} INFO - Setting next_dagrun for tutorial_taskflow_api_virtualenv to None, run_after=None
[2026-05-10T21:21:45.119+0000] {processor.py:183} INFO - Processing /home/airflow/.local/lib/python3.12/site-packages/airflow/example_dags/tutorial_taskflow_api_virtualenv.py took 0.062 seconds
[2026-05-10T21:22:16.462+0000] {processor.py:161} INFO - Started process (PID=1593) to work on /home/airflow/.local/lib/python3.12/site-packages/airflow/example_dags/tutorial_taskflow_api_virtualenv.py
[2026-05-10T21:22:16.463+0000] {processor.py:830} INFO - Processing file /home/airflow/.local/lib/python3.12/site-packages/airflow/example_dags/tutorial_taskflow_api_virtualenv.py for tasks to queue
[2026-05-10T21:22:16.464+0000] {logging_mixin.py:188} INFO - [2026-05-10T21:22:16.464+0000] {dagbag.py:545} INFO - Filling up the DagBag from /home/airflow/.local/lib/python3.12/site-packages/airflow/example_dags/tutorial_taskflow_api_virtualenv.py
[2026-05-10T21:22:16.474+0000] {processor.py:840} INFO - DAG(s) 'tutorial_taskflow_api_virtualenv' retrieved from /home/airflow/.local/lib/python3.12/site-packages/airflow/example_dags/tutorial_taskflow_api_virtualenv.py
[2026-05-10T21:22:16.493+0000] {logging_mixin.py:188} INFO - [2026-05-10T21:22:16.493+0000] {dag.py:3089} INFO - Sync 1 DAGs
[2026-05-10T21:22:16.666+0000] {logging_mixin.py:188} INFO - [2026-05-10T21:22:16.666+0000] {dag.py:3947} INFO - Setting next_dagrun for tutorial_taskflow_api_virtualenv to None, run_after=None
[2026-05-10T21:22:16.683+0000] {processor.py:183} INFO - Processing /home/airflow/.local/lib/python3.12/site-packages/airflow/example_dags/tutorial_taskflow_api_virtualenv.py took 0.228 seconds
[2026-05-10T21:22:46.939+0000] {processor.py:161} INFO - Started process (PID=1653) to work on /home/airflow/.local/lib/python3.12/site-packages/airflow/example_dags/tutorial_taskflow_api_virtualenv.py
[2026-05-10T21:22:46.940+0000] {processor.py:830} INFO - Processing file /home/airflow/.local/lib/python3.12/site-packages/airflow/example_dags/tutorial_taskflow_api_virtualenv.py for tasks to queue
[2026-05-10T21:22:46.942+0000] {logging_mixin.py:188} INFO - [2026-05-10T21:22:46.942+0000] {dagbag.py:545} INFO - Filling up the DagBag from /home/airflow/.local/lib/python3.12/site-packages/airflow/example_dags/tutorial_taskflow_api_virtualenv.py
[2026-05-10T21:22:46.955+0000] {processor.py:840} INFO - DAG(s) 'tutorial_taskflow_api_virtualenv' retrieved from /home/airflow/.local/lib/python3.12/site-packages/airflow/example_dags/tutorial_taskflow_api_virtualenv.py
[2026-05-10T21:22:46.977+0000] {logging_mixin.py:188} INFO - [2026-05-10T21:22:46.977+0000] {dag.py:3089} INFO - Sync 1 DAGs
[2026-05-10T21:22:46.990+0000] {logging_mixin.py:188} INFO - [2026-05-10T21:22:46.990+0000] {dag.py:3947} INFO - Setting next_dagrun for tutorial_taskflow_api_virtualenv to None, run_after=None
[2026-05-10T21:22:47.006+0000] {processor.py:183} INFO - Processing /home/airflow/.local/lib/python3.12/site-packages/airflow/example_dags/tutorial_taskflow_api_virtualenv.py took 0.074 seconds
[2026-05-10T21:23:17.879+0000] {processor.py:161} INFO - Started process (PID=1713) to work on /home/airflow/.local/lib/python3.12/site-packages/airflow/example_dags/tutorial_taskflow_api_virtualenv.py
[2026-05-10T21:23:17.880+0000] {processor.py:830} INFO - Processing file /home/airflow/.local/lib/python3.12/site-packages/airflow/example_dags/tutorial_taskflow_api_virtualenv.py for tasks to queue
[2026-05-10T21:23:17.882+0000] {logging_mixin.py:188} INFO - [2026-05-10T21:23:17.882+0000] {dagbag.py:545} INFO - Filling up the DagBag from /home/airflow/.local/lib/python3.12/site-packages/airflow/example_dags/tutorial_taskflow_api_virtualenv.py
[2026-05-10T21:23:17.891+0000] {processor.py:840} INFO - DAG(s) 'tutorial_taskflow_api_virtualenv' retrieved from /home/airflow/.local/lib/python3.12/site-packages/airflow/example_dags/tutorial_taskflow_api_virtualenv.py
[2026-05-10T21:23:17.908+0000] {logging_mixin.py:188} INFO - [2026-05-10T21:23:17.908+0000] {dag.py:3089} INFO - Sync 1 DAGs
[2026-05-10T21:23:17.922+0000] {logging_mixin.py:188} INFO - [2026-05-10T21:23:17.922+0000] {dag.py:3947} INFO - Setting next_dagrun for tutorial_taskflow_api_virtualenv to None, run_after=None
[2026-05-10T21:23:17.944+0000] {processor.py:183} INFO - Processing /home/airflow/.local/lib/python3.12/site-packages/airflow/example_dags/tutorial_taskflow_api_virtualenv.py took 0.072 seconds
[2026-05-10T21:23:48.063+0000] {processor.py:161} INFO - Started process (PID=1773) to work on /home/airflow/.local/lib/python3.12/site-packages/airflow/example_dags/tutorial_taskflow_api_virtualenv.py
[2026-05-10T21:23:48.063+0000] {processor.py:830} INFO - Processing file /home/airflow/.local/lib/python3.12/site-packages/airflow/example_dags/tutorial_taskflow_api_virtualenv.py for tasks to queue
[2026-05-10T21:23:48.065+0000] {logging_mixin.py:188} INFO - [2026-05-10T21:23:48.065+0000] {dagbag.py:545} INFO - Filling up the DagBag from /home/airflow/.local/lib/python3.12/site-packages/airflow/example_dags/tutorial_taskflow_api_virtualenv.py
[2026-05-10T21:23:48.076+0000] {processor.py:840} INFO - DAG(s) 'tutorial_taskflow_api_virtualenv' retrieved from /home/airflow/.local/lib/python3.12/site-packages/airflow/example_dags/tutorial_taskflow_api_virtualenv.py
[2026-05-10T21:23:48.097+0000] {logging_mixin.py:188} INFO - [2026-05-10T21:23:48.096+0000] {dag.py:3089} INFO - Sync 1 DAGs
[2026-05-10T21:23:48.108+0000] {logging_mixin.py:188} INFO - [2026-05-10T21:23:48.108+0000] {dag.py:3947} INFO - Setting next_dagrun for tutorial_taskflow_api_virtualenv to None, run_after=None
[2026-05-10T21:23:48.123+0000] {processor.py:183} INFO - Processing /home/airflow/.local/lib/python3.12/site-packages/airflow/example_dags/tutorial_taskflow_api_virtualenv.py took 0.067 seconds
[2026-05-10T21:24:19.066+0000] {processor.py:161} INFO - Started process (PID=1833) to work on /home/airflow/.local/lib/python3.12/site-packages/airflow/example_dags/tutorial_taskflow_api_virtualenv.py
[2026-05-10T21:24:19.067+0000] {processor.py:830} INFO - Processing file /home/airflow/.local/lib/python3.12/site-packages/airflow/example_dags/tutorial_taskflow_api_virtualenv.py for tasks to queue
[2026-05-10T21:24:19.068+0000] {logging_mixin.py:188} INFO - [2026-05-10T21:24:19.068+0000] {dagbag.py:545} INFO - Filling up the DagBag from /home/airflow/.local/lib/python3.12/site-packages/airflow/example_dags/tutorial_taskflow_api_virtualenv.py
[2026-05-10T21:24:19.079+0000] {processor.py:840} INFO - DAG(s) 'tutorial_taskflow_api_virtualenv' retrieved from /home/airflow/.local/lib/python3.12/site-packages/airflow/example_dags/tutorial_taskflow_api_virtualenv.py
[2026-05-10T21:24:19.095+0000] {logging_mixin.py:188} INFO - [2026-05-10T21:24:19.095+0000] {dag.py:3089} INFO - Sync 1 DAGs
[2026-05-10T21:24:19.105+0000] {logging_mixin.py:188} INFO - [2026-05-10T21:24:19.105+0000] {dag.py:3947} INFO - Setting next_dagrun for tutorial_taskflow_api_virtualenv to None, run_after=None
[2026-05-10T21:24:19.120+0000] {processor.py:183} INFO - Processing /home/airflow/.local/lib/python3.12/site-packages/airflow/example_dags/tutorial_taskflow_api_virtualenv.py took 0.060 seconds
[2026-05-10T21:24:49.230+0000] {processor.py:161} INFO - Started process (PID=1893) to work on /home/airflow/.local/lib/python3.12/site-packages/airflow/example_dags/tutorial_taskflow_api_virtualenv.py
[2026-05-10T21:24:49.230+0000] {processor.py:830} INFO - Processing file /home/airflow/.local/lib/python3.12/site-packages/airflow/example_dags/tutorial_taskflow_api_virtualenv.py for tasks to queue
[2026-05-10T21:24:49.232+0000] {logging_mixin.py:188} INFO - [2026-05-10T21:24:49.232+0000] {dagbag.py:545} INFO - Filling up the DagBag from /home/airflow/.local/lib/python3.12/site-packages/airflow/example_dags/tutorial_taskflow_api_virtualenv.py
[2026-05-10T21:24:49.242+0000] {processor.py:840} INFO - DAG(s) 'tutorial_taskflow_api_virtualenv' retrieved from /home/airflow/.local/lib/python3.12/site-packages/airflow/example_dags/tutorial_taskflow_api_virtualenv.py
[2026-05-10T21:24:49.259+0000] {logging_mixin.py:188} INFO - [2026-05-10T21:24:49.259+0000] {dag.py:3089} INFO - Sync 1 DAGs
[2026-05-10T21:24:49.269+0000] {logging_mixin.py:188} INFO - [2026-05-10T21:24:49.269+0000] {dag.py:3947} INFO - Setting next_dagrun for tutorial_taskflow_api_virtualenv to None, run_after=None
[2026-05-10T21:24:49.283+0000] {processor.py:183} INFO - Processing /home/airflow/.local/lib/python3.12/site-packages/airflow/example_dags/tutorial_taskflow_api_virtualenv.py took 0.060 seconds
[2026-05-10T21:25:20.092+0000] {processor.py:161} INFO - Started process (PID=1953) to work on /home/airflow/.local/lib/python3.12/site-packages/airflow/example_dags/tutorial_taskflow_api_virtualenv.py
[2026-05-10T21:25:20.093+0000] {processor.py:830} INFO - Processing file /home/airflow/.local/lib/python3.12/site-packages/airflow/example_dags/tutorial_taskflow_api_virtualenv.py for tasks to queue
[2026-05-10T21:25:20.094+0000] {logging_mixin.py:188} INFO - [2026-05-10T21:25:20.094+0000] {dagbag.py:545} INFO - Filling up the DagBag from /home/airflow/.local/lib/python3.12/site-packages/airflow/example_dags/tutorial_taskflow_api_virtualenv.py
[2026-05-10T21:25:20.103+0000] {processor.py:840} INFO - DAG(s) 'tutorial_taskflow_api_virtualenv' retrieved from /home/airflow/.local/lib/python3.12/site-packages/airflow/example_dags/tutorial_taskflow_api_virtualenv.py
[2026-05-10T21:25:20.122+0000] {logging_mixin.py:188} INFO - [2026-05-10T21:25:20.122+0000] {dag.py:3089} INFO - Sync 1 DAGs
[2026-05-10T21:25:20.133+0000] {logging_mixin.py:188} INFO - [2026-05-10T21:25:20.133+0000] {dag.py:3947} INFO - Setting next_dagrun for tutorial_taskflow_api_virtualenv to None, run_after=None
[2026-05-10T21:25:20.148+0000] {processor.py:183} INFO - Processing /home/airflow/.local/lib/python3.12/site-packages/airflow/example_dags/tutorial_taskflow_api_virtualenv.py took 0.063 seconds
[2026-05-10T21:25:50.594+0000] {processor.py:161} INFO - Started process (PID=2013) to work on /home/airflow/.local/lib/python3.12/site-packages/airflow/example_dags/tutorial_taskflow_api_virtualenv.py
[2026-05-10T21:25:50.595+0000] {processor.py:830} INFO - Processing file /home/airflow/.local/lib/python3.12/site-packages/airflow/example_dags/tutorial_taskflow_api_virtualenv.py for tasks to queue
[2026-05-10T21:25:50.597+0000] {logging_mixin.py:188} INFO - [2026-05-10T21:25:50.597+0000] {dagbag.py:545} INFO - Filling up the DagBag from /home/airflow/.local/lib/python3.12/site-packages/airflow/example_dags/tutorial_taskflow_api_virtualenv.py
[2026-05-10T21:25:50.608+0000] {processor.py:840} INFO - DAG(s) 'tutorial_taskflow_api_virtualenv' retrieved from /home/airflow/.local/lib/python3.12/site-packages/airflow/example_dags/tutorial_taskflow_api_virtualenv.py
[2026-05-10T21:25:50.626+0000] {logging_mixin.py:188} INFO - [2026-05-10T21:25:50.626+0000] {dag.py:3089} INFO - Sync 1 DAGs
[2026-05-10T21:25:50.637+0000] {logging_mixin.py:188} INFO - [2026-05-10T21:25:50.637+0000] {dag.py:3947} INFO - Setting next_dagrun for tutorial_taskflow_api_virtualenv to None, run_after=None
[2026-05-10T21:25:50.653+0000] {processor.py:183} INFO - Processing /home/airflow/.local/lib/python3.12/site-packages/airflow/example_dags/tutorial_taskflow_api_virtualenv.py took 0.065 seconds
